epoch,time,train/box_loss,train/pose_loss,train/kobj_loss,train/cls_loss,train/dfl_loss,metrics/precision(B),metrics/recall(B),metrics/mAP50(B),metrics/mAP50-95(B),metrics/precision(P),metrics/recall(P),metrics/mAP50(P),metrics/mAP50-95(P),val/box_loss,val/pose_loss,val/kobj_loss,val/cls_loss,val/dfl_loss,lr/pg0,lr/pg1,lr/pg2
1,51.081,1.70777,11.8132,0.56865,0.89982,2.10875,0.69063,0.55,0.68118,0.28102,0,0,0,0,2.02175,11.6941,0.53715,1.48419,3.00487,9.375e-05,9.375e-05,0.0688438
2,62.3092,1.52469,11.7056,0.41599,0.79868,1.69163,0.58684,0.73333,0.71641,0.27433,0,0,0,0,2.28559,11.1807,0.59322,1.24126,2.71251,0.000193476,0.000193476,0.0356101
3,68.3378,1.49599,11.0746,0.48709,0.76442,1.63178,0.67208,0.81667,0.80614,0.40427,0,0,0,0,1.83994,10.6649,0.82296,1.04413,2.12444,0.000292919,0.000292919,0.00237625
4,81.9743,1.32536,10.3705,0.60057,0.70629,1.55801,0.79966,0.91667,0.91013,0.55327,0,0,0,0,1.55193,10.4244,0.78609,0.85404,2.21076,0.000298727,0.000298727,0.000298727
5,90.2728,1.29398,9.85946,0.55346,0.66202,1.54294,0.82712,0.88333,0.93743,0.61737,0,0,0,0,1.31692,9.96391,0.62627,0.787,1.87567,0.000298303,0.000298303,0.000298303
6,99.4787,1.16256,9.67849,0.54112,0.60678,1.42042,0.92441,0.8,0.93851,0.58251,0,0,0,0,1.41701,10.3132,0.65418,0.73857,2.14638,0.000297879,0.000297879,0.000297879
7,113.082,1.18523,9.49796,0.54002,0.6306,1.52849,0.86324,0.95,0.95418,0.61341,0,0,0,0,1.27406,10.3582,0.65148,0.68808,1.94407,0.000297454,0.000297454,0.000297454
8,121.244,1.35216,9.63297,0.54998,0.66002,1.67014,0.95532,0.88333,0.97089,0.64413,0,0,0,0,1.2992,10.1552,0.60416,0.70123,1.93129,0.00029703,0.00029703,0.00029703
9,129.271,1.07465,9.22866,0.51783,0.54281,1.33254,0.96336,0.9,0.97141,0.69439,0,0,0,0,1.13724,9.59011,0.55217,0.61871,1.67802,0.000296606,0.000296606,0.000296606
10,143.075,1.00147,9.17583,0.47674,0.53099,1.27129,0.90769,0.85,0.93206,0.68364,0,0,0,0,1.14306,9.25652,0.49864,0.65267,1.54977,0.000296181,0.000296181,0.000296181
11,149.08,1.08651,8.97065,0.47978,0.53936,1.18808,0.96211,0.84635,0.93519,0.6827,0,0,0,0,1.17622,9.25738,0.50816,0.62243,1.65548,0.000295757,0.000295757,0.000295757
12,159.282,1.16734,8.85071,0.49242,0.6147,1.29288,0.94627,0.88059,0.93879,0.71344,0,0,0,0,1.05388,8.68734,0.49916,0.61915,1.41537,0.000295333,0.000295333,0.000295333
13,171.795,1.08215,8.57222,0.48966,0.52467,1.3473,0.9048,0.88333,0.95837,0.67547,0,0,0,0,1.15321,8.58871,0.4637,0.65702,1.53769,0.000294909,0.000294909,0.000294909
14,177.481,0.98509,8.13236,0.46012,0.48263,1.14668,0.98702,0.81667,0.93542,0.71963,0,0,0,0,0.99856,8.32633,0.42598,0.58981,1.44919,0.000294484,0.000294484,0.000294484
15,189.178,0.94605,8.05655,0.44948,0.45562,1.15635,0.96345,0.87868,0.96184,0.70452,0,0,0,0,1.03692,8.32924,0.41269,0.58387,1.51854,0.00029406,0.00029406,0.00029406
16,203.68,0.99409,8.10241,0.42733,0.47851,1.17999,0.91586,0.90709,0.97183,0.7248,0,0,0,0,1.0226,8.41051,0.39011,0.58073,1.44288,0.000293636,0.000293636,0.000293636
17,210.894,1.04343,8.00005,0.40475,0.48178,1.10358,0.88457,0.93333,0.972,0.73188,0,0,0,0,0.99598,8.16765,0.37985,0.57258,1.46056,0.000293211,0.000293211,0.000293211
18,218.075,0.97175,7.7863,0.41791,0.62411,1.15778,0.91486,0.98333,0.98382,0.71174,0,0,0,0,1.05886,7.91457,0.38079,0.56016,1.45581,0.000292787,0.000292787,0.000292787
19,231.681,0.93159,7.5617,0.39505,0.45993,1.14603,0.91428,0.96667,0.97925,0.6975,0.20362,0.05,0.04,0.004,1.11414,7.7117,0.37714,0.54313,1.55444,0.000292363,0.000292363,0.000292363
20,238.505,0.91516,7.34583,0.40053,0.42302,1.14837,0.93404,0.94409,0.97961,0.72055,0.21914,0.08333,0.05875,0.00625,1.03557,7.58512,0.3742,0.54819,1.43421,0.000291939,0.000291939,0.000291939
21,245.98,0.8474,7.23473,0.40391,0.41516,1.11726,0.90385,0.94014,0.97017,0.75407,0.19221,0.13333,0.04151,0.00434,0.96451,7.49921,0.36863,0.57347,1.27504,0.000291514,0.000291514,0.000291514
22,255.88,0.90292,7.0082,0.40059,0.43527,1.06874,0.88865,0.93109,0.96049,0.74672,0.12781,0.1,0.0611,0.00611,0.99721,7.06806,0.35429,0.55809,1.40656,0.00029109,0.00029109,0.00029109
23,263.984,0.89465,6.8155,0.39854,0.43117,1.02807,0.91784,0.93103,0.96983,0.71547,0.23398,0.1,0.09084,0.01067,1.04104,7.06247,0.35414,0.58287,1.36805,0.000290666,0.000290666,0.000290666
24,277.569,0.9385,6.76936,0.37587,0.43031,1.05282,0.91873,0.94206,0.97754,0.74246,0.10778,0.08333,0.02902,0.00365,1.02845,7.06414,0.35043,0.58541,1.34133,0.000290241,0.000290241,0.000290241
25,283.186,0.95374,6.72019,0.38331,0.54939,1.13448,0.91,0.91667,0.97242,0.73969,0.21675,0.16667,0.06479,0.00923,0.97111,6.92627,0.3563,0.57777,1.31409,0.000289817,0.000289817,0.000289817
26,292.778,0.8688,6.50212,0.39945,0.42935,1.09654,0.92864,0.86764,0.96856,0.75256,0.33665,0.25,0.09942,0.01207,0.96892,6.84606,0.36016,0.5915,1.32618,0.000289393,0.000289393,0.000289393
27,300.08,0.85147,6.45423,0.37593,0.40993,1.07597,0.97955,0.79832,0.9505,0.74654,0.54476,0.31667,0.1863,0.02467,0.97531,6.87671,0.36756,0.68018,1.31085,0.000288969,0.000288969,0.000288969
28,308.274,0.9814,6.5735,0.37186,0.43717,1.04814,0.91363,0.95,0.9779,0.80608,0.65627,0.46667,0.42695,0.04585,0.81986,6.6389,0.36333,0.51286,1.11576,0.000288544,0.000288544,0.000288544
29,320.677,0.87511,6.61015,0.38333,0.43066,1.03921,0.89926,0.95,0.95312,0.7506,0.38151,0.28333,0.1544,0.01759,0.87271,6.81219,0.3749,0.52606,1.15593,0.00028812,0.00028812,0.00028812
30,328.864,0.88985,6.19452,0.36473,0.4048,0.9967,0.8892,0.93628,0.95183,0.75721,0.38911,0.26667,0.18354,0.02028,0.86532,6.71056,0.35979,0.49902,1.17241,0.000287696,0.000287696,0.000287696
31,336.172,0.7936,6.12259,0.36247,0.39338,1.06269,0.94486,0.9,0.95429,0.77651,0.76982,0.56667,0.55682,0.07655,0.84785,6.50686,0.3607,0.47664,1.12648,0.000287271,0.000287271,0.000287271
32,352.176,0.84159,6.0829,0.376,0.39139,1.03513,0.9457,0.87079,0.94199,0.76146,0.73916,0.58333,0.54111,0.07938,0.88958,6.55332,0.35852,0.48348,1.20876,0.000286847,0.000286847,0.000286847
33,361.021,0.8964,6.30908,0.3712,0.5073,1.15986,0.92774,0.9,0.95232,0.7662,0.75056,0.46667,0.4573,0.05887,0.90964,6.52193,0.35823,0.49872,1.25222,0.000286423,0.000286423,0.000286423
34,368.381,0.98504,6.28385,0.37267,0.62935,1.20736,0.94908,0.93189,0.96497,0.77037,0.70622,0.55,0.50496,0.07406,0.88344,6.37326,0.35149,0.5052,1.17898,0.000285999,0.000285999,0.000285999
35,381.777,0.87796,5.96662,0.37374,0.38842,1.04606,0.97956,0.79866,0.93849,0.72574,0.63525,0.43333,0.42882,0.06984,0.99392,6.38778,0.35315,0.59458,1.35778,0.000285574,0.000285574,0.000285574
36,388.788,0.9021,5.76701,0.36731,0.39225,0.93666,0.95985,0.9,0.961,0.77157,0.71302,0.53839,0.53377,0.09396,0.87753,6.13367,0.36579,0.56026,1.21629,0.00028515,0.00028515,0.00028515
37,396.982,0.9199,5.72743,0.37954,0.39849,1.05203,0.93734,0.86667,0.95158,0.73401,0.65821,0.55,0.51892,0.1105,0.95326,5.9913,0.36859,0.54666,1.39372,0.000284726,0.000284726,0.000284726
38,410.472,1.05401,5.50106,0.39279,0.7103,1.14361,0.94984,0.94693,0.97169,0.76707,0.71766,0.61667,0.59274,0.14167,0.87679,5.82228,0.36748,0.52148,1.21717,0.000284301,0.000284301,0.000284301
39,418.619,0.83106,4.88217,0.36902,0.3762,1.01711,0.94014,0.93333,0.975,0.77824,0.80993,0.66667,0.63843,0.20376,0.85083,5.40966,0.364,0.47512,1.25624,0.000283877,0.000283877,0.000283877
40,429.37,0.884,5.3592,0.3919,0.51455,1.01079,0.9604,0.83333,0.93624,0.76139,0.86141,0.65,0.66142,0.23067,0.883,5.39436,0.37322,0.4885,1.28442,0.000283453,0.000283453,0.000283453
41,446.877,0.82579,5.01083,0.36486,0.38421,1.00995,0.92619,0.93333,0.95447,0.7707,0.80471,0.61667,0.58597,0.16386,0.89689,5.40089,0.35272,0.46755,1.3023,0.000283029,0.000283029,0.000283029
42,454.003,0.81875,4.90129,0.37017,0.37882,1.077,0.94424,0.91667,0.97273,0.73838,0.83015,0.65,0.61135,0.16669,0.94965,5.49957,0.35377,0.50586,1.34522,0.000282604,0.000282604,0.000282604
43,464.477,1.07553,5.28696,0.35601,0.46625,1.24321,0.9331,0.92989,0.97368,0.76207,0.88502,0.66667,0.64497,0.19823,0.85748,5.19809,0.35126,0.45317,1.17117,0.00028218,0.00028218,0.00028218
44,476.672,0.89427,4.92615,0.36335,0.40447,1.05158,0.94677,0.95,0.97801,0.74269,0.3748,0.31667,0.15394,0.03226,0.95913,5.78543,0.34301,0.51983,1.52609,0.000281756,0.000281756,0.000281756
45,485.36,1.03834,4.77561,0.3645,0.41758,1.06606,0.9185,0.93918,0.97033,0.76323,0.80091,0.55,0.5241,0.12817,0.88739,5.48708,0.34946,0.52616,1.27573,0.000281331,0.000281331,0.000281331
46,492.677,0.90455,4.56318,0.3732,0.40163,1.11522,0.92713,0.9,0.96853,0.77033,0.91131,0.65,0.64141,0.26721,0.90444,5.11369,0.34901,0.55839,1.27412,0.000280907,0.000280907,0.000280907
47,507.873,1.0347,4.86268,0.38784,0.4561,1.29887,0.87596,0.94164,0.96268,0.69578,0.58232,0.46667,0.37294,0.05663,1.16602,5.76349,0.35573,0.58581,1.87984,0.000280483,0.000280483,0.000280483
48,517.052,0.83988,4.45219,0.36232,0.39131,1.05697,0.94985,0.91667,0.97275,0.75805,0.92764,0.7,0.71107,0.29129,0.87077,4.99388,0.34412,0.49957,1.17697,0.000280059,0.000280059,0.000280059
49,523.073,0.95185,4.9356,0.37842,0.42455,1.10977,0.90352,0.95,0.9714,0.77408,0.94665,0.71667,0.7094,0.21849,0.87322,5.07473,0.34669,0.52837,1.25508,0.000279634,0.000279634,0.000279634
50,537.209,0.84581,4.26872,0.35339,0.37972,1.07837,0.88685,0.96667,0.97242,0.75454,0.92657,0.7,0.67805,0.29366,0.92689,4.83083,0.33948,0.50888,1.30113,0.00027921,0.00027921,0.00027921
51,547.519,0.84649,4.55416,0.35475,0.37928,0.97049,0.87593,0.95,0.97136,0.79615,0.95529,0.7123,0.70864,0.33317,0.80234,4.90448,0.35321,0.50305,1.08451,0.000278786,0.000278786,0.000278786
52,554.68,0.90996,4.41401,0.35792,0.38688,0.95896,0.90019,0.91667,0.96842,0.76638,0.88405,0.65,0.65401,0.23516,0.87585,5.01195,0.35227,0.54232,1.19039,0.000278361,0.000278361,0.000278361
53,569.171,0.9281,4.48293,0.36884,0.39599,1.07572,0.93439,0.94952,0.97741,0.76841,0.89632,0.66667,0.65495,0.28855,0.84875,4.99204,0.34323,0.50126,1.19203,0.000277937,0.000277937,0.000277937
54,580.328,0.77494,4.30966,0.3454,0.35263,0.97551,0.93264,0.92314,0.96374,0.75253,0.86067,0.63333,0.62751,0.21799,0.91588,5.15035,0.35046,0.53379,1.28205,0.000277513,0.000277513,0.000277513
55,585.886,0.89334,4.37171,0.37203,0.38138,1.00618,0.93799,0.91667,0.96277,0.78201,0.86706,0.66667,0.67557,0.2982,0.83757,4.72576,0.3466,0.48657,1.16659,0.000277089,0.000277089,0.000277089
56,599.076,0.88619,4.14058,0.38316,0.37952,0.95776,0.95637,0.93333,0.96752,0.7302,0.79772,0.65,0.63144,0.19712,0.99284,4.93144,0.35081,0.4789,1.41731,0.000276664,0.000276664,0.000276664
57,607.291,0.87488,4.03205,0.35898,0.37213,0.95842,0.92689,0.9,0.95971,0.77559,0.89454,0.68333,0.65637,0.32866,0.84735,4.55945,0.34882,0.45649,1.13727,0.00027624,0.00027624,0.00027624
58,613.179,0.78247,4.20984,0.37633,0.34924,1.00431,0.9156,0.9,0.97013,0.75528,0.88845,0.68333,0.66314,0.30679,0.88038,4.57915,0.35062,0.49121,1.25734,0.000275816,0.000275816,0.000275816
59,626.572,0.76182,3.97342,0.38055,0.34403,0.97916,0.92791,0.93333,0.97654,0.80267,0.91384,0.71667,0.70677,0.34536,0.82144,4.3099,0.34638,0.48561,1.12663,0.000275391,0.000275391,0.000275391
60,638.379,0.82229,3.46786,0.3505,0.36067,0.93367,0.91264,0.95,0.97777,0.76419,0.90944,0.71667,0.71227,0.3806,0.86548,4.17121,0.35412,0.48645,1.19918,0.000274967,0.000274967,0.000274967
61,647.477,0.84065,3.92821,0.36135,0.36463,0.97468,0.94878,0.95,0.95928,0.77409,0.94189,0.7,0.70754,0.35722,0.90949,4.13475,0.34406,0.47658,1.33555,0.000274543,0.000274543,0.000274543
62,664.074,0.78603,3.63841,0.36469,0.3794,1.06314,0.94417,0.93333,0.95544,0.78069,0.89617,0.68333,0.69412,0.37165,0.85601,3.97265,0.3363,0.45436,1.26762,0.000274119,0.000274119,0.000274119
63,674.292,1.01716,3.84632,0.37485,0.73268,1.09193,0.93079,0.89662,0.94401,0.793,0.94152,0.68333,0.72482,0.34905,0.81527,4.13691,0.33204,0.45272,1.17449,0.000273694,0.000273694,0.000273694
64,683.689,0.73378,3.41341,0.33904,0.35176,0.96857,0.94885,0.9275,0.97125,0.79511,0.91501,0.66667,0.71905,0.35299,0.80503,4.12049,0.33501,0.49469,1.21111,0.00027327,0.00027327,0.00027327
65,697.576,0.76648,3.44867,0.3585,0.34956,0.96855,0.90242,0.95,0.9666,0.79939,0.89282,0.68333,0.73233,0.41685,0.78482,3.90288,0.33787,0.46821,1.09983,0.000272846,0.000272846,0.000272846
66,704.996,0.91832,3.33868,0.34004,0.38214,0.8748,0.93323,0.93333,0.97505,0.78346,0.85127,0.71667,0.71533,0.30542,0.8854,4.28948,0.33971,0.48165,1.21879,0.000272421,0.000272421,0.000272421
67,714.883,0.79422,3.45696,0.37486,0.36298,0.9353,0.95088,0.86667,0.96498,0.81902,0.91113,0.68348,0.72502,0.42642,0.77017,3.85686,0.34068,0.42929,1.14914,0.000271997,0.000271997,0.000271997
68,726.264,0.76854,3.23661,0.339,0.35092,0.94378,0.95961,0.86667,0.94641,0.80247,0.87783,0.71857,0.72793,0.37438,0.84782,4.02685,0.34399,0.44189,1.24293,0.000271573,0.000271573,0.000271573
69,731.571,0.74125,3.27116,0.34314,0.34724,0.93866,0.94745,0.90155,0.96647,0.76198,0.91956,0.7,0.72698,0.35529,0.9556,3.9889,0.34242,0.45642,1.43463,0.000271149,0.000271149,0.000271149
70,744.982,0.8764,3.56543,0.3929,0.4316,1.1188,0.93979,0.93333,0.96877,0.76816,0.95398,0.6911,0.73121,0.35424,0.91371,4.03493,0.34278,0.49166,1.32483,0.000270724,0.000270724,0.000270724
71,756.988,0.79616,3.08344,0.34825,0.34338,0.9113,0.96596,0.9461,0.97643,0.78193,0.86088,0.72203,0.72366,0.37794,0.85476,3.94668,0.33873,0.46505,1.19323,0.0002703,0.0002703,0.0002703
72,762.791,1.11544,3.52018,0.39593,0.48248,1.55938,0.96502,0.91967,0.97897,0.81,0.93288,0.69503,0.7273,0.3836,0.81133,4.05343,0.34691,0.46698,1.1033,0.000269876,0.000269876,0.000269876
73,772.879,0.88091,3.14632,0.35179,0.36605,0.9427,0.98758,0.88333,0.9787,0.80194,0.9343,0.71117,0.77107,0.39706,0.79081,3.91328,0.33945,0.49361,1.13906,0.000269451,0.000269451,0.000269451
74,786.582,0.96825,3.51272,0.34751,0.46359,1.27121,0.87786,0.95837,0.97299,0.80933,0.91522,0.71667,0.73042,0.43064,0.79625,3.80075,0.33891,0.4809,1.13525,0.000269027,0.000269027,0.000269027
75,794.502,0.79833,2.91974,0.33631,0.35077,0.90003,0.96316,0.87152,0.97353,0.79729,0.92994,0.66369,0.73201,0.40596,0.82137,3.76832,0.34158,0.46219,1.17055,0.000268603,0.000268603,0.000268603
76,802.279,0.78217,2.93841,0.34509,0.34391,0.93885,0.94842,0.88333,0.97144,0.80443,0.89898,0.66667,0.72443,0.39646,0.82963,3.8103,0.33899,0.46146,1.16568,0.000268179,0.000268179,0.000268179
77,813.837,0.73068,2.87887,0.32594,0.34772,0.90378,0.95635,0.91667,0.9772,0.81325,0.85609,0.75,0.74747,0.44963,0.82002,3.71026,0.33723,0.45518,1.12277,0.000267754,0.000267754,0.000267754
78,821.665,0.82469,3.06655,0.3494,0.34111,0.8831,0.98229,0.92461,0.98031,0.77441,0.9015,0.76276,0.7658,0.38195,0.92075,3.9103,0.334,0.47697,1.32451,0.00026733,0.00026733,0.00026733
79,831.442,0.80536,3.12765,0.33728,0.34355,0.91745,0.96091,0.91667,0.9693,0.79831,0.88932,0.75,0.73884,0.49301,0.82455,3.76421,0.32848,0.47638,1.13886,0.000266906,0.000266906,0.000266906
80,845.57,0.8767,2.98055,0.33541,0.35672,0.92254,0.96446,0.90462,0.97335,0.75014,0.87609,0.75,0.71203,0.3342,0.95318,4.31347,0.32955,0.50243,1.3668,0.000266481,0.000266481,0.000266481
81,854.172,1.02141,3.4442,0.35965,0.4151,1.2077,0.93366,0.93835,0.97093,0.78316,0.91682,0.73333,0.75807,0.46766,0.8553,3.69725,0.3278,0.47256,1.23137,0.000266057,0.000266057,0.000266057
82,861.974,0.74258,3.057,0.3547,0.33013,0.9456,0.95055,0.96111,0.98598,0.74869,0.91275,0.7,0.69443,0.33185,0.9421,4.11021,0.33032,0.50132,1.38173,0.000265633,0.000265633,0.000265633
83,873.138,0.75796,2.87508,0.3346,0.34422,0.88578,0.93482,0.95623,0.98396,0.80785,0.97096,0.75,0.78714,0.50183,0.7779,3.54533,0.32475,0.44796,1.09946,0.000265209,0.000265209,0.000265209
84,881.078,0.78657,3.05484,0.34472,0.34923,1.00558,0.87558,0.93834,0.97837,0.77267,0.9776,0.72752,0.7577,0.41234,0.87955,3.96943,0.32574,0.48933,1.28692,0.000264784,0.000264784,0.000264784
85,895.184,0.80748,2.93696,0.32807,0.33833,0.93559,0.96664,0.96581,0.9868,0.80814,0.95519,0.75,0.75894,0.49311,0.77961,3.57253,0.33066,0.42283,1.13423,0.00026436,0.00026436,0.00026436
86,900.96,0.79491,3.07958,0.32358,0.34862,0.92361,0.91849,0.96667,0.98201,0.81966,0.9178,0.75,0.7574,0.48967,0.76247,3.54171,0.33625,0.43001,1.08896,0.000263936,0.000263936,0.000263936
87,910.872,0.87171,3.14105,0.32681,0.35668,0.91395,0.91556,0.96667,0.9769,0.80022,0.9148,0.71667,0.72495,0.35171,0.87251,3.96361,0.33468,0.47279,1.3005,0.000263511,0.000263511,0.000263511
88,922.469,0.77732,3.24557,0.37877,0.36094,0.97372,0.90454,0.98333,0.98575,0.83228,0.88131,0.74259,0.76588,0.51149,0.78077,3.39278,0.3315,0.4225,1.1254,0.000263087,0.000263087,0.000263087
89,928.294,0.72429,2.87057,0.35938,0.32502,0.86432,0.93432,0.94837,0.98268,0.82341,0.93418,0.76667,0.80645,0.50467,0.75016,3.51749,0.33171,0.40145,1.0807,0.000262663,0.000262663,0.000262663
90,939.278,0.71332,2.72139,0.33302,0.32578,0.91171,0.94454,0.96667,0.988,0.83175,0.93214,0.78333,0.79281,0.48002,0.78767,3.63903,0.32595,0.41993,1.15286,0.000262239,0.000262239,0.000262239
91,951.374,0.93554,3.27542,0.35637,0.48387,1.03226,0.94995,0.9491,0.98443,0.8144,0.87006,0.78333,0.7871,0.45129,0.81373,3.60016,0.33265,0.43687,1.18423,0.000261814,0.000261814,0.000261814
92,959.113,0.93825,3.12724,0.35766,0.37644,1.11432,0.97704,0.91667,0.98365,0.81448,0.88286,0.75373,0.76755,0.49638,0.77144,3.4803,0.33028,0.42658,1.08661,0.00026139,0.00026139,0.00026139
93,967.181,0.73517,2.64707,0.31846,0.31684,0.89617,0.91911,0.94694,0.97203,0.78673,0.88293,0.75423,0.75188,0.46737,0.86591,3.63788,0.32516,0.45401,1.26109,0.000260966,0.000260966,0.000260966
94,981.473,0.75096,2.66457,0.32778,0.3192,0.90756,0.93129,0.96667,0.97509,0.79911,0.89808,0.76667,0.7502,0.48039,0.79756,3.61912,0.32555,0.45485,1.14533,0.000260541,0.000260541,0.000260541
95,989.871,0.70979,2.61123,0.32078,0.31371,0.89623,0.97238,0.9,0.95806,0.76969,0.89763,0.73073,0.73313,0.48008,0.87624,3.59369,0.3191,0.4387,1.26108,0.000260117,0.000260117,0.000260117
96,998.179,0.76551,2.65418,0.33825,0.33613,0.85337,0.94968,0.94376,0.97433,0.78079,0.93355,0.75,0.77551,0.49291,0.83065,3.46708,0.32203,0.42584,1.20535,0.000259693,0.000259693,0.000259693
97,1011.68,0.78955,3.00976,0.33773,0.44824,0.92405,0.94411,0.96667,0.97545,0.81399,0.9352,0.75,0.75859,0.50317,0.72257,3.42626,0.31805,0.41793,1.02364,0.000259269,0.000259269,0.000259269
98,1020.38,0.74713,2.72759,0.33968,0.31801,0.86624,0.99386,0.98333,0.99345,0.8228,0.901,0.76667,0.76457,0.5064,0.80231,3.50277,0.3122,0.42209,1.16846,0.000258844,0.000258844,0.000258844
99,1028.17,0.78895,2.73061,0.33175,0.34009,0.8319,0.96108,0.96667,0.98819,0.81157,0.86431,0.78333,0.7729,0.51604,0.79127,3.41168,0.31114,0.44648,1.11528,0.00025842,0.00025842,0.00025842
100,1040.88,0.80513,2.70522,0.31687,0.33018,0.89394,0.9165,0.91472,0.96784,0.79408,0.82428,0.8,0.79001,0.49221,0.79927,3.36684,0.3083,0.44282,1.12843,0.000257996,0.000257996,0.000257996
101,1048.72,0.72402,2.61598,0.32015,0.31932,0.90209,0.93124,0.91667,0.96923,0.80014,0.83927,0.78333,0.77722,0.47939,0.79974,3.46246,0.30949,0.44009,1.14762,0.000257571,0.000257571,0.000257571
102,1058.68,0.70375,2.60905,0.31785,0.31919,0.94404,0.87328,0.96667,0.9694,0.80827,0.96127,0.73333,0.75967,0.51794,0.74223,3.48783,0.31422,0.42726,1.04311,0.000257147,0.000257147,0.000257147
103,1071.29,0.70104,2.65171,0.3159,0.32104,0.90138,0.93597,0.97454,0.98609,0.82691,0.92416,0.78333,0.80416,0.5213,0.72763,3.36703,0.31123,0.43034,1.09114,0.000256723,0.000256723,0.000256723
104,1077.19,0.78644,2.66593,0.31429,0.33525,0.87335,0.95533,0.9,0.97258,0.80759,0.92518,0.75,0.75814,0.48968,0.79183,3.5381,0.3126,0.44966,1.16133,0.000256299,0.000256299,0.000256299
105,1088.38,0.78765,2.55029,0.33394,0.32633,0.87018,0.99103,0.91667,0.98605,0.82534,0.93285,0.78333,0.78753,0.51192,0.75117,3.45514,0.31801,0.42476,1.09392,0.000255874,0.000255874,0.000255874
106,1101.17,0.80636,2.4763,0.3457,0.32974,0.85798,0.97317,0.93333,0.98806,0.82309,0.92401,0.75,0.76867,0.49274,0.77175,3.45369,0.31709,0.42554,1.11111,0.00025545,0.00025545,0.00025545
107,1108.85,0.75973,2.49394,0.33056,0.32048,0.92134,0.94585,0.96667,0.98789,0.80178,0.95965,0.79276,0.79337,0.52331,0.81135,3.42588,0.30952,0.42017,1.20693,0.000255026,0.000255026,0.000255026
108,1116.48,0.86601,2.9754,0.30396,0.38036,1.15902,0.94247,0.96667,0.98752,0.82932,0.95928,0.78533,0.79418,0.52999,0.74668,3.29554,0.30912,0.40992,1.08623,0.000254601,0.000254601,0.000254601
109,1131.57,0.82014,3.12574,0.37346,0.3347,1.00835,0.97942,0.95,0.98959,0.80916,0.91198,0.76667,0.75749,0.491,0.75695,3.43959,0.31116,0.40768,1.07561,0.000254177,0.000254177,0.000254177
110,1140.22,0.83224,2.54094,0.31995,0.33011,0.83542,0.98466,0.93333,0.99033,0.80859,0.9573,0.7473,0.76246,0.5066,0.74097,3.31788,0.3068,0.39045,1.11868,0.000253753,0.000253753,0.000253753
111,1145.47,0.72681,2.59869,0.31001,0.31755,0.84402,0.95027,0.95546,0.98902,0.82418,0.9078,0.76667,0.7608,0.51853,0.72186,3.36475,0.30491,0.39122,1.03859,0.000253329,0.000253329,0.000253329
112,1159.48,0.68452,2.50781,0.31064,0.30467,0.88668,0.95106,0.97165,0.99051,0.81493,0.89759,0.76667,0.7608,0.50541,0.74993,3.45582,0.30118,0.37683,1.08024,0.000252904,0.000252904,0.000252904
113,1170.03,0.71187,2.49278,0.30634,0.31305,0.87482,0.94415,0.93333,0.97225,0.81891,0.91978,0.76667,0.76243,0.51186,0.7259,3.42897,0.3022,0.40424,1.07029,0.00025248,0.00025248,0.00025248
114,1175.52,0.76978,3.0176,0.32712,0.34892,0.93407,0.95002,0.95036,0.98852,0.82789,0.9514,0.78333,0.79076,0.52408,0.74315,3.3648,0.30088,0.41603,1.08896,0.000252056,0.000252056,0.000252056
115,1187.08,0.66346,2.45802,0.2974,0.30007,0.85932,0.89241,1,0.98824,0.82919,0.93969,0.77907,0.8073,0.49272,0.72932,3.42174,0.29551,0.40361,1.09372,0.000251631,0.000251631,0.000251631
116,1193.7,0.69385,2.41177,0.30372,0.30587,0.85305,0.96704,0.91667,0.98865,0.83695,0.93716,0.78333,0.78396,0.47783,0.71345,3.49701,0.29709,0.38731,1.11341,0.000251207,0.000251207,0.000251207
117,1201.97,0.66089,2.47939,0.32427,0.29898,0.92048,0.98019,0.93333,0.98914,0.83106,0.93417,0.78333,0.78946,0.51348,0.73403,3.37038,0.2957,0.37984,1.13977,0.000250783,0.000250783,0.000250783
118,1216.41,0.70047,2.54548,0.31331,0.3023,0.86589,0.96258,0.93333,0.98872,0.81531,0.90905,0.76667,0.76965,0.47996,0.77434,3.42155,0.29576,0.39569,1.18885,0.000250359,0.000250359,0.000250359
119,1222.32,0.73658,2.66692,0.3101,0.31044,0.9157,0.98632,0.93333,0.9885,0.81847,0.91557,0.76667,0.75767,0.54377,0.77427,3.28588,0.29624,0.40429,1.18918,0.000249934,0.000249934,0.000249934
120,1231.68,0.72381,2.89943,0.32571,0.3722,0.83274,0.9223,0.98929,0.98905,0.81227,0.91277,0.76667,0.75615,0.50494,0.76306,3.44694,0.29649,0.40459,1.13421,0.00024951,0.00024951,0.00024951
121,1242.99,0.69505,2.43466,0.29384,0.29981,0.82252,0.95025,0.98333,0.99116,0.78777,0.86499,0.7,0.70419,0.49099,0.85026,3.51735,0.30112,0.44144,1.3375,0.000249086,0.000249086,0.000249086
122,1248.61,0.76012,2.50496,0.31847,0.31916,0.83688,0.98268,0.9456,0.98986,0.79116,0.84923,0.7,0.7048,0.49723,0.79994,3.54724,0.30745,0.42347,1.25342,0.000248661,0.000248661,0.000248661
123,1258.88,0.68196,2.43667,0.30167,0.29903,0.87904,0.95782,0.95,0.98555,0.78754,0.86489,0.73333,0.7267,0.47248,0.82318,3.57148,0.29942,0.41401,1.26914,0.000248237,0.000248237,0.000248237
124,1272.48,0.73812,2.43463,0.3217,0.30366,0.80984,0.95072,0.96455,0.98064,0.82312,0.90097,0.78333,0.78106,0.5029,0.74914,3.34088,0.28989,0.38112,1.11645,0.000247813,0.000247813,0.000247813
125,1280.07,0.67969,2.43011,0.2969,0.30059,0.86232,0.92805,0.91667,0.96138,0.80365,0.89892,0.76667,0.77736,0.46031,0.81131,3.5047,0.28837,0.41188,1.21089,0.000247389,0.000247389,0.000247389
126,1289.6,0.72907,2.39397,0.29314,0.30325,0.81222,0.98211,0.91492,0.97803,0.79565,0.91068,0.78333,0.7814,0.45684,0.75917,3.4306,0.29029,0.42349,1.11103,0.000246964,0.000246964,0.000246964
127,1302.01,0.72079,2.45662,0.29466,0.30249,0.81559,0.93524,0.96284,0.97719,0.81234,0.83384,0.78333,0.76904,0.49554,0.77002,3.37764,0.29065,0.44023,1.16596,0.00024654,0.00024654,0.00024654
128,1307.5,0.69431,2.4755,0.29084,0.3057,0.87348,0.96042,0.95,0.98773,0.83403,0.88278,0.76667,0.77688,0.52622,0.70786,3.2122,0.28881,0.39019,1.05525,0.000246116,0.000246116,0.000246116
129,1319.38,0.83147,3.05044,0.31205,0.36226,0.94138,0.96309,0.95,0.95839,0.82767,0.90989,0.76667,0.76205,0.5384,0.70731,3.28238,0.27787,0.39799,1.08089,0.000245691,0.000245691,0.000245691
130,1334.82,1.10665,2.9828,0.30967,0.79514,1.11141,0.94796,0.95,0.98354,0.83013,0.92115,0.77889,0.779,0.52882,0.70317,3.4291,0.28287,0.40504,1.0923,0.000245267,0.000245267,0.000245267
131,1340.65,0.62752,2.43975,0.30415,0.29264,0.84778,0.98268,0.94551,0.97973,0.83298,0.90068,0.7558,0.78591,0.55391,0.7291,3.29185,0.28239,0.3964,1.13104,0.000244843,0.000244843,0.000244843
132,1351.28,0.9378,3.08045,0.31711,0.39377,1.29127,0.96645,0.96034,0.97917,0.82878,0.89703,0.76667,0.78287,0.54715,0.69159,3.29258,0.28157,0.3981,1.07778,0.000244419,0.000244419,0.000244419
133,1360.31,0.71654,2.38721,0.29939,0.31001,0.88421,0.89487,0.99317,0.98459,0.81555,0.92821,0.8,0.80478,0.51898,0.71484,3.34166,0.28439,0.42197,1.12862,0.000243994,0.000243994,0.000243994
134,1367.58,0.67289,2.37188,0.28864,0.29389,0.88,0.94707,0.9,0.97988,0.82527,0.91836,0.8,0.79111,0.54712,0.68165,3.23242,0.28469,0.41285,1.0284,0.00024357,0.00024357,0.00024357
135,1381.08,0.72028,2.48962,0.288,0.31274,0.83376,0.90124,1,0.98379,0.83209,0.91758,0.74227,0.75822,0.52476,0.73295,3.33927,0.28405,0.43028,1.05717,0.000243146,0.000243146,0.000243146
136,1389.5,0.76805,2.39312,0.28899,0.3109,0.77939,0.93183,0.96667,0.98324,0.82824,0.94419,0.76667,0.78882,0.53358,0.74573,3.33597,0.28039,0.41917,1.12461,0.000242721,0.000242721,0.000242721
137,1397.98,0.68631,2.41856,0.29849,0.29789,0.84719,0.9365,0.98321,0.98273,0.83994,0.90235,0.77012,0.78203,0.54094,0.68979,3.28379,0.28223,0.4084,1.02525,0.000242297,0.000242297,0.000242297
138,1409.79,0.81876,2.91803,0.28875,0.3371,0.84621,0.91773,0.96667,0.98111,0.81199,0.9353,0.75,0.77684,0.50221,0.7019,3.30995,0.28148,0.42561,1.05979,0.000241873,0.000241873,0.000241873
139,1415.7,0.724,2.43063,0.2972,0.30512,0.78606,0.90736,0.97949,0.97903,0.80826,0.90334,0.77887,0.7816,0.48555,0.73075,3.32725,0.28293,0.40909,1.11147,0.000241449,0.000241449,0.000241449
140,1427.47,0.69167,2.41416,0.28593,0.28723,0.79417,0.91819,0.96667,0.97343,0.81703,0.85653,0.75,0.76531,0.47135,0.74855,3.46022,0.28149,0.41667,1.12554,0.000241024,0.000241024,0.000241024
141,1438.57,0.78273,2.46325,0.29719,0.3149,0.79951,0.90753,0.98333,0.97053,0.80578,0.83537,0.76667,0.76328,0.4812,0.78325,3.45913,0.2812,0.45198,1.17561,0.0002406,0.0002406,0.0002406
142,1444.33,0.67402,2.36658,0.2851,0.29294,0.80545,0.9204,0.96357,0.96884,0.7975,0.83253,0.76667,0.75132,0.47413,0.76753,3.41086,0.27873,0.47047,1.11632,0.000240176,0.000240176,0.000240176
143,1455.48,0.71673,2.39442,0.2856,0.30388,0.7968,0.90561,0.98333,0.97847,0.79882,0.88539,0.81667,0.80357,0.52939,0.77123,3.29993,0.27449,0.44859,1.15165,0.000239751,0.000239751,0.000239751
144,1467.94,0.76031,2.37672,0.28561,0.30609,0.848,0.94987,0.94737,0.95831,0.81572,0.87213,0.78333,0.78078,0.52976,0.72347,3.33944,0.27042,0.39762,1.10958,0.000239327,0.000239327,0.000239327
145,1475.59,0.69127,2.35719,0.30371,0.29011,0.77286,0.94296,0.91667,0.95422,0.79073,0.88605,0.71667,0.75076,0.49952,0.75734,3.45344,0.27469,0.44327,1.12959,0.000238903,0.000238903,0.000238903
146,1482.18,0.7115,2.41202,0.29109,0.29124,0.80585,0.87543,0.96667,0.96844,0.7928,0.83156,0.74058,0.765,0.51683,0.8095,3.3432,0.27498,0.46976,1.29293,0.000238479,0.000238479,0.000238479
147,1497.47,0.67125,2.30624,0.2832,0.28852,0.82695,0.93163,0.96667,0.98271,0.81513,0.848,0.74392,0.76541,0.5131,0.72283,3.32542,0.27698,0.42242,1.16036,0.000238054,0.000238054,0.000238054
148,1505.6,0.68073,2.36827,0.28456,0.37825,0.8693,0.92128,0.9754,0.9843,0.81549,0.82591,0.79075,0.79418,0.49729,0.78213,3.31658,0.27485,0.41415,1.17192,0.00023763,0.00023763,0.00023763
149,1513.38,0.74333,2.82916,0.30365,0.38686,0.91838,0.88194,0.99608,0.9767,0.81681,0.90934,0.66873,0.75764,0.49683,0.74358,3.3192,0.276,0.41547,1.13539,0.000237206,0.000237206,0.000237206
150,1527.98,0.67854,2.26318,0.27766,0.28754,0.8019,0.92874,0.98333,0.98009,0.79654,0.83002,0.76667,0.77519,0.545,0.75396,3.23808,0.26884,0.41123,1.14979,0.000236781,0.000236781,0.000236781
151,1535.25,0.70829,2.29633,0.27251,0.29898,0.81251,0.93549,0.96679,0.98471,0.80879,0.88268,0.8,0.80101,0.52937,0.79194,3.25646,0.26641,0.40496,1.18061,0.000236357,0.000236357,0.000236357
152,1544.89,0.65144,2.26159,0.27627,0.28599,0.81873,0.93641,0.98171,0.97844,0.82152,0.8481,0.78333,0.78125,0.51484,0.70769,3.17036,0.26839,0.40172,1.07689,0.000235933,0.000235933,0.000235933
153,1555.77,0.68276,2.25695,0.26768,0.29455,0.79941,0.93845,0.95,0.97892,0.82472,0.87734,0.78333,0.77479,0.5184,0.70969,3.18843,0.26895,0.40319,1.04368,0.000235509,0.000235509,0.000235509
154,1561.02,0.67925,2.16046,0.2728,0.28426,0.75569,0.91746,0.95,0.97591,0.8186,0.85632,0.8,0.799,0.51444,0.72817,3.25513,0.27075,0.42302,1.09516,0.000235084,0.000235084,0.000235084
155,1573.87,0.80286,2.32005,0.27975,0.3026,0.77495,0.94542,0.93333,0.97336,0.829,0.85952,0.81578,0.79895,0.5289,0.70307,3.20443,0.26934,0.414,1.06017,0.00023466,0.00023466,0.00023466
156,1584.39,0.7347,2.27424,0.27401,0.30037,0.78564,0.97828,0.93333,0.96262,0.8198,0.83684,0.8,0.77965,0.51177,0.75178,3.2164,0.27112,0.42246,1.101,0.000234236,0.000234236,0.000234236
157,1589.56,0.69788,2.28627,0.26906,0.2964,0.80046,0.94636,0.95,0.95993,0.81285,0.89621,0.8,0.78593,0.5126,0.76906,3.24675,0.26991,0.43791,1.14284,0.000233811,0.000233811,0.000233811
158,1603.37,0.62233,2.30671,0.26582,0.2886,0.80776,0.96452,0.93333,0.95743,0.82203,0.88649,0.8,0.78278,0.51024,0.74413,3.22495,0.26849,0.44016,1.11669,0.000233387,0.000233387,0.000233387
159,1616.04,0.67272,2.69294,0.29651,0.33259,0.87973,0.94788,0.93333,0.97452,0.79773,0.8674,0.78333,0.7782,0.48297,0.7422,3.29976,0.27097,0.44727,1.12108,0.000232963,0.000232963,0.000232963
160,1621.87,0.6887,2.22757,0.27928,0.29281,0.79092,0.88825,0.95,0.97733,0.8023,0.88813,0.73333,0.77234,0.48295,0.79262,3.21708,0.26868,0.46899,1.15756,0.000232539,0.000232539,0.000232539
161,1631.27,0.64357,2.23506,0.26615,0.28703,0.83523,0.9057,0.98333,0.9832,0.8187,0.91566,0.76667,0.79538,0.50719,0.76052,3.16213,0.2618,0.44945,1.16822,0.000232114,0.000232114,0.000232114
162,1644.67,0.76735,2.31753,0.28347,0.30245,0.77339,0.94483,0.95,0.9872,0.82536,0.86181,0.78333,0.77938,0.50554,0.76061,3.20154,0.25988,0.43072,1.17593,0.00023169,0.00023169,0.00023169
163,1653.55,0.64214,2.20872,0.26598,0.27715,0.79294,0.98559,0.9,0.98815,0.82644,0.92025,0.83333,0.83106,0.51768,0.71017,3.18385,0.26091,0.41799,1.0874,0.000231266,0.000231266,0.000231266
164,1661.49,0.70449,2.27624,0.25989,0.30252,0.76262,0.96506,0.92063,0.98709,0.82945,0.88294,0.8,0.78539,0.47407,0.7429,3.33614,0.2629,0.45098,1.16276,0.000230841,0.000230841,0.000230841
165,1674.98,0.69338,2.24763,0.25725,0.29001,0.77932,0.98105,0.95,0.98871,0.83061,0.88769,0.76667,0.77378,0.53601,0.72714,3.18328,0.26354,0.41252,1.0653,0.000230417,0.000230417,0.000230417
166,1683.09,0.69709,2.22054,0.26195,0.29534,0.81883,1,0.93256,0.9803,0.81044,0.85142,0.78333,0.77465,0.47354,0.7311,3.4591,0.26658,0.46281,1.05555,0.000229993,0.000229993,0.000229993
167,1689.98,0.70542,2.8059,0.2675,0.3023,0.81192,0.97995,0.93333,0.98452,0.79447,0.83967,0.8,0.77975,0.49453,0.77396,3.33954,0.26964,0.43715,1.17767,0.000229569,0.000229569,0.000229569
168,1697.1,0.83936,2.54261,0.29387,0.3134,0.94681,0.98193,0.91667,0.98114,0.80674,0.91605,0.72751,0.77551,0.51003,0.71211,3.28914,0.26836,0.43221,1.06928,0.000229144,0.000229144,0.000229144
169,1706.8,0.68634,2.33692,0.26663,0.30284,0.87431,0.94997,0.94949,0.9857,0.8081,0.91819,0.8,0.8047,0.44051,0.77174,3.42535,0.26362,0.41048,1.1411,0.00022872,0.00022872,0.00022872
170,1719.86,0.69802,2.19941,0.28037,0.28977,0.77613,0.98236,0.9284,0.97767,0.81114,0.88664,0.83333,0.82388,0.55456,0.73778,3.17411,0.26296,0.41223,1.17871,0.000228296,0.000228296,0.000228296
171,1725.48,0.65353,2.01476,0.26632,0.27103,0.80897,0.95053,0.9608,0.98109,0.80746,0.83721,0.8,0.78157,0.50657,0.7414,3.31791,0.26041,0.44886,1.15544,0.000227871,0.000227871,0.000227871
172,1733.98,0.71956,2.59858,0.26939,0.29646,0.8697,0.91318,0.96667,0.98067,0.80487,0.86127,0.78333,0.79765,0.52683,0.74608,3.10286,0.26045,0.4462,1.1792,0.000227447,0.000227447,0.000227447
173,1746.87,0.70178,1.92146,0.25739,0.28186,0.80525,0.94542,0.93333,0.97326,0.79367,0.87924,0.78333,0.7733,0.55105,0.75933,3.10783,0.25898,0.46904,1.19553,0.000227023,0.000227023,0.000227023
174,1756.09,0.64267,1.8769,0.29313,0.27627,0.81715,0.96682,0.91667,0.97429,0.77652,0.86129,0.76667,0.76995,0.50979,0.81074,3.11139,0.25924,0.46104,1.22761,0.000226599,0.000226599,0.000226599
175,1763.28,0.75556,2.35294,0.29203,0.33503,0.92478,0.94439,0.93333,0.97201,0.79366,0.86736,0.76296,0.77462,0.51841,0.79095,2.96414,0.26609,0.44573,1.16464,0.000226174,0.000226174,0.000226174
176,1775.94,0.64293,1.72525,0.2847,0.27554,0.77122,0.96817,0.9,0.96738,0.80384,0.88478,0.76794,0.77458,0.52959,0.74343,2.86968,0.26878,0.44261,1.12817,0.00022575,0.00022575,0.00022575
177,1786.08,0.67738,1.64425,0.27346,0.2883,0.77664,0.96778,0.9,0.98349,0.79371,0.86857,0.77106,0.77192,0.56347,0.76486,2.78365,0.26886,0.43802,1.16218,0.000225326,0.000225326,0.000225326
178,1792.78,0.75927,1.57977,0.27521,0.29157,0.75945,0.93437,0.94911,0.98122,0.80684,0.90527,0.78333,0.7992,0.55005,0.7559,2.68494,0.27041,0.45461,1.14308,0.000224901,0.000224901,0.000224901
179,1806.78,0.72905,1.94543,0.29584,0.30607,0.84376,0.89468,0.99113,0.98084,0.80009,0.90132,0.81667,0.82067,0.49965,0.7589,2.70492,0.26813,0.4448,1.16868,0.000224477,0.000224477,0.000224477
180,1813.92,0.68008,1.53591,0.27865,0.28685,0.7936,0.95598,0.91667,0.9838,0.82132,0.87126,0.78962,0.80146,0.59024,0.70988,2.4121,0.27323,0.42201,1.03511,0.000224053,0.000224053,0.000224053
181,1820.38,0.62219,1.45262,0.29358,0.27285,0.80747,0.89447,0.93333,0.96829,0.81581,0.87432,0.81171,0.79966,0.58096,0.71572,2.46539,0.27364,0.49297,1.03222,0.000223629,0.000223629,0.000223629
182,1836.68,0.6458,1.45292,0.2894,0.27349,0.76947,0.89404,0.93333,0.94837,0.80319,0.91855,0.81667,0.80303,0.5702,0.71581,2.51235,0.27452,0.50946,1.08794,0.000223204,0.000223204,0.000223204
183,1844.92,0.64693,1.8276,0.29095,0.32383,0.89366,0.90577,0.96667,0.96921,0.81564,0.8781,0.81667,0.79595,0.63367,0.70871,2.34751,0.2772,0.45793,1.08926,0.00022278,0.00022278,0.00022278
184,1854.68,0.58571,1.43797,0.29271,0.26702,0.82066,0.93197,0.93333,0.96693,0.80467,0.9006,0.81667,0.8196,0.63574,0.71428,2.34474,0.26839,0.44769,1.02281,0.000222356,0.000222356,0.000222356
185,1860.36,0.84469,1.96398,0.28429,0.32716,1.27391,0.9405,0.91667,0.97497,0.8164,0.91894,0.83333,0.83117,0.62951,0.71029,2.3598,0.2694,0.44974,1.05144,0.000221931,0.000221931,0.000221931
186,1870.28,0.66012,1.37806,0.27079,0.27569,0.81372,0.98046,0.88333,0.96896,0.81995,0.92525,0.82532,0.82502,0.62126,0.73815,2.45894,0.27004,0.47062,1.09579,0.000221507,0.000221507,0.000221507
187,1883.88,0.66795,1.36959,0.27375,0.29171,0.80475,1,0.86142,0.97249,0.80123,0.94196,0.81153,0.80831,0.59609,0.76053,2.5193,0.26402,0.44703,1.10581,0.000221083,0.000221083,0.000221083
188,1892,0.68413,1.45136,0.27633,0.28554,0.83785,1,0.91414,0.9782,0.80481,0.94185,0.80999,0.81009,0.63249,0.69378,2.41892,0.2651,0.40882,1.05185,0.000220659,0.000220659,0.000220659
189,1899.68,0.67211,1.38593,0.27092,0.28258,0.77521,0.9965,0.91667,0.97726,0.80563,0.89233,0.78333,0.77629,0.58889,0.68527,2.59364,0.27047,0.42252,1.0278,0.000220234,0.000220234,0.000220234
190,1912.17,0.64537,1.34114,0.27682,0.27788,0.87867,1,0.94798,0.98847,0.82296,0.91934,0.81667,0.8099,0.63067,0.72582,2.45227,0.26487,0.40821,1.09025,0.00021981,0.00021981,0.00021981
191,1919.74,0.80398,1.89223,0.29317,0.31119,0.80589,0.96481,0.98333,0.99083,0.82384,0.93037,0.81667,0.82951,0.61411,0.72188,2.39036,0.26318,0.36839,1.07464,0.000219386,0.000219386,0.000219386
192,1926.8,0.65695,1.47173,0.26316,0.27779,0.78541,0.96649,0.96138,0.98913,0.83112,0.94689,0.81667,0.83087,0.62219,0.67535,2.36142,0.2637,0.35769,1.01862,0.000218961,0.000218961,0.000218961
193,1939.88,0.64221,1.31181,0.26267,0.27016,0.79752,0.9183,0.95,0.96463,0.83113,0.89418,0.81667,0.82552,0.63053,0.69818,2.31697,0.26742,0.40516,1.05961,0.000218537,0.000218537,0.000218537
194,1951.32,0.74043,1.43449,0.26593,0.29182,0.77467,0.9326,0.92259,0.96725,0.82433,0.86133,0.82826,0.82138,0.67498,0.67362,2.23639,0.26671,0.39944,1.05802,0.000218113,0.000218113,0.000218113
195,1957.31,0.61871,1.33019,0.26091,0.26829,0.78944,0.94752,0.95,0.98544,0.82454,0.90338,0.81667,0.8083,0.70696,0.70676,2.26745,0.2607,0.36738,1.13782,0.000217689,0.000217689,0.000217689
196,1967.77,0.75958,1.5403,0.28405,0.28875,0.79192,0.94818,0.93333,0.97791,0.81064,0.904,0.78473,0.80438,0.69236,0.75343,2.37306,0.25641,0.43512,1.16973,0.000217264,0.000217264,0.000217264
197,1982.17,0.65411,1.25054,0.25794,0.26962,0.75535,0.94706,0.93333,0.97407,0.80959,0.86293,0.8,0.7839,0.692,0.71508,2.32411,0.2561,0.43686,1.13395,0.00021684,0.00021684,0.00021684
198,1989.18,0.65447,1.93335,0.27586,0.30196,0.78573,0.94988,0.94772,0.97186,0.79296,0.86551,0.81667,0.79732,0.65833,0.75248,2.36865,0.25559,0.44625,1.18055,0.000216416,0.000216416,0.000216416
199,1997.58,0.57868,1.29619,0.25829,0.26172,0.77153,0.978,0.93333,0.98683,0.81431,0.91789,0.81667,0.80792,0.67828,0.71111,2.33383,0.25004,0.37992,1.1137,0.000215991,0.000215991,0.000215991
200,2011.48,0.66367,1.25217,0.25944,0.26787,0.77657,0.9827,0.94692,0.97364,0.80109,0.92107,0.81667,0.80996,0.70754,0.71844,2.3127,0.25019,0.42056,1.12889,0.000215567,0.000215567,0.000215567
201,2018.28,0.65887,1.37363,0.2664,0.27508,0.80452,0.96603,0.94786,0.96925,0.82469,0.9686,0.83333,0.83206,0.70852,0.67044,2.18218,0.25218,0.42124,1.03657,0.000215143,0.000215143,0.000215143
202,2028.97,0.6245,1.30816,0.27203,0.26961,0.797,0.96069,0.91667,0.9402,0.79645,0.9255,0.83333,0.83163,0.64114,0.77601,2.42295,0.25263,0.53209,1.11161,0.000214719,0.000214719,0.000214719
203,2044.08,0.63712,1.25446,0.25668,0.26953,0.79395,0.98207,0.91298,0.93643,0.81634,0.91979,0.83333,0.82979,0.70981,0.67314,2.32447,0.25041,0.47828,1.0067,0.000214294,0.000214294,0.000214294
204,2049.42,0.6605,1.21688,0.25511,0.27049,0.7492,0.98203,0.91079,0.93973,0.8019,0.92765,0.81667,0.82967,0.69401,0.71403,2.36319,0.25038,0.4939,1.09022,0.00021387,0.00021387,0.00021387
205,2058.97,0.66152,1.19901,0.25118,0.26612,0.7279,0.96467,0.9102,0.9547,0.82033,0.91769,0.81667,0.80758,0.69394,0.69518,2.28274,0.24994,0.43626,1.0625,0.000213446,0.000213446,0.000213446
206,2071.18,0.67405,1.31442,0.25652,0.27483,0.79288,0.98172,0.93333,0.97381,0.82028,0.90494,0.81667,0.80643,0.64898,0.71606,2.4091,0.25197,0.41413,1.14943,0.000213021,0.000213021,0.000213021
207,2078.66,0.63292,1.1897,0.25535,0.2675,0.77656,1,0.94956,0.98422,0.83657,0.92309,0.80012,0.80888,0.72267,0.67179,2.16776,0.2497,0.3724,1.03505,0.000212597,0.000212597,0.000212597
208,2086.98,0.73501,1.21082,0.25213,0.28678,0.73958,0.9951,0.95,0.98221,0.81076,0.91753,0.81667,0.82482,0.65104,0.74262,2.33522,0.25011,0.40156,1.13576,0.000212173,0.000212173,0.000212173
209,2100.9,0.63613,1.23903,0.25222,0.28497,0.77651,0.98549,0.96667,0.98467,0.83158,0.90443,0.78869,0.80503,0.69462,0.69896,2.17517,0.25066,0.42339,1.07581,0.000211749,0.000211749,0.000211749
210,2106.59,0.66287,1.20307,0.25003,0.26596,0.71171,0.99243,0.95,0.98433,0.82541,0.92265,0.79533,0.80381,0.65272,0.73549,2.30464,0.25484,0.4592,1.10706,0.000211324,0.000211324,0.000211324
211,2116.18,0.59861,1.26822,0.26159,0.26773,0.77946,0.98312,0.95,0.98306,0.83383,0.92306,0.79985,0.80367,0.71778,0.67393,2.03522,0.25616,0.39001,1.04305,0.0002109,0.0002109,0.0002109
212,2129.48,0.72828,1.30935,0.25953,0.28252,0.75241,0.96608,0.9494,0.97235,0.82186,0.89508,0.8,0.78701,0.67368,0.70114,2.29143,0.25666,0.49925,1.06294,0.000210476,0.000210476,0.000210476
213,2136.11,0.6378,1.23029,0.25247,0.27166,0.77887,0.94983,0.94675,0.97248,0.83339,0.9028,0.78333,0.80784,0.71482,0.64427,2.2229,0.2508,0.43931,1.00065,0.000210051,0.000210051,0.000210051
214,2143.08,0.72428,1.13265,0.24887,0.2822,0.72691,0.96541,0.93039,0.97926,0.83903,0.8996,0.78333,0.81666,0.6992,0.71145,2.25066,0.24917,0.42209,1.08622,0.000209627,0.000209627,0.000209627
215,2157.88,0.64422,1.16185,0.2563,0.26472,0.76573,0.9661,0.94994,0.98209,0.83655,0.9292,0.8,0.82371,0.72724,0.68719,2.15046,0.24832,0.36917,1.07455,0.000209203,0.000209203,0.000209203
216,2166.19,0.64061,1.32695,0.25756,0.27581,0.76008,0.9575,0.96667,0.96347,0.82781,0.92477,0.81952,0.83636,0.71708,0.73696,2.24235,0.24089,0.3762,1.16244,0.000208779,0.000208779,0.000208779
217,2173.29,0.63244,1.16377,0.24381,0.26339,0.77176,0.95042,0.98333,0.98352,0.82203,0.97777,0.81667,0.83942,0.68002,0.74348,2.30282,0.2396,0.361,1.21084,0.000208354,0.000208354,0.000208354
218,2187.97,0.65964,1.61784,0.25606,0.28835,0.8356,0.94936,0.98333,0.9817,0.82112,0.97052,0.83333,0.84017,0.71905,0.70335,2.13201,0.24018,0.35181,1.14171,0.00020793,0.00020793,0.00020793
219,2194.16,0.62184,1.22472,0.26793,0.26172,0.77774,0.96188,0.96667,0.96208,0.80183,0.96517,0.83333,0.84007,0.71633,0.75045,2.25268,0.24125,0.41742,1.15037,0.000207506,0.000207506,0.000207506
220,2201.68,0.65844,1.13757,0.2471,0.27574,0.77014,0.96656,0.96356,0.96333,0.82376,0.96099,0.82113,0.83142,0.73677,0.673,2.156,0.23973,0.37861,1.04268,0.000207081,0.000207081,0.000207081
221,2215.97,0.6852,1.15902,0.24628,0.26744,0.74335,0.98239,0.92986,0.96096,0.814,0.92522,0.82496,0.83819,0.69487,0.72184,2.30833,0.24189,0.41434,1.12337,0.000206657,0.000206657,0.000206657
222,2222.12,0.63344,1.17935,0.24748,0.26547,0.78212,0.97766,0.91667,0.95532,0.82097,0.88835,0.81667,0.81903,0.71127,0.67316,2.22325,0.24021,0.43102,1.04451,0.000206233,0.000206233,0.000206233
223,2229.47,0.66106,1.43485,0.27468,0.27986,0.76156,0.97788,0.91667,0.95123,0.80689,0.87935,0.81667,0.81308,0.69473,0.71915,2.37604,0.23775,0.49374,1.10119,0.000205809,0.000205809,0.000205809
224,2244.98,0.59444,1.16932,0.25668,0.25847,0.76209,0.94584,0.93333,0.95358,0.82301,0.91863,0.83333,0.82754,0.69416,0.6862,2.33802,0.23811,0.47636,1.05774,0.000205384,0.000205384,0.000205384
225,2255.07,0.64551,1.09243,0.25533,0.26346,0.78169,0.98211,0.91492,0.96907,0.83404,0.89845,0.81667,0.80267,0.66612,0.68384,2.35386,0.23599,0.46181,1.05415,0.00020496,0.00020496,0.00020496
226,2262.77,0.57745,1.11382,0.24831,0.24852,0.76932,0.99836,0.91667,0.96212,0.82905,0.94336,0.8327,0.82337,0.69012,0.70623,2.26907,0.23388,0.44994,1.07625,0.000204536,0.000204536,0.000204536
227,2275.27,0.68076,1.19139,0.24703,0.28403,0.73586,1,0.93242,0.97576,0.82574,0.94433,0.84824,0.83049,0.70745,0.69383,2.23255,0.23453,0.40658,1.07507,0.000204111,0.000204111,0.000204111
228,2284.94,0.66699,1.12497,0.23843,0.2752,0.72166,0.96596,0.94585,0.97547,0.83921,0.87654,0.8,0.79683,0.71692,0.67058,2.24953,0.23693,0.40752,1.06795,0.000203687,0.000203687,0.000203687
229,2290.35,0.63829,1.1312,0.24133,0.26712,0.77638,0.95064,0.963,0.98403,0.83628,0.85948,0.81556,0.79889,0.68636,0.70449,2.2564,0.23395,0.39525,1.16459,0.000203263,0.000203263,0.000203263
230,2301.98,0.6027,1.07562,0.24939,0.2545,0.74649,0.98302,0.96469,0.9845,0.83645,0.87614,0.85,0.83392,0.70402,0.69552,2.17402,0.23367,0.38558,1.15217,0.000202839,0.000202839,0.000202839
231,2308.88,0.7035,1.12406,0.25484,0.26815,0.70612,0.98297,0.96192,0.98673,0.84974,0.86044,0.81667,0.82229,0.69373,0.67449,2.15968,0.23682,0.37398,1.07985,0.000202414,0.000202414,0.000202414
232,2317.48,0.61225,1.53905,0.25567,0.29789,0.77789,0.99716,0.91667,0.98202,0.8281,0.94881,0.78333,0.80929,0.6732,0.70039,2.22691,0.23828,0.38527,1.13227,0.00020199,0.00020199,0.00020199
233,2329.09,0.5826,1.28807,0.29643,0.25656,0.75828,0.98042,0.93333,0.98562,0.83728,0.90607,0.81667,0.80663,0.71938,0.68482,2.18011,0.23428,0.38547,1.1182,0.000201566,0.000201566,0.000201566
234,2337.15,0.70021,1.13565,0.24479,0.27518,0.72008,0.97966,0.95,0.9822,0.8284,0.92418,0.81268,0.80699,0.71277,0.70613,2.33983,0.23202,0.39171,1.1446,0.000201141,0.000201141,0.000201141
235,2346.17,0.55114,1.08617,0.23596,0.25323,0.77755,0.97704,0.96667,0.98231,0.82668,0.94406,0.8,0.80607,0.69905,0.73871,2.29597,0.23502,0.41357,1.2241,0.000200717,0.000200717,0.000200717
236,2359.27,0.65468,1.12765,0.24673,0.27053,0.75994,0.9962,0.95,0.98131,0.83843,0.95962,0.79214,0.80541,0.70516,0.70433,2.26118,0.23203,0.41735,1.11971,0.000200293,0.000200293,0.000200293
237,2364.82,0.71696,1.76399,0.24032,0.30549,0.9218,0.98236,0.92812,0.97905,0.82962,0.95978,0.79548,0.82076,0.69334,0.68971,2.38341,0.23146,0.44323,1.0939,0.000199869,0.000199869,0.000199869
238,2374.87,0.67182,1.46315,0.24358,0.27616,0.83406,0.9609,0.93333,0.95972,0.81587,0.90318,0.8,0.81789,0.69858,0.71349,2.32548,0.23386,0.51416,1.12736,0.000199444,0.000199444,0.000199444
239,2388.97,0.72743,1.6299,0.27461,0.41264,0.86325,0.96541,0.93033,0.96023,0.82339,0.85708,0.79957,0.79528,0.67094,0.70761,2.32475,0.23553,0.46929,1.09337,0.00019902,0.00019902,0.00019902
240,2397.12,0.68047,1.11676,0.23204,0.2751,0.74243,0.95064,0.96292,0.96038,0.82282,0.90596,0.80288,0.83311,0.64923,0.7153,2.2648,0.23611,0.47182,1.1059,0.000198596,0.000198596,0.000198596
241,2404.48,0.6311,1.14146,0.24185,0.25814,0.75793,0.96336,0.93333,0.95924,0.81295,0.9263,0.81667,0.8269,0.67623,0.69652,2.2676,0.23524,0.47794,1.05488,0.000198171,0.000198171,0.000198171
242,2418.28,0.65247,1.14801,0.23492,0.26166,0.74139,0.97794,0.93333,0.97302,0.80651,0.91904,0.8,0.82198,0.66771,0.71902,2.2759,0.23367,0.46274,1.12947,0.000197747,0.000197747,0.000197747
243,2424.08,0.56429,1.14526,0.23275,0.25249,0.77227,0.99581,0.91667,0.96208,0.81967,0.89025,0.81667,0.82283,0.64823,0.68359,2.39557,0.23865,0.45177,1.11379,0.000197323,0.000197323,0.000197323
244,2432.07,0.69316,1.12882,0.24066,0.26549,0.73671,0.98207,0.91317,0.97268,0.82915,0.90019,0.81667,0.80478,0.69072,0.68542,2.16531,0.23215,0.41978,1.12263,0.000196899,0.000196899,0.000196899
245,2447.68,0.59286,1.05218,0.23477,0.24673,0.76281,0.96464,0.91667,0.97109,0.81421,0.92264,0.83333,0.82601,0.72179,0.73358,2.11223,0.22788,0.45225,1.14055,0.000196474,0.000196474,0.000196474
246,2455.09,0.60088,1.07854,0.2447,0.25124,0.75112,0.9802,0.95,0.97768,0.81513,0.9217,0.83333,0.82646,0.71555,0.7022,2.12883,0.22518,0.38037,1.15977,0.00019605,0.00019605,0.00019605
247,2463.98,0.6772,1.4668,0.27681,0.3006,0.82577,0.9818,0.89919,0.97271,0.81029,0.9176,0.83333,0.82406,0.69948,0.68001,2.20207,0.22572,0.39558,1.08725,0.000195626,0.000195626,0.000195626
248,2478.38,0.74221,1.50066,0.24634,0.30231,0.78005,0.93521,0.96235,0.97711,0.80763,0.88945,0.80467,0.79874,0.70081,0.74455,2.15264,0.22428,0.43593,1.17156,0.000195201,0.000195201,0.000195201
249,2487.05,0.63604,1.00992,0.24953,0.25878,0.75874,0.93447,0.95,0.96771,0.814,0.86947,0.8,0.79712,0.70311,0.7334,2.21823,0.22565,0.45993,1.18251,0.000194777,0.000194777,0.000194777
250,2495.38,0.74546,1.42372,0.26163,0.27838,0.69022,1,0.89957,0.96915,0.813,0.91411,0.81667,0.82307,0.70687,0.72258,2.26678,0.23092,0.43159,1.14759,0.000194353,0.000194353,0.000194353
251,2508.97,0.61257,1.06292,0.2359,0.25444,0.73111,0.98011,0.93333,0.97511,0.82689,0.89959,0.81667,0.82516,0.71155,0.7175,2.20949,0.23185,0.40834,1.10752,0.000193929,0.000193929,0.000193929
252,2516.41,0.66831,1.01824,0.22989,0.26601,0.71113,0.98242,0.93157,0.96104,0.82931,0.89014,0.83333,0.82606,0.71233,0.69698,2.17458,0.22726,0.39261,1.08908,0.000193504,0.000193504,0.000193504
253,2525.08,0.61324,1.15536,0.26104,0.26337,0.77835,0.98083,0.93333,0.96111,0.80903,0.88725,0.83333,0.82531,0.70176,0.70416,2.16834,0.22824,0.39718,1.11916,0.00019308,0.00019308,0.00019308
254,2539.17,0.68165,1.0488,0.24512,0.26922,0.7367,0.97905,0.93333,0.95941,0.82084,0.90853,0.82776,0.82532,0.68837,0.68364,2.17619,0.22903,0.40574,1.09191,0.000192656,0.000192656,0.000192656
255,2547.08,0.67432,1.04292,0.22963,0.26293,0.70472,1,0.91164,0.97532,0.82437,0.90861,0.82859,0.82697,0.67119,0.72024,2.22865,0.22597,0.38952,1.14408,0.000192231,0.000192231,0.000192231
256,2554.98,0.62911,1.08038,0.22677,0.25654,0.74403,1,0.9143,0.97926,0.81643,0.87249,0.79831,0.80054,0.64812,0.72308,2.31016,0.22582,0.37946,1.13974,0.000191807,0.000191807,0.000191807
257,2569.58,0.64556,1.51848,0.26707,0.27524,0.82792,1,0.92378,0.97824,0.80361,0.8543,0.78183,0.7716,0.61969,0.7313,2.35059,0.22797,0.4034,1.18609,0.000191383,0.000191383,0.000191383
258,2577.77,0.64694,1.32835,0.24618,0.344,0.76932,0.95053,0.96079,0.98052,0.82319,0.8687,0.8,0.81554,0.65607,0.74265,2.39762,0.22856,0.4144,1.17695,0.000190959,0.000190959,0.000190959
259,2586.38,0.6636,1.09949,0.23927,0.2647,0.76439,0.95816,0.93333,0.97769,0.82494,0.83782,0.81667,0.81445,0.70324,0.74802,2.32543,0.22886,0.45007,1.13608,0.000190534,0.000190534,0.000190534
260,2600.67,0.66482,1.08014,0.2413,0.26587,0.74865,0.96071,0.93333,0.98271,0.8253,0.85666,0.83333,0.81815,0.70327,0.7316,2.17929,0.22813,0.42005,1.1674,0.00019011,0.00019011,0.00019011
261,2608.16,0.66828,1.03205,0.2346,0.26974,0.73429,0.94374,0.96667,0.98602,0.82868,0.88248,0.8,0.8195,0.67403,0.73399,2.16928,0.22579,0.40928,1.19186,0.000189686,0.000189686,0.000189686
262,2616.58,0.64437,1.04943,0.22523,0.27078,0.75415,0.96137,0.98333,0.98235,0.80911,0.86425,0.84885,0.83152,0.71133,0.73181,2.10019,0.22447,0.393,1.23272,0.000189261,0.000189261,0.000189261
263,2630.98,0.64955,1.03485,0.22474,0.2662,0.75571,0.98043,0.96667,0.98231,0.8247,0.87199,0.85,0.83049,0.73526,0.69778,2.01336,0.22605,0.38543,1.16702,0.000188837,0.000188837,0.000188837
264,2638.32,0.60103,1.0532,0.23108,0.25728,0.7487,0.98101,0.96667,0.96449,0.82916,0.86046,0.82224,0.8183,0.73676,0.69266,1.97983,0.22428,0.36897,1.11247,0.000188413,0.000188413,0.000188413
265,2648.98,0.63878,1.2603,0.25539,0.26576,0.77293,0.98297,0.96667,0.96449,0.84045,0.89387,0.83333,0.83692,0.70933,0.71242,2.00407,0.22524,0.38077,1.10768,0.000187989,0.000187989,0.000187989
266,2663.27,0.71521,1.13332,0.23695,0.27057,0.73782,0.98272,0.94782,0.96117,0.83825,0.90829,0.82541,0.83613,0.68842,0.70272,2.10708,0.22848,0.41455,1.10437,0.000187564,0.000187564,0.000187564
267,2669.23,0.59216,1.01933,0.22799,0.24422,0.73137,0.96326,0.93333,0.94136,0.80123,0.87817,0.85,0.83443,0.64414,0.74695,2.16369,0.2279,0.44439,1.15708,0.00018714,0.00018714,0.00018714
268,2680.57,0.67816,1.22672,0.24077,0.31571,0.74911,0.96613,0.93333,0.94189,0.81978,0.91033,0.84603,0.83477,0.68257,0.69614,2.08541,0.22489,0.43845,1.07963,0.000186716,0.000186716,0.000186716
269,2693.3,0.6652,1.03638,0.225,0.26107,0.72394,0.97509,0.91667,0.93638,0.79935,0.87858,0.81667,0.81474,0.59972,0.70711,2.26155,0.21986,0.40351,1.18214,0.000186291,0.000186291,0.000186291
270,2701.93,0.57861,1.10614,0.23609,0.24749,0.74178,0.9603,0.91667,0.95272,0.79974,0.87718,0.83323,0.81196,0.5829,0.73585,2.24384,0.22051,0.42005,1.1873,0.000185867,0.000185867,0.000185867
271,2712.08,0.61306,1.05105,0.23255,0.24776,0.75216,0.95148,0.98051,0.98108,0.80492,0.89803,0.81667,0.82572,0.62949,0.73918,2.11907,0.22069,0.39454,1.22153,0.000185443,0.000185443,0.000185443
272,2725.28,0.64497,1.00456,0.22526,0.25463,0.74225,0.98246,0.96667,0.97803,0.81333,0.89008,0.80981,0.80397,0.63,0.71627,2.19486,0.22355,0.38427,1.16144,0.000185019,0.000185019,0.000185019
273,2733.79,0.55823,1.00039,0.22152,0.2425,0.75003,0.98275,0.94943,0.96319,0.81665,0.89292,0.85,0.83432,0.64619,0.7198,2.16361,0.22943,0.4178,1.15377,0.000184594,0.000184594,0.000184594
274,2741.2,0.62218,0.98252,0.22909,0.25742,0.71048,0.98023,0.95,0.95709,0.82845,0.89197,0.85,0.83361,0.67111,0.72595,2.17883,0.22855,0.451,1.14806,0.00018417,0.00018417,0.00018417
275,2755.57,0.58935,1.30178,0.22597,0.254,0.87475,0.96266,0.93333,0.95373,0.81104,0.93483,0.81667,0.83406,0.64092,0.75545,2.36941,0.22957,0.44981,1.19223,0.000183746,0.000183746,0.000183746
276,2763.05,0.67069,0.98264,0.23329,0.26811,0.70604,0.9498,0.94611,0.95926,0.82669,0.92115,0.81667,0.83474,0.69274,0.68905,2.1765,0.22812,0.42407,1.09553,0.000183321,0.000183321,0.000183321
277,2772.17,0.64897,1.04602,0.23032,0.2696,0.73377,0.93437,0.94917,0.95977,0.82373,0.9244,0.81667,0.83554,0.69139,0.73699,2.15461,0.22683,0.43982,1.14534,0.000182897,0.000182897,0.000182897
278,2785.87,0.63494,1.04779,0.22184,0.25838,0.77028,0.96609,0.94968,0.96109,0.80773,0.90638,0.78333,0.82302,0.7416,0.73669,1.98754,0.22854,0.43384,1.18631,0.000182473,0.000182473,0.000182473
279,2794.93,0.56481,0.97182,0.22722,0.24294,0.75114,0.9654,0.95,0.96128,0.81958,0.90454,0.8,0.82501,0.73517,0.71408,2.00697,0.22668,0.42627,1.12729,0.000182049,0.000182049,0.000182049
280,2800.48,0.61756,0.95881,0.22653,0.25098,0.71957,0.96603,0.94789,0.96128,0.80297,0.92261,0.8,0.8262,0.71148,0.73769,2.04821,0.22271,0.42606,1.14943,0.000181624,0.000181624,0.000181624
281,2812.87,0.64732,1.27074,0.24319,0.28619,0.72739,0.96147,0.95,0.97847,0.83522,0.85943,0.85,0.83522,0.72646,0.68063,1.9774,0.22182,0.39206,1.08176,0.0001812,0.0001812,0.0001812
282,2825.97,0.67566,0.94919,0.22447,0.26008,0.71567,0.96549,0.96667,0.97969,0.82093,0.87927,0.85,0.83415,0.70918,0.72626,2.024,0.21648,0.39563,1.14656,0.000180776,0.000180776,0.000180776
283,2831.68,0.6711,1.5208,0.2394,0.25599,0.7507,0.96206,0.93333,0.96171,0.81751,0.90569,0.81667,0.82429,0.70147,0.67865,2.05126,0.21824,0.39053,1.06627,0.000180351,0.000180351,0.000180351
284,2840.18,0.65543,1.10973,0.22849,0.26053,0.72103,0.998,0.9,0.96013,0.8232,0.92595,0.81667,0.82447,0.70457,0.68175,2.11538,0.21757,0.39759,1.06856,0.000179927,0.000179927,0.000179927
285,2853.47,0.61129,0.92521,0.22791,0.25571,0.71929,0.98241,0.93093,0.94307,0.81279,0.93541,0.81667,0.80996,0.7027,0.73788,2.16892,0.21822,0.44531,1.14456,0.000179503,0.000179503,0.000179503
286,2860.56,0.65819,0.95745,0.21304,0.2576,0.70382,0.94986,0.9472,0.94314,0.82036,0.92197,0.81667,0.80865,0.70652,0.74875,2.2019,0.21611,0.4804,1.16876,0.000179079,0.000179079,0.000179079
287,2868.27,0.63849,0.893,0.2192,0.2557,0.72459,0.99945,0.93333,0.9445,0.81804,0.91026,0.8,0.80701,0.71276,0.72631,2.21859,0.2161,0.45792,1.20396,0.000178654,0.000178654,0.000178654
288,2880.47,0.64729,0.92677,0.21726,0.257,0.70441,0.98243,0.93187,0.94335,0.80776,0.90577,0.81667,0.82635,0.70472,0.72738,2.22304,0.2175,0.42887,1.19608,0.00017823,0.00017823,0.00017823
289,2886.09,0.69731,1.45288,0.24531,0.26831,0.75754,0.98212,0.91537,0.94253,0.81283,0.90167,0.8,0.80621,0.71418,0.70061,2.13126,0.21676,0.42758,1.11691,0.000177806,0.000177806,0.000177806
290,2896.37,0.58598,1.30205,0.22804,0.2483,0.76903,0.98239,0.93002,0.96236,0.83357,0.91859,0.8,0.80435,0.7169,0.67068,2.1052,0.21853,0.41831,1.05185,0.000177381,0.000177381,0.000177381
291,2903.96,0.56554,0.92328,0.21572,0.24203,0.72293,0.98213,0.9158,0.94296,0.82851,0.9266,0.8,0.80141,0.71157,0.65718,2.05172,0.21728,0.42718,1.01577,0.000176957,0.000176957,0.000176957
292,2911.68,0.69696,0.96528,0.23356,0.25913,0.70458,0.9818,0.89891,0.95321,0.82702,0.92721,0.84917,0.83382,0.70217,0.67572,2.09136,0.21521,0.4664,1.03678,0.000176533,0.000176533,0.000176533
293,2923.57,0.68825,1.28118,0.22579,0.26722,0.74861,0.9481,0.91667,0.96605,0.83051,0.87704,0.83214,0.82194,0.72084,0.65194,2.09043,0.21811,0.43774,0.9848,0.000176109,0.000176109,0.000176109
294,2934.38,0.66037,1.12161,0.22391,0.27343,0.76665,0.95064,0.96311,0.97768,0.82998,0.88724,0.81667,0.80195,0.69638,0.69077,2.16602,0.2209,0.43976,1.03263,0.000175684,0.000175684,0.000175684
295,2940.17,0.64535,0.96053,0.21616,0.25859,0.69496,0.95057,0.96667,0.9773,0.83077,0.84229,0.80111,0.8188,0.70555,0.70976,2.07884,0.2197,0.43131,1.08858,0.00017526,0.00017526,0.00017526
296,2952.08,0.64622,1.47981,0.28079,0.29212,0.744,0.93564,0.98333,0.97883,0.83345,0.8616,0.8,0.812,0.69623,0.70751,2.07804,0.21802,0.40448,1.14167,0.000174836,0.000174836,0.000174836
297,2965.47,0.53127,0.92049,0.22176,0.23969,0.74977,0.95077,0.96561,0.98206,0.83024,0.87596,0.82399,0.82221,0.70619,0.72781,2.02274,0.21812,0.40666,1.17359,0.000174411,0.000174411,0.000174411
298,2971.68,0.61629,0.92709,0.21486,0.24962,0.74113,0.93528,0.96341,0.97933,0.83817,0.92431,0.81418,0.83587,0.72552,0.69475,1.93085,0.21783,0.39658,1.10254,0.000173987,0.000173987,0.000173987
299,2980.07,0.63232,0.95129,0.21599,0.25283,0.72939,0.98102,0.93333,0.94303,0.82652,0.93314,0.8,0.82813,0.71164,0.69517,1.99154,0.22024,0.43028,1.0813,0.000173563,0.000173563,0.000173563
300,2993.58,0.61007,0.93684,0.21645,0.24978,0.7218,0.96608,0.94934,0.94398,0.82911,0.90624,0.83333,0.83525,0.7271,0.69242,1.94162,0.22037,0.39603,1.10972,0.000173139,0.000173139,0.000173139
301,3003.02,0.59639,0.94987,0.22071,0.24591,0.72083,0.96565,0.95,0.96214,0.82561,0.88928,0.85,0.83695,0.71633,0.71227,1.91863,0.21934,0.3909,1.15006,0.000172714,0.000172714,0.000172714
302,3009.67,0.60587,0.93045,0.21826,0.24892,0.72838,0.97672,0.96667,0.97959,0.82258,0.90432,0.85,0.83597,0.72593,0.71963,1.90366,0.22081,0.40201,1.17632,0.00017229,0.00017229,0.00017229
303,3023.88,0.63218,0.89702,0.21277,0.24637,0.72424,0.95077,0.96564,0.97965,0.82721,0.87589,0.83333,0.83351,0.69972,0.71943,1.98476,0.21777,0.41199,1.17932,0.000171866,0.000171866,0.000171866
304,3033.75,0.61126,0.94674,0.2186,0.24557,0.72601,0.98075,0.93333,0.97749,0.8185,0.887,0.83333,0.83492,0.69991,0.72437,1.97561,0.21324,0.42078,1.18638,0.000171441,0.000171441,0.000171441
305,3041.58,0.52285,0.89232,0.21556,0.23523,0.74412,0.97807,0.91667,0.94279,0.8227,0.88916,0.83333,0.83383,0.70584,0.71159,2.00673,0.21311,0.45565,1.14108,0.000171017,0.000171017,0.000171017
306,3056.1,0.54417,0.90128,0.21863,0.22955,0.74216,0.9647,0.91099,0.93194,0.80656,0.87289,0.81667,0.82213,0.69629,0.7152,2.02957,0.2169,0.50277,1.14851,0.000170593,0.000170593,0.000170593
307,3061.72,0.62666,0.94921,0.21513,0.24649,0.7062,0.98173,0.89561,0.93156,0.81654,0.89039,0.81238,0.82087,0.71339,0.68427,2.00302,0.21839,0.49607,1.105,0.000170169,0.000170169,0.000170169
308,3072.29,0.62957,0.9739,0.22251,0.25255,0.71248,0.98209,0.91392,0.94035,0.80573,0.89241,0.8,0.82218,0.69026,0.72567,2.05592,0.21602,0.48293,1.19492,0.000169744,0.000169744,0.000169744
309,3084.79,0.61144,0.96023,0.21763,0.24682,0.69984,0.95884,0.91667,0.95772,0.80977,0.89836,0.8,0.82263,0.71798,0.70271,2.00169,0.21384,0.49069,1.12112,0.00016932,0.00016932,0.00016932
310,3090.44,0.70487,0.9093,0.23032,0.26103,0.67287,0.96485,0.91502,0.95817,0.81456,0.90599,0.83333,0.83128,0.66096,0.71405,2.1306,0.21596,0.48795,1.13544,0.000168896,0.000168896,0.000168896
311,3100.08,0.67579,1.44083,0.21638,0.26978,0.73499,0.9824,0.93059,0.96021,0.80848,0.91107,0.8,0.81687,0.70224,0.72891,2.03388,0.21682,0.48482,1.17795,0.000168471,0.000168471,0.000168471
312,3114.98,0.61262,0.88186,0.21806,0.24517,0.72473,0.98113,0.91667,0.96103,0.83068,0.96022,0.83333,0.83444,0.72838,0.67314,1.98714,0.21841,0.457,1.05082,0.000168047,0.000168047,0.000168047
313,3122.38,0.68693,0.94817,0.25555,0.25749,0.70371,0.96277,0.93333,0.9612,0.82175,0.92449,0.81617,0.82484,0.69115,0.70941,2.01367,0.21699,0.47202,1.08338,0.000167623,0.000167623,0.000167623
314,3129.63,0.65515,0.88497,0.21241,0.24579,0.69089,0.96585,0.94291,0.95935,0.82496,0.88996,0.83333,0.84937,0.68144,0.68731,2.09364,0.21558,0.46369,1.07455,0.000167199,0.000167199,0.000167199
315,3144.67,0.57197,0.94568,0.21058,0.23002,0.72506,0.96483,0.9145,0.95505,0.80353,0.87306,0.81667,0.82417,0.66306,0.73978,2.241,0.21234,0.45422,1.17123,0.000166774,0.000166774,0.000166774
316,3153.97,0.63233,0.90084,0.22002,0.2425,0.68221,0.95566,0.91667,0.96683,0.82146,0.86936,0.8,0.80641,0.68392,0.73043,2.09866,0.21301,0.46885,1.14311,0.00016635,0.00016635,0.00016635
317,3159.36,0.65228,1.23092,0.22211,0.31731,0.74469,0.93168,0.91667,0.93685,0.80946,0.86963,0.77826,0.78882,0.64917,0.73832,2.22194,0.21849,0.48007,1.13083,0.000165926,0.000165926,0.000165926
318,3171.32,0.60315,0.91235,0.2072,0.24982,0.68933,0.96284,0.93333,0.9397,0.79928,0.8706,0.81667,0.80291,0.64163,0.72869,2.1932,0.22282,0.4495,1.14267,0.000165501,0.000165501,0.000165501
319,3184.67,0.6171,1.14879,0.22542,0.24627,0.74484,0.97725,0.91667,0.93918,0.81369,0.88675,0.8,0.79485,0.66263,0.69361,2.15787,0.22109,0.43498,1.09567,0.000165077,0.000165077,0.000165077
320,3190.63,0.60031,0.92703,0.21489,0.24787,0.70105,0.99824,0.9,0.93712,0.80176,0.88637,0.8,0.79996,0.65706,0.72378,2.2421,0.21537,0.46588,1.18308,0.000164653,0.000164653,0.000164653
321,3198.38,0.56306,0.91284,0.21685,0.23427,0.72458,0.99888,0.9,0.93799,0.81798,0.90585,0.81667,0.83003,0.70039,0.68854,2.05531,0.21148,0.46794,1.08374,0.000164229,0.000164229,0.000164229
322,3210.46,0.6509,0.88044,0.20882,0.24829,0.69259,0.99849,0.9,0.95672,0.80978,0.92426,0.83333,0.82965,0.65877,0.7193,2.12398,0.21295,0.47036,1.11518,0.000163804,0.000163804,0.000163804
323,3217.27,0.63337,1.07658,0.23838,0.30246,0.81754,0.99803,0.93333,0.96039,0.83118,0.92202,0.83333,0.82714,0.7109,0.69608,1.98675,0.20999,0.44897,1.09286,0.00016338,0.00016338,0.00016338
324,3231.48,0.60172,0.92537,0.20917,0.2402,0.71819,1,0.94786,0.96068,0.82454,0.92579,0.83169,0.82225,0.67942,0.71436,2.07173,0.20964,0.48095,1.11629,0.000162956,0.000162956,0.000162956
325,3238.44,0.64078,0.87346,0.22664,0.24728,0.69565,1,0.94557,0.97632,0.83167,0.90644,0.83333,0.81988,0.69239,0.69429,2.02312,0.21097,0.45061,1.10742,0.000162531,0.000162531,0.000162531
326,3249.38,0.65204,0.82903,0.21024,0.24845,0.68204,0.96606,0.94874,0.97657,0.82766,0.91052,0.83333,0.8263,0.70579,0.6906,2.02165,0.21121,0.44276,1.0889,0.000162107,0.000162107,0.000162107
327,3260.11,0.56991,0.85162,0.20889,0.23881,0.72475,0.96534,0.9284,0.9772,0.82847,0.92311,0.83333,0.83302,0.70974,0.68114,2.00899,0.20978,0.41558,1.06532,0.000161683,0.000161683,0.000161683
328,3265.6,0.5876,0.86238,0.20973,0.23916,0.70149,0.94991,0.9482,0.97757,0.82998,0.90548,0.81667,0.81974,0.71743,0.69783,2.035,0.20874,0.40941,1.06246,0.000161259,0.000161259,0.000161259
329,3278.08,0.64998,1.1808,0.23872,0.25506,0.83154,0.99807,0.9,0.97547,0.83582,0.92403,0.83333,0.83486,0.69667,0.69284,2.01748,0.21085,0.40672,1.07212,0.000160834,0.000160834,0.000160834
330,3287.94,0.7368,0.86224,0.22192,0.25723,0.66385,1,0.91524,0.96079,0.82123,0.90581,0.81667,0.82217,0.66629,0.72472,2.13279,0.21186,0.40747,1.15097,0.00016041,0.00016041,0.00016041
331,3293.34,0.68704,0.92484,0.2162,0.25573,0.70108,0.99863,0.9,0.9592,0.833,0.90613,0.81667,0.80636,0.68349,0.72568,2.13442,0.20859,0.42063,1.14672,0.000159986,0.000159986,0.000159986
332,3304.58,0.67257,0.87716,0.20749,0.25233,0.70958,1,0.91552,0.94415,0.81794,0.90614,0.81667,0.80192,0.69068,0.75301,2.08965,0.20819,0.43845,1.19724,0.000159561,0.000159561,0.000159561
333,3317.18,0.62043,0.87803,0.20325,0.24285,0.69071,1,0.91554,0.9608,0.81551,0.9062,0.81667,0.8033,0.6879,0.72849,2.04676,0.20964,0.45268,1.16503,0.000159137,0.000159137,0.000159137
334,3324.65,0.71349,0.98345,0.21527,0.2585,0.69345,0.99858,0.9,0.95645,0.81852,0.90612,0.81667,0.8044,0.67397,0.70329,2.09236,0.21095,0.46314,1.13322,0.000158713,0.000158713,0.000158713
335,3332.58,0.63495,0.92915,0.20883,0.23967,0.70445,0.9989,0.9,0.94006,0.8112,0.91995,0.81667,0.80453,0.68219,0.68957,2.04915,0.21026,0.47996,1.09291,0.000158289,0.000158289,0.000158289
336,3346.98,0.66334,0.89762,0.20773,0.24947,0.67946,1,0.91429,0.95736,0.82491,0.90886,0.83101,0.82443,0.6829,0.68806,2.03074,0.21053,0.43604,1.09413,0.000157864,0.000157864,0.000157864
337,3356.38,0.61983,0.86271,0.21056,0.24267,0.67467,0.99805,0.91667,0.95916,0.83409,0.92179,0.81667,0.82311,0.69387,0.65627,2.02676,0.21397,0.39611,1.03983,0.00015744,0.00015744,0.00015744
338,3361.45,0.60121,0.86559,0.20211,0.23641,0.7314,0.99675,0.91667,0.97752,0.82963,0.90607,0.83333,0.83038,0.6986,0.69971,2.00223,0.21084,0.39801,1.10304,0.000157016,0.000157016,0.000157016
339,3372.78,0.61786,1.229,0.26715,0.24417,0.80571,0.9996,0.93333,0.98017,0.84366,0.89706,0.8,0.81836,0.7063,0.68311,2.00703,0.21112,0.39435,1.10379,0.000156591,0.000156591,0.000156591
340,3383.93,0.61511,0.93474,0.20338,0.24336,0.68139,1,0.93056,0.98273,0.83063,0.87462,0.81389,0.81453,0.67356,0.71766,2.08255,0.21033,0.39931,1.19311,0.000156167,0.000156167,0.000156167
341,3390.57,0.5951,0.87053,0.20705,0.23447,0.71983,0.99032,0.91667,0.98096,0.83662,0.86945,0.8,0.8139,0.71478,0.69197,1.92661,0.20751,0.39927,1.17051,0.000155743,0.000155743,0.000155743
342,3402.48,0.59351,0.8641,0.20634,0.23696,0.69214,0.9354,0.98333,0.98155,0.84283,0.88968,0.78333,0.81326,0.72469,0.67839,1.94662,0.20977,0.41255,1.15858,0.000155319,0.000155319,0.000155319
343,3414.07,0.57482,0.93885,0.21471,0.22928,0.72823,0.9358,0.98333,0.98126,0.84637,0.89968,0.8,0.82029,0.7403,0.6717,1.89851,0.21239,0.40276,1.12982,0.000154894,0.000154894,0.000154894
344,3420.89,0.58221,0.93494,0.2149,0.23984,0.77707,0.94869,0.98333,0.98065,0.83347,0.90404,0.8,0.82976,0.72488,0.74015,1.94167,0.21548,0.41368,1.21876,0.00015447,0.00015447,0.00015447
345,3431.57,0.57204,0.86653,0.20774,0.23976,0.72392,0.94859,0.96667,0.98091,0.83323,0.90327,0.8,0.82276,0.73632,0.71203,1.92612,0.21513,0.39306,1.17139,0.000154046,0.000154046,0.000154046
346,3445.68,0.61656,0.90115,0.20653,0.24092,0.7141,0.98235,0.92745,0.97859,0.83522,0.90421,0.8,0.82074,0.71599,0.70247,1.98351,0.21459,0.43673,1.1446,0.000153621,0.000153621,0.000153621
347,3454.17,0.5712,0.87918,0.20294,0.22943,0.70173,0.96445,0.93333,0.9612,0.82639,0.88823,0.81667,0.81766,0.69657,0.69633,2.02623,0.21398,0.45039,1.13111,0.000153197,0.000153197,0.000153197
348,3463.07,0.64729,0.83212,0.20125,0.24736,0.66742,0.9046,0.9482,0.95654,0.83274,0.90811,0.82359,0.83274,0.71294,0.66641,1.93458,0.21114,0.43528,1.07243,0.000152773,0.000152773,0.000152773
349,3477.2,0.61878,0.83691,0.2024,0.23298,0.68406,0.94977,0.95,0.96041,0.82723,0.86159,0.83004,0.831,0.70875,0.6683,1.92485,0.20761,0.4204,1.09016,0.000152349,0.000152349,0.000152349
350,3482.71,0.61959,0.87256,0.20607,0.23876,0.70123,0.96599,0.94672,0.96161,0.81572,0.91438,0.8,0.82317,0.72131,0.68997,1.88263,0.20611,0.41138,1.12252,0.000151924,0.000151924,0.000151924
351,3493.17,0.58221,0.9805,0.22524,0.23862,0.70024,0.96086,0.95,0.96138,0.83294,0.9181,0.8,0.82409,0.74465,0.66813,1.85298,0.2095,0.40616,1.07038,0.0001515,0.0001515,0.0001515
352,3508.08,0.57103,0.79088,0.20328,0.22129,0.67613,0.98001,0.93333,0.96175,0.81987,0.92186,0.8,0.82024,0.71713,0.7093,1.94716,0.21027,0.44361,1.13123,0.000151076,0.000151076,0.000151076
353,3515.56,0.57804,0.81382,0.20465,0.23015,0.71948,0.96548,0.93222,0.9615,0.83848,0.9427,0.83333,0.83883,0.72753,0.67615,1.92116,0.20816,0.42177,1.08675,0.000150651,0.000150651,0.000150651
354,3525.28,0.7386,0.84307,0.21172,0.26006,0.64105,0.93478,0.95561,0.96067,0.82015,0.94302,0.82762,0.83967,0.71269,0.69473,1.96544,0.20621,0.42232,1.08171,0.000150227,0.000150227,0.000150227
355,3537.77,0.64579,0.83638,0.21423,0.23862,0.6995,0.97993,0.9,0.95917,0.8296,0.92503,0.85,0.85778,0.71228,0.67586,1.95726,0.20743,0.43803,1.07848,0.000149803,0.000149803,0.000149803
356,3548.19,0.57861,0.81471,0.20002,0.22827,0.69395,0.96489,0.91618,0.95812,0.83258,0.91192,0.86282,0.85674,0.70578,0.68376,1.9061,0.20717,0.44999,1.07988,0.000149379,0.000149379,0.000149379
357,3555.77,0.59968,1.09013,0.22296,0.23603,0.68509,0.98064,0.9,0.95761,0.81022,0.93239,0.81667,0.83624,0.69573,0.70934,1.98412,0.20499,0.45473,1.14622,0.000148954,0.000148954,0.000148954
358,3571.97,0.66991,0.82164,0.20638,0.24383,0.67665,0.9524,0.93333,0.97495,0.81233,0.93703,0.81667,0.83601,0.67724,0.69121,2.01247,0.20435,0.41595,1.10648,0.00014853,0.00014853,0.00014853
359,3579.03,0.55921,0.80729,0.20592,0.22914,0.70774,0.98241,0.93078,0.96203,0.8121,0.93692,0.81667,0.82778,0.69943,0.71257,2.01469,0.20676,0.42001,1.13726,0.000148106,0.000148106,0.000148106
360,3587.18,0.53635,0.84985,0.19901,0.22166,0.71957,0.96548,0.93244,0.95895,0.81494,0.94027,0.81667,0.82925,0.68867,0.70666,2.1049,0.20836,0.43514,1.14002,0.000147681,0.000147681,0.000147681
361,3601.48,0.54737,0.82591,0.20464,0.22462,0.73859,1,0.89812,0.95517,0.80498,0.92577,0.8315,0.82888,0.68145,0.72331,2.1537,0.2097,0.46506,1.18065,0.000147257,0.000147257,0.000147257
362,3607.21,0.58673,0.84007,0.21369,0.23316,0.70129,0.99754,0.88333,0.95938,0.81217,0.92211,0.81667,0.82829,0.70764,0.71344,2.05166,0.20871,0.45403,1.13122,0.000146833,0.000146833,0.000146833
363,3615.07,0.60942,0.8285,0.21223,0.24062,0.67531,0.99896,0.88333,0.95803,0.81186,0.9422,0.83333,0.83926,0.69243,0.72877,2.08342,0.20893,0.45447,1.14123,0.000146409,0.000146409,0.000146409
364,3629.17,0.62117,0.85085,0.203,0.25251,0.67456,1,0.89587,0.95352,0.81087,0.92559,0.82931,0.82753,0.68461,0.72218,2.0635,0.20546,0.46245,1.15051,0.000145984,0.000145984,0.000145984
365,3635.62,0.55797,0.82147,0.20865,0.22933,0.70539,1,0.87968,0.95535,0.81615,0.9053,0.79667,0.80645,0.69654,0.7181,2.05188,0.20386,0.46454,1.14371,0.00014556,0.00014556,0.00014556
366,3645.38,0.76944,1.41239,0.23103,0.32279,0.98048,1,0.88152,0.95549,0.81341,0.92439,0.81512,0.82626,0.68416,0.71543,2.12072,0.20572,0.45657,1.15613,0.000145136,0.000145136,0.000145136
367,3659.02,0.59323,0.92148,0.22331,0.32718,0.70842,1,0.89854,0.95091,0.81708,0.88872,0.79866,0.78678,0.69993,0.69964,2.16322,0.20569,0.4704,1.12972,0.000144711,0.000144711,0.000144711
368,3664.87,0.5808,0.85381,0.20426,0.24039,0.7091,1,0.89925,0.93077,0.79753,0.88882,0.79946,0.78759,0.70235,0.72608,2.22577,0.20651,0.54119,1.12427,0.000144287,0.000144287,0.000144287
369,3676.77,0.5314,0.8124,0.20073,0.22253,0.71105,0.9813,0.91667,0.93224,0.80896,0.91591,0.8,0.80875,0.72096,0.69892,2.11033,0.2057,0.50095,1.1335,0.000143863,0.000143863,0.000143863
370,3690.08,0.71185,1.5206,0.24013,0.46086,1.08319,0.97743,0.91667,0.94235,0.80947,0.90634,0.85,0.83711,0.72749,0.697,2.06276,0.20643,0.4995,1.09763,0.000143439,0.000143439,0.000143439
371,3696.73,0.54876,0.78701,0.19558,0.22704,0.68876,0.98178,0.89823,0.94244,0.80101,0.94107,0.81667,0.82749,0.72453,0.69287,2.00396,0.20654,0.49851,1.07942,0.000143014,0.000143014,0.000143014
372,3706.38,0.53347,0.78546,0.20134,0.22209,0.71469,0.9818,0.89887,0.95963,0.81661,0.90705,0.81667,0.83613,0.70429,0.70054,2.05268,0.20788,0.50574,1.10807,0.00014259,0.00014259,0.00014259
373,3721.18,0.58977,0.80953,0.20131,0.23457,0.7067,0.9593,0.95,0.96214,0.81186,0.95176,0.83333,0.85685,0.6859,0.70336,2.05531,0.20643,0.45083,1.14266,0.000142166,0.000142166,0.000142166
374,3728.69,0.57184,1.24963,0.20686,0.23922,0.74329,0.96619,0.96667,0.96312,0.82153,0.95925,0.81667,0.83775,0.71736,0.67172,1.96102,0.20685,0.42875,1.10075,0.000141741,0.000141741,0.000141741
375,3735.59,0.68245,0.82762,0.19061,0.2565,0.67722,0.99245,0.9,0.96074,0.82349,0.97312,0.83333,0.85947,0.71758,0.68516,1.95834,0.20915,0.40967,1.12367,0.000141317,0.000141317,0.000141317
376,3750.68,0.60168,0.86817,0.22151,0.23318,0.73754,0.96241,0.9,0.95584,0.81821,0.93894,0.81667,0.83775,0.68706,0.69714,2.03764,0.21398,0.4269,1.13655,0.000140893,0.000140893,0.000140893
377,3760.66,0.58691,0.88585,0.2119,0.23579,0.73181,1,0.89423,0.95682,0.81941,0.90975,0.84005,0.85568,0.71001,0.69303,2.02701,0.21154,0.43371,1.13944,0.000140469,0.000140469,0.000140469
378,3766.38,0.58704,0.85861,0.19307,0.23332,0.71432,0.94797,0.911,0.95438,0.82075,0.93858,0.85,0.85513,0.724,0.68706,1.96372,0.20864,0.43181,1.10679,0.000140044,0.000140044,0.000140044
379,3780.11,0.67243,1.31648,0.23298,0.25369,0.72405,0.97925,0.88333,0.9553,0.81999,0.94209,0.85,0.85386,0.7189,0.67964,1.94391,0.20504,0.43884,1.08444,0.00013962,0.00013962,0.00013962
380,3791.93,0.54282,0.77081,0.19403,0.22433,0.70053,0.98181,0.89982,0.96049,0.82667,0.92346,0.83333,0.83488,0.7036,0.67006,1.94935,0.20502,0.42787,1.09064,0.000139196,0.000139196,0.000139196
381,3797.57,0.54725,0.78113,0.20578,0.22354,0.70284,0.96411,0.95,0.97926,0.83009,0.88907,0.85,0.83577,0.73523,0.68126,1.89398,0.20579,0.41504,1.11978,0.000138771,0.000138771,0.000138771
382,3807.78,0.54245,0.76083,0.20136,0.21624,0.69103,0.98174,0.95,0.97942,0.82296,0.86081,0.83333,0.82401,0.7198,0.71527,1.93322,0.20742,0.40362,1.18061,0.000138347,0.000138347,0.000138347
383,3819.34,0.56005,0.7777,0.19941,0.22849,0.7074,0.99833,0.95,0.98152,0.82,0.89274,0.85,0.83704,0.70685,0.70443,2.00938,0.20876,0.40309,1.16458,0.000137923,0.000137923,0.000137923
384,3824.72,0.64467,0.91883,0.20239,0.24159,0.70212,0.98063,0.96667,0.98176,0.81838,0.90729,0.83333,0.83695,0.72445,0.71709,1.98663,0.20439,0.40193,1.20011,0.000137499,0.000137499,0.000137499
385,3833.98,0.60351,1.22721,0.22833,0.25685,0.7344,0.9666,0.96475,0.97886,0.81862,0.90738,0.83333,0.8349,0.73722,0.71717,1.95138,0.20204,0.41646,1.20429,0.000137074,0.000137074,0.000137074
386,3845.72,0.6297,0.77847,0.19772,0.24073,0.69145,0.99882,0.93333,0.98244,0.82215,0.89147,0.83333,0.83397,0.74643,0.73058,1.90991,0.20107,0.41444,1.20653,0.00013665,0.00013665,0.00013665
387,3851.07,0.62421,1.32133,0.23747,0.24624,0.69563,1,0.94609,0.98339,0.8159,0.91062,0.84908,0.85248,0.70693,0.75213,2.0351,0.20268,0.39454,1.24026,0.000136226,0.000136226,0.000136226
388,3860.98,0.5905,1.23527,0.23069,0.23922,0.70812,0.99855,0.91667,0.97811,0.81979,0.88931,0.81667,0.83397,0.69563,0.75255,2.06394,0.20542,0.40641,1.28092,0.000135801,0.000135801,0.000135801
389,3874.57,0.66135,0.84147,0.19902,0.24319,0.68098,0.99715,0.91667,0.976,0.81967,0.89012,0.8,0.82202,0.70147,0.73207,2.12492,0.2067,0.4134,1.2349,0.000135377,0.000135377,0.000135377
390,3877.65,0.67402,0.80619,0.22905,0.24307,0.65632,0.99694,0.91667,0.97495,0.81068,0.89274,0.83229,0.83279,0.69962,0.76587,2.04596,0.20589,0.43139,1.2717,0.000134953,0.000134953,0.000134953
391,3880.56,0.54119,0.78969,0.20654,0.2224,0.71261,1,0.94655,0.97894,0.82527,0.89274,0.8323,0.83325,0.72774,0.76361,1.96567,0.20424,0.40582,1.26976,0.000134529,0.000134529,0.000134529
392,3883.48,0.67813,0.75374,0.2002,0.24467,0.67289,1,0.93298,0.98204,0.82495,0.89284,0.83323,0.83344,0.71613,0.76313,2.00461,0.20533,0.38421,1.2632,0.000134104,0.000134104,0.000134104
393,3886.36,0.67371,1.08458,0.22179,0.26034,0.74786,0.99981,0.95,0.9802,0.82544,0.89401,0.85,0.83406,0.70365,0.73726,2.05075,0.20384,0.36232,1.20871,0.00013368,0.00013368,0.00013368
394,3889.23,0.56319,0.95725,0.19479,0.23666,0.72901,0.99869,0.95,0.98245,0.83206,0.89335,0.85,0.83404,0.72081,0.71885,1.99485,0.20435,0.39211,1.18173,0.000133256,0.000133256,0.000133256
395,3892.14,0.6138,0.77768,0.20057,0.23727,0.68537,0.99885,0.95,0.9819,0.82286,0.87594,0.83333,0.82157,0.71886,0.72984,1.99893,0.20169,0.41456,1.18287,0.000132831,0.000132831,0.000132831
396,3895.1,0.65442,0.78075,0.19078,0.245,0.69371,0.99818,0.95,0.96181,0.81269,0.89391,0.85,0.83418,0.70165,0.74782,2.00958,0.20313,0.44641,1.23371,0.000132407,0.000132407,0.000132407
397,3898.03,0.60452,0.78931,0.19638,0.23197,0.675,0.99842,0.95,0.96231,0.82337,0.89418,0.85,0.83614,0.68872,0.73431,2.0387,0.20663,0.44303,1.17535,0.000131983,0.000131983,0.000131983
398,3900.96,0.58392,0.77583,0.20057,0.23043,0.69282,0.99723,0.95,0.96231,0.80827,0.8754,0.83333,0.82198,0.67965,0.76965,2.08457,0.20531,0.48051,1.2097,0.000131559,0.000131559,0.000131559
399,3903.86,0.66145,0.75603,0.19473,0.23457,0.66135,1,0.94686,0.96402,0.80813,0.87694,0.83142,0.81933,0.70787,0.73885,2.07695,0.20332,0.47782,1.20598,0.000131134,0.000131134,0.000131134
400,3906.9,0.54071,0.77092,0.19664,0.2179,0.69698,0.98262,0.94256,0.96384,0.81209,0.88341,0.83333,0.81958,0.68881,0.74344,2.10182,0.20293,0.46488,1.25038,0.00013071,0.00013071,0.00013071
401,3909.8,0.63781,0.81797,0.20091,0.24218,0.67309,0.97285,0.95,0.96171,0.81168,0.89224,0.82807,0.81774,0.69458,0.71846,2.11864,0.20461,0.43874,1.20929,0.000130286,0.000130286,0.000130286
402,3912.69,0.57139,1.15976,0.2505,0.23256,0.74885,0.93576,0.93333,0.95667,0.81215,0.90219,0.81667,0.82011,0.69789,0.71135,2.09291,0.20315,0.44603,1.16639,0.000129861,0.000129861,0.000129861
403,3915.59,0.63639,0.75962,0.19418,0.23265,0.68193,0.95886,0.93333,0.95911,0.80922,0.92719,0.84901,0.83525,0.70227,0.69182,2.09804,0.19694,0.39753,1.14255,0.000129437,0.000129437,0.000129437
404,3918.5,0.60255,0.77528,0.19993,0.2294,0.6987,0.97495,0.95,0.9635,0.81715,0.89259,0.83106,0.8238,0.71924,0.70186,2.03349,0.19437,0.37506,1.14883,0.000129013,0.000129013,0.000129013
405,3921.45,0.60466,1.38822,0.22241,0.23114,0.69212,0.99733,0.96667,0.965,0.82325,0.93376,0.8,0.82211,0.72992,0.71119,1.98328,0.1954,0.39175,1.1514,0.000128589,0.000128589,0.000128589
406,3924.4,0.60566,0.78816,0.19388,0.23726,0.68429,1,0.95998,0.965,0.80405,0.89266,0.83333,0.82085,0.7073,0.73333,2.08514,0.19689,0.38574,1.22603,0.000128164,0.000128164,0.000128164
407,3927.36,0.56451,0.75358,0.19269,0.22687,0.68403,0.9989,0.95,0.96181,0.81193,0.87548,0.83333,0.81881,0.71306,0.73309,2.05909,0.19712,0.40072,1.23506,0.00012774,0.00012774,0.00012774
408,3930.21,0.57635,0.80756,0.21861,0.22799,0.72496,0.96593,0.94507,0.96079,0.81202,0.90435,0.81667,0.81943,0.71926,0.75154,2.0497,0.19734,0.43053,1.22139,0.000127316,0.000127316,0.000127316
409,3933.13,0.62344,0.78355,0.18829,0.23277,0.70607,0.96549,0.93264,0.96094,0.81133,0.92423,0.81321,0.82226,0.7066,0.75946,2.04833,0.1989,0.45691,1.24881,0.000126891,0.000126891,0.000126891
410,3936.03,0.61965,0.78194,0.1923,0.23655,0.69672,1,0.91499,0.95929,0.82527,0.92714,0.84841,0.8507,0.71357,0.70539,2.03215,0.20323,0.44109,1.15747,0.000126467,0.000126467,0.000126467
411,3938.93,0.53982,0.79438,0.19705,0.21829,0.69914,1,0.91567,0.95801,0.81573,0.909,0.83247,0.82994,0.71693,0.73593,2.03013,0.20283,0.47094,1.17013,0.000126043,0.000126043,0.000126043
412,3941.88,0.54805,0.73932,0.18619,0.22174,0.70246,1,0.91544,0.94384,0.81725,0.92718,0.84891,0.85135,0.72084,0.721,1.99283,0.20271,0.46399,1.14683,0.000125619,0.000125619,0.000125619
413,3944.8,0.61981,0.76703,0.19021,0.23388,0.64674,0.997,0.93333,0.94483,0.81411,0.92547,0.86667,0.85676,0.72117,0.72023,1.98338,0.20102,0.44641,1.16459,0.000125194,0.000125194,0.000125194
414,3947.69,0.5872,0.83087,0.2082,0.22998,0.70592,0.99662,0.93333,0.94483,0.81216,0.92687,0.84507,0.83646,0.70696,0.71369,2.08834,0.20074,0.42869,1.16024,0.00012477,0.00012477,0.00012477
415,3950.61,0.66451,0.77439,0.18998,0.23714,0.66071,0.99546,0.91667,0.96049,0.8162,0.89422,0.84545,0.8348,0.70989,0.73357,2.0951,0.20151,0.43324,1.21814,0.000124346,0.000124346,0.000124346
416,3953.54,0.67298,0.75366,0.18833,0.23951,0.66876,0.97891,0.95,0.96095,0.81283,0.87554,0.85,0.83234,0.71729,0.72353,2.07967,0.20291,0.44697,1.22956,0.000123921,0.000123921,0.000123921
417,3956.51,0.5612,0.79577,0.1944,0.22843,0.67249,0.9827,0.94656,0.94414,0.81011,0.9109,0.81667,0.8249,0.70805,0.7229,2.17139,0.20198,0.45697,1.18446,0.000123497,0.000123497,0.000123497
418,3959.41,0.65602,0.80507,0.18789,0.23917,0.69051,0.98244,0.93257,0.94414,0.81407,0.9241,0.81177,0.82585,0.71596,0.69202,2.14395,0.20168,0.44317,1.15091,0.000123073,0.000123073,0.000123073
419,3962.59,0.72535,1.00751,0.21432,0.31437,0.76464,0.98242,0.93115,0.96181,0.82264,0.89243,0.83333,0.82286,0.71089,0.68005,2.14536,0.20186,0.43366,1.16245,0.000122649,0.000122649,0.000122649
420,3965.54,0.58165,0.77367,0.23869,0.2263,0.7033,0.98263,0.94308,0.9633,0.80866,0.88916,0.83333,0.82365,0.70891,0.71969,2.16525,0.20142,0.43826,1.19925,0.000122224,0.000122224,0.000122224
421,3968.53,0.51477,0.75523,0.19194,0.22247,0.71014,0.97896,0.95,0.96255,0.8189,0.91026,0.84533,0.83838,0.72206,0.68389,2.10123,0.20372,0.4294,1.14333,0.0001218,0.0001218,0.0001218
422,3971.46,0.64616,0.77889,0.19366,0.24529,0.67351,0.99824,0.91667,0.9624,0.82367,0.93875,0.81667,0.82627,0.71638,0.69773,2.10373,0.20186,0.42706,1.17995,0.000121376,0.000121376,0.000121376
423,3974.34,0.54637,0.7548,0.18807,0.21568,0.69727,0.98241,0.93108,0.96216,0.81957,0.91973,0.83333,0.83357,0.71125,0.71891,2.15107,0.20116,0.44547,1.22478,0.000120951,0.000120951,0.000120951
424,3977.19,0.58182,0.73556,0.21299,0.23105,0.67591,0.99606,0.91667,0.97727,0.81491,0.90712,0.81394,0.81943,0.71492,0.72964,2.10546,0.20005,0.43624,1.25834,0.000120527,0.000120527,0.000120527
425,3980.16,0.62412,0.76418,0.18703,0.23587,0.64451,0.98095,0.93333,0.98039,0.82432,0.90436,0.81667,0.82151,0.72185,0.72493,2.10035,0.19835,0.42394,1.24415,0.000120103,0.000120103,0.000120103
426,3983.06,0.5813,1.11489,0.19677,0.23438,0.71306,0.9504,0.95817,0.98092,0.81575,0.90681,0.81099,0.82069,0.70541,0.74121,2.13368,0.19869,0.42753,1.25307,0.000119679,0.000119679,0.000119679
427,3985.96,0.52523,0.76029,0.19341,0.21513,0.71958,0.94482,0.96667,0.97995,0.81289,0.91743,0.8,0.82189,0.69779,0.73245,2.08677,0.19935,0.4232,1.23053,0.000119254,0.000119254,0.000119254
428,3988.86,0.56023,0.78206,0.18689,0.21636,0.69876,0.96641,0.95914,0.96248,0.81101,0.92401,0.81075,0.83456,0.7099,0.71172,2.03987,0.19888,0.42214,1.16393,0.00011883,0.00011883,0.00011883
429,3991.72,0.64065,0.77632,0.19149,0.23444,0.68235,0.96583,0.96667,0.96298,0.81089,0.93252,0.83333,0.83869,0.70426,0.68885,2.06558,0.20028,0.40806,1.11475,0.000118406,0.000118406,0.000118406
430,3994.58,0.57026,0.72828,0.19676,0.22026,0.68702,0.9666,0.96467,0.96382,0.80991,0.95624,0.83333,0.8567,0.72468,0.70427,2.08203,0.19811,0.41296,1.13886,0.000117981,0.000117981,0.000117981
431,3997.45,0.6196,0.75528,0.19528,0.22689,0.64585,1,0.93191,0.96354,0.82326,0.94415,0.8453,0.84106,0.72884,0.70508,2.05,0.19795,0.43732,1.11863,0.000117557,0.000117557,0.000117557
432,4000.32,0.54047,0.77267,0.18498,0.21347,0.70371,0.99835,0.91667,0.9592,0.81593,0.94436,0.84865,0.83971,0.71311,0.71825,2.08274,0.19911,0.45511,1.1434,0.000117133,0.000117133,0.000117133
433,4003.19,0.55799,0.74257,0.20066,0.22391,0.70063,1,0.91028,0.94398,0.80487,0.94437,0.8488,0.83624,0.68466,0.75502,2.18894,0.20027,0.45588,1.2439,0.000116709,0.000116709,0.000116709
434,4006.06,0.5457,0.73383,0.18644,0.21519,0.68082,0.95847,0.93333,0.95815,0.81621,0.94338,0.83303,0.83434,0.70871,0.73612,2.16393,0.20057,0.42568,1.23661,0.000116284,0.000116284,0.000116284
435,4008.95,0.56666,1.02277,0.21168,0.2303,0.70573,0.98209,0.91406,0.96034,0.81321,0.9382,0.81667,0.83565,0.7109,0.73146,2.15521,0.20605,0.42065,1.22485,0.00011586,0.00011586,0.00011586
436,4011.82,0.60278,0.77632,0.18582,0.22988,0.65901,0.96377,0.93333,0.96097,0.82869,0.92556,0.82901,0.83589,0.72188,0.71317,2.09981,0.20735,0.41976,1.20082,0.000115436,0.000115436,0.000115436
437,4014.68,0.58814,0.75135,0.18443,0.21918,0.66833,0.98265,0.94422,0.97895,0.83569,0.90733,0.81594,0.82485,0.71645,0.71456,2.03859,0.20411,0.42038,1.20114,0.000115011,0.000115011,0.000115011
438,4017.54,0.58206,0.74699,0.18891,0.21953,0.68647,0.96448,0.95,0.98005,0.81932,0.90708,0.81351,0.82343,0.67607,0.73077,2.09084,0.20154,0.42388,1.2456,0.000114587,0.000114587,0.000114587
439,4020.42,0.57633,0.73653,0.18585,0.23234,0.7165,0.96598,0.9466,0.97925,0.81896,0.91517,0.81667,0.82382,0.68649,0.75694,2.06719,0.1983,0.41384,1.32279,0.000114163,0.000114163,0.000114163
440,4023.32,0.54586,0.94385,0.23565,0.22971,0.71981,0.96425,0.95,0.97833,0.82034,0.89821,0.8,0.81797,0.70619,0.72049,2.02337,0.19815,0.39765,1.25151,0.000113739,0.000113739,0.000113739
441,4026.18,0.53137,0.72493,0.1828,0.21755,0.71423,0.97944,0.95,0.96198,0.81039,0.90251,0.8,0.80541,0.6888,0.73828,2.11857,0.19677,0.4276,1.25779,0.000113314,0.000113314,0.000113314
442,4029.16,0.5431,0.75486,0.20923,0.21999,0.75516,0.98243,0.93171,0.96227,0.81661,0.92172,0.81667,0.82349,0.69015,0.71956,2.13034,0.19682,0.43092,1.22838,0.00011289,0.00011289,0.00011289
443,4032.14,0.62486,0.78783,0.18744,0.23338,0.65389,1,0.91539,0.96056,0.81422,0.93861,0.83333,0.85489,0.71327,0.72736,2.09689,0.19575,0.46411,1.21891,0.000112466,0.000112466,0.000112466
444,4035.36,0.72506,1.28609,0.21501,0.33746,0.81645,1,0.91443,0.96131,0.81401,0.91599,0.81667,0.8332,0.70547,0.73584,2.07388,0.19392,0.46806,1.27232,0.000112041,0.000112041,0.000112041
445,4038.29,0.67222,0.75141,0.18972,0.23746,0.65198,0.98241,0.93089,0.97649,0.82576,0.89849,0.81667,0.82277,0.69979,0.72896,2.09338,0.19443,0.42996,1.27579,0.000111617,0.000111617,0.000111617
446,4041.16,0.60835,0.75763,0.18414,0.23029,0.67312,0.96645,0.96025,0.97942,0.82085,0.84922,0.84487,0.82351,0.70233,0.71234,2.02171,0.19468,0.41115,1.19757,0.000111193,0.000111193,0.000111193
447,4044.09,0.55363,0.92158,0.21251,0.2216,0.67686,0.94687,0.96667,0.979,0.82579,0.87429,0.81667,0.82114,0.70387,0.7177,1.98103,0.19628,0.40251,1.16561,0.000110769,0.000110769,0.000110769
448,4047.02,0.55611,0.74165,0.18236,0.22274,0.67211,0.98218,0.91878,0.97734,0.81683,0.87677,0.81667,0.81348,0.69598,0.74093,2.04561,0.19901,0.42087,1.17658,0.000110344,0.000110344,0.000110344
449,4049.92,0.54046,0.71403,0.21069,0.21853,0.69536,0.96531,0.92775,0.97453,0.81889,0.8622,0.8,0.79534,0.7148,0.73749,2.07529,0.20137,0.44115,1.17902,0.00010992,0.00010992,0.00010992
450,4052.8,0.56852,0.72435,0.19016,0.21933,0.68065,0.99097,0.91667,0.95958,0.81477,0.90211,0.78333,0.79463,0.71229,0.72827,2.14108,0.205,0.44438,1.18974,0.000109496,0.000109496,0.000109496
451,4055.66,0.55267,0.72464,0.18687,0.21218,0.68038,0.99332,0.91667,0.95878,0.8166,0.9288,0.8,0.82108,0.71477,0.71266,2.13573,0.2053,0.43975,1.173,0.000109071,0.000109071,0.000109071
452,4058.56,0.51074,0.73385,0.19794,0.21728,0.69901,0.97802,0.91667,0.95886,0.81404,0.92996,0.8,0.822,0.70679,0.71132,2.13066,0.20298,0.44406,1.17981,0.000108647,0.000108647,0.000108647
453,4061.43,0.61004,1.04485,0.24295,0.23146,0.71192,0.97857,0.91667,0.95911,0.82027,0.93507,0.8,0.82517,0.71258,0.69007,2.1131,0.20108,0.44525,1.15273,0.000108223,0.000108223,0.000108223
454,4064.29,0.52734,0.70987,0.18748,0.21291,0.70469,0.98212,0.9157,0.95985,0.82273,0.94194,0.81129,0.8266,0.72876,0.67018,2.05425,0.199,0.43203,1.13216,0.000107799,0.000107799,0.000107799
455,4067.13,0.59845,0.73131,0.1815,0.22017,0.67384,0.98212,0.91554,0.9591,0.81356,0.91234,0.81667,0.82507,0.70985,0.71272,2.08752,0.19988,0.42674,1.20845,0.000107374,0.000107374,0.000107374
456,4070.02,0.57082,0.69553,0.18944,0.22314,0.6923,0.9824,0.93055,0.96002,0.82056,0.91443,0.81667,0.82639,0.72526,0.70137,1.99257,0.20017,0.41948,1.21491,0.00010695,0.00010695,0.00010695
457,4072.85,0.71792,0.76522,0.207,0.24488,0.65258,0.98245,0.93295,0.96134,0.81961,0.92448,0.81611,0.82656,0.7102,0.71665,2.00947,0.19912,0.41484,1.23663,0.000106526,0.000106526,0.000106526
458,4075.73,0.57175,0.71748,0.18761,0.22498,0.67418,0.96224,0.93333,0.96031,0.82391,0.93477,0.83333,0.83848,0.73108,0.70317,1.98441,0.1969,0.43258,1.20066,0.000106101,0.000106101,0.000106101
459,4078.58,0.5248,0.71409,0.18566,0.21163,0.70271,0.97226,0.91667,0.95953,0.8195,0.93661,0.83333,0.83768,0.72323,0.70503,2.05367,0.19734,0.43489,1.20926,0.000105677,0.000105677,0.000105677
460,4081.45,0.49149,0.69978,0.18698,0.20144,0.68956,0.99445,0.91667,0.95956,0.82372,0.92427,0.83333,0.83577,0.72388,0.70416,2.02931,0.19677,0.43869,1.17587,0.000105253,0.000105253,0.000105253
461,4084.29,0.63477,1.07472,0.21391,0.24569,0.68839,0.98214,0.91667,0.95938,0.82012,0.90888,0.83333,0.83468,0.72772,0.71207,1.97702,0.19582,0.43184,1.20734,0.000104829,0.000104829,0.000104829
462,4087.14,0.51895,0.68866,0.19189,0.22031,0.70909,0.96229,0.91667,0.95911,0.82478,0.94095,0.79683,0.85352,0.73285,0.69435,1.94956,0.1953,0.43056,1.16601,0.000104404,0.000104404,0.000104404
463,4090.12,0.49972,0.68748,0.18258,0.20429,0.70791,0.94986,0.94723,0.95928,0.80345,0.86636,0.86443,0.85396,0.73259,0.70523,1.97657,0.19531,0.44476,1.16821,0.00010398,0.00010398,0.00010398
464,4093.03,0.56375,0.70595,0.18298,0.21667,0.69718,0.94576,0.95,0.95808,0.81741,0.84621,0.85,0.83052,0.74077,0.70256,1.97395,0.19639,0.45613,1.15608,0.000103556,0.000103556,0.000103556
465,4095.88,0.56476,0.70128,0.19189,0.22148,0.66909,0.9658,0.94126,0.95897,0.82366,0.88082,0.86232,0.8537,0.75048,0.70803,1.95423,0.19747,0.43658,1.17104,0.000103131,0.000103131,0.000103131
466,4098.79,0.54872,0.75625,0.19468,0.21897,0.70279,0.96542,0.9307,0.9605,0.81985,0.87898,0.84742,0.8506,0.75109,0.69948,1.98659,0.19956,0.42441,1.14533,0.000102707,0.000102707,0.000102707
467,4101.7,0.64041,1.20275,0.19419,0.24114,0.76162,0.94963,0.94278,0.96081,0.81989,0.93196,0.8,0.83799,0.73805,0.70844,2.02312,0.1999,0.42356,1.17972,0.000102283,0.000102283,0.000102283
468,4104.63,0.53607,0.70387,0.1864,0.21033,0.68734,0.97703,0.91667,0.95995,0.82872,0.93671,0.81667,0.83876,0.75195,0.68916,1.97533,0.19881,0.41531,1.16165,0.000101859,0.000101859,0.000101859
469,4107.5,0.57409,0.71921,0.18002,0.21429,0.68108,0.96601,0.94746,0.94398,0.82078,0.95203,0.78333,0.82869,0.74805,0.69438,1.9477,0.19639,0.41748,1.15451,0.000101434,0.000101434,0.000101434
470,4110.37,0.53106,0.71864,0.18453,0.20967,0.70693,0.9796,0.93333,0.94415,0.81688,0.94246,0.83333,0.85819,0.76126,0.69723,1.92623,0.19583,0.41687,1.14262,0.00010101,0.00010101,0.00010101
471,4113.25,0.52334,0.67832,0.18471,0.2073,0.69011,0.97676,0.93333,0.94415,0.81265,0.94112,0.83333,0.85897,0.73833,0.69877,1.96618,0.19557,0.41272,1.13946,0.000100586,0.000100586,0.000100586
472,4116.15,0.59132,0.72492,0.18411,0.22137,0.67971,0.98241,0.93064,0.94415,0.80975,0.93768,0.83333,0.85897,0.71864,0.70726,2.03317,0.19651,0.41553,1.17192,0.000100161,0.000100161,0.000100161
473,4119.06,0.5216,0.70216,0.1875,0.20079,0.68808,0.966,0.94698,0.94398,0.80805,0.91968,0.81667,0.83552,0.73047,0.70133,1.99969,0.19807,0.40363,1.1511,9.97371e-05,9.97371e-05,9.97371e-05
474,4121.94,0.57245,0.71051,0.1849,0.21584,0.67572,0.99672,0.91667,0.97908,0.83028,0.92418,0.81264,0.83594,0.7208,0.69226,1.96802,0.19729,0.39974,1.14396,9.93129e-05,9.93129e-05,9.93129e-05
475,4124.85,0.6957,1.19937,0.19559,0.26492,0.8021,0.99752,0.93333,0.98138,0.82498,0.89027,0.83333,0.82534,0.71237,0.70335,1.98518,0.19669,0.40236,1.17853,9.88886e-05,9.88886e-05,9.88886e-05
476,4127.78,0.56493,0.69019,0.20751,0.217,0.65758,0.99817,0.93333,0.98008,0.81877,0.91668,0.81667,0.83039,0.7075,0.72133,2.02356,0.19436,0.40995,1.19827,9.84643e-05,9.84643e-05,9.84643e-05
477,4130.66,0.50852,0.68949,0.17912,0.20951,0.68435,1,0.93316,0.97902,0.82776,0.93428,0.83333,0.82392,0.72725,0.69841,1.98778,0.19465,0.40774,1.13611,9.804e-05,9.804e-05,9.804e-05
478,4133.54,0.54818,0.69517,0.18034,0.20942,0.66724,1,0.92988,0.96156,0.82463,0.93857,0.83333,0.82378,0.72912,0.70627,2.01146,0.19474,0.42289,1.10956,9.76157e-05,9.76157e-05,9.76157e-05
479,4136.43,0.56652,0.73545,0.17909,0.21089,0.65768,0.99709,0.9,0.96002,0.81808,0.94169,0.85,0.8399,0.73419,0.70627,1.99079,0.19372,0.43609,1.12653,9.71914e-05,9.71914e-05,9.71914e-05
480,4139.47,0.57463,0.70474,0.17985,0.21791,0.64837,1,0.89854,0.95907,0.82272,0.96219,0.84834,0.85647,0.74231,0.69822,1.96172,0.196,0.446,1.11711,9.67671e-05,9.67671e-05,9.67671e-05
481,4142.37,0.62841,0.73769,0.18661,0.21929,0.64335,0.98204,0.91116,0.94083,0.81658,0.94198,0.81667,0.83064,0.74259,0.69025,1.93546,0.19765,0.46126,1.07559,9.63429e-05,9.63429e-05,9.63429e-05
482,4145.19,0.61404,0.72807,0.19037,0.22371,0.62701,1,0.86543,0.93128,0.81691,0.94223,0.81553,0.85155,0.74101,0.69829,1.93506,0.19687,0.48083,1.09729,9.59186e-05,9.59186e-05,9.59186e-05
483,4148,0.4982,0.67024,0.17997,0.21283,0.68542,0.94821,0.93333,0.94109,0.82925,0.89615,0.86295,0.8533,0.75479,0.67948,1.91197,0.19385,0.46399,1.05777,9.54943e-05,9.54943e-05,9.54943e-05
484,4150.81,0.63534,0.70224,0.18654,0.22771,0.63659,0.94885,0.92765,0.94155,0.82756,0.92442,0.81548,0.83627,0.75597,0.72487,1.93398,0.19463,0.50688,1.08419,9.507e-05,9.507e-05,9.507e-05
485,4153.68,0.59504,0.85004,0.20921,0.22556,0.67693,0.99081,0.9,0.94219,0.82176,0.93356,0.85,0.85945,0.75741,0.71579,1.95008,0.19564,0.49308,1.10178,9.46457e-05,9.46457e-05,9.46457e-05
486,4156.54,0.61582,0.68066,0.19308,0.2208,0.64537,1,0.895,0.94281,0.81959,0.94415,0.84528,0.85892,0.7635,0.71656,1.93313,0.19773,0.49333,1.09365,9.42214e-05,9.42214e-05,9.42214e-05
487,4159.4,0.54033,0.68837,0.17419,0.21649,0.68343,1,0.88232,0.93293,0.81654,0.94335,0.83256,0.85748,0.7561,0.72141,1.92327,0.19742,0.50678,1.09853,9.37971e-05,9.37971e-05,9.37971e-05
488,4162.29,0.57358,0.99404,0.2185,0.22424,0.68657,0.98146,0.9,0.93178,0.81172,0.95819,0.81667,0.854,0.7367,0.71388,1.92941,0.1978,0.52669,1.11662,9.33729e-05,9.33729e-05,9.33729e-05
489,4165.17,0.6096,1.32489,0.19939,0.23401,0.74389,0.98081,0.9,0.93214,0.81997,0.9574,0.81667,0.85215,0.73956,0.69352,1.92542,0.19819,0.50931,1.1091,9.29486e-05,9.29486e-05,9.29486e-05
490,4168.01,0.5822,0.73056,0.1842,0.21929,0.6706,0.9807,0.9,0.93997,0.81845,0.95718,0.81667,0.85164,0.71917,0.71356,1.98725,0.19408,0.48554,1.15249,9.25243e-05,9.25243e-05,9.25243e-05
491,4170.92,0.55022,0.72565,0.18293,0.21035,0.67413,1,0.88085,0.93916,0.8091,0.95727,0.81667,0.84957,0.70611,0.71389,1.99693,0.19299,0.48379,1.15599,9.21e-05,9.21e-05,9.21e-05
492,4173.8,0.55248,0.9513,0.20131,0.22451,0.71161,0.99412,0.9,0.93947,0.81435,0.94314,0.82934,0.85284,0.69418,0.70735,1.98058,0.1956,0.4565,1.15189,9.16757e-05,9.16757e-05,9.16757e-05
493,4176.67,0.62153,0.66973,0.18349,0.22689,0.65048,0.96479,0.91339,0.94153,0.81885,0.96135,0.82923,0.85661,0.71714,0.70937,2.01335,0.19684,0.43794,1.15113,9.12514e-05,9.12514e-05,9.12514e-05
494,4179.56,0.60021,0.68107,0.18028,0.22296,0.64158,0.99509,0.91667,0.94303,0.8128,0.94418,0.84577,0.85766,0.71346,0.69986,2.02702,0.19717,0.41676,1.16072,9.08271e-05,9.08271e-05,9.08271e-05
495,4182.47,0.53166,0.72133,0.18992,0.21886,0.64975,0.97846,0.91667,0.95877,0.8159,0.96057,0.81219,0.85637,0.71975,0.69996,2.02296,0.19769,0.43123,1.15742,9.04029e-05,9.04029e-05,9.04029e-05
496,4185.35,0.55699,0.67898,0.18439,0.21787,0.65709,0.94663,0.93333,0.95759,0.8139,0.87832,0.86667,0.85491,0.7211,0.70408,2.02364,0.1989,0.44981,1.1539,8.99786e-05,8.99786e-05,8.99786e-05
497,4188.19,0.51645,0.72175,0.18076,0.20486,0.66067,0.94492,0.93333,0.94106,0.81481,0.87742,0.86667,0.85459,0.72577,0.68633,2.00472,0.19923,0.44047,1.14437,8.95543e-05,8.95543e-05,8.95543e-05
498,4191.13,0.54516,0.64733,0.18775,0.21244,0.6667,0.96335,0.95,0.9424,0.81558,0.8948,0.85057,0.85264,0.72122,0.69155,2.00524,0.19827,0.43141,1.17069,8.913e-05,8.913e-05,8.913e-05
499,4194,0.57484,0.66898,0.17517,0.21445,0.65361,0.96577,0.94043,0.9424,0.81152,0.90899,0.83234,0.85194,0.72101,0.69698,1.98615,0.19703,0.4209,1.18914,8.87057e-05,8.87057e-05,8.87057e-05
500,4197,0.53789,0.9909,0.22354,0.21053,0.70295,0.96585,0.94291,0.95982,0.81328,0.9228,0.79696,0.83196,0.71947,0.70397,1.98433,0.19554,0.43467,1.18025,8.82814e-05,8.82814e-05,8.82814e-05
501,4199.86,0.54206,0.68543,0.17042,0.21364,0.66936,0.92671,0.95,0.95868,0.80934,0.90134,0.78333,0.82067,0.71752,0.72266,2.04187,0.19491,0.45063,1.21497,8.78571e-05,8.78571e-05,8.78571e-05
502,4202.75,0.58843,0.88024,0.19991,0.23102,0.70282,0.94713,0.91667,0.94044,0.81115,0.88773,0.8,0.80467,0.71781,0.71421,2.0509,0.19429,0.47,1.20987,8.74329e-05,8.74329e-05,8.74329e-05
503,4205.59,0.55414,0.68588,0.17901,0.21176,0.68315,0.9467,0.91667,0.93985,0.80269,0.9028,0.83333,0.82443,0.70352,0.73346,2.11388,0.19344,0.45001,1.25425,8.70086e-05,8.70086e-05,8.70086e-05
504,4208.45,0.49095,0.74538,0.1951,0.22302,0.70457,0.96326,0.91667,0.94126,0.80769,0.92542,0.82726,0.82816,0.71297,0.71646,2.11468,0.19313,0.42378,1.23756,8.65843e-05,8.65843e-05,8.65843e-05
505,4211.31,0.80124,1.28865,0.21554,0.27461,1.17661,0.98008,0.91667,0.94268,0.80259,0.92356,0.83333,0.8296,0.71413,0.72657,2.14527,0.1946,0.43061,1.22799,8.616e-05,8.616e-05,8.616e-05
506,4214.19,0.56823,0.73467,0.19676,0.22322,0.69665,0.99997,0.91667,0.94336,0.8083,0.92332,0.83333,0.82884,0.72356,0.69965,2.10561,0.19669,0.42863,1.16073,8.57357e-05,8.57357e-05,8.57357e-05
507,4217.07,0.59074,0.67681,0.17486,0.21777,0.66992,0.99891,0.91667,0.9435,0.80607,0.90581,0.81667,0.8054,0.70954,0.7195,2.12711,0.19812,0.44392,1.18302,8.53114e-05,8.53114e-05,8.53114e-05
508,4219.96,0.58239,0.66655,0.17536,0.21586,0.66879,0.99935,0.91667,0.94275,0.81112,0.9241,0.83333,0.82139,0.71618,0.72096,2.12148,0.19734,0.45258,1.19174,8.48871e-05,8.48871e-05,8.48871e-05
509,4222.8,0.54876,0.72404,0.19218,0.22042,0.68521,0.99977,0.91667,0.94244,0.81148,0.92492,0.83333,0.81932,0.72039,0.71081,2.09197,0.19543,0.45168,1.17612,8.44629e-05,8.44629e-05,8.44629e-05
510,4225.64,0.62461,0.78566,0.19236,0.24475,0.68247,0.9981,0.91667,0.94356,0.8072,0.94436,0.84871,0.8356,0.73406,0.7201,2.07089,0.19483,0.45324,1.17808,8.40386e-05,8.40386e-05,8.40386e-05
511,4228.5,0.55782,0.68381,0.17524,0.21159,0.63701,0.9971,0.91667,0.94399,0.81293,0.92444,0.85,0.83626,0.7321,0.71528,2.06316,0.19542,0.46509,1.15375,8.36143e-05,8.36143e-05,8.36143e-05
512,4231.39,0.52275,0.68752,0.1812,0.20176,0.69598,1,0.91561,0.9435,0.8202,0.92721,0.8492,0.83429,0.72717,0.70384,2.06028,0.19675,0.47417,1.13701,8.319e-05,8.319e-05,8.319e-05
513,4234.3,0.61526,0.71165,0.17853,0.21969,0.64939,1,0.91511,0.94399,0.80887,0.90897,0.83209,0.83465,0.71399,0.72975,2.06658,0.1988,0.46588,1.17179,8.27657e-05,8.27657e-05,8.27657e-05
514,4237.19,0.57519,0.97127,0.21873,0.22694,0.74283,0.98242,0.9316,0.94431,0.81208,0.90815,0.83333,0.83587,0.71524,0.71056,2.06538,0.19829,0.44555,1.14989,8.23414e-05,8.23414e-05,8.23414e-05
515,4240.08,0.59792,0.6782,0.18007,0.21219,0.67665,0.9827,0.94697,0.94448,0.80193,0.90709,0.83333,0.82506,0.69297,0.71453,2.10453,0.19775,0.43597,1.17576,8.19171e-05,8.19171e-05,8.19171e-05
516,4242.91,0.50479,0.73674,0.19398,0.20666,0.68871,0.9827,0.94689,0.94483,0.80392,0.88908,0.81667,0.80229,0.68965,0.72608,2.10987,0.19826,0.43723,1.19816,8.14929e-05,8.14929e-05,8.14929e-05
517,4245.79,0.4865,0.67476,0.17212,0.20154,0.67266,0.99607,0.93333,0.94466,0.80616,0.8905,0.81332,0.81962,0.71178,0.71483,2.04982,0.19848,0.4079,1.20282,8.10686e-05,8.10686e-05,8.10686e-05
518,4248.68,0.56253,0.72566,0.20177,0.21091,0.69315,0.98269,0.94644,0.94448,0.80763,0.90898,0.83228,0.82908,0.70885,0.704,2.01458,0.19667,0.40596,1.18718,8.06443e-05,8.06443e-05,8.06443e-05
519,4251.61,0.55233,0.6475,0.17469,0.20885,0.64479,0.9827,0.94675,0.94448,0.80449,0.89035,0.81208,0.81544,0.70166,0.71796,2.03624,0.19706,0.40627,1.20286,8.022e-05,8.022e-05,8.022e-05
520,4254.44,0.54879,0.66788,0.18368,0.20483,0.68617,0.98244,0.93273,0.94448,0.80495,0.90783,0.83333,0.82095,0.70844,0.71929,2.0442,0.19972,0.43961,1.16221,7.97957e-05,7.97957e-05,7.97957e-05
521,4257.46,0.56468,0.69503,0.19544,0.20905,0.68028,0.9988,0.91667,0.94333,0.80703,0.90734,0.83333,0.82111,0.72094,0.71103,2.05154,0.2001,0.44856,1.12998,7.93714e-05,7.93714e-05,7.93714e-05
522,4260.28,0.59927,0.71284,0.17881,0.22385,0.61544,1,0.91519,0.94286,0.80389,0.90898,0.83227,0.82041,0.72076,0.72262,2.06701,0.19949,0.4659,1.15741,7.89471e-05,7.89471e-05,7.89471e-05
523,4263.15,0.49547,0.68084,0.17856,0.1964,0.67016,1,0.91,0.93367,0.80417,0.90861,0.82859,0.82204,0.71674,0.70506,2.0743,0.19772,0.43655,1.15717,7.85229e-05,7.85229e-05,7.85229e-05
524,4266,0.66211,1.11291,0.18825,0.23611,0.70776,0.98042,0.91667,0.93331,0.80745,0.93526,0.8,0.82173,0.72762,0.70144,2.06051,0.19696,0.43105,1.16744,7.80986e-05,7.80986e-05,7.80986e-05
525,4268.9,0.61248,0.64986,0.17465,0.22044,0.64303,0.97931,0.91667,0.93331,0.80877,0.90362,0.8,0.80409,0.72195,0.68952,2.0727,0.19558,0.41297,1.14347,7.76743e-05,7.76743e-05,7.76743e-05
526,4271.79,0.55415,0.67213,0.17108,0.20906,0.67277,0.99868,0.9,0.93271,0.80767,0.90128,0.8,0.80449,0.72455,0.69242,2.06841,0.19496,0.41872,1.16451,7.725e-05,7.725e-05,7.725e-05
527,4274.67,0.53469,0.63749,0.17466,0.20924,0.68055,0.9981,0.9,0.93328,0.80882,0.89063,0.8144,0.80359,0.72019,0.69447,2.06646,0.19664,0.42194,1.19022,7.68257e-05,7.68257e-05,7.68257e-05
528,4277.55,0.52349,0.63967,0.17837,0.20399,0.66394,0.99771,0.9,0.93266,0.80919,0.92722,0.84935,0.83602,0.73164,0.71308,2.02797,0.19733,0.44047,1.20839,7.64014e-05,7.64014e-05,7.64014e-05
529,4280.39,0.60229,0.68326,0.18392,0.21873,0.6397,0.99781,0.9,0.93208,0.80398,0.92722,0.84937,0.8356,0.72983,0.72395,1.97772,0.19621,0.46085,1.22533,7.59771e-05,7.59771e-05,7.59771e-05
530,4283.26,0.56434,0.66785,0.17538,0.20623,0.66406,0.9974,0.9,0.93296,0.81479,0.92714,0.84837,0.85326,0.74752,0.70781,1.92802,0.19501,0.46492,1.2071,7.55529e-05,7.55529e-05,7.55529e-05
531,4286.16,0.60424,0.67693,0.17349,0.21175,0.65137,1,0.89888,0.94247,0.81833,0.94068,0.83333,0.85668,0.75059,0.70657,1.89284,0.19428,0.44759,1.17395,7.51286e-05,7.51286e-05,7.51286e-05
532,4289.03,0.55495,0.6266,0.17165,0.20439,0.67233,0.96549,0.93264,0.94345,0.81153,0.94214,0.81419,0.83719,0.74571,0.71687,1.91209,0.19444,0.43964,1.17349,7.47043e-05,7.47043e-05,7.47043e-05
533,4291.91,0.54543,0.65558,0.182,0.20873,0.65803,0.96548,0.93226,0.94312,0.81668,0.92449,0.81621,0.83437,0.73793,0.71554,1.94687,0.19508,0.43619,1.18907,7.428e-05,7.428e-05,7.428e-05
534,4294.83,0.50802,0.61401,0.16918,0.20843,0.65866,0.99708,0.9,0.94312,0.8089,0.92437,0.81485,0.8292,0.74462,0.70613,1.93735,0.19599,0.42637,1.19452,7.38557e-05,7.38557e-05,7.38557e-05
535,4297.77,0.5482,0.67536,0.17088,0.20965,0.66014,1,0.89656,0.94172,0.81211,0.92323,0.81667,0.82698,0.74289,0.70475,1.93338,0.19495,0.43752,1.191,7.34314e-05,7.34314e-05,7.34314e-05
536,4300.62,0.61674,0.71625,0.17141,0.2167,0.67087,0.94893,0.92905,0.94232,0.8098,0.90695,0.81233,0.81655,0.7408,0.7094,1.96829,0.19446,0.45354,1.1902,7.30071e-05,7.30071e-05,7.30071e-05
537,4303.72,0.58468,0.73097,0.17295,0.21368,0.64434,0.97817,0.91667,0.94232,0.81621,0.90712,0.81392,0.81742,0.72999,0.69875,1.98613,0.19738,0.45837,1.17811,7.25829e-05,7.25829e-05,7.25829e-05
538,4306.6,0.55879,0.67728,0.18007,0.2084,0.64653,1,0.91001,0.94286,0.81245,0.90323,0.8,0.82386,0.74008,0.68821,1.97111,0.19988,0.46249,1.16466,7.21586e-05,7.21586e-05,7.21586e-05
539,4309.48,0.53157,0.62963,0.18101,0.20238,0.65974,1,0.91496,0.94303,0.81799,0.94212,0.81395,0.83658,0.73692,0.69667,1.99096,0.19891,0.4563,1.17177,7.17343e-05,7.17343e-05,7.17343e-05
540,4312.35,0.4706,0.66678,0.17008,0.18934,0.6816,0.99797,0.91667,0.94303,0.81414,0.93883,0.81667,0.83583,0.73254,0.70971,1.97743,0.19705,0.46462,1.20319,7.131e-05,7.131e-05,7.131e-05
541,4315.26,0.56647,0.66485,0.17481,0.20844,0.67644,1,0.91249,0.94286,0.80641,0.95761,0.83333,0.85644,0.73124,0.72688,1.97717,0.19554,0.45243,1.23098,7.08857e-05,7.08857e-05,7.08857e-05
542,4318.15,0.51957,0.62806,0.17759,0.20081,0.69886,1,0.89809,0.94267,0.81059,0.95844,0.83333,0.85642,0.73423,0.71544,1.9952,0.19419,0.44115,1.19358,7.04614e-05,7.04614e-05,7.04614e-05
543,4320.99,0.47815,0.62234,0.17104,0.19189,0.68365,1,0.89697,0.94219,0.81638,0.95909,0.83333,0.85885,0.73051,0.70586,2.01138,0.19522,0.43465,1.16553,7.00371e-05,7.00371e-05,7.00371e-05
544,4323.84,0.54921,0.65085,0.17307,0.2097,0.69148,1,0.89792,0.94281,0.80264,0.95869,0.83333,0.85925,0.71089,0.73612,2.07776,0.19537,0.44876,1.23436,6.96129e-05,6.96129e-05,6.96129e-05
545,4326.75,0.60859,0.68404,0.17469,0.22083,0.65232,0.98212,0.91531,0.94414,0.80638,0.95823,0.83333,0.85975,0.72705,0.70771,2.02718,0.19625,0.46862,1.18885,6.91886e-05,6.91886e-05,6.91886e-05
546,4329.7,0.55447,1.09317,0.22594,0.21899,0.71429,0.98216,0.91773,0.94414,0.79848,0.95778,0.83333,0.85934,0.71673,0.72131,2.06777,0.19627,0.45328,1.22428,6.87643e-05,6.87643e-05,6.87643e-05
547,4332.6,0.59465,1.09981,0.21787,0.30788,0.70102,1,0.90733,0.94398,0.80329,0.95783,0.83333,0.84202,0.71823,0.73387,2.06174,0.1953,0.45565,1.24707,6.834e-05,6.834e-05,6.834e-05
548,4335.52,0.55933,0.68664,0.17707,0.20761,0.66013,0.99071,0.9,0.94363,0.8156,0.95666,0.83333,0.84149,0.72762,0.70846,2.02447,0.19626,0.45217,1.2187,6.79157e-05,6.79157e-05,6.79157e-05
549,4338.4,0.59401,0.85501,0.18004,0.21857,0.67964,0.98212,0.91564,0.94314,0.81351,0.96152,0.83333,0.84164,0.72821,0.70724,2.02302,0.19507,0.45323,1.20583,6.74914e-05,6.74914e-05,6.74914e-05
550,4341.28,0.56713,0.63814,0.17828,0.2154,0.66701,0.9815,0.91667,0.94363,0.8056,0.9551,0.81667,0.84148,0.71585,0.73563,2.04912,0.19366,0.45656,1.25897,6.70671e-05,6.70671e-05,6.70671e-05
551,4344.14,0.59602,0.62216,0.1739,0.21265,0.63748,1,0.91344,0.9435,0.80885,0.96065,0.81381,0.84168,0.71484,0.72714,2.06507,0.1918,0.45085,1.26309,6.66429e-05,6.66429e-05,6.66429e-05
552,4347.06,0.55275,0.63666,0.16986,0.21554,0.65299,0.99248,0.91667,0.9435,0.80196,0.94049,0.79033,0.82969,0.71805,0.74784,2.06015,0.19174,0.4552,1.30348,6.62186e-05,6.62186e-05,6.62186e-05
553,4349.93,0.50051,0.65947,0.16666,0.20615,0.68892,0.99788,0.91667,0.94381,0.79789,0.95519,0.78333,0.80771,0.72402,0.76206,2.02509,0.19223,0.4844,1.29918,6.57943e-05,6.57943e-05,6.57943e-05
554,4352.78,0.49565,0.62373,0.16512,0.19948,0.66581,1,0.91369,0.94398,0.80473,0.95325,0.78333,0.80595,0.72874,0.76359,2.03093,0.19154,0.49205,1.28141,6.537e-05,6.537e-05,6.537e-05
555,4355.72,0.55313,0.65377,0.17115,0.20593,0.65192,0.99919,0.9,0.9433,0.80177,0.9476,0.78333,0.80436,0.72729,0.75092,2.06202,0.19148,0.47406,1.27367,6.49457e-05,6.49457e-05,6.49457e-05
556,4358.63,0.53141,0.648,0.17371,0.206,0.67607,0.99844,0.9,0.9433,0.80297,0.93653,0.8,0.82229,0.71365,0.75579,2.09338,0.19233,0.48829,1.27372,6.45214e-05,6.45214e-05,6.45214e-05
557,4361.49,0.53901,0.89712,0.20101,0.24749,0.67554,0.99633,0.9,0.943,0.80054,0.93749,0.8,0.82248,0.72245,0.73426,2.04826,0.19286,0.51419,1.21135,6.40971e-05,6.40971e-05,6.40971e-05
558,4364.4,0.51631,0.6657,0.16801,0.20041,0.68501,0.99664,0.9,0.94267,0.80593,0.9383,0.8,0.82242,0.72355,0.71556,2.00215,0.19437,0.50467,1.16862,6.36729e-05,6.36729e-05,6.36729e-05
559,4367.34,0.68814,0.69701,0.19543,0.25188,0.68755,0.99367,0.9,0.94205,0.80725,0.92405,0.81121,0.82143,0.71727,0.71619,2.02481,0.19454,0.50276,1.1766,6.32486e-05,6.32486e-05,6.32486e-05
560,4370.21,0.6444,1.00292,0.1885,0.22869,0.64706,1,0.89278,0.94168,0.80886,0.90042,0.83333,0.81977,0.72244,0.71668,2.07247,0.19193,0.48151,1.19574,6.28243e-05,6.28243e-05,6.28243e-05
561,4373.36,0.55058,0.62728,0.16914,0.21023,0.65835,0.98077,0.9,0.94147,0.82026,0.92237,0.83333,0.81866,0.72233,0.71096,2.095,0.19258,0.46881,1.19178,6.24e-05,6.24e-05,6.24e-05
562,4376.25,0.52638,0.64973,0.21099,0.20999,0.64878,0.97753,0.9,0.94086,0.81176,0.90502,0.83333,0.81824,0.7149,0.72379,2.09477,0.19154,0.469,1.21986,6.19757e-05,6.19757e-05,6.19757e-05
563,4379.14,0.62928,0.61458,0.17636,0.21999,0.64163,0.94885,0.92766,0.94169,0.81294,0.92563,0.83333,0.8183,0.7133,0.73534,2.09761,0.19132,0.47195,1.23815,6.15514e-05,6.15514e-05,6.15514e-05
564,4381.94,0.53806,0.62855,0.17264,0.21135,0.65618,0.96514,0.92285,0.94312,0.81873,0.94213,0.81405,0.82155,0.72398,0.71989,2.08344,0.19146,0.45822,1.18421,6.11271e-05,6.11271e-05,6.11271e-05
565,4384.79,0.54743,0.62986,0.17009,0.20271,0.64218,0.9581,0.93333,0.94362,0.81374,0.94221,0.8152,0.82353,0.72143,0.72556,2.0662,0.19238,0.44095,1.18817,6.07029e-05,6.07029e-05,6.07029e-05
566,4387.62,0.4773,0.65612,0.16912,0.19187,0.6827,0.97596,0.93333,0.94364,0.8192,0.94219,0.81489,0.83263,0.72201,0.70734,2.03031,0.19375,0.42512,1.15587,6.02786e-05,6.02786e-05,6.02786e-05
567,4390.46,0.48614,0.61679,0.16625,0.19256,0.66471,0.98231,0.92537,0.94364,0.81467,0.942,0.81215,0.83363,0.71971,0.71565,2.01627,0.19609,0.43265,1.17775,5.98543e-05,5.98543e-05,5.98543e-05
568,4393.28,0.50739,0.63894,0.17649,0.19647,0.68784,1,0.91199,0.94286,0.80573,0.92217,0.81667,0.83215,0.71843,0.71923,2.02573,0.19642,0.4412,1.19085,5.943e-05,5.943e-05,5.943e-05
569,4396.13,0.57921,0.79223,0.18577,0.21335,0.65497,1,0.89824,0.94216,0.80652,0.92229,0.81667,0.83394,0.7251,0.71796,2.06585,0.19673,0.44594,1.18728,5.90057e-05,5.90057e-05,5.90057e-05
570,4399.02,0.60227,0.65808,0.17147,0.21636,0.64556,1,0.89778,0.94201,0.80851,0.93472,0.78333,0.82423,0.73641,0.71909,2.04544,0.19543,0.45728,1.17524,5.85814e-05,5.85814e-05,5.85814e-05
571,4401.83,0.59309,1.15018,0.19032,0.24755,0.67362,1,0.89745,0.94201,0.8047,0.93607,0.78333,0.8082,0.72978,0.72518,2.05245,0.19475,0.46828,1.17678,5.81571e-05,5.81571e-05,5.81571e-05
572,4404.71,0.55137,1.1699,0.19948,0.20961,0.67196,1,0.89773,0.94233,0.8072,0.94215,0.81439,0.82643,0.73116,0.71183,2.06042,0.19387,0.4554,1.16592,5.77329e-05,5.77329e-05,5.77329e-05
573,4407.58,0.57659,0.64278,0.16996,0.21166,0.64795,1,0.89723,0.94216,0.81019,0.9422,0.81504,0.82528,0.72016,0.71592,2.10207,0.19312,0.46005,1.2022,5.73086e-05,5.73086e-05,5.73086e-05
574,4410.46,0.67108,0.62461,0.18129,0.22334,0.63323,0.99892,0.88333,0.9417,0.80572,0.92331,0.81667,0.82356,0.71744,0.70766,2.11513,0.19399,0.4632,1.18337,5.68843e-05,5.68843e-05,5.68843e-05
575,4413.28,0.60319,1.12629,0.19684,0.22369,0.79842,1,0.88169,0.94102,0.79887,0.92439,0.81512,0.82418,0.72288,0.7241,2.11464,0.19355,0.48249,1.19623,5.646e-05,5.646e-05,5.646e-05
576,4416.16,0.61879,0.65842,0.17436,0.21933,0.62255,0.94543,0.91667,0.94145,0.79412,0.9376,0.8,0.82387,0.72752,0.71558,2.07434,0.19419,0.46613,1.19402,5.60357e-05,5.60357e-05,5.60357e-05
577,4419.09,0.61485,1.16178,0.17849,0.22782,0.6418,0.94849,0.92068,0.94177,0.80072,0.93703,0.8,0.82473,0.72304,0.71458,2.04691,0.19694,0.48221,1.16638,5.56114e-05,5.56114e-05,5.56114e-05
578,4422.1,0.51545,0.64567,0.16804,0.20204,0.67282,0.94888,0.92816,0.94245,0.80652,0.93445,0.8,0.83375,0.72914,0.70252,2.0175,0.19817,0.44667,1.19602,5.51871e-05,5.51871e-05,5.51871e-05
579,4425.01,0.52676,0.61569,0.16924,0.20251,0.66357,0.9654,0.92998,0.94242,0.80491,0.93099,0.8,0.83323,0.72198,0.71583,1.99995,0.19878,0.43217,1.25655,5.47629e-05,5.47629e-05,5.47629e-05
580,4427.92,0.63042,0.63004,0.16928,0.21765,0.64781,0.9338,0.94047,0.94208,0.80977,0.92901,0.8,0.83246,0.72373,0.70405,1.98519,0.19842,0.41475,1.24272,5.43386e-05,5.43386e-05,5.43386e-05
581,4430.78,0.53851,0.59504,0.18059,0.20758,0.67068,0.98141,0.9,0.95885,0.81212,0.92645,0.8,0.83173,0.72053,0.72586,2.03724,0.19802,0.43151,1.25982,5.39143e-05,5.39143e-05,5.39143e-05
582,4433.69,0.57113,1.19643,0.18612,0.2243,0.69566,1,0.89781,0.9593,0.80598,0.92301,0.8,0.83162,0.7173,0.73248,2.03731,0.19744,0.44436,1.26179,5.349e-05,5.349e-05,5.349e-05
583,4436.52,0.57103,0.62689,0.18073,0.20788,0.64329,1,0.8977,0.94172,0.80564,0.92284,0.8,0.83147,0.71471,0.70976,2.05858,0.19701,0.43231,1.23294,5.30657e-05,5.30657e-05,5.30657e-05
584,4439.38,0.59155,0.63469,0.17179,0.21001,0.64173,0.9955,0.9,0.94231,0.79972,0.92236,0.8,0.83083,0.7134,0.72241,2.05665,0.19569,0.43845,1.25152,5.26414e-05,5.26414e-05,5.26414e-05
585,4442.25,0.62157,0.86643,0.17714,0.22525,0.66568,1,0.88096,0.94195,0.79551,0.94525,0.81667,0.85374,0.71549,0.73195,2.03183,0.19365,0.44886,1.2698,5.22171e-05,5.22171e-05,5.22171e-05
586,4445.14,0.7811,1.33569,0.22233,0.2742,1.25486,1,0.88111,0.94119,0.79682,0.95057,0.81667,0.8551,0.72178,0.72075,2.02302,0.19329,0.44769,1.24528,5.17929e-05,5.17929e-05,5.17929e-05
587,4448.06,0.46158,0.64214,0.16926,0.18932,0.67555,1,0.88088,0.94182,0.79507,0.93256,0.8,0.83494,0.72721,0.71514,2.01062,0.19414,0.43913,1.25409,5.13686e-05,5.13686e-05,5.13686e-05
588,4450.93,0.5362,0.60185,0.16644,0.2074,0.64855,0.98206,0.91257,0.9425,0.80063,0.93331,0.8,0.83577,0.73436,0.72714,2.00686,0.19573,0.44187,1.28288,5.09443e-05,5.09443e-05,5.09443e-05
589,4453.81,0.54004,0.6252,0.21323,0.20267,0.66961,0.94973,0.94471,0.94262,0.81126,0.90897,0.83212,0.83589,0.7306,0.71486,2.01261,0.19691,0.44676,1.24244,5.052e-05,5.052e-05,5.052e-05
590,4456.69,0.52386,0.63613,0.18089,0.20575,0.72109,0.94991,0.94818,0.94262,0.81246,0.9087,0.82946,0.83633,0.72473,0.70899,2.05064,0.19724,0.4395,1.22134,5.00957e-05,5.00957e-05,5.00957e-05
591,4459.57,0.58427,0.8504,0.20398,0.22943,0.66255,1,0.89484,0.9425,0.81304,0.93982,0.8,0.83522,0.72698,0.70825,2.03106,0.1979,0.44458,1.21571,4.96714e-05,4.96714e-05,4.96714e-05
592,4462.46,0.59402,0.61489,0.19072,0.21729,0.71288,1,0.90567,0.94333,0.81517,0.9073,0.81561,0.83175,0.72349,0.70105,2.02326,0.19837,0.46378,1.19287,4.92471e-05,4.92471e-05,4.92471e-05
593,4465.35,0.54785,1.08896,0.18597,0.21326,0.65853,1,0.91063,0.94365,0.81345,0.959,0.77975,0.83058,0.70962,0.6986,2.00335,0.19784,0.46284,1.18046,4.88229e-05,4.88229e-05,4.88229e-05
