epoch,time,train/box_loss,train/pose_loss,train/kobj_loss,train/cls_loss,train/dfl_loss,metrics/precision(B),metrics/recall(B),metrics/mAP50(B),metrics/mAP50-95(B),metrics/precision(P),metrics/recall(P),metrics/mAP50(P),metrics/mAP50-95(P),val/box_loss,val/pose_loss,val/kobj_loss,val/cls_loss,val/dfl_loss,lr/pg0,lr/pg1,lr/pg2
1,13.1746,2.12473,11.5902,0.61942,1.26744,3.21012,0.62877,0.75342,0.69208,0.34394,0,0,0,0,2.18987,11.4878,0.5651,1.69351,3.09136,8.88889e-05,8.88889e-05,0.0704593
2,14.3496,2.21403,11.5353,0.58682,1.20783,3.32273,0.76451,0.72222,0.66895,0.3143,0,0,0,0,2.9617,11.3277,0.56089,2.49002,3.9074,0.000188622,0.000188622,0.0372257
3,15.805,2.29802,11.5481,0.53132,1.1816,3.03523,0.73407,0.5,0.57501,0.25763,0,0,0,0,2.95188,11.56,0.56837,1.88415,4.20441,0.000288072,0.000288072,0.00399178
4,17.2521,2.36086,11.5698,0.52893,1.16624,2.79498,0.67492,0.57758,0.59368,0.24928,0,0,0,0,2.68488,11.5772,0.63869,2.47678,3.76285,0.000298727,0.000298727,0.000298727
5,18.6864,2.21413,11.5305,0.48399,1.15694,2.44643,0.47266,0.79712,0.65134,0.22713,0,0,0,0,2.74606,11.4483,0.60174,2.31628,3.47045,0.000298303,0.000298303,0.000298303
6,20.1199,2.29583,11.4987,0.45328,1.17641,2.44323,0.43184,0.72222,0.61611,0.25541,0,0,0,0,2.60978,11.4779,0.60337,2.36183,3.15923,0.000297879,0.000297879,0.000297879
7,21.5529,2.1418,11.3678,0.4559,1.16703,2.10189,0.83013,0.5438,0.70561,0.30001,0,0,0,0,2.2026,11.4653,0.56221,1.94945,2.54841,0.000297454,0.000297454,0.000297454
8,22.9898,2.13079,11.3465,0.46679,1.25352,2.27794,0.49299,0.83333,0.75383,0.35331,0,0,0,0,1.95698,11.3188,0.54481,1.87757,2.30131,0.00029703,0.00029703,0.00029703
9,24.8974,1.84312,11.3777,0.40062,1.00999,2.01603,0.65125,0.72222,0.79719,0.43807,0,0,0,0,1.99666,11.3819,0.48769,1.39018,2.04991,0.000296606,0.000296606,0.000296606
10,26.732,2.00795,11.4289,0.43965,1.024,2.03792,0.66775,0.72222,0.79511,0.38385,0,0,0,0,2.16885,11.4307,0.4853,1.52823,2.14608,0.000296181,0.000296181,0.000296181
11,28.1624,1.86284,11.4085,0.4306,0.97424,2.01609,0.81369,0.66667,0.8217,0.37825,0,0,0,0,2.19136,11.4218,0.49463,1.44646,2.25345,0.000295757,0.000295757,0.000295757
12,29.6444,1.83203,11.2211,0.40329,0.99894,2.03162,0.78877,0.61111,0.78848,0.36368,0,0,0,0,2.00347,11.3691,0.49653,1.36542,2.12241,0.000295333,0.000295333,0.000295333
13,31.0954,1.84257,11.1978,0.4322,1.06882,2.01792,0.67207,0.77778,0.79505,0.37604,0,0,0,0,1.8805,11.1976,0.49315,1.30427,2.03599,0.000294909,0.000294909,0.000294909
14,32.5506,1.91605,11.2324,0.41825,0.96141,1.98399,0.7812,0.83333,0.81187,0.40322,0,0,0,0,1.78637,11.197,0.48902,1.13438,2.01699,0.000294484,0.000294484,0.000294484
15,34.008,1.76255,11.171,0.41257,0.86282,1.78525,0.72861,0.83333,0.81864,0.39644,0,0,0,0,1.78941,11.141,0.491,1.11181,2.03701,0.00029406,0.00029406,0.00029406
16,35.4605,1.82285,11.0375,0.44133,0.84288,1.96647,0.80127,0.83333,0.86077,0.38223,0,0,0,0,1.78329,11.1482,0.49419,1.25341,2.06426,0.000293636,0.000293636,0.000293636
17,36.9271,1.85208,11.039,0.43893,0.898,2.01373,0.74335,0.80525,0.8038,0.36043,0,0,0,0,2.17208,11.16,0.50219,1.33039,2.35038,0.000293211,0.000293211,0.000293211
18,38.4293,1.60657,11.001,0.42079,0.77405,1.90682,0.72843,0.77778,0.80154,0.35831,0,0,0,0,2.32548,11.1613,0.49492,1.43647,2.43162,0.000292787,0.000292787,0.000292787
19,39.9043,1.65945,10.9446,0.41102,0.7686,2.0108,0.71975,0.77778,0.80838,0.35413,0,0,0,0,2.32388,11.1081,0.49309,1.49308,2.40879,0.000292363,0.000292363,0.000292363
20,41.3685,1.56225,10.7953,0.44251,0.80819,1.98529,0.65452,0.77778,0.78535,0.38775,0,0,0,0,2.25058,11.0943,0.48371,1.62313,2.3123,0.000291939,0.000291939,0.000291939
21,42.8269,1.62587,10.8921,0.40639,0.767,1.93149,0.63615,0.77778,0.7566,0.37403,0,0,0,0,2.38372,11.0307,0.46604,1.60755,2.4165,0.000291514,0.000291514,0.000291514
22,44.276,1.61485,10.7816,0.42624,0.80517,1.7525,0.76401,0.61111,0.72036,0.35846,0,0,0,0,2.58875,10.942,0.4532,1.72606,2.71754,0.00029109,0.00029109,0.00029109
23,45.7364,1.61282,10.8137,0.40183,0.77701,1.74417,0.79708,0.65529,0.72798,0.33621,0,0,0,0,2.61434,10.9202,0.45199,1.77381,2.84079,0.000290666,0.000290666,0.000290666
24,47.1927,1.55929,10.6578,0.40955,0.77728,1.73245,0.81212,0.72053,0.78884,0.35602,0,0,0,0,2.47721,10.8616,0.46207,1.72882,2.73826,0.000290241,0.000290241,0.000290241
25,48.6671,1.58033,10.3908,0.41832,0.71861,1.90206,0.78525,0.66667,0.80114,0.42714,0,0,0,0,2.16519,10.6628,0.51183,1.54551,2.48885,0.000289817,0.000289817,0.000289817
26,50.1344,1.63696,10.5723,0.42938,0.80743,1.9519,0.68468,0.77778,0.82977,0.40661,0,0,0,0,2.17307,10.5291,0.52785,1.32058,2.52723,0.000289393,0.000289393,0.000289393
27,51.5843,1.3793,10.3517,0.41414,0.66141,1.71915,0.74479,0.81134,0.85718,0.37419,0,0,0,0,2.18816,10.488,0.54195,1.21153,2.58405,0.000288969,0.000288969,0.000288969
28,53.0418,1.39995,10.2337,0.41626,0.69663,1.70917,0.67341,0.88889,0.86398,0.37255,0,0,0,0,2.23502,10.4513,0.54779,1.24961,2.59969,0.000288544,0.000288544,0.000288544
29,54.4979,1.48992,10.272,0.43566,0.71988,1.63454,0.76098,0.83333,0.85326,0.38508,0,0,0,0,2.22784,10.3128,0.55,1.3039,2.50127,0.00028812,0.00028812,0.00028812
30,55.9528,1.56079,10.4843,0.44597,0.70863,1.66282,0.77037,0.77778,0.85095,0.38616,0,0,0,0,2.2429,10.3069,0.54468,1.28722,2.5141,0.000287696,0.000287696,0.000287696
31,57.4184,1.34611,10.2901,0.45085,0.65096,1.65704,0.74559,0.83333,0.87923,0.36791,0,0,0,0,2.14455,10.2594,0.54231,1.29852,2.37654,0.000287271,0.000287271,0.000287271
32,58.8955,1.45833,10.28,0.46413,0.68683,1.57158,0.65266,0.88889,0.85797,0.38829,0,0,0,0,2.18977,10.2924,0.53441,1.39693,2.32883,0.000286847,0.000286847,0.000286847
33,60.3355,1.33485,10.1264,0.43375,0.6539,1.54717,0.62802,0.93815,0.83166,0.41633,0,0,0,0,2.18176,10.1837,0.50514,1.54616,2.20702,0.000286423,0.000286423,0.000286423
34,61.7742,1.25715,9.99536,0.45899,0.62513,1.59458,0.64277,0.94444,0.82001,0.41436,0,0,0,0,2.17115,10.2078,0.4999,1.50762,2.28354,0.000285999,0.000285999,0.000285999
35,63.2064,1.42163,10.1335,0.45082,0.61292,1.48812,0.65746,0.77778,0.82755,0.42612,0,0,0,0,2.15606,10.2203,0.49698,1.48977,2.35411,0.000285574,0.000285574,0.000285574
36,64.6878,1.31111,9.99727,0.43867,0.6417,1.53166,0.77521,0.77778,0.85505,0.44436,0,0,0,0,2.11172,10.2469,0.49316,1.37673,2.35271,0.00028515,0.00028515,0.00028515
37,66.6154,1.39541,9.92184,0.43623,0.67561,1.73939,0.69443,0.88397,0.88284,0.47645,0,0,0,0,2.04186,10.1965,0.48667,1.33216,2.34466,0.000284726,0.000284726,0.000284726
38,68.5156,1.33132,9.77817,0.43214,0.63246,1.63595,0.70237,0.91833,0.89118,0.47156,0,0,0,0,2.07686,10.2301,0.47651,1.41897,2.42948,0.000284301,0.000284301,0.000284301
39,69.9964,1.29953,9.7055,0.44517,0.61794,1.55945,0.82967,0.81255,0.89784,0.4982,0,0,0,0,2.09943,10.1872,0.4722,1.43789,2.46793,0.000283877,0.000283877,0.000283877
40,71.8858,1.32438,9.75168,0.43492,0.64685,1.57285,0.79533,0.86426,0.88817,0.49308,0,0,0,0,2.1691,10.0523,0.47369,1.33238,2.49402,0.000283453,0.000283453,0.000283453
41,73.3544,1.34099,9.68347,0.44948,0.6791,1.61183,0.6257,0.94444,0.83625,0.48412,0,0,0,0,2.29849,10.1188,0.4768,1.60566,2.53254,0.000283029,0.000283029,0.000283029
42,74.8515,1.31328,9.59165,0.44717,0.63172,1.46444,0.92845,0.61111,0.81444,0.49755,0,0,0,0,2.25611,10.0654,0.48284,1.89749,2.55735,0.000282604,0.000282604,0.000282604
43,76.3358,1.26535,9.36569,0.43378,0.62668,1.53591,0.9174,0.61111,0.82022,0.49726,0,0,0,0,2.38144,10.0965,0.49226,2.06409,2.87809,0.00028218,0.00028218,0.00028218
44,77.8114,1.26186,9.33091,0.43602,0.60678,1.38517,0.92046,0.64397,0.83857,0.49548,0,0,0,0,2.22647,10.0073,0.5143,2.09364,2.53394,0.000281756,0.000281756,0.000281756
45,79.2956,1.3266,9.14069,0.42486,0.58749,1.51649,0.89343,0.66667,0.79045,0.48024,0,0,0,0,2.14445,9.99385,0.51822,2.01601,2.47381,0.000281331,0.000281331,0.000281331
46,80.7529,1.31041,9.19106,0.41624,0.6095,1.42026,0.81202,0.72008,0.83122,0.49049,0,0,0,0,2.07963,9.89207,0.51885,1.62959,2.39603,0.000280907,0.000280907,0.000280907
47,82.2249,1.27296,8.93004,0.44955,0.63003,1.559,0.71232,0.82568,0.86931,0.51369,0,0,0,0,2.01702,9.81374,0.51454,1.29277,2.34416,0.000280483,0.000280483,0.000280483
48,84.1205,1.26876,8.76763,0.43216,0.61657,1.68757,0.74995,0.83333,0.88754,0.50707,0,0,0,0,2.01622,9.72691,0.50261,1.07963,2.31074,0.000280059,0.000280059,0.000280059
49,85.5737,1.4111,8.71081,0.42464,0.62855,1.48113,0.95275,0.72222,0.90191,0.53625,0,0,0,0,1.87863,9.69088,0.48092,0.90964,2.1756,0.000279634,0.000279634,0.000279634
50,87.4268,1.36007,8.70067,0.41407,0.60436,1.37885,0.83979,0.87423,0.91681,0.54062,0.12267,0.05556,0.01833,0.00183,1.73414,9.64327,0.48198,0.86976,2.10353,0.00027921,0.00027921,0.00027921
51,89.2968,1.22204,8.66536,0.41753,0.60426,1.37894,0.87159,0.88889,0.92122,0.55351,0.11152,0.05556,0.01375,0.00275,1.705,9.5162,0.49336,0.83219,2.0803,0.000278786,0.000278786,0.000278786
52,91.1844,1.21885,8.49325,0.40178,0.62595,1.58893,0.88845,0.88518,0.90035,0.56007,0.10581,0.05556,0.01375,0.00275,1.6183,9.47422,0.49336,0.81318,2.06422,0.000278361,0.000278361,0.000278361
53,93.0747,1.23324,8.58747,0.42597,0.62859,1.51356,0.93689,0.82518,0.93831,0.56862,0.09941,0.05556,0.011,0.0022,1.58588,9.4791,0.48821,0.83858,2.04733,0.000277937,0.000277937,0.000277937
54,94.9798,1.1125,8.50853,0.42446,0.56463,1.54931,0.93723,0.82972,0.92552,0.52899,0,0,0,0,1.65393,9.39674,0.47747,0.89828,2.08333,0.000277513,0.000277513,0.000277513
55,96.4498,1.29614,8.42412,0.4089,0.58371,1.43763,0.97152,0.77778,0.887,0.53,0,0,0,0,1.73264,9.42457,0.46854,0.9475,2.13058,0.000277089,0.000277089,0.000277089
56,97.911,1.25867,8.41823,0.41258,0.59845,1.47591,0.8323,0.82745,0.86347,0.52707,0.09054,0.05556,0.00611,0.00061,1.7534,9.48833,0.46741,0.95847,2.17576,0.000276664,0.000276664,0.000276664
57,99.3757,1.26799,8.60889,0.38965,0.62646,1.3991,0.93267,0.77005,0.81523,0.52588,0.20581,0.05556,0.01833,0.00183,1.83284,9.51332,0.46728,1.0522,2.23183,0.00027624,0.00027624,0.00027624
58,100.819,1.22019,8.50883,0.38989,0.57083,1.55553,0.76794,0.77778,0.85414,0.50349,0.21797,0.05556,0.01833,0.00183,1.75154,9.38259,0.46639,1.11137,2.17102,0.000275816,0.000275816,0.000275816
59,102.286,1.26825,8.56334,0.38377,0.60616,1.39271,0.7876,0.83333,0.84359,0.50125,0.18758,0.05556,0.01833,0.00367,1.74814,9.30875,0.46636,1.20809,2.09999,0.000275391,0.000275391,0.000275391
60,103.743,1.33523,8.39516,0.40126,0.55299,1.40841,0.74928,0.83333,0.89168,0.53574,0.26208,0.11111,0.0575,0.00575,1.6389,9.39262,0.45707,1.21751,1.98223,0.000274967,0.000274967,0.000274967
61,105.219,1.11419,8.27836,0.37362,0.50664,1.40134,0.83272,0.82984,0.90682,0.56316,0.11536,0.05556,0.01375,0.00137,1.47435,9.37372,0.4565,1.12244,1.91341,0.000274543,0.000274543,0.000274543
62,106.679,1.20456,8.33719,0.39408,0.55554,1.34675,0.82668,0.79565,0.8985,0.52983,0.12232,0.05556,0.01833,0.0055,1.41373,9.3482,0.45734,1.1439,1.92572,0.000274119,0.000274119,0.000274119
63,108.133,1.35904,8.55167,0.39204,0.5955,1.47121,0.89342,0.77778,0.90356,0.51234,0.16425,0.05556,0.0275,0.00825,1.5631,9.34553,0.46794,0.98404,2.00287,0.000273694,0.000273694,0.000273694
64,109.603,1.11089,8.30552,0.37223,0.53821,1.41563,0.82626,0.79326,0.91017,0.4891,0.17123,0.05556,0.0275,0.0055,1.73552,9.23752,0.47243,0.97573,2.18905,0.00027327,0.00027327,0.00027327
65,111.084,1.13735,8.31869,0.37208,0.54682,1.36197,0.88337,0.88889,0.9405,0.51799,0.1063,0.05556,0.01833,0.0055,1.5905,9.17515,0.45868,1.02873,2.08763,0.000272846,0.000272846,0.000272846
66,112.527,1.18329,8.16029,0.36258,0.54189,1.43963,0.93876,0.85232,0.94556,0.5232,0.23721,0.11111,0.07667,0.01533,1.65141,9.30413,0.45379,0.99138,2.1152,0.000272421,0.000272421,0.000272421
67,113.989,1.27589,8.03474,0.35909,0.60706,1.54603,1,0.77553,0.93298,0.51344,0.27162,0.11111,0.0575,0.0115,1.73365,9.41753,0.45657,0.90112,2.21737,0.000271997,0.000271997,0.000271997
68,115.454,1.21801,8.08163,0.36625,0.53629,1.28984,0.99743,0.83333,0.93702,0.50228,0.28198,0.11111,0.046,0.00643,1.77634,9.47327,0.46704,0.90795,2.28328,0.000271573,0.000271573,0.000271573
69,116.928,1.07818,7.8799,0.35914,0.53587,1.44643,0.90931,0.77778,0.87115,0.49138,0.28157,0.11111,0.046,0.0057,1.73975,9.40795,0.47546,0.92716,2.27235,0.000271149,0.000271149,0.000271149
70,118.382,1.31393,8.2584,0.37859,0.5752,1.34159,0.93229,0.76563,0.84874,0.48675,0.27835,0.11111,0.0575,0.00712,1.74733,9.27454,0.47212,0.94795,2.23145,0.000270724,0.000270724,0.000270724
71,119.848,1.05804,7.66775,0.34958,0.53363,1.35083,0.93524,0.80317,0.94011,0.51925,0.27559,0.11111,0.046,0.0092,1.64391,9.15092,0.45961,0.89385,2.09586,0.0002703,0.0002703,0.0002703
72,121.302,1.25042,8.04139,0.39545,0.56303,1.40371,0.8801,0.83333,0.91136,0.52835,0.24142,0.11111,0.046,0.0138,1.4739,9.05867,0.45347,0.83135,1.96561,0.000269876,0.000269876,0.000269876
73,122.787,1.07834,7.71921,0.37546,0.54047,1.33538,1,0.81905,0.945,0.55281,0.11583,0.05556,0.01833,0.00183,1.42335,9.10897,0.44603,0.8486,1.88734,0.000269451,0.000269451,0.000269451
74,124.238,1.09567,7.91575,0.3592,0.51062,1.33651,0.98336,0.77778,0.92831,0.54584,0.20767,0.11111,0.03833,0.00383,1.42578,9.05896,0.44497,0.76814,1.8901,0.000269027,0.000269027,0.000269027
75,125.687,1.21818,7.84156,0.34733,0.65335,1.55141,0.98108,0.77778,0.94238,0.55925,0.20558,0.11111,0.03548,0.00355,1.42516,8.94576,0.4456,0.73582,1.89455,0.000268603,0.000268603,0.000268603
76,127.146,1.12204,7.9416,0.34476,0.52084,1.37588,0.84714,0.92433,0.94865,0.56377,0.1979,0.11111,0.03286,0.00407,1.40881,8.86221,0.44569,0.71741,1.86523,0.000268179,0.000268179,0.000268179
77,128.608,1.1731,7.82976,0.38737,0.53961,1.31948,0.90274,0.88889,0.94985,0.56398,0.11125,0.05556,0.00688,0.00069,1.41528,8.82739,0.44122,0.76823,1.88561,0.000267754,0.000267754,0.000267754
78,130.085,1.00748,7.69356,0.3331,0.5183,1.36102,0.93851,0.83333,0.94536,0.56829,0.43346,0.27778,0.19023,0.02086,1.4734,8.72724,0.43902,0.81727,1.91256,0.00026733,0.00026733,0.00026733
79,131.987,1.06542,7.20309,0.34703,0.51292,1.31071,0.93585,0.81136,0.93048,0.54479,0.49416,0.27778,0.22028,0.02678,1.57944,8.67772,0.43902,0.893,1.96626,0.000266906,0.000266906,0.000266906
80,133.441,1.06706,7.64922,0.36799,0.53259,1.28983,0.9222,0.83333,0.91667,0.52815,0.45319,0.22222,0.22086,0.02999,1.74045,8.72504,0.45039,0.88092,2.07762,0.000266481,0.000266481,0.000266481
81,134.943,1.12834,7.36853,0.35739,0.55593,1.31553,0.93594,0.81249,0.93802,0.53635,0.29248,0.16667,0.1525,0.02675,1.76943,8.67239,0.46267,0.94604,2.20767,0.000266057,0.000266057,0.000266057
82,136.417,1.12435,7.38411,0.34641,0.52444,1.2822,0.87352,0.83333,0.93138,0.5533,0.29078,0.16667,0.145,0.0315,1.62865,8.6895,0.47271,1.01727,2.15655,0.000265633,0.000265633,0.000265633
83,137.887,1.22692,7.50956,0.34574,0.52154,1.29542,0.88105,0.83333,0.9375,0.55706,0.39532,0.22222,0.22771,0.04277,1.48107,8.63926,0.47051,0.93162,2.04574,0.000265209,0.000265209,0.000265209
84,139.79,1.08351,7.27811,0.36631,0.4826,1.24991,0.86763,0.83333,0.92755,0.55592,0.41385,0.22222,0.22689,0.04269,1.48556,8.64018,0.47092,0.94172,2.04914,0.000264784,0.000264784,0.000264784
85,141.274,1.10457,7.46242,0.35362,0.49704,1.24253,0.84107,0.88236,0.90653,0.53952,0.37906,0.27778,0.24773,0.05277,1.57459,8.70248,0.46969,1.02789,2.11809,0.00026436,0.00026436,0.00026436
86,142.733,1.12095,7.67446,0.35399,0.51995,1.29263,0.84145,0.88472,0.89973,0.52181,0.32898,0.33333,0.26583,0.05047,1.70945,8.53293,0.48017,1.09763,2.24212,0.000263936,0.000263936,0.000263936
87,144.2,1.05843,7.34893,0.36798,0.50613,1.27449,0.79503,0.88889,0.91141,0.53387,0.22631,0.22222,0.12055,0.02144,1.78573,8.33561,0.477,1.07905,2.30147,0.000263511,0.000263511,0.000263511
88,145.705,1.0548,7.45806,0.347,0.49323,1.23224,0.8082,0.93674,0.9129,0.53374,0.22042,0.22222,0.125,0.02684,1.79826,8.23255,0.46972,1.03418,2.30372,0.000263087,0.000263087,0.000263087
89,147.236,1.08724,7.53254,0.357,0.50689,1.26057,0.76981,0.94444,0.91846,0.56186,0.45712,0.22222,0.20566,0.04132,1.83387,8.36006,0.46932,1.12021,2.31804,0.000262663,0.000262663,0.000262663
90,149.145,0.96819,7.40216,0.3393,0.49193,1.2877,0.77528,0.88889,0.90639,0.5302,0.4182,0.16667,0.1525,0.03825,1.87011,8.52581,0.48013,1.24438,2.35906,0.000262239,0.000262239,0.000262239
91,150.593,1.16376,7.00186,0.33318,0.5202,1.21277,0.79026,0.83751,0.89972,0.50524,0.32491,0.11111,0.115,0.04,1.90517,8.4142,0.48116,1.33552,2.42192,0.000261814,0.000261814,0.000261814
92,152.06,1.02394,7.10242,0.33573,0.47925,1.29242,0.8308,0.83333,0.89274,0.51954,0.40758,0.16667,0.145,0.043,1.89703,8.2559,0.48301,1.33811,2.41207,0.00026139,0.00026139,0.00026139
93,153.485,1.1002,7.15215,0.33644,0.51847,1.32305,0.86664,0.72209,0.87095,0.52563,0.53462,0.22222,0.203,0.04955,1.87255,8.00549,0.48022,1.41364,2.41069,0.000260966,0.000260966,0.000260966
94,154.927,1.2648,7.57079,0.3723,0.54412,1.46391,0.82101,0.76509,0.87249,0.5151,0.67703,0.27778,0.275,0.062,1.90022,7.91049,0.47895,1.45911,2.41244,0.000260541,0.000260541,0.000260541
95,156.33,1.03791,7.23501,0.34698,0.49794,1.26044,0.62811,0.84485,0.86321,0.50816,0.36277,0.16667,0.121,0.0376,2.03049,7.93433,0.47373,1.54894,2.54089,0.000260117,0.000260117,0.000260117
96,157.78,1.0412,6.95929,0.33838,0.48381,1.21921,0.7793,0.83333,0.88375,0.50219,0.38199,0.16667,0.1525,0.018,2.0245,8.0469,0.47595,1.69887,2.571,0.000259693,0.000259693,0.000259693
97,159.261,1.12571,7.1784,0.34567,0.50152,1.20161,0.82349,0.83333,0.8855,0.49295,0.26975,0.11111,0.095,0.01133,2.01416,8.22341,0.46323,1.85506,2.63808,0.000259269,0.000259269,0.000259269
98,160.685,1.14545,7.23367,0.33615,0.51766,1.20761,0.87626,0.83333,0.89747,0.51059,0.26942,0.11111,0.085,0.017,1.97484,7.94425,0.45476,1.81852,2.60573,0.000258844,0.000258844,0.000258844
99,162.106,1.12296,6.58762,0.3392,0.50059,1.21874,0.87467,0.83333,0.90355,0.53864,0.33762,0.22222,0.145,0.0285,2.01847,7.96005,0.45131,1.76514,2.65111,0.00025842,0.00025842,0.00025842
100,163.527,1.12645,7.15715,0.3603,0.49173,1.1942,0.8162,0.83333,0.90588,0.50416,0.40955,0.27778,0.21373,0.03717,2.0713,7.93788,0.44698,1.74896,2.71627,0.000257996,0.000257996,0.000257996
101,164.925,1.0245,7.05441,0.33684,0.49231,1.29857,0.77874,0.83333,0.87705,0.50999,0.24225,0.16667,0.094,0.0116,2.08766,8.03216,0.44777,1.74726,2.76896,0.000257571,0.000257571,0.000257571
102,166.334,0.96211,6.83907,0.33746,0.47343,1.20807,0.81909,0.75543,0.86299,0.49513,0.30538,0.27778,0.19436,0.02356,2.12146,7.97074,0.45011,1.81732,2.79895,0.000257147,0.000257147,0.000257147
103,167.741,0.99992,6.60697,0.33689,0.48813,1.17667,0.80065,0.72222,0.84939,0.50523,0.5379,0.22222,0.225,0.03238,2.04825,7.92213,0.44812,1.81306,2.71629,0.000256723,0.000256723,0.000256723
104,169.189,1.01846,6.53053,0.34066,0.46408,1.17485,0.77,0.72222,0.8531,0.51467,0.60494,0.27778,0.275,0.0595,1.92733,7.88758,0.44508,1.64142,2.5165,0.000256299,0.000256299,0.000256299
105,170.692,1.02973,6.8752,0.35144,0.47209,1.22484,0.74808,0.83333,0.87869,0.52115,0.52553,0.27778,0.275,0.0635,1.86241,7.55354,0.44307,1.38786,2.37282,0.000255874,0.000255874,0.000255874
106,172.168,1.01413,6.52793,0.33633,0.45146,1.17831,0.76063,0.88294,0.8953,0.53566,0.4484,0.27778,0.275,0.0533,1.8386,7.49407,0.44676,1.29138,2.34376,0.00025545,0.00025545,0.00025545
107,173.627,1.04521,6.71845,0.33627,0.4974,1.17997,0.78069,0.88889,0.90803,0.55359,0.17806,0.11111,0.0575,0.0115,1.8827,7.50363,0.44286,1.1863,2.401,0.000255026,0.000255026,0.000255026
108,175.101,1.00416,6.61133,0.34078,0.46327,1.18681,0.7944,0.88889,0.928,0.536,0.19579,0.11111,0.0575,0.00712,1.94416,7.567,0.44084,1.18917,2.49324,0.000254601,0.000254601,0.000254601
109,176.581,1.01421,6.67604,0.33305,0.46857,1.2341,0.84107,0.88231,0.93807,0.55376,0.29987,0.16667,0.1375,0.02088,1.95255,7.54072,0.43983,1.16053,2.47534,0.000254177,0.000254177,0.000254177
110,178.029,1.10047,6.60045,0.3231,0.48945,1.21724,0.83985,0.87459,0.93533,0.56924,0.41454,0.22222,0.225,0.03538,1.89948,7.57034,0.43426,1.26857,2.39596,0.000253753,0.000253753,0.000253753
111,179.899,1.07927,6.75301,0.34892,0.48154,1.13859,0.93326,0.77696,0.91693,0.5597,0.57166,0.33333,0.3075,0.04362,1.88926,7.96845,0.42648,1.37671,2.40097,0.000253329,0.000253329,0.000253329
112,181.324,0.94261,6.35194,0.33043,0.53041,1.19759,0.93098,0.77778,0.89819,0.53086,0.49269,0.27778,0.25278,0.04478,1.90056,8.03656,0.42731,1.66945,2.44248,0.000252904,0.000252904,0.000252904
113,182.765,1.02767,6.58743,0.3332,0.47651,1.19411,0.86106,0.77778,0.86579,0.52217,0.43637,0.22222,0.225,0.042,2.41824,8.48769,0.43991,1.50699,3.45701,0.00025248,0.00025248,0.00025248
114,184.213,1.22757,7.01497,0.34057,0.51147,1.40424,0.86939,0.74034,0.8485,0.51354,0.37858,0.22222,0.19167,0.0305,2.63366,8.56874,0.44945,1.21379,4.10081,0.000252056,0.000252056,0.000252056
115,185.635,1.02059,6.64645,0.34585,0.48966,1.12148,0.8303,0.81612,0.86144,0.52598,0.55888,0.33333,0.2955,0.05957,2.75016,8.46082,0.45506,1.09747,4.43206,0.000251631,0.000251631,0.000251631
116,187.061,1.07602,6.32292,0.33531,0.48364,1.16353,0.77553,0.83333,0.82931,0.47043,0.5348,0.38889,0.32571,0.07337,2.80449,8.57823,0.47069,1.08059,4.4731,0.000251207,0.000251207,0.000251207
117,188.523,1.01186,6.22041,0.33157,0.47187,1.13782,0.71246,0.83333,0.81201,0.45757,0.56278,0.33333,0.28471,0.07648,2.85343,8.68928,0.47849,1.08426,4.46539,0.000250783,0.000250783,0.000250783
118,189.983,1.05556,6.12041,0.33657,0.48194,1.09656,0.76655,0.83333,0.82623,0.46426,0.51737,0.33333,0.29344,0.08067,2.84661,8.71116,0.47857,1.09938,4.39188,0.000250359,0.000250359,0.000250359
119,191.429,1.09127,6.42594,0.3647,0.5049,1.23178,0.76402,0.77778,0.8258,0.47059,0.5899,0.27778,0.26071,0.06657,2.80062,8.69071,0.48246,1.27907,4.13229,0.000249934,0.000249934,0.000249934
120,192.863,0.89305,6.2354,0.36537,0.44766,1.17836,0.90343,0.66667,0.84104,0.47728,0.59092,0.27778,0.275,0.0645,2.78927,8.68266,0.48514,1.21645,4.18516,0.00024951,0.00024951,0.00024951
121,194.301,0.99326,6.01983,0.32664,0.45471,1.16474,0.89807,0.66667,0.851,0.47845,0.45553,0.33333,0.30773,0.08715,2.79446,8.61617,0.4879,1.23142,4.24455,0.000249086,0.000249086,0.000249086
122,195.747,1.0424,6.18968,0.32559,0.49092,1.12727,0.89505,0.66667,0.84904,0.48124,0.38216,0.27778,0.22,0.07712,2.79213,8.60773,0.48618,1.27506,4.12802,0.000248661,0.000248661,0.000248661
123,197.23,1.05601,6.04006,0.33031,0.47014,1.13891,0.6896,0.86459,0.85516,0.505,0.47957,0.27778,0.22706,0.05824,2.77401,8.61332,0.47901,1.2754,4.00412,0.000248237,0.000248237,0.000248237
124,198.677,0.94566,6.065,0.3279,0.44665,1.15665,0.66549,0.88437,0.85071,0.50139,0.45215,0.27778,0.21361,0.07114,2.70387,8.63737,0.47018,1.35246,3.82605,0.000247813,0.000247813,0.000247813
125,200.119,0.98121,6.14179,0.31937,0.4759,1.15402,0.81889,0.83333,0.87749,0.5085,0.37791,0.27778,0.2075,0.06955,2.68907,8.57186,0.47062,1.38746,3.76995,0.000247389,0.000247389,0.000247389
126,201.572,1.04979,6.4244,0.33623,0.50799,1.16284,0.83263,0.82933,0.8749,0.50125,0.4383,0.27778,0.19861,0.06368,2.69672,8.56023,0.4724,1.34782,3.72342,0.000246964,0.000246964,0.000246964
127,203.034,0.88938,5.78789,0.32622,0.43173,1.1543,0.83039,0.81666,0.87377,0.50514,0.36771,0.27778,0.20602,0.07369,2.70326,8.52577,0.47205,1.35369,3.73758,0.00024654,0.00024654,0.00024654
128,204.491,0.98698,6.08568,0.33137,0.48163,1.23085,0.78937,0.83286,0.87296,0.52963,0.37983,0.27259,0.20602,0.06563,2.69424,8.49112,0.48109,1.35937,3.71382,0.000246116,0.000246116,0.000246116
129,205.965,0.99786,6.54732,0.34004,0.55027,1.31197,0.84677,0.77778,0.85988,0.53091,0.50707,0.22222,0.20917,0.07208,2.62205,8.54082,0.47225,1.31975,3.75697,0.000245691,0.000245691,0.000245691
130,207.416,0.92834,5.97033,0.3431,0.46811,1.15842,0.86237,0.77778,0.84859,0.53746,0.46144,0.22222,0.17179,0.06218,2.62129,8.58095,0.45524,1.25727,3.7669,0.000245267,0.000245267,0.000245267
131,208.834,0.91074,5.91973,0.33474,0.44648,1.13275,0.87098,0.77778,0.84851,0.54602,0.36948,0.27778,0.18298,0.07402,2.71132,8.44786,0.43348,0.995,4.18397,0.000244843,0.000244843,0.000244843
132,210.697,0.93855,5.87058,0.33198,0.43802,1.13279,0.8729,0.76378,0.84661,0.53266,0.44954,0.33333,0.29667,0.0775,2.63893,8.29133,0.42583,1.12289,4.01269,0.000244419,0.000244419,0.000244419
133,212.163,1.03004,5.81851,0.34515,0.46666,1.13557,0.91589,0.72222,0.85252,0.53877,0.46875,0.33333,0.305,0.08818,2.37841,8.01295,0.42446,1.58958,3.39653,0.000243994,0.000243994,0.000243994
134,214.073,0.93328,5.93995,0.33893,0.43594,1.13173,0.92441,0.77778,0.85316,0.50422,0.61545,0.27778,0.305,0.07378,2.42811,8.18015,0.41244,1.60892,3.38152,0.00024357,0.00024357,0.00024357
135,215.565,0.96286,5.75285,0.3183,0.44272,1.20148,0.92276,0.77778,0.85098,0.49304,0.59326,0.27778,0.28841,0.0804,2.47024,8.25239,0.41096,1.61048,3.49779,0.000243146,0.000243146,0.000243146
136,217.043,0.96755,5.663,0.31256,0.43776,1.05386,0.92005,0.77778,0.85,0.50549,0.59335,0.27778,0.29238,0.09564,2.45921,8.28806,0.40588,1.61418,3.66281,0.000242721,0.000242721,0.000242721
137,218.527,0.94056,5.76634,0.34344,0.4658,1.11925,0.91747,0.77778,0.85967,0.50435,0.4852,0.33333,0.305,0.11623,2.73079,8.62343,0.4009,1.19407,4.54064,0.000242297,0.000242297,0.000242297
138,219.999,1.07427,5.96189,0.33948,0.4563,1.05383,0.9158,0.77778,0.83436,0.49303,0.64753,0.27778,0.26071,0.11446,2.84187,8.84314,0.4121,1.13845,4.60266,0.000241873,0.000241873,0.000241873
139,221.437,1.00944,5.84377,0.33421,0.46051,1.10356,0.85873,0.77778,0.80625,0.44692,0.45299,0.33333,0.28841,0.11366,2.85693,8.84675,0.41664,1.14902,4.52723,0.000241449,0.000241449,0.000241449
140,222.87,0.87409,5.76555,0.34866,0.43141,1.14055,0.8229,0.77462,0.79487,0.44311,0.49029,0.38889,0.31125,0.1075,2.87247,8.71716,0.42588,1.19397,4.48362,0.000241024,0.000241024,0.000241024
141,224.355,0.92076,5.38731,0.31573,0.43937,1.05073,0.79359,0.77778,0.81191,0.46387,0.57775,0.27778,0.275,0.1085,2.79528,8.49831,0.42894,1.38056,4.34316,0.0002406,0.0002406,0.0002406
142,225.814,0.95036,5.5015,0.33114,0.43277,1.0442,0.77518,0.83333,0.83187,0.48566,0.68618,0.44444,0.40729,0.1139,2.63403,8.3108,0.42945,1.49408,3.9528,0.000240176,0.000240176,0.000240176
143,227.299,0.94859,5.60637,0.33713,0.43656,1.12945,0.78824,0.83333,0.86332,0.51192,0.67761,0.44444,0.40729,0.124,2.54949,8.20705,0.42696,1.54693,3.69376,0.000239751,0.000239751,0.000239751
144,229.196,1.07329,5.48226,0.34834,0.46513,1.06076,0.82508,0.83333,0.85353,0.51707,0.62925,0.38889,0.33771,0.1347,2.41144,7.9793,0.42523,1.70219,3.34972,0.000239327,0.000239327,0.000239327
145,231.101,0.89824,5.38965,0.30938,0.41929,1.04808,0.87402,0.77127,0.83204,0.51461,0.56865,0.38889,0.33015,0.12577,2.27727,7.73652,0.42099,1.64507,3.03077,0.000238903,0.000238903,0.000238903
146,232.571,0.86459,5.53867,0.30916,0.41471,1.13911,0.92142,0.72222,0.83356,0.52698,0.53215,0.38889,0.3275,0.13339,2.32646,7.75586,0.4176,1.57112,3.20433,0.000238479,0.000238479,0.000238479
147,234.445,1.03422,5.40322,0.33844,0.45379,1.08362,0.92225,0.72222,0.82919,0.5135,0.56085,0.38889,0.3275,0.12271,2.48392,8.1111,0.41437,1.37088,3.49411,0.000238054,0.000238054,0.000238054
148,235.897,0.93576,5.46111,0.33696,0.43345,1.10479,0.93283,0.77187,0.84824,0.51982,0.56762,0.38889,0.3275,0.13003,2.60727,8.15997,0.41727,1.21373,3.87075,0.00023763,0.00023763,0.00023763
149,237.357,1.02789,5.62405,0.33859,0.46498,1.09508,0.93283,0.77192,0.85144,0.52736,0.57074,0.38889,0.3275,0.13686,2.71675,8.29524,0.42404,1.10412,4.19055,0.000237206,0.000237206,0.000237206
150,239.226,0.89904,5.45534,0.32231,0.43364,1.14374,0.92218,0.72222,0.84961,0.52211,0.56506,0.38889,0.3275,0.15188,2.77788,8.20895,0.43004,1.05882,4.41589,0.000236781,0.000236781,0.000236781
151,241.109,0.99627,5.78772,0.34622,0.42964,1.05494,0.92825,0.71901,0.83501,0.49416,0.53507,0.38889,0.32488,0.1511,2.8257,8.25595,0.44149,1.03329,4.59793,0.000236357,0.000236357,0.000236357
152,242.579,0.8971,5.278,0.3333,0.43815,1.11129,0.77021,0.77778,0.79796,0.49532,0.49347,0.38889,0.34,0.15505,2.74785,8.17239,0.44568,1.12298,4.47003,0.000235933,0.000235933,0.000235933
153,244.029,0.95633,5.33895,0.33592,0.42531,1.14696,0.81943,0.77778,0.81139,0.50433,0.57295,0.38889,0.35182,0.12338,2.30764,7.89649,0.45638,1.73009,3.57882,0.000235509,0.000235509,0.000235509
154,245.5,0.92592,5.36411,0.32583,0.43038,1.05807,0.72488,0.87867,0.87649,0.51218,0.7061,0.38889,0.34944,0.13807,2.08408,7.61923,0.45817,1.96227,2.95241,0.000235084,0.000235084,0.000235084
155,246.927,0.94799,5.72363,0.31853,0.42393,1.13927,0.72701,0.88775,0.88772,0.53653,0.62969,0.33333,0.32,0.1032,2.20539,7.73494,0.46813,1.88404,3.12946,0.00023466,0.00023466,0.00023466
156,248.379,0.94017,5.38504,0.33399,0.44913,1.05511,0.83052,0.81741,0.87595,0.52516,0.62873,0.33333,0.335,0.1065,2.37737,7.87285,0.47313,1.73446,3.64212,0.000234236,0.000234236,0.000234236
157,249.83,0.82558,5.07413,0.3205,0.39462,1.09429,0.83131,0.82186,0.88483,0.52721,0.6319,0.33333,0.335,0.09467,2.43886,7.72005,0.47202,1.69513,3.91058,0.000233811,0.000233811,0.000233811
158,251.284,0.95071,5.34155,0.30968,0.44006,1.12792,0.86886,0.72222,0.87797,0.533,0.52258,0.27778,0.25862,0.09616,2.60838,7.94042,0.47397,1.53346,4.21606,0.000233387,0.000233387,0.000233387
159,252.738,0.92508,5.16387,0.31737,0.43316,1.05514,0.86035,0.77778,0.87486,0.53259,0.61812,0.33333,0.32643,0.11014,2.57058,7.97114,0.47188,1.58319,4.14525,0.000232963,0.000232963,0.000232963
160,254.187,0.86749,4.99639,0.32218,0.41218,1.08112,0.86592,0.77778,0.86373,0.55467,0.57964,0.33333,0.27633,0.12038,2.57565,7.99926,0.47383,1.63232,4.09424,0.000232539,0.000232539,0.000232539
161,256.109,0.86653,5.07831,0.32618,0.4348,1.07885,0.8677,0.77778,0.88127,0.55815,0.5333,0.33333,0.24475,0.10795,2.37085,7.79668,0.46051,1.78381,3.69631,0.000232114,0.000232114,0.000232114
162,257.574,0.88055,5.37679,0.33498,0.41988,1.06539,0.86388,0.77778,0.83317,0.54418,0.54418,0.33333,0.25214,0.12159,2.17598,7.51693,0.4533,2.00493,3.21569,0.00023169,0.00023169,0.00023169
163,259.058,0.9447,5.54739,0.30765,0.43909,1.15199,0.78768,0.82484,0.87676,0.5612,0.6156,0.33333,0.265,0.10668,2.05728,7.28083,0.44809,2.10557,2.93648,0.000231266,0.000231266,0.000231266
164,260.528,1.03094,4.89093,0.33355,0.4417,1.04029,0.82342,0.77721,0.90311,0.56822,0.55331,0.33333,0.2855,0.11454,2.04596,7.29642,0.44469,2.10533,2.93567,0.000230841,0.000230841,0.000230841
165,262.421,0.9101,5.01826,0.33291,0.43362,1.10667,0.97581,0.66667,0.79345,0.55675,0.55598,0.33333,0.27871,0.09994,2.13232,7.66208,0.44275,1.96182,3.0722,0.000230417,0.000230417,0.000230417
166,263.885,0.8508,5.45623,0.33434,0.42792,1.09263,0.97857,0.66667,0.7965,0.54172,0.46943,0.27778,0.18706,0.08164,2.39943,8.14299,0.44584,1.71698,3.68889,0.000229993,0.000229993,0.000229993
167,265.355,0.9244,5.05954,0.31217,0.43218,1.00555,0.98206,0.66667,0.80671,0.53485,0.43768,0.27778,0.19679,0.08634,2.81486,8.6091,0.44525,1.10967,4.47428,0.000229569,0.000229569,0.000229569
168,266.819,0.93134,4.90685,0.31429,0.46671,1.16609,0.97359,0.66667,0.78829,0.5441,0.64698,0.27778,0.23833,0.10917,2.85507,8.6714,0.44541,1.11896,4.55338,0.000229144,0.000229144,0.000229144
169,268.289,0.95765,5.15857,0.31949,0.41983,1.03264,0.96876,0.66667,0.7225,0.52975,0.59692,0.33333,0.28333,0.13577,2.88384,8.59059,0.44706,1.31832,4.23597,0.00022872,0.00022872,0.00022872
170,269.764,0.84108,5.02588,0.32933,0.40797,1.06065,0.96509,0.66667,0.76424,0.52025,0.60645,0.33333,0.28333,0.14367,2.83855,8.52718,0.46041,1.34647,4.11193,0.000228296,0.000228296,0.000228296
171,271.234,0.94174,4.85812,0.33656,0.41477,0.99382,0.96014,0.66667,0.815,0.52436,0.59109,0.33333,0.28333,0.14693,2.73122,8.18082,0.45354,1.548,4.20352,0.000227871,0.000227871,0.000227871
172,272.706,1.02273,5.32937,0.33083,0.48678,1.16456,0.91839,0.66667,0.82675,0.53873,0.57126,0.33333,0.29333,0.15367,2.74442,8.09276,0.44918,1.49196,4.59333,0.000227447,0.000227447,0.000227447
173,274.628,1.01712,5.12031,0.32442,0.4379,0.99898,0.74633,0.81785,0.82248,0.5389,0.46788,0.27778,0.24833,0.13388,2.72717,8.17169,0.44639,1.52496,4.55821,0.000227023,0.000227023,0.000227023
174,276.112,0.90295,4.73802,0.33045,0.43015,1.04573,0.7473,0.82194,0.85048,0.54095,0.52986,0.33333,0.30071,0.14949,2.76932,8.1273,0.43716,1.10918,5.01957,0.000226599,0.000226599,0.000226599
175,277.564,0.90088,4.88932,0.31821,0.42969,1.03305,0.74787,0.82436,0.86682,0.5266,0.64931,0.38889,0.34944,0.14025,2.76696,8.20333,0.43579,1.07723,4.86863,0.000226174,0.000226174,0.000226174
176,279.048,0.85543,5.46614,0.33132,0.4049,1.11461,0.78784,0.82559,0.87118,0.5307,0.66441,0.38889,0.33744,0.1458,2.69402,8.30089,0.43792,1.37939,4.26935,0.00022575,0.00022575,0.00022575
177,280.543,0.89775,5.08441,0.32921,0.3925,1.0168,0.78014,0.83333,0.87495,0.55494,0.66355,0.38889,0.35222,0.17678,2.63221,8.28723,0.4396,1.37752,4.13803,0.000225326,0.000225326,0.000225326
178,282.415,0.94113,4.78931,0.31715,0.40825,0.98375,0.78274,0.83333,0.86794,0.54667,0.572,0.33333,0.27871,0.13115,2.69572,8.30389,0.43871,1.14103,4.43856,0.000224901,0.000224901,0.000224901
179,283.865,0.91515,5.03783,0.32777,0.43125,1.11331,0.78451,0.83333,0.8819,0.54591,0.55503,0.33333,0.2855,0.12734,2.69083,8.37096,0.43871,1.14695,4.44981,0.000224477,0.000224477,0.000224477
180,285.29,0.96872,4.59836,0.3084,0.41072,1.02475,0.84055,0.87903,0.89224,0.53744,0.6097,0.38889,0.34246,0.1475,2.68687,8.41162,0.43949,1.16216,4.52233,0.000224053,0.000224053,0.000224053
181,286.755,0.90234,4.97071,0.31942,0.4073,1.00813,0.84064,0.8796,0.89406,0.53349,0.52947,0.33333,0.29333,0.13383,2.70701,8.42604,0.44007,1.18111,4.56674,0.000223629,0.000223629,0.000223629
182,288.219,0.91047,4.53176,0.31668,0.40763,1.04033,0.84209,0.88879,0.89554,0.53421,0.45323,0.27778,0.23871,0.12679,2.7473,8.40426,0.44684,1.15026,4.74244,0.000223204,0.000223204,0.000223204
183,289.635,0.8558,4.78156,0.32216,0.41582,1.07292,0.87033,0.83333,0.89554,0.52808,0.54098,0.33333,0.27107,0.12443,2.74028,8.38659,0.44676,1.09164,4.73819,0.00022278,0.00022278,0.00022278
184,291.078,0.90952,4.6504,0.32833,0.41038,1.0015,0.86462,0.83333,0.89007,0.54664,0.72679,0.44444,0.39175,0.14968,2.62641,8.25382,0.4463,1.23489,4.31441,0.000222356,0.000222356,0.000222356
185,292.563,0.91691,4.57691,0.29715,0.4132,0.97091,0.87328,0.83333,0.87941,0.54397,0.83897,0.44444,0.40167,0.14733,2.60954,8.12345,0.44837,1.22428,4.37112,0.000221931,0.000221931,0.000221931
186,294.033,1.03564,5.22767,0.3659,0.47223,1.08565,0.86731,0.83333,0.86696,0.53587,0.68492,0.33333,0.29682,0.11156,2.60292,8.14958,0.44706,1.174,4.36839,0.000221507,0.000221507,0.000221507
187,295.502,0.87937,4.77793,0.34088,0.51929,1.05583,0.87078,0.83333,0.86573,0.52909,0.35593,0.27778,0.15923,0.05823,2.61962,8.16818,0.44277,1.16366,4.49239,0.000221083,0.000221083,0.000221083
188,296.964,0.81952,4.73426,0.32094,0.40338,0.97521,0.86161,0.77778,0.86365,0.54281,0.42762,0.33333,0.22019,0.04769,2.62579,8.20067,0.4403,1.15647,4.5167,0.000220659,0.000220659,0.000220659
189,298.448,0.88901,4.92297,0.3249,0.41793,1.08039,0.87204,0.77778,0.86226,0.54916,0.50554,0.38889,0.29192,0.04766,2.64728,8.19436,0.43782,1.20288,4.56945,0.000220234,0.000220234,0.000220234
190,299.904,0.91577,4.96535,0.30863,0.41126,1.07403,0.9279,0.71546,0.85441,0.54898,0.4871,0.33333,0.251,0.05953,2.62634,8.19386,0.43846,1.32384,4.42728,0.00021981,0.00021981,0.00021981
191,301.389,0.92894,5.14367,0.3107,0.42756,1.13437,0.86597,0.71818,0.83631,0.54793,0.4868,0.33333,0.26975,0.08802,2.60598,8.1411,0.43425,1.43481,4.38328,0.000219386,0.000219386,0.000219386
192,302.887,0.78434,4.93846,0.33149,0.40753,1.03797,0.87007,0.66667,0.81981,0.51884,0.48627,0.33333,0.21563,0.08159,2.60825,8.18401,0.43096,1.41848,4.31112,0.000218961,0.000218961,0.000218961
193,304.366,0.82555,4.8555,0.35422,0.40165,1.0544,0.85706,0.66626,0.81303,0.49755,0.60776,0.27778,0.1925,0.1006,2.56643,8.06798,0.42115,1.54588,4.21806,0.000218537,0.000218537,0.000218537
194,305.825,0.81777,5.09724,0.30423,0.39005,1.02489,0.8193,0.66667,0.81944,0.50237,0.58947,0.27778,0.23625,0.12533,2.57382,8.1141,0.41611,1.58742,4.20773,0.000218113,0.000218113,0.000218113
195,307.284,0.96906,4.68482,0.33251,0.41244,0.97814,0.82732,0.66667,0.84876,0.50832,0.58433,0.27778,0.23375,0.118,2.58604,8.09966,0.41078,1.58281,4.15162,0.000217689,0.000217689,0.000217689
196,308.766,0.82917,4.39051,0.30351,0.38508,1.04962,0.69638,0.94444,0.841,0.48171,0.58781,0.27778,0.23375,0.10471,2.62179,8.10521,0.4123,1.47246,4.07797,0.000217264,0.000217264,0.000217264
197,310.233,0.86533,4.46815,0.33315,0.38476,1.01902,0.69682,0.89401,0.85451,0.49899,0.58024,0.27778,0.23375,0.08965,2.6486,8.09717,0.41369,1.26709,3.98667,0.00021684,0.00021684,0.00021684
198,311.71,0.88037,4.73822,0.32331,0.39643,0.99569,0.73873,0.78577,0.85599,0.50513,0.69132,0.33333,0.2925,0.11408,2.65499,8.01173,0.41707,1.21616,3.98193,0.000216416,0.000216416,0.000216416
199,313.184,0.99167,4.6151,0.31277,0.42592,0.99191,0.83181,0.82471,0.86064,0.51986,0.82211,0.38889,0.365,0.13017,2.66008,8.00116,0.41395,1.20258,4.01429,0.000215991,0.000215991,0.000215991
200,314.629,0.93676,4.78096,0.31632,0.41594,1.04619,0.69921,0.83333,0.84516,0.5099,0.8881,0.44129,0.42611,0.15312,2.67609,7.98998,0.41025,1.17582,4.0544,0.000215567,0.000215567,0.000215567
201,316.093,0.8962,4.50434,0.3017,0.39648,1.0032,0.73268,0.83333,0.83183,0.49693,0.62597,0.38889,0.34348,0.13252,2.62588,8.07472,0.40258,1.19481,3.98332,0.000215143,0.000215143,0.000215143
202,317.539,0.86469,5.10476,0.31306,0.42116,1.09037,0.71097,0.82045,0.83115,0.48808,0.7203,0.33333,0.33667,0.12674,2.59369,8.14171,0.39557,1.25758,3.90665,0.000214719,0.000214719,0.000214719
203,319.002,0.86484,4.78351,0.34297,0.42197,1.06648,0.83567,0.72222,0.80388,0.47243,0.62444,0.27778,0.30071,0.11394,2.61831,8.20632,0.39014,1.31051,3.96836,0.000214294,0.000214294,0.000214294
204,320.465,0.93305,4.92026,0.33892,0.40775,1.08895,0.85764,0.72222,0.81719,0.47886,0.74209,0.33333,0.36,0.14477,2.64697,8.04554,0.39453,1.28863,4.12227,0.00021387,0.00021387,0.00021387
205,321.924,0.81798,4.48563,0.32536,0.39291,0.99139,0.92762,0.71262,0.79508,0.50264,0.70761,0.33333,0.36,0.1433,2.64512,7.99254,0.39983,1.29312,4.09907,0.000213446,0.000213446,0.000213446
206,323.386,0.96594,4.77648,0.3105,0.43862,1.00489,0.85042,0.66667,0.70141,0.46471,0.69715,0.33333,0.34429,0.15623,2.63167,7.99212,0.40188,1.347,3.98496,0.000213021,0.000213021,0.000213021
207,324.813,0.90383,4.64652,0.31962,0.42005,1.01854,0.83422,0.66667,0.6767,0.44997,0.7112,0.33333,0.31929,0.15373,2.65425,7.99812,0.40255,1.50632,3.89311,0.000212597,0.000212597,0.000212597
208,326.31,0.85367,4.66655,0.28795,0.4029,0.97794,0.90956,0.72222,0.75723,0.46234,0.7708,0.33333,0.31929,0.15169,2.64918,7.96514,0.40056,1.5174,3.91417,0.000212173,0.000212173,0.000212173
209,327.822,0.89292,4.88742,0.33776,0.39507,0.99562,0.99418,0.72222,0.79375,0.47371,0.74342,0.33333,0.335,0.14117,2.66716,7.87988,0.40261,1.60656,3.92596,0.000211749,0.000211749,0.000211749
210,329.281,0.88322,4.65786,0.31236,0.39842,1.01151,0.99561,0.72222,0.79746,0.48365,0.65492,0.44444,0.41875,0.14246,2.69413,7.94943,0.40586,1.67663,3.84505,0.000211324,0.000211324,0.000211324
211,330.762,0.83451,4.49364,0.30717,0.39448,1.09624,0.99809,0.72222,0.80091,0.48811,0.68733,0.38889,0.3575,0.13921,2.70619,8.01201,0.40799,1.67809,3.83301,0.0002109,0.0002109,0.0002109
212,332.196,0.98035,4.88011,0.31968,0.42007,1.00725,0.99867,0.72222,0.79521,0.4972,0.66618,0.44444,0.41489,0.13752,2.69499,7.9909,0.41171,1.52684,3.9193,0.000210476,0.000210476,0.000210476
213,333.666,0.90793,4.51273,0.31525,0.4032,0.97132,1,0.72121,0.81354,0.50245,0.70404,0.44444,0.43278,0.1445,2.6934,7.98793,0.40714,1.37905,4.22827,0.000210051,0.000210051,0.000210051
214,335.132,0.87081,4.84916,0.35147,0.3862,1.04468,0.99632,0.72222,0.81184,0.53203,0.72409,0.44444,0.43833,0.16377,2.68875,7.93655,0.4074,1.25285,4.48336,0.000209627,0.000209627,0.000209627
215,336.606,0.78129,4.65181,0.31007,0.37502,1.00358,0.99261,0.72222,0.81354,0.5251,0.74755,0.44444,0.43833,0.14945,2.6079,7.85215,0.41087,1.30622,4.36209,0.000209203,0.000209203,0.000209203
216,338.064,0.85453,4.85028,0.30785,0.37673,0.96799,0.99111,0.72222,0.81354,0.51245,0.75553,0.44444,0.445,0.15231,2.59808,7.83338,0.4116,1.34846,4.34574,0.000208779,0.000208779,0.000208779
217,339.553,0.98574,4.59211,0.32406,0.40842,0.95338,1,0.70415,0.753,0.52265,0.7385,0.44444,0.43833,0.13222,2.72085,7.91951,0.41278,1.2507,4.52518,0.000208354,0.000208354,0.000208354
218,341.032,0.95275,4.37369,0.2922,0.40483,0.93453,0.91525,0.72222,0.74664,0.52644,0.80163,0.44444,0.43833,0.13222,2.70942,7.94836,0.40764,1.14337,4.55488,0.00020793,0.00020793,0.00020793
219,342.494,0.86172,4.98403,0.32184,0.44267,1.05249,0.91653,0.72222,0.77871,0.5617,0.84663,0.44444,0.43833,0.14791,2.50353,7.6375,0.40597,1.39739,4.15161,0.000207506,0.000207506,0.000207506
220,343.987,0.87662,4.66653,0.3143,0.38862,1.02359,0.91413,0.72222,0.77514,0.54098,0.83276,0.44444,0.43278,0.1427,2.32126,7.4375,0.40438,1.63589,3.82012,0.000207081,0.000207081,0.000207081
221,345.456,0.857,4.28779,0.30276,0.37038,0.94283,0.89787,0.72222,0.77607,0.53388,0.82712,0.44444,0.43278,0.14558,2.35973,7.48997,0.4033,1.69028,3.83664,0.000206657,0.000206657,0.000206657
222,346.913,0.88638,4.62773,0.33706,0.38659,0.94941,0.92773,0.71374,0.74407,0.52276,0.7868,0.44444,0.43278,0.13169,2.49689,7.74442,0.40498,1.59397,3.98881,0.000206233,0.000206233,0.000206233
223,348.398,0.80805,4.38168,0.30346,0.41786,1.02576,0.86071,0.72222,0.74307,0.50279,0.68895,0.44444,0.41925,0.1256,2.42169,7.80274,0.40336,1.79032,3.74595,0.000205809,0.000205809,0.000205809
224,349.873,0.94029,4.44774,0.31336,0.40395,1.04355,0.92781,0.71454,0.74307,0.49998,0.85962,0.44444,0.42056,0.12988,2.38008,7.84931,0.39685,1.81588,3.6656,0.000205384,0.000205384,0.000205384
225,351.391,0.81515,4.15958,0.29416,0.37284,1.01784,0.92844,0.72091,0.71286,0.50623,0.8079,0.38889,0.385,0.13871,2.49795,7.91077,0.3952,1.32215,3.88401,0.00020496,0.00020496,0.00020496
226,352.851,0.79997,4.32534,0.30777,0.38186,1.00177,1,0.77187,0.775,0.49818,0.80201,0.38889,0.37875,0.1449,2.62086,8.01734,0.39817,1.06083,4.06113,0.000204536,0.000204536,0.000204536
227,354.307,0.8649,4.55639,0.31723,0.38704,0.96868,0.98241,0.66667,0.75059,0.48773,0.65297,0.33333,0.2925,0.1255,2.66368,8.17834,0.396,1.00977,4.07748,0.000204111,0.000204111,0.000204111
228,355.787,0.85611,4.25318,0.299,0.38702,0.96918,1,0.6561,0.74418,0.49025,0.62093,0.33333,0.27833,0.11372,2.69128,8.1974,0.39686,1.06031,4.11131,0.000203687,0.000203687,0.000203687
229,357.232,0.93265,4.86884,0.36029,0.42148,1.03994,0.91482,0.66667,0.7099,0.48049,0.58548,0.33333,0.28633,0.09561,2.68774,8.21614,0.39657,1.15096,4.05558,0.000203263,0.000203263,0.000203263
230,358.695,0.81854,4.57429,0.33573,0.37003,1.0271,0.91415,0.66667,0.7099,0.48318,0.47517,0.27778,0.23078,0.09149,2.67349,8.15919,0.39813,1.364,3.99487,0.000202839,0.000202839,0.000202839
231,360.161,0.775,4.63003,0.32225,0.36672,0.99212,1,0.66569,0.717,0.47238,0.57727,0.38889,0.34917,0.12727,2.63612,8.11152,0.39868,1.51547,3.95517,0.000202414,0.000202414,0.000202414
232,361.637,0.84991,4.40034,0.30412,0.37885,0.99039,0.99134,0.66667,0.74875,0.48706,0.65897,0.44444,0.41875,0.15416,2.64367,8.15386,0.39887,1.55786,4.0292,0.00020199,0.00020199,0.00020199
233,363.12,0.86336,4.29149,0.32024,0.37473,0.97077,0.99997,0.66667,0.75059,0.46254,0.66239,0.44444,0.41125,0.15363,2.66098,8.24632,0.4022,1.69119,4.05907,0.000201566,0.000201566,0.000201566
234,364.589,0.80384,4.81989,0.34722,0.37238,1.05663,0.99504,0.66667,0.75384,0.47604,0.57705,0.38889,0.34917,0.15154,2.68586,8.2512,0.39851,1.63719,4.27228,0.000201141,0.000201141,0.000201141
235,366.069,0.90038,4.54279,0.32832,0.3929,0.98485,0.9886,0.66667,0.75818,0.46496,0.65776,0.44444,0.41125,0.15063,2.72225,8.20826,0.39517,1.49751,4.5742,0.000200717,0.000200717,0.000200717
236,367.535,0.90058,4.48951,0.31942,0.39425,0.95412,0.98255,0.66667,0.71375,0.45803,0.65393,0.44444,0.41875,0.17304,2.73563,8.23291,0.39927,1.31158,4.77249,0.000200293,0.000200293,0.000200293
237,368.956,0.75192,4.02541,0.30334,0.34993,0.96357,0.97425,0.66667,0.75589,0.46988,0.57305,0.38889,0.33932,0.16695,2.73425,8.25188,0.39857,1.24866,4.83723,0.000199869,0.000199869,0.000199869
238,370.36,0.96158,4.64401,0.30203,0.41248,1.04179,0.87299,0.76438,0.76125,0.47419,0.60888,0.38889,0.32732,0.16074,2.77488,8.33493,0.40054,1.14741,4.94483,0.000199444,0.000199444,0.000199444
239,371.789,0.86384,4.13073,0.31516,0.38017,0.98791,0.8736,0.76843,0.7574,0.46861,0.62144,0.38889,0.3205,0.1604,2.82891,8.34031,0.39214,1.12338,5.16675,0.00019902,0.00019902,0.00019902
240,373.232,0.7336,4.11053,0.28603,0.37397,1.06384,0.87373,0.7693,0.80026,0.48986,0.64092,0.38889,0.3205,0.15305,2.89071,8.35078,0.39405,1.05618,5.37856,0.000198596,0.000198596,0.000198596
241,374.702,0.86015,4.29927,0.32873,0.37438,0.97028,0.87452,0.77457,0.79565,0.49448,0.68598,0.44444,0.39175,0.13243,2.82794,8.51574,0.39763,1.04454,5.10902,0.000198171,0.000198171,0.000198171
242,376.179,0.91835,4.69283,0.32148,0.39325,0.93391,0.87426,0.77283,0.79317,0.50563,0.65938,0.44444,0.40114,0.13223,2.88944,8.42865,0.3984,0.94683,5.35311,0.000197747,0.000197747,0.000197747
243,377.603,0.87419,4.44736,0.30603,0.39883,0.98786,0.86651,0.77778,0.79103,0.50358,0.65452,0.44444,0.42118,0.13466,2.86735,8.16091,0.39423,0.96674,5.27991,0.000197323,0.000197323,0.000197323
244,379.016,0.9536,4.41066,0.31233,0.38994,0.98948,0.86814,0.77778,0.79565,0.49672,0.65682,0.44444,0.42,0.14879,2.86592,8.12442,0.39079,0.93913,5.23333,0.000196899,0.000196899,0.000196899
245,380.453,0.80068,3.95083,0.30075,0.38336,0.95446,0.87898,0.80783,0.84801,0.49556,0.65625,0.44444,0.3975,0.15674,2.87395,8.08236,0.38694,0.95462,5.23603,0.000196474,0.000196474,0.000196474
246,381.88,0.73587,4.35668,0.31078,0.39238,1.03709,0.92182,0.66667,0.7924,0.48079,0.65874,0.44444,0.39489,0.17466,2.82728,8.02789,0.38545,0.97249,5.0837,0.00019605,0.00019605,0.00019605
247,383.358,0.75657,4.41999,0.32945,0.34883,0.97246,0.9219,0.72222,0.88478,0.52739,0.72979,0.44444,0.4055,0.1868,2.76962,8.08994,0.38758,0.92197,4.89372,0.000195626,0.000195626,0.000195626
248,384.834,0.7285,3.94399,0.30929,0.35458,0.93567,0.93311,0.77521,0.88937,0.54415,0.65225,0.44444,0.40114,0.20223,2.73607,8.0745,0.39089,0.88605,4.7964,0.000195201,0.000195201,0.000195201
249,386.697,0.84766,4.2794,0.31033,0.38674,0.97297,0.92971,0.77778,0.90395,0.53961,0.68938,0.38889,0.3575,0.18558,2.54384,8.16601,0.39761,1.04176,4.14906,0.000194777,0.000194777,0.000194777
250,388.142,0.7942,4.40105,0.30418,0.38877,0.97973,0.92483,0.77778,0.90364,0.54878,0.68112,0.38889,0.3575,0.18558,2.5531,8.1698,0.40056,0.98162,4.15461,0.000194353,0.000194353,0.000194353
251,389.595,0.7851,4.51156,0.32065,0.38242,1.06519,0.85979,0.83333,0.90574,0.55303,0.69088,0.38889,0.3575,0.17696,2.53672,8.09588,0.40701,0.91423,4.10245,0.000193929,0.000193929,0.000193929
252,391.063,0.95568,4.54696,0.34315,0.40689,0.97628,0.93562,0.8083,0.91505,0.55597,0.57523,0.38889,0.33988,0.1672,2.52938,8.02693,0.40823,0.95436,4.08315,0.000193504,0.000193504,0.000193504
253,392.544,0.70938,4.24291,0.29628,0.36165,1.02937,0.87545,0.78119,0.9,0.56518,0.57861,0.38889,0.34845,0.17967,2.52155,7.95625,0.41027,1.16365,3.97417,0.00019308,0.00019308,0.00019308
254,394.036,0.92106,4.12799,0.30741,0.38088,0.96034,0.99312,0.66667,0.83353,0.55433,0.63129,0.38889,0.35429,0.18714,2.51888,7.99584,0.41154,1.4235,3.79934,0.000192656,0.000192656,0.000192656
255,395.519,1.06825,4.7357,0.35557,0.42582,0.93185,0.92731,0.70949,0.8396,0.54645,0.66257,0.44444,0.39929,0.20833,2.54339,8.02594,0.41228,1.6117,3.81653,0.000192231,0.000192231,0.000192231
256,397.386,0.87793,4.18121,0.3203,0.37391,0.93031,0.92764,0.71281,0.83408,0.53751,0.66309,0.44444,0.39929,0.20265,2.56219,8.07604,0.4114,1.65477,3.87061,0.000191807,0.000191807,0.000191807
257,398.829,0.80889,4.37632,0.28477,0.3743,0.93967,0.99123,0.66667,0.82688,0.53975,0.80162,0.5,0.468,0.2031,2.58109,8.03765,0.40331,1.48864,4.07535,0.000191383,0.000191383,0.000191383
258,400.238,0.79747,4.57848,0.30052,0.40161,1.04983,0.99131,0.66667,0.83496,0.53788,0.81066,0.5,0.473,0.21132,2.59723,8.00783,0.40024,1.42618,4.15425,0.000190959,0.000190959,0.000190959
259,401.675,0.92019,4.3213,0.31188,0.3948,0.94129,0.99137,0.66667,0.83496,0.53207,0.8293,0.5,0.473,0.20208,2.59337,7.98285,0.39783,1.46344,4.10353,0.000190534,0.000190534,0.000190534
260,403.133,0.79621,4.31694,0.29135,0.37574,0.97644,0.99108,0.66667,0.75056,0.52892,0.84726,0.5,0.473,0.17916,2.60781,7.96205,0.39454,1.46567,4.08611,0.00019011,0.00019011,0.00019011
261,404.61,0.93313,4.71906,0.32175,0.39247,0.93003,0.99292,0.66667,0.74772,0.51921,0.81669,0.5,0.468,0.17115,2.59233,8.03292,0.39596,1.46625,3.916,0.000189686,0.000189686,0.000189686
262,406.073,0.92802,4.33337,0.3146,0.38006,0.96719,0.9931,0.66667,0.75033,0.50969,0.70674,0.44444,0.37108,0.14394,2.68053,8.03346,0.40429,1.19944,4.37927,0.000189261,0.000189261,0.000189261
263,407.499,0.78865,4.71797,0.31854,0.35886,0.92517,0.92776,0.714,0.79929,0.51725,0.72057,0.44444,0.389,0.15598,2.69853,8.00972,0.39908,1.11864,4.40244,0.000188837,0.000188837,0.000188837
264,408.965,0.83139,4.08429,0.31089,0.3842,0.97875,0.92132,0.72222,0.79305,0.51498,0.73223,0.44444,0.389,0.16545,2.7102,8.0185,0.40228,1.14643,4.6063,0.000188413,0.000188413,0.000188413
265,410.461,0.81956,4.32714,0.30503,0.3816,0.9146,0.92835,0.71996,0.79305,0.49352,0.71959,0.44444,0.389,0.17777,2.8591,7.954,0.41227,1.01839,5.401,0.000187989,0.000187989,0.000187989
266,411.921,0.79404,4.25155,0.3229,0.38181,1.00796,0.93205,0.61111,0.76746,0.48748,0.70892,0.44444,0.389,0.1623,2.87841,8.17903,0.41924,1.03153,5.40848,0.000187564,0.000187564,0.000187564
267,413.362,0.86974,3.95562,0.3034,0.37355,0.94646,0.79376,0.66667,0.76746,0.48183,0.66982,0.44444,0.39871,0.14874,2.87197,8.24729,0.41932,1.06632,5.34789,0.00018714,0.00018714,0.00018714
268,414.823,0.98022,4.00648,0.32077,0.40936,0.92491,0.7939,0.66667,0.76249,0.48332,0.82886,0.44444,0.41389,0.17019,2.86873,8.29996,0.41922,1.08269,5.26432,0.000186716,0.000186716,0.000186716
269,416.281,0.75122,4.06214,0.31178,0.35469,1.00446,0.78865,0.66667,0.76249,0.49724,0.87427,0.44444,0.41389,0.18709,2.85148,8.28462,0.41788,1.06714,5.24034,0.000186291,0.000186291,0.000186291
270,417.738,0.85077,4.27183,0.31112,0.3883,0.94236,0.85295,0.66667,0.77293,0.50112,0.79239,0.38889,0.4055,0.17838,2.8211,8.28767,0.41149,0.97185,5.1106,0.000185867,0.000185867,0.000185867
271,419.225,0.77935,4.42689,0.32515,0.37329,0.953,0.92172,0.72222,0.79669,0.51692,0.65648,0.44444,0.40114,0.16399,2.78395,8.29549,0.40694,0.94742,4.79206,0.000185443,0.000185443,0.000185443
272,420.7,0.93698,4.33056,0.31131,0.39014,0.87392,0.91888,0.72222,0.79506,0.50561,0.6036,0.38889,0.34253,0.13905,2.80885,8.28097,0.39983,0.94983,4.82587,0.000185019,0.000185019,0.000185019
273,422.171,0.72947,4.18564,0.2946,0.35178,0.9931,0.83692,0.72222,0.81982,0.52503,0.61439,0.38889,0.35825,0.11899,2.82585,8.0741,0.4036,1.01634,4.94697,0.000184594,0.000184594,0.000184594
274,423.625,0.74799,4.02805,0.29816,0.34952,0.97671,0.80066,0.72222,0.80363,0.50864,0.70397,0.44444,0.40895,0.13031,2.80179,7.93095,0.40061,0.99738,4.89488,0.00018417,0.00018417,0.00018417
275,425.115,0.78737,4.08575,0.28449,0.37675,0.92505,0.84628,0.72222,0.80797,0.51521,0.71003,0.44444,0.40864,0.14718,2.79321,7.82746,0.40337,0.9852,4.90472,0.000183746,0.000183746,0.000183746
276,426.581,0.8662,4.05939,0.31541,0.36582,0.92273,0.91125,0.72222,0.8108,0.51495,0.71866,0.44444,0.413,0.15789,2.77948,7.84293,0.40961,0.98276,4.87361,0.000183321,0.000183321,0.000183321
277,428.045,0.85627,4.38419,0.3196,0.37241,0.88794,0.92196,0.72222,0.80899,0.51498,0.77807,0.44444,0.42056,0.18323,2.70612,7.58759,0.40686,1.19626,4.80961,0.000182897,0.000182897,0.000182897
278,429.54,0.80249,4.04239,0.2921,0.36314,0.93293,0.91162,0.72222,0.74871,0.47924,0.83301,0.44444,0.42056,0.19133,2.57299,7.50226,0.40894,1.44644,4.53913,0.000182473,0.000182473,0.000182473
279,431.009,0.86278,4.37025,0.30194,0.38736,0.97662,1,0.6657,0.75093,0.46425,0.8223,0.44444,0.42056,0.18821,2.47776,7.40116,0.40873,1.55323,4.3784,0.000182049,0.000182049,0.000182049
280,432.456,0.74669,4.01243,0.29437,0.37458,0.92054,1,0.71235,0.82876,0.50059,0.80115,0.44444,0.42056,0.19739,2.47607,7.37324,0.40848,1.53116,4.33621,0.000181624,0.000181624,0.000181624
281,433.936,0.84533,3.86121,0.29385,0.37472,0.91349,1,0.71629,0.83475,0.52254,0.79897,0.44444,0.43278,0.20149,2.5384,7.45598,0.40194,1.42505,4.37261,0.0001812,0.0001812,0.0001812
282,435.347,0.95652,4.17245,0.29606,0.40033,0.80928,0.91602,0.72222,0.80041,0.52693,0.79957,0.44444,0.43833,0.19428,2.64914,7.64232,0.40991,1.20558,4.51008,0.000180776,0.000180776,0.000180776
283,436.784,0.70866,4.06553,0.296,0.35593,1.0135,0.92185,0.72222,0.7946,0.51779,0.82512,0.44444,0.445,0.2155,2.68614,7.80202,0.40876,1.05709,4.61452,0.000180351,0.000180351,0.000180351
284,438.221,0.93314,3.88617,0.31901,0.38062,0.92389,0.92575,0.72222,0.79153,0.52683,0.82218,0.44444,0.43833,0.19579,2.67115,7.85136,0.40502,1.05198,4.64571,0.000179927,0.000179927,0.000179927
285,439.646,0.71859,4.28684,0.3044,0.34977,1.00158,0.87445,0.7741,0.79411,0.53427,0.80269,0.44444,0.42611,0.20502,2.62768,7.84171,0.39822,1.16474,4.68927,0.000179503,0.000179503,0.000179503
286,441.087,0.76076,3.96954,0.2857,0.36141,1.04433,0.92729,0.70926,0.78073,0.5224,0.78479,0.44444,0.42056,0.18843,2.55012,7.89772,0.39099,1.38536,4.42529,0.000179079,0.000179079,0.000179079
287,442.53,0.78139,4.17318,0.28404,0.35274,0.8947,0.8142,0.73081,0.83211,0.53385,0.72553,0.44444,0.4055,0.18241,2.51168,7.87712,0.38908,1.59899,4.25183,0.000178654,0.000178654,0.000178654
288,443.962,0.80374,3.7724,0.30492,0.34727,0.92973,0.84447,0.77778,0.86233,0.52336,0.72179,0.44444,0.40114,0.17371,2.51477,7.97572,0.39037,1.62821,4.22405,0.00017823,0.00017823,0.00017823
289,445.423,0.82494,4.24562,0.31535,0.36252,0.92626,0.88205,0.83104,0.8682,0.5223,0.72066,0.44444,0.40895,0.1944,2.35382,7.89862,0.3807,1.68682,3.7612,0.000177806,0.000177806,0.000177806
290,446.905,0.83234,3.98951,0.30363,0.34935,0.9293,0.93481,0.79741,0.84827,0.51173,0.72522,0.44444,0.41925,0.21593,2.26754,7.69256,0.38537,1.60373,3.59453,0.000177381,0.000177381,0.000177381
291,448.372,0.80763,3.95184,0.28313,0.37099,0.92651,0.9352,0.83333,0.85083,0.52505,0.7633,0.44444,0.41925,0.22743,2.15701,7.34078,0.38852,1.56419,3.4262,0.000176957,0.000176957,0.000176957
292,449.825,0.82794,4.19335,0.29946,0.35697,0.86601,0.93012,0.83333,0.85202,0.52677,0.73929,0.44444,0.41925,0.21226,2.16495,7.23639,0.39456,1.55737,3.50173,0.000176533,0.000176533,0.000176533
293,451.286,0.81333,4.14835,0.31061,0.36307,0.98487,0.91993,0.83333,0.85771,0.5282,0.71702,0.44444,0.42675,0.21243,2.17248,7.3139,0.4037,1.55575,3.48148,0.000176109,0.000176109,0.000176109
294,452.737,0.81635,3.78291,0.32225,0.3699,0.96287,0.87747,0.79644,0.85261,0.49885,0.66837,0.44444,0.40181,0.19543,2.12841,7.32946,0.40503,1.65428,3.37668,0.000175684,0.000175684,0.000175684
295,454.162,0.85022,4.03913,0.30705,0.37736,0.92929,0.93677,0.82364,0.86247,0.52062,0.74344,0.44444,0.40729,0.17585,2.08661,7.09837,0.4022,1.68885,3.26153,0.00017526,0.00017526,0.00017526
296,455.622,0.76121,3.69063,0.28051,0.3387,0.87837,0.93656,0.82082,0.89997,0.54906,0.76102,0.44444,0.413,0.1863,2.06128,7.01496,0.39982,1.67987,3.2382,0.000174836,0.000174836,0.000174836
297,457.134,0.69003,3.91327,0.29598,0.35059,0.99621,0.93631,0.81753,0.89917,0.56152,0.78517,0.44444,0.42611,0.19794,2.06606,7.10114,0.39213,1.67832,3.27299,0.000174411,0.000174411,0.000174411
298,459.027,0.81178,3.87812,0.3041,0.35374,0.97423,0.93319,0.77614,0.88544,0.54267,0.80214,0.44444,0.42056,0.19519,2.11725,7.06876,0.38799,1.68379,3.36558,0.000173987,0.000173987,0.000173987
299,460.502,0.78981,3.57362,0.3005,0.34223,0.89313,0.93309,0.77489,0.851,0.51079,0.81169,0.44444,0.41389,0.18088,2.19879,7.19035,0.39064,1.66481,3.52105,0.000173563,0.000173563,0.000173563
300,461.967,0.75762,4.21058,0.29835,0.35797,0.94883,0.86239,0.77778,0.84383,0.50828,0.82327,0.44444,0.40833,0.20574,2.26689,7.25972,0.39124,1.60976,3.63615,0.000173139,0.000173139,0.000173139
301,463.424,0.9522,4.33458,0.30319,0.38366,0.89599,0.87371,0.76916,0.80625,0.49286,0.80108,0.44775,0.44924,0.20454,2.28269,7.18549,0.39163,1.70254,3.68755,0.000172714,0.000172714,0.000172714
302,464.921,0.86996,4.06095,0.3009,0.37041,0.96541,0.8212,0.76603,0.80318,0.50326,0.79747,0.44444,0.4244,0.22175,2.43186,7.54704,0.3981,1.62203,4.05986,0.00017229,0.00017229,0.00017229
303,466.408,0.8647,3.80711,0.29387,0.36183,0.91016,0.86647,0.72107,0.7967,0.50793,0.75077,0.44444,0.4055,0.2059,2.5135,7.608,0.39982,1.57939,4.2886,0.000171866,0.000171866,0.000171866
304,467.859,0.75909,3.64606,0.30652,0.35547,0.91646,0.86626,0.71987,0.74649,0.49714,0.69892,0.44444,0.40181,0.20714,2.65259,7.79956,0.40422,1.36792,4.5334,0.000171441,0.000171441,0.000171441
305,469.348,0.77478,3.74026,0.32196,0.35435,0.9851,0.81095,0.71535,0.75249,0.47979,0.62747,0.38889,0.3511,0.19676,2.64814,7.96804,0.4054,1.38126,4.37008,0.000171017,0.000171017,0.000171017
306,470.817,0.82716,3.89607,0.29387,0.35677,0.98717,0.84935,0.66667,0.7939,0.4886,0.62961,0.38889,0.35825,0.20627,2.62599,8.04231,0.4033,1.47409,4.2465,0.000170593,0.000170593,0.000170593
307,472.294,0.81808,3.82071,0.31119,0.36596,0.91475,0.91594,0.60579,0.78044,0.46993,0.63119,0.38889,0.35825,0.19931,2.64884,8.1502,0.40451,1.63967,4.21476,0.000170169,0.000170169,0.000170169
308,473.754,0.72609,3.81188,0.30154,0.33547,0.95497,1,0.60728,0.76963,0.45367,0.69331,0.38889,0.35429,0.19998,2.68716,8.2147,0.405,1.5763,4.35284,0.000169744,0.000169744,0.000169744
309,475.246,0.81051,3.62904,0.30988,0.38106,0.92562,0.99946,0.61111,0.78,0.46734,0.69016,0.38889,0.35429,0.20615,2.70649,8.15043,0.40228,1.45368,4.52745,0.00016932,0.00016932,0.00016932
310,476.711,0.77576,3.6919,0.29884,0.36059,0.97417,0.99421,0.61111,0.73422,0.45828,0.69783,0.38889,0.3496,0.20997,2.71749,8.0744,0.40149,1.37715,4.60028,0.000168896,0.000168896,0.000168896
311,478.17,0.82341,3.92183,0.31833,0.35566,0.98537,0.9884,0.61111,0.74122,0.45334,0.71516,0.44444,0.3861,0.22138,2.66524,7.88025,0.40115,1.37973,4.5736,0.000168471,0.000168471,0.000168471
312,479.638,0.7499,3.48685,0.32864,0.34264,0.942,0.92757,0.71205,0.75756,0.46211,0.71682,0.44444,0.3861,0.22616,2.69334,7.89435,0.40063,1.3455,4.64671,0.000168047,0.000168047,0.000168047
313,481.108,0.75528,3.87733,0.31887,0.34762,0.90963,0.85903,0.67766,0.7395,0.47957,0.72309,0.44444,0.39871,0.24309,2.73871,7.80746,0.39855,1.28952,4.82494,0.000167623,0.000167623,0.000167623
314,482.573,0.85617,3.62001,0.29514,0.35445,0.92441,0.86504,0.72222,0.78117,0.50392,0.72687,0.44444,0.39871,0.23814,2.70776,7.74139,0.399,1.22157,4.77782,0.000167199,0.000167199,0.000167199
315,484.069,0.78562,3.98827,0.32977,0.35714,0.88305,0.83054,0.72222,0.79013,0.51662,0.7298,0.44444,0.4055,0.23374,2.68707,7.71349,0.39921,1.1389,4.76772,0.000166774,0.000166774,0.000166774
316,485.546,0.79046,3.61838,0.29537,0.34301,0.9208,0.81421,0.73083,0.79242,0.52601,0.73173,0.44444,0.39871,0.21911,2.66591,7.57979,0.39558,1.21517,4.6312,0.00016635,0.00016635,0.00016635
317,487.027,0.75138,4.0123,0.29996,0.35217,0.92806,0.81773,0.74858,0.78758,0.52288,0.72524,0.44444,0.40729,0.22237,2.67679,7.57134,0.39948,1.25945,4.64923,0.000165926,0.000165926,0.000165926
318,488.45,0.77627,3.67722,0.31737,0.34761,0.94643,0.92246,0.66133,0.74879,0.49402,0.7181,0.44444,0.39324,0.19786,2.67261,7.52133,0.39935,1.29702,4.55254,0.000165501,0.000165501,0.000165501
319,489.856,0.74378,4.06386,0.29745,0.37672,0.9782,0.91116,0.66667,0.7897,0.49188,0.71873,0.44444,0.40895,0.20661,2.64938,7.55475,0.40545,1.23317,4.5672,0.000165077,0.000165077,0.000165077
320,491.306,0.86243,3.7168,0.29538,0.35857,0.88729,0.86682,0.72325,0.8142,0.50955,0.71864,0.44444,0.40895,0.21456,2.62818,7.52676,0.40974,1.16286,4.59233,0.000164653,0.000164653,0.000164653
321,492.794,0.75311,3.70713,0.28869,0.3434,0.94335,0.88149,0.77778,0.81433,0.52231,0.72025,0.44444,0.42675,0.25797,2.6292,7.63065,0.41006,0.97497,4.81105,0.000164229,0.000164229,0.000164229
322,494.67,0.86106,3.79091,0.31468,0.35176,0.8469,0.93284,0.77203,0.84967,0.52233,0.72061,0.44444,0.423,0.25687,2.59374,7.72843,0.41054,1.00027,4.60366,0.000163804,0.000163804,0.000163804
323,496.141,0.78365,3.78817,0.31679,0.35549,0.94777,0.93284,0.77207,0.84648,0.50417,0.63694,0.5,0.44714,0.25281,2.6229,7.75847,0.41139,1.03115,4.58058,0.00016338,0.00016338,0.00016338
324,497.593,0.71085,3.67318,0.32316,0.32912,0.86334,1,0.72153,0.84821,0.51045,0.74328,0.5,0.455,0.24396,2.64549,7.76387,0.41152,1.04491,4.48477,0.000162956,0.000162956,0.000162956
325,499.062,0.80944,3.88674,0.33764,0.34992,0.92972,1,0.71633,0.81184,0.50268,0.73896,0.5,0.455,0.241,2.65916,7.75334,0.40996,1.06907,4.48293,0.000162531,0.000162531,0.000162531
326,500.551,0.81866,3.72099,0.30174,0.34586,0.90427,1,0.71828,0.80889,0.49996,0.74044,0.5,0.45375,0.23015,2.64447,7.72072,0.40946,1.06294,4.44827,0.000162107,0.000162107,0.000162107
327,502.014,0.78241,3.85152,0.31391,0.34724,0.93564,1,0.71341,0.76389,0.50241,0.74125,0.5,0.4475,0.23252,2.65476,7.69352,0.40991,1.04511,4.52603,0.000161683,0.000161683,0.000161683
328,503.459,0.73478,3.59167,0.30877,0.32763,0.9225,0.92273,0.72222,0.80756,0.50207,0.73948,0.5,0.4475,0.22705,2.66414,7.69152,0.41194,1.06055,4.659,0.000161259,0.000161259,0.000161259
329,504.95,0.78299,3.64322,0.3506,0.35795,0.97178,0.92807,0.71712,0.80475,0.48869,0.73611,0.5,0.44067,0.21966,2.68699,7.87669,0.42249,1.26522,4.70336,0.000160834,0.000160834,0.000160834
330,506.405,0.79636,3.71592,0.30829,0.33877,0.84743,0.9901,0.66667,0.80103,0.48981,0.73767,0.5,0.43929,0.19846,2.68989,7.95989,0.41936,1.45972,4.60455,0.00016041,0.00016041,0.00016041
331,507.86,0.79106,3.72773,0.30417,0.3528,0.88971,0.91695,0.66667,0.78237,0.48569,0.53486,0.33333,0.29939,0.17413,2.71998,7.93219,0.42408,1.44329,4.80636,0.000159986,0.000159986,0.000159986
332,509.337,0.74752,3.68722,0.30817,0.32992,0.90073,0.91754,0.66667,0.73059,0.46542,0.71378,0.44444,0.413,0.19412,2.71655,7.96769,0.4182,1.51375,4.82099,0.000159561,0.000159561,0.000159561
333,510.788,0.93059,3.67047,0.32011,0.36876,0.85008,0.919,0.66667,0.6983,0.45989,0.72005,0.44444,0.413,0.19503,2.72621,7.98528,0.41389,1.56163,4.79269,0.000159137,0.000159137,0.000159137
334,512.266,0.72372,3.67271,0.29032,0.33476,0.85331,0.92284,0.66458,0.6983,0.45887,0.72727,0.44444,0.4055,0.2017,2.70532,7.99828,0.40785,1.68101,4.49439,0.000158713,0.000158713,0.000158713
335,513.745,0.83599,3.48252,0.30775,0.34568,0.88302,0.92235,0.66034,0.6983,0.46319,0.75552,0.44444,0.4055,0.21231,2.71946,8.02629,0.40851,1.80942,4.31002,0.000158289,0.000158289,0.000158289
336,515.256,0.75347,3.66946,0.29081,0.33659,0.91925,0.99118,0.61111,0.69891,0.47002,0.77539,0.44444,0.40729,0.20709,2.73324,8.02482,0.40965,1.85898,4.21321,0.000157864,0.000157864,0.000157864
337,516.774,0.76398,3.57418,0.27912,0.34293,0.84821,0.99293,0.61111,0.69891,0.45864,0.7886,0.44444,0.42056,0.21507,2.688,8.03846,0.40759,2.08807,4.07356,0.00015744,0.00015744,0.00015744
338,518.279,0.77401,3.30977,0.3181,0.35736,0.92203,0.92255,0.66212,0.66115,0.46197,0.69576,0.38889,0.35817,0.20883,2.65173,8.02594,0.40257,2.27498,3.91851,0.000157016,0.000157016,0.000157016
339,519.738,0.78754,3.5138,0.28772,0.33067,0.89495,1,0.66248,0.717,0.46083,0.70339,0.38889,0.34944,0.20472,2.67642,7.98087,0.39367,2.21712,4.01777,0.000156591,0.000156591,0.000156591
340,521.201,0.84332,3.41488,0.33266,0.35252,0.92191,0.92741,0.71047,0.72071,0.46903,0.80987,0.44444,0.42056,0.21592,2.67622,8.08264,0.39617,2.31906,3.90567,0.000156167,0.000156167,0.000156167
341,522.667,0.78606,3.31478,0.30413,0.33459,0.89491,0.89557,0.72222,0.71714,0.47842,0.81287,0.44444,0.42056,0.21504,2.66619,8.16998,0.40225,2.44881,3.8319,0.000155743,0.000155743,0.000155743
342,524.143,0.73627,3.67431,0.32509,0.33494,0.92045,0.87939,0.72222,0.71714,0.47842,0.79419,0.44444,0.42056,0.23503,2.65344,8.14626,0.39971,2.5002,3.82856,0.000155319,0.000155319,0.000155319
343,525.592,0.70634,3.50734,0.30428,0.32281,0.86306,0.86411,0.72222,0.71714,0.48251,0.78837,0.44444,0.42056,0.23937,2.60828,8.10978,0.39348,2.70423,3.73091,0.000154894,0.000154894,0.000154894
344,527.068,0.8012,3.58318,0.31153,0.34408,0.88779,0.88867,0.72222,0.71714,0.47286,0.7797,0.44444,0.42056,0.24445,2.63052,8.11183,0.39077,2.72203,3.78866,0.00015447,0.00015447,0.00015447
345,528.52,0.81237,3.37209,0.28814,0.34671,0.89311,0.92214,0.66667,0.66115,0.43811,0.78352,0.44444,0.4055,0.2045,2.6634,8.14018,0.39615,2.51318,3.7346,0.000154046,0.000154046,0.000154046
346,529.983,0.66786,3.29689,0.31,0.33414,0.96902,0.92752,0.71156,0.71714,0.451,0.79885,0.44158,0.4055,0.2105,2.67279,8.13453,0.39992,2.1898,3.81927,0.000153621,0.000153621,0.000153621
347,531.444,0.7924,3.78824,0.30416,0.35203,0.93369,0.92762,0.71259,0.7596,0.45587,0.79012,0.44444,0.4055,0.22265,2.64638,8.07157,0.40141,2.00611,3.89542,0.000153197,0.000153197,0.000153197
348,532.918,0.70907,3.59826,0.30098,0.33171,0.86323,0.78947,0.83333,0.81446,0.48547,0.76513,0.44444,0.4055,0.24684,2.66646,8.04254,0.40709,1.73261,4.11742,0.000152773,0.000152773,0.000152773
349,534.358,0.8057,3.50508,0.31473,0.35278,0.91339,0.92751,0.7115,0.82438,0.50404,0.78967,0.44444,0.42056,0.25572,2.61579,7.95916,0.40267,1.67599,4.06037,0.000152349,0.000152349,0.000152349
350,535.829,0.74878,3.35871,0.29531,0.34116,0.93817,0.88235,0.83333,0.82438,0.49963,0.79719,0.44444,0.42056,0.25347,2.61344,7.97323,0.40427,1.71156,3.99654,0.000151924,0.000151924,0.000151924
351,537.293,0.79575,3.62863,0.28523,0.34184,0.86745,0.83333,0.83333,0.815,0.48049,0.7997,0.44444,0.42056,0.23658,2.60534,8.09347,0.40802,1.82335,3.94419,0.0001515,0.0001515,0.0001515
352,538.746,0.79846,3.85248,0.31124,0.34757,0.84097,0.78947,0.83333,0.815,0.47739,0.79997,0.44444,0.42056,0.21971,2.59557,8.06203,0.40522,1.97252,4.04334,0.000151076,0.000151076,0.000151076
353,540.202,0.72065,3.45076,0.32192,0.33032,0.9302,0.83331,0.83333,0.8142,0.45726,0.82903,0.44444,0.42056,0.19172,2.64709,8.0701,0.40934,1.99376,4.34939,0.000150651,0.000150651,0.000150651
354,541.668,0.65616,3.58627,0.29608,0.31355,0.84215,0.88165,0.72222,0.81777,0.46249,0.83392,0.44444,0.42056,0.21377,2.66608,7.95212,0.40921,1.8837,4.45388,0.000150227,0.000150227,0.000150227
355,543.146,0.8703,3.52551,0.29069,0.35051,0.8413,0.8698,0.74313,0.81777,0.46736,0.83688,0.44444,0.41389,0.23579,2.66138,7.85408,0.41408,1.79223,4.52762,0.000149803,0.000149803,0.000149803
356,544.622,0.71779,3.24451,0.28202,0.31455,0.82435,0.86963,0.74199,0.815,0.46687,0.83935,0.44444,0.41389,0.23659,2.67769,7.89229,0.41378,1.71049,4.38173,0.000149379,0.000149379,0.000149379
357,546.098,0.81435,3.33245,0.28168,0.33471,0.85546,0.86309,0.70135,0.80279,0.4786,0.83962,0.44444,0.41389,0.24778,2.68801,7.92921,0.41484,1.69971,4.3559,0.000148954,0.000148954,0.000148954
358,547.591,0.83357,3.95501,0.33548,0.35735,0.82088,0.68182,0.83333,0.8,0.46798,0.82087,0.44444,0.41389,0.24033,2.70344,7.93491,0.4166,1.77689,4.41415,0.00014853,0.00014853,0.00014853
359,549.072,0.77463,3.60835,0.29797,0.34107,0.84651,0.68291,0.83333,0.797,0.47668,0.81458,0.44444,0.41389,0.23276,2.69856,7.97046,0.41814,1.66982,4.4219,0.000148106,0.000148106,0.000148106
360,550.516,0.81638,3.38449,0.32351,0.34554,0.85825,0.92536,0.68976,0.79536,0.48054,0.82255,0.44444,0.40833,0.21231,2.68502,7.95469,0.41632,1.52899,4.43367,0.000147681,0.000147681,0.000147681
361,551.959,0.7421,3.83633,0.31672,0.33442,0.91121,0.92143,0.65242,0.79379,0.5238,0.81248,0.44444,0.40833,0.24929,2.63654,7.8676,0.41566,1.53433,4.42658,0.000147257,0.000147257,0.000147257
362,553.422,0.92171,3.40877,0.2855,0.36205,0.87137,0.86581,0.7172,0.79651,0.53172,0.80803,0.44444,0.40833,0.25565,2.61907,7.82964,0.4206,1.63368,4.40309,0.000146833,0.000146833,0.000146833
363,555.293,0.87044,3.22156,0.31401,0.34773,0.8834,0.86915,0.73875,0.8,0.53406,0.7991,0.44444,0.40833,0.25351,2.61239,7.82298,0.42163,1.73041,4.37527,0.000146409,0.000146409,0.000146409
364,557.179,0.77056,3.5654,0.31755,0.3279,0.83485,0.8456,0.72222,0.75433,0.52723,0.79629,0.44444,0.40833,0.24308,2.6188,7.77888,0.41831,1.76966,4.40384,0.000145984,0.000145984,0.000145984
365,558.642,0.73917,3.74145,0.31122,0.32218,0.93709,1,0.66079,0.75559,0.52626,0.79414,0.44444,0.40833,0.24308,2.5465,7.684,0.41109,1.91074,4.23069,0.00014556,0.00014556,0.00014556
366,560.081,0.8107,3.69133,0.28918,0.34266,0.92512,0.99531,0.66667,0.75559,0.52583,0.79301,0.44444,0.40833,0.24054,2.50147,7.63939,0.40861,2.08065,4.08879,0.000145136,0.000145136,0.000145136
367,561.517,0.82282,3.14902,0.30767,0.34389,0.90412,0.97851,0.66667,0.75818,0.51873,0.78819,0.44444,0.39925,0.22367,2.47371,7.70969,0.40995,2.20388,4.06514,0.000144711,0.000144711,0.000144711
368,562.952,0.72795,3.48877,0.30627,0.3185,0.81742,0.87183,0.75667,0.76125,0.51938,0.79166,0.44444,0.39925,0.21037,2.4805,7.78929,0.41148,2.20426,4.15858,0.000144287,0.000144287,0.000144287
369,564.422,0.83933,3.53086,0.34503,0.3415,0.81477,0.87396,0.77083,0.76089,0.53287,0.77753,0.44444,0.40833,0.21242,2.49056,7.82832,0.41238,2.2756,4.17379,0.000143863,0.000143863,0.000143863
370,565.871,0.75147,3.39209,0.31273,0.32727,0.85043,0.87406,0.77151,0.76089,0.52788,0.7715,0.44444,0.40833,0.22325,2.47533,7.76313,0.41157,2.20913,4.18312,0.000143439,0.000143439,0.000143439
371,567.323,0.72161,3.56024,0.33889,0.33691,0.88354,0.87383,0.76994,0.76089,0.52886,0.7731,0.44444,0.40833,0.22821,2.50592,7.67229,0.41453,2.14341,4.12404,0.000143014,0.000143014,0.000143014
372,568.769,0.84093,3.41075,0.3026,0.35355,0.86907,0.92133,0.72222,0.76446,0.52928,0.78273,0.44444,0.40833,0.24683,2.57224,7.61917,0.4248,1.92394,4.28162,0.00014259,0.00014259,0.00014259
373,570.268,0.70831,3.27603,0.28498,0.32634,0.8479,0.92717,0.72222,0.76875,0.52455,0.78457,0.44444,0.40833,0.23633,2.5131,7.43442,0.42227,2.12236,3.99766,0.000142166,0.000142166,0.000142166
374,571.756,0.8484,3.54436,0.32555,0.33847,0.86623,0.93242,0.76715,0.77167,0.50999,0.7771,0.44444,0.39925,0.20977,2.56023,7.40229,0.42171,2.05963,4.08408,0.000141741,0.000141741,0.000141741
375,573.248,0.72104,3.22193,0.29597,0.31722,0.91556,0.93191,0.76122,0.77167,0.50283,0.78271,0.44444,0.39925,0.2231,2.45167,7.43044,0.41788,2.27991,3.81828,0.000141317,0.000141317,0.000141317
376,574.695,0.85266,3.28089,0.30709,0.34343,0.85308,0.93109,0.7516,0.77167,0.50283,0.78565,0.44444,0.39925,0.24024,2.43773,7.42049,0.42025,2.2957,3.69617,0.000140893,0.000140893,0.000140893
377,576.148,0.7573,3.31963,0.29337,0.34306,0.91322,0.92976,0.73604,0.82167,0.51823,0.79384,0.44444,0.39925,0.27684,2.41974,7.48861,0.41271,2.17984,3.53132,0.000140469,0.000140469,0.000140469
378,578.029,0.7654,3.42404,0.32411,0.33098,0.82201,0.927,0.70637,0.82061,0.5144,0.79441,0.44444,0.4055,0.28589,2.49698,7.6538,0.41506,2.02702,3.62714,0.000140044,0.000140044,0.000140044
379,579.97,0.69891,3.26943,0.30397,0.32752,0.87582,0.92523,0.68843,0.81267,0.518,0.7944,0.44444,0.4055,0.28589,2.54518,7.76179,0.41487,1.82651,3.70401,0.00013962,0.00013962,0.00013962
380,581.893,0.80528,3.05857,0.29624,0.33441,0.82654,0.8926,0.72222,0.80732,0.50628,0.79438,0.44444,0.4055,0.2951,2.63961,7.7646,0.41075,1.46139,4.0034,0.000139196,0.000139196,0.000139196
381,583.384,0.7537,2.89411,0.28768,0.32796,0.8906,0.90518,0.72222,0.81183,0.50452,0.79556,0.44444,0.41389,0.28571,2.68022,7.72892,0.41075,1.24837,4.25918,0.000138771,0.000138771,0.000138771
382,584.866,0.80986,3.41449,0.28827,0.33662,0.87101,0.93228,0.76544,0.81504,0.52075,0.79642,0.44444,0.41389,0.28826,2.69967,7.73602,0.41961,1.15374,4.41673,0.000138347,0.000138347,0.000138347
383,586.719,0.70891,2.96546,0.29095,0.30488,0.82545,0.93248,0.76784,0.81504,0.51355,0.79502,0.44444,0.41389,0.28061,2.7212,7.68192,0.42553,1.06946,4.57571,0.000137923,0.000137923,0.000137923
384,588.166,0.71774,2.77216,0.292,0.30969,0.81881,0.93263,0.76955,0.851,0.52626,0.79267,0.44444,0.40833,0.26395,2.71943,7.68085,0.42214,1.06935,4.58805,0.000137499,0.000137499,0.000137499
385,589.65,0.69536,2.85627,0.2834,0.31279,0.83931,0.93261,0.76933,0.85727,0.52823,0.79338,0.44444,0.40833,0.28496,2.7507,7.55685,0.41794,1.06431,4.6811,0.000137074,0.000137074,0.000137074
386,591.541,0.8451,3.02532,0.30878,0.33344,0.84515,0.93211,0.76356,0.8077,0.5357,0.79507,0.44444,0.40833,0.28942,2.73595,7.50501,0.41305,1.13896,4.57358,0.00013665,0.00013665,0.00013665
387,593.47,0.91345,3.63827,0.33354,0.36431,0.83148,0.93225,0.76513,0.8077,0.52524,0.79605,0.44444,0.40167,0.28611,2.72325,7.51971,0.41319,1.1869,4.5151,0.000136226,0.000136226,0.000136226
388,594.957,0.73941,2.83045,0.28468,0.32223,0.84967,0.93239,0.76683,0.84806,0.53951,0.79752,0.44444,0.40167,0.27475,2.70979,7.50692,0.41814,1.25533,4.44361,0.000135801,0.000135801,0.000135801
389,596.406,0.85383,3.22052,0.3132,0.33961,0.82002,0.9324,0.7669,0.8556,0.52755,0.7974,0.44444,0.40167,0.25757,2.68668,7.55096,0.4174,1.3559,4.40314,0.000135377,0.000135377,0.000135377
390,597.891,0.79889,3.22333,0.29099,0.3332,0.83172,0.93734,0.83122,0.86125,0.52549,0.79736,0.44444,0.40167,0.25846,2.65615,7.53537,0.41566,1.38454,4.33262,0.000134953,0.000134953,0.000134953
391,599.386,0.77328,3.14685,0.28638,0.32472,0.87761,0.93408,0.78768,0.86336,0.53706,0.79706,0.44444,0.40167,0.26076,2.64028,7.55071,0.41103,1.37058,4.32208,0.000134529,0.000134529,0.000134529
392,600.881,0.76379,3.55958,0.3144,0.33248,0.9456,0.93427,0.79033,0.85935,0.54075,0.79684,0.44444,0.40167,0.26133,2.61709,7.53113,0.41052,1.29218,4.32126,0.000134104,0.000134104,0.000134104
393,602.318,0.68227,3.43448,0.31199,0.33421,0.88274,0.93669,0.82257,0.8175,0.53254,0.7908,0.44444,0.39175,0.24505,2.63934,7.45107,0.40245,1.09619,4.51784,0.00013368,0.00013368,0.00013368
394,603.74,0.80392,3.20362,0.31296,0.33884,0.87381,0.93693,0.82574,0.8175,0.52862,0.78646,0.44444,0.39175,0.25063,2.60198,7.49568,0.39845,1.1694,4.40115,0.000133256,0.000133256,0.000133256
395,605.147,0.64883,2.71997,0.28923,0.31314,0.8662,0.93704,0.82713,0.8175,0.5324,0.78877,0.44444,0.40167,0.2614,2.64837,7.43259,0.39227,1.02475,4.63084,0.000132831,0.000132831,0.000132831
396,606.557,0.80001,3.11733,0.32837,0.34159,0.83777,0.93701,0.82683,0.8175,0.52066,0.78635,0.44444,0.39556,0.26234,2.60484,7.49211,0.38957,1.11819,4.47033,0.000132407,0.000132407,0.000132407
397,607.996,0.88002,3.11862,0.30662,0.33416,0.80093,0.93685,0.82471,0.8175,0.51933,0.7877,0.44444,0.39556,0.27031,2.58526,7.48195,0.39076,1.10714,4.4474,0.000131983,0.000131983,0.000131983
398,609.442,0.75614,2.97148,0.30038,0.3397,0.9094,0.93643,0.81912,0.8175,0.50589,0.79163,0.44444,0.39556,0.27289,2.55892,7.43097,0.39068,1.08866,4.40245,0.000131559,0.000131559,0.000131559
399,610.834,0.71864,3.06014,0.29079,0.32227,0.83191,0.93699,0.8266,0.8175,0.51303,0.80292,0.44444,0.39556,0.26572,2.54244,7.4373,0.39119,1.07237,4.41415,0.000131134,0.000131134,0.000131134
400,612.282,0.7718,2.86063,0.28181,0.32428,0.82666,0.93601,0.81343,0.8175,0.50947,0.83025,0.44444,0.39556,0.25562,2.52062,7.38729,0.39348,1.04127,4.44518,0.00013071,0.00013071,0.00013071
401,613.717,0.77177,2.86448,0.29874,0.33589,0.89463,0.92851,0.77778,0.81327,0.52665,0.83491,0.44444,0.43017,0.27417,2.51576,7.33191,0.39833,1.0688,4.5063,0.000130286,0.000130286,0.000130286
402,615.16,0.7433,3.07496,0.29472,0.32636,0.91323,0.92534,0.77778,0.81327,0.51978,0.74852,0.49637,0.43917,0.27785,2.52299,7.3119,0.39999,1.1172,4.49727,0.000129861,0.000129861,0.000129861
403,616.63,0.68125,3.16486,0.28939,0.31152,0.89263,0.92313,0.77778,0.81033,0.53171,0.74521,0.5,0.43917,0.28979,2.53613,7.29827,0.40208,1.18368,4.51455,0.000129437,0.000129437,0.000129437
404,618.09,0.71166,2.80597,0.28414,0.31772,0.82296,0.92732,0.77778,0.81033,0.52263,0.81951,0.44444,0.43628,0.27034,2.55467,7.34168,0.40894,1.22653,4.54496,0.000129013,0.000129013,0.000129013
405,619.523,0.75274,2.91723,0.31545,0.32852,0.84097,0.9296,0.77778,0.81033,0.53668,0.81842,0.44444,0.43628,0.27509,2.5482,7.36586,0.40795,1.28655,4.49718,0.000128589,0.000128589,0.000128589
406,620.981,0.68862,2.90728,0.32185,0.3126,0.8445,0.85296,0.77778,0.80661,0.54243,0.81812,0.44444,0.40167,0.27123,2.60457,7.39535,0.40966,1.43938,4.61973,0.000128164,0.000128164,0.000128164
407,622.454,0.78833,2.96575,0.31061,0.34083,0.88868,0.92483,0.72222,0.79946,0.53017,0.81102,0.44444,0.40833,0.27195,2.63374,7.43237,0.4081,1.53698,4.68124,0.00012774,0.00012774,0.00012774
408,623.913,0.86121,3.18504,0.31095,0.32614,0.7907,0.92766,0.72222,0.75661,0.51152,0.87127,0.5,0.457,0.26573,2.64706,7.50232,0.41141,1.68568,4.58065,0.000127316,0.000127316,0.000127316
409,625.387,0.74403,2.67984,0.27913,0.32787,0.82452,0.92835,0.72001,0.75661,0.50903,0.86335,0.5,0.457,0.27977,2.57033,7.52298,0.41595,1.86952,4.2918,0.000126891,0.000126891,0.000126891
410,626.859,0.82337,2.76735,0.29342,0.3355,0.83063,0.92834,0.71985,0.75661,0.50264,0.86998,0.5,0.462,0.29847,2.55177,7.51017,0.41441,1.83875,4.20019,0.000126467,0.000126467,0.000126467
411,628.342,0.66255,2.8244,0.2987,0.30106,0.87176,0.92844,0.72087,0.75661,0.49497,0.87602,0.5,0.468,0.29186,2.53614,7.50851,0.41731,1.80479,4.10256,0.000126043,0.000126043,0.000126043
412,629.834,0.81679,2.8326,0.29504,0.3271,0.83766,0.89715,0.72222,0.75661,0.49722,0.78524,0.44444,0.413,0.29366,2.5895,7.5005,0.41532,1.66657,4.22362,0.000125619,0.000125619,0.000125619
413,631.305,0.73908,2.69454,0.29316,0.33157,0.83601,0.92254,0.66204,0.75661,0.48726,0.7871,0.44444,0.40729,0.27889,2.54572,7.58868,0.42641,1.86551,3.89362,0.000125194,0.000125194,0.000125194
414,632.803,0.7507,3.2283,0.29728,0.33757,0.8684,0.86715,0.77778,0.75279,0.48637,0.78672,0.44444,0.40729,0.27949,2.57042,7.64826,0.43098,1.94485,3.85176,0.00012477,0.00012477,0.00012477
415,634.276,0.67527,3.10375,0.312,0.31723,0.81761,0.78947,0.83333,0.80279,0.4999,0.78992,0.44444,0.39157,0.26495,2.55249,7.64919,0.42557,1.96105,3.7507,0.000124346,0.000124346,0.000124346
416,635.724,0.85864,3.01519,0.34012,0.34323,0.80332,0.78947,0.83333,0.80992,0.51146,0.79116,0.44444,0.39925,0.25923,2.52378,7.62847,0.42708,2.07274,3.67796,0.000123921,0.000123921,0.000123921
417,637.208,0.76809,3.22569,0.32561,0.32665,0.84682,0.91147,0.72222,0.79675,0.50547,0.7956,0.44444,0.40167,0.26967,2.44923,7.61124,0.41354,2.15244,3.55059,0.000123497,0.000123497,0.000123497
418,638.678,0.72193,2.75816,0.30151,0.30863,0.8224,0.92842,0.7207,0.7946,0.49246,0.79285,0.44444,0.39175,0.25162,2.41428,7.60412,0.41285,2.27075,3.44879,0.000123073,0.000123073,0.000123073
419,640.143,0.70041,3.02038,0.28855,0.31654,0.84715,0.86345,0.70344,0.79243,0.49424,0.79317,0.44444,0.39175,0.25683,2.3786,7.62095,0.41186,2.33714,3.3263,0.000122649,0.000122649,0.000122649
420,641.616,0.81432,2.83075,0.30972,0.3269,0.82074,0.85756,0.6691,0.79104,0.49539,0.7938,0.44444,0.39175,0.26141,2.35336,7.59395,0.41264,2.44554,3.32776,0.000122224,0.000122224,0.000122224
421,643.107,0.77422,2.81265,0.30221,0.3281,0.83425,0.92452,0.72222,0.75175,0.49406,0.79409,0.44444,0.39175,0.26075,2.35211,7.55062,0.41184,2.39889,3.37414,0.0001218,0.0001218,0.0001218
422,644.569,0.71494,3.31453,0.31053,0.32339,0.84152,0.86595,0.72222,0.75175,0.50328,0.79284,0.44444,0.42637,0.28657,2.35399,7.44059,0.40799,2.36006,3.43618,0.000121376,0.000121376,0.000121376
423,646.062,0.90256,3.12578,0.31676,0.34143,0.83407,0.85623,0.72222,0.74351,0.50118,0.79296,0.44444,0.42637,0.30343,2.3418,7.34109,0.39973,2.27308,3.51624,0.000120951,0.000120951,0.000120951
424,647.57,0.69309,3.13387,0.27688,0.31571,0.81952,0.85331,0.72222,0.74651,0.51209,0.73576,0.5,0.42925,0.30319,2.33285,7.34892,0.39319,2.23159,3.59915,0.000120527,0.000120527,0.000120527
425,649.06,0.68756,2.90717,0.28759,0.31514,0.80383,0.85755,0.72222,0.74651,0.49849,0.7484,0.49609,0.42925,0.3058,2.32004,7.39073,0.3926,2.31037,3.78143,0.000120103,0.000120103,0.000120103
426,650.528,0.79847,3.07983,0.28829,0.33678,0.87591,0.8346,0.72222,0.74651,0.49829,0.74796,0.49501,0.42925,0.2898,2.38102,7.47447,0.39732,2.40965,3.77916,0.000119679,0.000119679,0.000119679
427,652.006,0.71127,2.65592,0.28639,0.30889,0.88115,0.8573,0.72222,0.74151,0.48009,0.74803,0.49519,0.44,0.27696,2.39582,7.55014,0.3981,2.41467,3.82082,0.000119254,0.000119254,0.000119254
428,653.498,0.75528,3.11756,0.28797,0.32885,0.83659,0.85876,0.72222,0.74151,0.48028,0.74955,0.49889,0.4475,0.26624,2.41306,7.58242,0.3993,2.43978,3.79553,0.00011883,0.00011883,0.00011883
429,654.973,0.67598,2.78475,0.30479,0.305,0.82811,0.87152,0.7546,0.75279,0.49856,0.74348,0.5,0.4505,0.286,2.42045,7.56799,0.39822,2.32872,3.87877,0.000118406,0.000118406,0.000118406
430,656.441,0.70079,2.80926,0.29862,0.31224,0.8509,0.87407,0.77157,0.76089,0.49197,0.79676,0.5,0.455,0.30205,2.41927,7.5335,0.3986,2.227,3.97734,0.000117981,0.000117981,0.000117981
431,657.905,0.65827,2.71032,0.29745,0.30226,0.85915,0.82272,0.77368,0.75151,0.49635,0.80412,0.5,0.468,0.30012,2.41571,7.41464,0.39413,2.11583,4.11021,0.000117557,0.000117557,0.000117557
432,659.389,0.74029,3.21145,0.28336,0.319,0.85913,1,0.66229,0.75818,0.49535,0.8032,0.5,0.468,0.31345,2.43396,7.40488,0.39609,2.02422,4.3361,0.000117133,0.000117133,0.000117133
433,660.871,0.72517,3.00494,0.31613,0.32072,0.84336,0.99294,0.66667,0.75559,0.50469,0.79625,0.5,0.455,0.30425,2.63329,7.40654,0.39459,1.81739,4.94932,0.000116709,0.000116709,0.000116709
434,662.345,0.67525,3.01604,0.30616,0.31115,0.89542,0.99198,0.66667,0.75559,0.50469,0.79224,0.5,0.455,0.27922,2.6251,7.41253,0.3942,1.82668,4.9483,0.000116284,0.000116284,0.000116284
435,663.812,0.703,2.7648,0.2983,0.29397,0.79594,0.98949,0.66667,0.75264,0.51541,0.78301,0.5,0.4475,0.30242,2.61653,7.3742,0.39286,1.87536,4.76244,0.00011586,0.00011586,0.00011586
436,665.264,0.61523,2.5788,0.29798,0.2894,0.87164,0.98876,0.66667,0.75589,0.51702,0.7412,0.5,0.443,0.29683,2.52776,7.36819,0.39389,2.08218,4.19339,0.000115436,0.000115436,0.000115436
437,666.746,0.77752,2.62218,0.32288,0.3185,0.87143,0.92777,0.7141,0.7596,0.51,0.74055,0.5,0.443,0.30637,2.57122,7.33284,0.39264,1.94109,4.35723,0.000115011,0.000115011,0.000115011
438,668.195,0.81098,3.00233,0.28442,0.37386,0.83628,0.86667,0.72226,0.76446,0.51364,0.82452,0.55556,0.512,0.3131,2.56079,7.32811,0.39209,1.89398,4.29401,0.000114587,0.000114587,0.000114587
439,670.07,0.66988,2.93148,0.28843,0.30846,0.82417,0.9275,0.71143,0.8028,0.51136,0.74216,0.5,0.443,0.31303,2.58926,7.32928,0.39361,1.83218,4.34659,0.000114163,0.000114163,0.000114163
440,671.556,0.72767,2.91123,0.31709,0.31393,0.85006,0.92711,0.70749,0.80102,0.51329,0.74001,0.5,0.44,0.29555,2.58038,7.40832,0.39535,1.87166,4.29301,0.000113739,0.000113739,0.000113739
441,673.053,0.79544,2.84371,0.31602,0.32808,0.8318,1,0.66498,0.80089,0.50621,0.71873,0.44444,0.38739,0.26467,2.58224,7.48609,0.39126,1.94557,4.18021,0.000113314,0.000113314,0.000113314
442,674.528,0.68652,3.06971,0.30703,0.30184,0.85398,1,0.66231,0.80321,0.50886,0.79833,0.44028,0.39175,0.27205,2.53631,7.50224,0.3921,2.00365,4.05328,0.00011289,0.00011289,0.00011289
443,675.992,0.65,3.0423,0.2914,0.31139,0.87201,0.92282,0.72222,0.79516,0.51708,0.79155,0.44444,0.39175,0.27108,2.46368,7.51583,0.39229,2.17175,3.83764,0.000112466,0.000112466,0.000112466
444,677.458,0.63663,3.02119,0.30702,0.31189,0.86689,0.92254,0.66202,0.78018,0.50096,0.79371,0.44444,0.39175,0.26998,2.44293,7.54291,0.39324,2.24612,3.74053,0.000112041,0.000112041,0.000112041
445,678.951,0.60831,2.97003,0.28273,0.29333,0.82661,0.89229,0.66667,0.78018,0.48237,0.89417,0.5,0.4455,0.26421,2.47559,7.57384,0.39529,2.16747,3.79445,0.000111617,0.000111617,0.000111617
446,680.429,0.62801,2.83361,0.28318,0.29528,0.82197,0.90446,0.66667,0.78174,0.47053,0.79284,0.44444,0.38488,0.26801,2.52944,7.64537,0.39246,2.06643,3.87771,0.000111193,0.000111193,0.000111193
447,681.912,0.59456,2.87492,0.28973,0.28532,0.8444,0.92777,0.71409,0.75832,0.46404,0.79142,0.44444,0.39175,0.27335,2.55201,7.61514,0.38866,2.03731,3.90571,0.000110769,0.000110769,0.000110769
448,683.382,0.76202,2.78238,0.29857,0.32743,0.82417,1,0.71995,0.76389,0.47084,0.7867,0.44444,0.39925,0.28302,2.56803,7.59434,0.38676,1.91133,3.98268,0.000110344,0.000110344,0.000110344
449,684.849,0.72215,2.83822,0.29794,0.30506,0.80063,0.99964,0.72222,0.8048,0.50455,0.77934,0.44444,0.39175,0.28022,2.49683,7.42114,0.38987,1.92354,3.82189,0.00010992,0.00010992,0.00010992
450,686.315,0.7611,2.56447,0.30708,0.31025,0.79147,1,0.71887,0.80675,0.49636,0.78191,0.44444,0.38488,0.25923,2.44262,7.31604,0.39123,2.01674,3.71596,0.000109496,0.000109496,0.000109496
451,687.754,0.65124,2.84904,0.30184,0.29825,0.80811,1,0.7162,0.76184,0.47383,0.78461,0.44444,0.39175,0.28897,2.42321,7.27963,0.39177,2.06722,3.62249,0.000109071,0.000109071,0.000109071
452,689.144,0.70495,2.88488,0.29725,0.33273,0.83054,0.99171,0.66667,0.76446,0.48596,0.88651,0.5,0.451,0.29581,2.40592,7.2338,0.39407,2.05815,3.60369,0.000108647,0.000108647,0.000108647
453,690.589,0.81944,3.29225,0.32936,0.32675,0.78528,0.99049,0.66667,0.80041,0.50599,0.88703,0.5,0.451,0.29681,2.36516,7.16314,0.39345,2.18405,3.55742,0.000108223,0.000108223,0.000108223
454,692.035,0.73907,2.75643,0.31158,0.31063,0.8367,0.78947,0.83333,0.80756,0.5027,0.884,0.5,0.451,0.29464,2.4036,7.27061,0.39645,2.09447,3.6758,0.000107799,0.000107799,0.000107799
455,693.497,0.80946,2.73239,0.33624,0.32243,0.79563,0.92651,0.70141,0.72071,0.4704,0.88653,0.5,0.451,0.29464,2.40006,7.33907,0.39749,2.16705,3.67773,0.000107374,0.000107374,0.000107374
456,694.999,0.7199,3.08093,0.27827,0.30617,0.82464,0.92686,0.70492,0.76189,0.49669,0.7982,0.44444,0.39925,0.29922,2.44851,7.44815,0.40279,2.18499,3.77353,0.00010695,0.00010695,0.00010695
457,696.467,0.65892,2.66551,0.27374,0.29698,0.80103,0.82353,0.77778,0.75174,0.48775,0.71947,0.44444,0.39489,0.26582,2.5054,7.63455,0.40869,2.15884,4.00004,0.000106526,0.000106526,0.000106526
458,697.942,0.71628,2.57563,0.30356,0.32086,0.85526,0.91631,0.66667,0.71315,0.46211,0.7192,0.44444,0.40114,0.2864,2.43127,7.67782,0.41145,2.31891,3.81202,0.000106101,0.000106101,0.000106101
459,699.418,0.65662,2.87857,0.30129,0.29994,0.87535,0.92285,0.66471,0.71315,0.47181,0.80959,0.5,0.4548,0.29627,2.44075,7.58865,0.40723,2.29571,3.8867,0.000105677,0.000105677,0.000105677
460,700.869,0.78267,2.81278,0.30262,0.34012,0.83819,0.77778,0.77778,0.75433,0.49095,0.80847,0.5,0.4548,0.29945,2.46705,7.52914,0.40361,2.20971,3.92017,0.000105253,0.000105253,0.000105253
461,702.312,0.64661,2.73569,0.30689,0.28799,0.88588,0.77778,0.77778,0.75174,0.49332,0.80761,0.5,0.4548,0.30182,2.44602,7.48738,0.4027,2.14259,3.8852,0.000104829,0.000104829,0.000104829
462,703.735,0.74316,2.71422,0.32175,0.31339,0.85133,0.77778,0.77778,0.75204,0.48751,0.80797,0.5,0.4548,0.29864,2.44285,7.48167,0.40184,2.10721,3.86084,0.000104404,0.000104404,0.000104404
463,705.188,0.7935,2.53804,0.27254,0.31963,0.78063,0.77778,0.77778,0.75151,0.4885,0.71513,0.44444,0.40114,0.28778,2.40511,7.52732,0.40398,2.1308,3.8143,0.00010398,0.00010398,0.00010398
464,706.661,0.72167,3.24635,0.29877,0.31684,0.81269,0.77778,0.77778,0.755,0.49543,0.79746,0.4381,0.4055,0.27389,2.40163,7.59982,0.40474,2.1496,3.79502,0.000103556,0.000103556,0.000103556
465,708.098,0.70679,2.52006,0.32123,0.29864,0.82062,0.73684,0.77778,0.75151,0.48664,0.7797,0.44444,0.4055,0.27576,2.32938,7.69048,0.40723,2.21182,3.80743,0.000103131,0.000103131,0.000103131
466,709.533,0.7256,2.55724,0.28797,0.32061,0.82413,0.77778,0.77778,0.75151,0.48664,0.77673,0.44444,0.4055,0.28786,2.36008,7.71081,0.4081,2.22524,3.79394,0.000102707,0.000102707,0.000102707
467,710.961,0.72292,2.72609,0.30355,0.31041,0.85801,0.77778,0.77778,0.74922,0.48207,0.78057,0.44444,0.39925,0.28201,2.43054,7.74798,0.40982,2.20791,3.85704,0.000102283,0.000102283,0.000102283
468,712.459,0.67254,3.02562,0.28355,0.33777,0.85673,0.77778,0.77778,0.74922,0.47401,0.78236,0.44444,0.4055,0.28932,2.48808,7.78196,0.41248,2.20134,3.90229,0.000101859,0.000101859,0.000101859
469,713.916,0.87906,3.27773,0.28962,0.33578,0.81491,0.99269,0.61111,0.71033,0.46623,0.78532,0.44444,0.4055,0.29368,2.50346,7.82264,0.41675,2.24852,3.85777,0.000101434,0.000101434,0.000101434
470,715.379,0.82244,2.69095,0.28381,0.31537,0.79262,0.99602,0.61111,0.71033,0.46598,0.78668,0.44444,0.4055,0.28823,2.4785,7.7888,0.41665,2.31963,3.79079,0.00010101,0.00010101,0.00010101
471,716.835,0.64805,2.55602,0.2767,0.28365,0.82347,0.9993,0.61111,0.74367,0.48038,0.78578,0.44444,0.4055,0.29654,2.46507,7.75138,0.4155,2.34257,3.70872,0.000100586,0.000100586,0.000100586
472,718.302,0.71964,3.16021,0.30372,0.30066,0.84837,1,0.60344,0.75151,0.48941,0.78689,0.44444,0.4055,0.31056,2.46183,7.71815,0.41708,2.27128,3.72547,0.000100161,0.000100161,0.000100161
473,719.763,0.79551,3.22304,0.30001,0.32089,0.80041,0.92262,0.66271,0.75204,0.49304,0.77908,0.44444,0.4055,0.29609,2.47534,7.63455,0.41374,2.12801,3.82324,9.97371e-05,9.97371e-05,9.97371e-05
474,721.226,0.63852,2.84889,0.30395,0.29771,0.85827,0.90566,0.72222,0.75403,0.49306,0.79229,0.44444,0.41389,0.2839,2.48859,7.63031,0.41254,2.09015,3.88642,9.93129e-05,9.93129e-05,9.93129e-05
475,722.667,0.70081,2.8512,0.30631,0.31042,0.81991,0.89066,0.72222,0.75175,0.48583,0.76979,0.44444,0.4055,0.28339,2.54635,7.63638,0.41023,2.039,4.02938,9.88886e-05,9.88886e-05,9.88886e-05
476,724.128,0.72604,2.88634,0.30227,0.31186,0.8299,0.92829,0.71937,0.79256,0.49346,0.77492,0.44444,0.39925,0.27689,2.58113,7.68896,0.411,1.97695,4.15547,9.84643e-05,9.84643e-05,9.84643e-05
477,725.562,0.72632,2.81816,0.28407,0.29774,0.82493,0.92751,0.71144,0.78877,0.4912,0.78189,0.44444,0.39925,0.27094,2.58748,7.74004,0.41244,1.93647,4.18979,9.804e-05,9.804e-05,9.804e-05
478,727.037,0.83847,2.63236,0.28617,0.33593,0.80403,0.92777,0.71416,0.79061,0.4951,0.78501,0.44444,0.39925,0.26258,2.57652,7.75755,0.41195,1.88439,4.17872,9.76157e-05,9.76157e-05,9.76157e-05
479,728.507,0.67965,2.94424,0.28772,0.30261,0.78959,0.92766,0.71303,0.7946,0.50897,0.79467,0.44444,0.39925,0.27903,2.54498,7.76775,0.41178,1.83236,4.14269,9.71914e-05,9.71914e-05,9.71914e-05
480,729.962,0.77682,2.65793,0.28859,0.31031,0.84317,0.92724,0.70873,0.78877,0.50628,0.79946,0.4431,0.39925,0.27403,2.50492,7.76043,0.41234,1.85243,4.02097,9.67671e-05,9.67671e-05,9.67671e-05
481,731.44,0.66823,3.19646,0.3001,0.29992,0.81363,0.91559,0.66667,0.77775,0.50349,0.79715,0.44444,0.39175,0.25058,2.44722,7.74772,0.41085,1.99176,3.82109,9.63429e-05,9.63429e-05,9.63429e-05
482,732.904,0.68743,2.96704,0.30399,0.30662,0.84621,0.91101,0.66667,0.77775,0.50349,0.79541,0.44444,0.39175,0.2573,2.39925,7.77403,0.4137,1.98992,3.73966,9.59186e-05,9.59186e-05,9.59186e-05
483,734.346,0.58438,2.70161,0.28772,0.27102,0.82468,0.91086,0.66667,0.77445,0.49112,0.79262,0.44444,0.39175,0.26248,2.44687,7.7616,0.41494,1.88746,3.77422,9.54943e-05,9.54943e-05,9.54943e-05
484,735.821,0.68336,3.14208,0.296,0.3083,0.81922,0.91378,0.66667,0.78331,0.50663,0.79092,0.44444,0.39175,0.26298,2.4864,7.69642,0.4091,1.77481,3.89879,9.507e-05,9.507e-05,9.507e-05
485,737.29,0.74928,2.83445,0.29923,0.31571,0.79562,0.93855,0.66667,0.79472,0.50529,0.78877,0.44444,0.39175,0.27624,2.49766,7.66654,0.40615,1.68526,3.95234,9.46457e-05,9.46457e-05,9.46457e-05
486,738.729,0.71088,2.46772,0.31902,0.30525,0.8303,0.98061,0.66667,0.79502,0.50617,0.78581,0.44444,0.39175,0.28456,2.49387,7.64689,0.40696,1.73072,3.94584,9.42214e-05,9.42214e-05,9.42214e-05
487,740.211,0.79114,2.96014,0.29777,0.31758,0.80312,0.97631,0.66667,0.79731,0.50962,0.79472,0.44444,0.40167,0.29072,2.48963,7.65731,0.40781,1.71878,3.92036,9.37971e-05,9.37971e-05,9.37971e-05
488,741.708,0.82361,2.57332,0.32562,0.3233,0.79477,0.92751,0.71151,0.76189,0.50032,0.79333,0.44444,0.40167,0.27987,2.5641,7.6482,0.4043,1.65265,4.11944,9.33729e-05,9.33729e-05,9.33729e-05
489,743.199,0.70665,2.32989,0.29905,0.29861,0.82902,0.92802,0.71668,0.80359,0.51786,0.7875,0.44444,0.39925,0.28086,2.60826,7.68458,0.40281,1.5588,4.18519,9.29486e-05,9.29486e-05,9.29486e-05
490,744.677,0.7507,2.64028,0.28547,0.30962,0.84865,0.92839,0.72034,0.80537,0.52001,0.78905,0.44444,0.39925,0.28223,2.58616,7.65764,0.40498,1.55871,4.14962,9.25243e-05,9.25243e-05,9.25243e-05
491,746.139,0.70268,3.10494,0.27652,0.30387,0.83582,0.92584,0.72222,0.81183,0.51692,0.88829,0.5,0.457,0.28997,2.55921,7.62379,0.40251,1.57919,4.09133,9.21e-05,9.21e-05,9.21e-05
492,747.604,0.79773,2.61191,0.30019,0.31561,0.76563,0.92201,0.72222,0.81777,0.521,0.88743,0.5,0.457,0.28438,2.57024,7.6162,0.40352,1.55666,4.14482,9.16757e-05,9.16757e-05,9.16757e-05
493,749.063,0.75041,2.39907,0.31954,0.30963,0.79902,0.92395,0.72222,0.8142,0.52012,0.88799,0.5,0.457,0.27565,2.57,7.59278,0.40261,1.53017,4.14769,9.12514e-05,9.12514e-05,9.12514e-05
494,750.566,0.75582,2.90092,0.30123,0.31285,0.85059,0.87702,0.72222,0.8142,0.50743,0.8864,0.5,0.457,0.27565,2.56584,7.59464,0.40406,1.51614,4.14609,9.08271e-05,9.08271e-05,9.08271e-05
495,752.022,0.71629,2.86096,0.33317,0.29705,0.85747,0.93145,0.75578,0.81727,0.50151,0.8856,0.5,0.457,0.27753,2.59109,7.63006,0.40229,1.45413,4.22087,9.04029e-05,9.04029e-05,9.04029e-05
496,753.499,0.79868,2.5425,0.28987,0.31613,0.79313,0.92844,0.72088,0.81727,0.50424,0.78628,0.44444,0.39925,0.28211,2.53241,7.59881,0.40675,1.54968,4.06748,8.99786e-05,8.99786e-05,8.99786e-05
497,754.999,0.67525,2.78054,0.28068,0.29177,0.80124,0.92848,0.72134,0.80569,0.51284,0.79907,0.44212,0.39925,0.28615,2.573,7.47367,0.40929,1.48077,4.27026,8.95543e-05,8.95543e-05,8.95543e-05
498,756.465,0.68696,2.73184,0.29524,0.29604,0.80851,0.92695,0.72222,0.80826,0.51723,0.8999,0.49952,0.457,0.30035,2.59231,7.45302,0.40815,1.41861,4.36736,8.913e-05,8.913e-05,8.913e-05
499,757.893,0.63198,2.64036,0.29665,0.30134,0.8305,0.92832,0.71968,0.80826,0.51466,0.88842,0.5,0.457,0.31278,2.60791,7.43412,0.40809,1.39758,4.44688,8.87057e-05,8.87057e-05,8.87057e-05
500,759.754,0.7396,2.11246,0.30796,0.3009,0.77957,0.86822,0.73259,0.80398,0.51731,0.88355,0.5,0.457,0.31543,2.60515,7.43292,0.406,1.33919,4.49689,8.82814e-05,8.82814e-05,8.82814e-05
501,761.606,0.77485,2.82007,0.28575,0.31089,0.75128,0.87371,0.76917,0.80279,0.5163,0.88879,0.5,0.457,0.31793,2.61394,7.51503,0.40295,1.33775,4.50176,8.78571e-05,8.78571e-05,8.78571e-05
502,763.493,0.66382,2.58355,0.2857,0.29794,0.82804,0.87391,0.77054,0.80279,0.516,0.786,0.44444,0.39925,0.29818,2.61239,7.54277,0.40178,1.31214,4.54619,8.74329e-05,8.74329e-05,8.74329e-05
503,764.953,0.75637,2.69019,0.3062,0.30278,0.80473,0.87192,0.77778,0.8,0.50899,0.78523,0.44444,0.39925,0.29418,2.6129,7.53947,0.40202,1.32089,4.53448,8.70086e-05,8.70086e-05,8.70086e-05
504,766.384,0.72284,2.79255,0.30319,0.30091,0.81151,0.87436,0.77349,0.79036,0.50612,0.78635,0.44444,0.39925,0.29678,2.66349,7.55237,0.40179,1.34264,4.63928,8.65843e-05,8.65843e-05,8.65843e-05
505,767.853,0.64603,2.39276,0.28221,0.2973,0.8024,0.87326,0.76616,0.79036,0.51291,0.78709,0.44444,0.39925,0.28597,2.66417,7.57522,0.39349,1.22933,4.74723,8.616e-05,8.616e-05,8.616e-05
506,769.367,0.61428,2.95829,0.29729,0.28683,0.81055,0.87321,0.76587,0.79286,0.51354,0.78695,0.44444,0.39925,0.29147,2.60158,7.56549,0.39785,1.28611,4.58836,8.57357e-05,8.57357e-05,8.57357e-05
507,770.847,0.58226,2.46668,0.2809,0.27192,0.86596,0.87302,0.76456,0.8,0.51494,0.78579,0.44444,0.4055,0.29599,2.60697,7.52855,0.39936,1.28221,4.63382,8.53114e-05,8.53114e-05,8.53114e-05
508,772.348,0.75202,2.82349,0.31326,0.30361,0.76161,0.85915,0.72222,0.79437,0.50882,0.78709,0.44444,0.4055,0.305,2.59756,7.50178,0.39899,1.281,4.59881,8.48871e-05,8.48871e-05,8.48871e-05
509,773.811,0.59345,2.62885,0.30359,0.277,0.78173,0.86037,0.72222,0.79719,0.51864,0.78594,0.44444,0.4055,0.31887,2.58273,7.47804,0.39962,1.26336,4.53007,8.44629e-05,8.44629e-05,8.44629e-05
510,775.707,0.71871,2.58266,0.27882,0.30094,0.81946,0.85584,0.72222,0.79719,0.51864,0.78505,0.44444,0.4055,0.31843,2.57747,7.45933,0.39904,1.23937,4.4959,8.40386e-05,8.40386e-05,8.40386e-05
511,777.182,0.64589,2.50599,0.29368,0.27602,0.80394,0.9274,0.71038,0.79312,0.50941,0.78645,0.44444,0.4055,0.31843,2.57997,7.46645,0.39921,1.23189,4.44448,8.36143e-05,8.36143e-05,8.36143e-05
512,778.657,0.81091,2.58216,0.30386,0.31494,0.80542,0.92457,0.72222,0.75214,0.48909,0.79046,0.44444,0.4055,0.3115,2.57605,7.48998,0.39919,1.26081,4.37302,8.319e-05,8.319e-05,8.319e-05
513,780.128,0.69544,2.55522,0.30988,0.29204,0.81173,0.9083,0.72222,0.78786,0.50062,0.79404,0.44444,0.39871,0.30061,2.60272,7.55122,0.39293,1.41351,4.3219,8.27657e-05,8.27657e-05,8.27657e-05
514,781.585,0.61661,2.59209,0.31653,0.28863,0.814,0.9266,0.70229,0.78369,0.49153,0.79378,0.44444,0.39157,0.29504,2.59626,7.50046,0.39688,1.51515,4.22717,8.23414e-05,8.23414e-05,8.23414e-05
515,783.032,0.70782,2.5271,0.28701,0.29855,0.79155,0.92598,0.69603,0.74619,0.4813,0.79362,0.44444,0.39157,0.30116,2.59643,7.47153,0.39776,1.56165,4.22239,8.19171e-05,8.19171e-05,8.19171e-05
516,784.5,0.64684,2.77322,0.3129,0.28891,0.82892,0.90561,0.66667,0.73949,0.49194,0.79381,0.44444,0.39157,0.29904,2.54412,7.49877,0.38852,1.71383,4.03914,8.14929e-05,8.14929e-05,8.14929e-05
517,785.937,0.65846,2.75441,0.27838,0.28846,0.81894,0.92213,0.65844,0.73782,0.49297,0.79374,0.44444,0.39157,0.29904,2.5201,7.5302,0.38344,1.79862,3.9926,8.10686e-05,8.10686e-05,8.10686e-05
518,787.422,0.61637,2.78785,0.28958,0.2868,0.81941,0.92126,0.65093,0.73487,0.47994,0.79456,0.44444,0.39157,0.29904,2.51054,7.59052,0.38316,1.90519,3.91942,8.06443e-05,8.06443e-05,8.06443e-05
519,788.897,0.6998,2.66629,0.29955,0.2994,0.80176,0.92194,0.65678,0.73742,0.4808,0.79376,0.44444,0.39157,0.29939,2.54655,7.58626,0.38372,1.81762,4.03449,8.022e-05,8.022e-05,8.022e-05
520,790.395,0.7184,2.53705,0.26503,0.29316,0.86572,0.9218,0.65561,0.77488,0.49966,0.79357,0.44444,0.39157,0.28817,2.5342,7.58648,0.38389,1.81293,4.00068,7.97957e-05,7.97957e-05,7.97957e-05
521,791.874,0.6063,2.73185,0.28755,0.29007,0.77642,0.92242,0.661,0.78786,0.51196,0.79228,0.44444,0.4197,0.29031,2.5153,7.55401,0.3863,1.71485,3.98994,7.93714e-05,7.93714e-05,7.93714e-05
522,793.341,0.82587,2.14664,0.2835,0.31636,0.79599,0.92174,0.65509,0.78786,0.51136,0.79269,0.44444,0.39157,0.28749,2.5089,7.62633,0.38205,1.68957,3.98517,7.89471e-05,7.89471e-05,7.89471e-05
523,794.803,0.63736,2.60512,0.30976,0.29497,0.85211,0.92146,0.65263,0.78786,0.51082,0.79426,0.44444,0.39157,0.28749,2.4962,7.63987,0.38192,1.73408,3.94142,7.85229e-05,7.85229e-05,7.85229e-05
524,796.256,0.64967,2.22304,0.29113,0.28415,0.81933,0.9199,0.63915,0.72736,0.50412,0.79805,0.44444,0.39871,0.28121,2.51458,7.70342,0.38491,1.68722,4.00215,7.80986e-05,7.80986e-05,7.80986e-05
525,797.689,0.85419,2.76398,0.30644,0.31602,0.74565,0.91742,0.61762,0.73169,0.49772,0.79931,0.44273,0.39871,0.27779,2.52467,7.72681,0.38664,1.66619,4.03678,7.76743e-05,7.76743e-05,7.76743e-05
526,799.122,0.74522,2.64215,0.28098,0.31145,0.73528,0.91928,0.63377,0.72631,0.49515,0.71569,0.44444,0.39324,0.2784,2.48151,7.6729,0.38851,1.72857,3.84328,7.725e-05,7.725e-05,7.725e-05
527,800.583,0.74243,2.53116,0.29272,0.29971,0.75245,0.90418,0.66667,0.78642,0.51349,0.71593,0.44444,0.42136,0.28464,2.47972,7.6657,0.38952,1.74159,3.83389,7.68257e-05,7.68257e-05,7.68257e-05
528,802.009,0.80367,2.76852,0.28044,0.3109,0.69769,0.85925,0.72222,0.79538,0.51699,0.79806,0.4396,0.42371,0.27399,2.4819,7.66402,0.38934,1.73056,3.86966,7.64014e-05,7.64014e-05,7.64014e-05
529,803.475,0.81176,2.40816,0.30648,0.30579,0.75922,0.87201,0.66667,0.80016,0.52814,0.74647,0.49136,0.43621,0.28314,2.5104,7.66793,0.38907,1.64036,3.91143,7.59771e-05,7.59771e-05,7.59771e-05
530,804.937,0.65511,2.55628,0.29122,0.29685,0.83358,0.92611,0.69733,0.80133,0.52658,0.718,0.44444,0.39324,0.27852,2.53164,7.66637,0.39454,1.61347,3.96096,7.55529e-05,7.55529e-05,7.55529e-05
531,806.413,0.68506,2.35226,0.2884,0.29562,0.76953,0.92662,0.70249,0.79919,0.51517,0.71788,0.44444,0.39324,0.28243,2.54316,7.66315,0.39294,1.55888,4.01485,7.51286e-05,7.51286e-05,7.51286e-05
532,807.872,0.70243,2.34628,0.28664,0.2892,0.83749,0.92801,0.7165,0.79919,0.51696,0.71837,0.44444,0.40895,0.28975,2.55489,7.62773,0.39204,1.46289,4.11524,7.47043e-05,7.47043e-05,7.47043e-05
533,809.344,0.62579,2.52846,0.29246,0.29505,0.87924,0.92771,0.71349,0.80319,0.52123,0.79854,0.44079,0.40729,0.29596,2.54205,7.57489,0.38933,1.43974,4.11831,7.428e-05,7.428e-05,7.428e-05
534,810.824,0.6522,2.70904,0.2709,0.28609,0.7911,0.93147,0.75606,0.80533,0.51811,0.78898,0.44444,0.41443,0.2995,2.5526,7.50749,0.38998,1.38698,4.17817,7.38557e-05,7.38557e-05,7.38557e-05
535,812.295,0.7657,2.81172,0.28341,0.31032,0.73844,0.9317,0.75877,0.80533,0.51765,0.78825,0.44444,0.41443,0.30237,2.55386,7.46518,0.38654,1.37348,4.20404,7.34314e-05,7.34314e-05,7.34314e-05
536,813.761,0.73561,2.73743,0.30014,0.3043,0.78719,0.93284,0.772,0.80533,0.51895,0.7892,0.44444,0.41443,0.30052,2.57074,7.467,0.38659,1.35485,4.25324,7.30071e-05,7.30071e-05,7.30071e-05
537,815.231,0.6105,2.04906,0.28123,0.28779,0.84217,0.92822,0.71871,0.8077,0.50613,0.78962,0.44444,0.413,0.30392,2.57694,7.51629,0.38844,1.3879,4.25985,7.25829e-05,7.25829e-05,7.25829e-05
538,816.684,0.77287,2.59408,0.29106,0.30362,0.78909,0.92817,0.71815,0.80533,0.49719,0.78901,0.44444,0.413,0.31179,2.5807,7.53131,0.38864,1.34965,4.29943,7.21586e-05,7.21586e-05,7.21586e-05
539,818.171,0.66692,2.45687,0.30211,0.2942,0.82613,0.92825,0.71902,0.80533,0.50574,0.78759,0.44444,0.39871,0.29903,2.56987,7.52121,0.389,1.33666,4.30249,7.17343e-05,7.17343e-05,7.17343e-05
540,819.65,0.78462,2.81343,0.30292,0.30562,0.78182,0.92834,0.71985,0.80319,0.51194,0.78396,0.44444,0.39871,0.30328,2.5584,7.5562,0.38529,1.33334,4.31716,7.131e-05,7.131e-05,7.131e-05
541,821.147,0.68475,2.63662,0.32432,0.29539,0.8038,0.92851,0.72164,0.80319,0.50698,0.78038,0.44444,0.39871,0.30328,2.60773,7.51449,0.38617,1.30363,4.50624,7.08857e-05,7.08857e-05,7.08857e-05
542,822.611,0.66406,2.4977,0.30171,0.28871,0.79843,0.93048,0.74452,0.80124,0.51113,0.78017,0.44444,0.39871,0.29648,2.60824,7.54509,0.38544,1.30765,4.48625,7.04614e-05,7.04614e-05,7.04614e-05
543,824.081,0.6207,2.28918,0.30163,0.2829,0.79838,0.93041,0.74369,0.80124,0.50433,0.78075,0.44444,0.39871,0.28552,2.61369,7.57021,0.38589,1.34001,4.47763,7.00371e-05,7.00371e-05,7.00371e-05
544,825.574,0.7978,2.51364,0.29544,0.30664,0.7693,0.93136,0.7547,0.79946,0.51197,0.78485,0.44444,0.39871,0.28552,2.62834,7.57,0.38562,1.30184,4.5336,6.96129e-05,6.96129e-05,6.96129e-05
545,827.04,0.82315,2.48144,0.32289,0.31542,0.80461,0.89218,0.72222,0.79261,0.51321,0.78396,0.44444,0.4055,0.28312,2.65525,7.59103,0.38534,1.20589,4.71559,6.91886e-05,6.91886e-05,6.91886e-05
546,828.531,0.74771,2.64653,0.28207,0.30691,0.81887,0.9326,0.76924,0.79633,0.51116,0.79665,0.44444,0.41389,0.29331,2.65844,7.58129,0.38507,1.1865,4.79462,6.87643e-05,6.87643e-05,6.87643e-05
547,830.015,0.67195,2.24348,0.29221,0.28264,0.78824,0.92321,0.77778,0.76033,0.49868,0.79713,0.44444,0.41389,0.29721,2.65982,7.57541,0.38563,1.18876,4.81705,6.834e-05,6.834e-05,6.834e-05
548,831.468,0.72678,2.59209,0.28427,0.29086,0.7572,0.93063,0.74619,0.76033,0.49906,0.79557,0.44444,0.40833,0.29377,2.64381,7.5862,0.38518,1.18116,4.80627,6.79157e-05,6.79157e-05,6.79157e-05
549,832.889,0.73397,2.50543,0.32183,0.28979,0.80174,0.92423,0.72222,0.75403,0.49878,0.78198,0.44444,0.39925,0.28841,2.63337,7.54983,0.38577,1.19744,4.79167,6.74914e-05,6.74914e-05,6.74914e-05
550,834.286,0.82437,2.90939,0.30106,0.31156,0.75662,0.91416,0.72222,0.75661,0.49492,0.78022,0.44444,0.39925,0.28366,2.63163,7.60162,0.38447,1.24687,4.79379,6.70671e-05,6.70671e-05,6.70671e-05
551,835.697,0.75556,2.82128,0.2985,0.30583,0.75693,0.91593,0.72222,0.75661,0.50719,0.77696,0.44444,0.39925,0.28583,2.62983,7.54477,0.38491,1.2365,4.80506,6.66429e-05,6.66429e-05,6.66429e-05
552,837.139,0.74643,2.29026,0.27922,0.30458,0.7491,0.91656,0.72222,0.75403,0.50317,0.77156,0.44444,0.39925,0.28693,2.62438,7.52751,0.38528,1.22877,4.79525,6.62186e-05,6.62186e-05,6.62186e-05
553,838.551,0.77767,2.71618,0.30733,0.30549,0.76557,0.86943,0.77778,0.79411,0.51719,0.80089,0.44444,0.43833,0.29869,2.63738,7.54572,0.38391,1.25156,4.87243,6.57943e-05,6.57943e-05,6.57943e-05
554,839.973,0.86156,2.32509,0.30263,0.31309,0.75262,0.85201,0.77778,0.79192,0.514,0.8111,0.44444,0.44048,0.30603,2.64221,7.54536,0.38342,1.25018,4.91159,6.537e-05,6.537e-05,6.537e-05
555,841.437,0.677,2.29732,0.28221,0.28694,0.8149,0.86229,0.77778,0.79574,0.51476,0.81697,0.44444,0.44048,0.31119,2.63993,7.62714,0.38141,1.26073,4.88089,6.49457e-05,6.49457e-05,6.49457e-05
556,842.905,0.67295,2.18786,0.27096,0.28557,0.79036,0.93304,0.77431,0.80319,0.50757,0.81417,0.44444,0.44048,0.30479,2.64763,7.62023,0.3808,1.24616,4.88006,6.45214e-05,6.45214e-05,6.45214e-05
557,844.361,0.81201,2.33219,0.30077,0.32145,0.75792,0.91752,0.77778,0.80319,0.51327,0.79733,0.44444,0.44048,0.29779,2.64993,7.63505,0.3812,1.24602,4.87191,6.40971e-05,6.40971e-05,6.40971e-05
558,845.829,0.71053,2.48936,0.28512,0.29207,0.79733,0.93233,0.76602,0.80124,0.50089,0.73445,0.44444,0.43139,0.28831,2.63964,7.64463,0.38119,1.2871,4.79577,6.36729e-05,6.36729e-05,6.36729e-05
559,847.296,0.78008,2.58231,0.29112,0.30034,0.7769,0.93268,0.77013,0.80319,0.50225,0.63652,0.5,0.43139,0.2836,2.64047,7.64459,0.38164,1.31378,4.83782,6.32486e-05,6.32486e-05,6.32486e-05
560,848.755,0.62714,2.39485,0.30754,0.27543,0.83089,0.93167,0.75838,0.79919,0.5041,0.63588,0.5,0.42703,0.281,2.63345,7.63638,0.38148,1.31913,4.84781,6.28243e-05,6.28243e-05,6.28243e-05
561,850.237,0.67674,2.49738,0.27638,0.27592,0.80792,0.92454,0.72222,0.80161,0.5148,0.63726,0.5,0.43139,0.30492,2.61685,7.6257,0.38255,1.30905,4.82071,6.24e-05,6.24e-05,6.24e-05
562,851.701,0.74979,2.27328,0.29315,0.30107,0.75817,0.92831,0.72222,0.79732,0.51115,0.63841,0.5,0.42703,0.30117,2.61479,7.63527,0.38432,1.29929,4.79015,6.19757e-05,6.19757e-05,6.19757e-05
563,853.165,0.63423,2.34878,0.29721,0.27181,0.80587,0.92822,0.71869,0.79969,0.5107,0.64265,0.49959,0.43328,0.3051,2.61854,7.64772,0.38601,1.29943,4.77075,6.15514e-05,6.15514e-05,6.15514e-05
564,854.609,0.77527,2.49288,0.30169,0.30891,0.81062,0.9284,0.72047,0.79732,0.50393,0.63895,0.49209,0.43328,0.29767,2.63273,7.68824,0.38819,1.30737,4.76858,6.11271e-05,6.11271e-05,6.11271e-05
565,856.065,0.69797,2.44927,0.28286,0.28435,0.76309,0.83361,0.77778,0.79317,0.49846,0.71561,0.44444,0.43114,0.29337,2.63858,7.70647,0.38999,1.32034,4.71093,6.07029e-05,6.07029e-05,6.07029e-05
566,857.534,0.72503,2.20729,0.28045,0.29646,0.79201,0.86589,0.77778,0.79317,0.49693,0.71525,0.44444,0.42926,0.293,2.64001,7.73535,0.39165,1.32026,4.67497,6.02786e-05,6.02786e-05,6.02786e-05
567,858.997,0.64118,2.3853,0.31343,0.28804,0.79991,0.9158,0.77778,0.80133,0.49598,0.71784,0.44444,0.43114,0.28787,2.66706,7.7244,0.3953,1.28002,4.76354,5.98543e-05,5.98543e-05,5.98543e-05
568,860.436,0.66145,2.30208,0.30925,0.27924,0.81013,0.93323,0.77663,0.80133,0.50017,0.6403,0.49482,0.43328,0.27495,2.66605,7.72174,0.39625,1.29095,4.77269,5.943e-05,5.943e-05,5.943e-05
569,861.891,0.61412,2.3468,0.30157,0.2756,0.77649,0.93261,0.76937,0.79919,0.50744,0.63325,0.5,0.43328,0.28572,2.65651,7.70348,0.39585,1.27532,4.78342,5.90057e-05,5.90057e-05,5.90057e-05
570,863.351,0.62948,2.53139,0.31871,0.28101,0.77227,0.93213,0.76379,0.79724,0.50242,0.63724,0.5,0.43328,0.28345,2.68682,7.76229,0.39045,1.16936,4.9406,5.85814e-05,5.85814e-05,5.85814e-05
571,864.782,0.71132,2.50839,0.27002,0.28893,0.74231,0.93315,0.77564,0.79546,0.4934,0.63845,0.49109,0.43328,0.29868,2.67495,7.74147,0.39119,1.19437,4.89938,5.81571e-05,5.81571e-05,5.81571e-05
572,866.223,0.75104,2.40614,0.28477,0.3081,0.76459,0.87013,0.74529,0.7873,0.49521,0.71259,0.44444,0.42926,0.30428,2.67168,7.72512,0.39237,1.20971,4.91474,5.77329e-05,5.77329e-05,5.77329e-05
573,867.687,0.75549,2.15703,0.27981,0.295,0.71664,0.87102,0.75127,0.79192,0.49636,0.78566,0.44444,0.43362,0.31031,2.68186,7.70377,0.39346,1.22502,4.91192,5.73086e-05,5.73086e-05,5.73086e-05
574,869.171,0.68085,2.18516,0.27831,0.28477,0.7793,0.91542,0.77778,0.80124,0.49936,0.77932,0.44444,0.4355,0.3135,2.68893,7.67331,0.39311,1.17631,4.95292,5.68843e-05,5.68843e-05,5.68843e-05
575,870.63,0.58923,2.04306,0.29745,0.26771,0.78988,0.92871,0.72387,0.80124,0.49456,0.78064,0.44444,0.4355,0.31265,2.69268,7.66924,0.39187,1.20878,4.9326,5.646e-05,5.646e-05,5.646e-05
576,872.065,0.66589,3.10944,0.29771,0.28104,0.81115,0.93142,0.75541,0.80533,0.50162,0.77934,0.44444,0.4355,0.3134,2.7013,7.63472,0.39181,1.16299,4.99221,5.60357e-05,5.60357e-05,5.60357e-05
577,873.536,0.68499,2.22916,0.28837,0.2851,0.78728,0.92844,0.72093,0.8077,0.50426,0.77979,0.44444,0.43764,0.30386,2.72207,7.58955,0.39125,1.16961,5.00517,5.56114e-05,5.56114e-05,5.56114e-05
578,875.017,0.55411,2.81243,0.28977,0.28266,0.81405,0.9282,0.71845,0.84648,0.51184,0.78746,0.44444,0.4055,0.28698,2.7273,7.60414,0.39107,1.21727,4.95979,5.51871e-05,5.51871e-05,5.51871e-05
579,876.503,0.68431,2.21861,0.28565,0.28495,0.77502,0.9281,0.71744,0.84648,0.51746,0.78734,0.44444,0.4055,0.28448,2.72843,7.62196,0.39019,1.23484,4.92002,5.47629e-05,5.47629e-05,5.47629e-05
580,877.988,0.85373,2.61741,0.30061,0.32453,0.78261,0.92809,0.71733,0.8117,0.51398,0.78837,0.44444,0.4055,0.28448,2.68988,7.58524,0.38697,1.27546,4.74044,5.43386e-05,5.43386e-05,5.43386e-05
581,879.447,0.72971,2.28007,0.2803,0.28178,0.76513,0.92824,0.71885,0.81433,0.51884,0.78247,0.44444,0.4055,0.27892,2.66497,7.61441,0.38666,1.30026,4.66033,5.39143e-05,5.39143e-05,5.39143e-05
582,880.941,0.67607,2.49761,0.29247,0.27834,0.77557,0.92824,0.7189,0.81089,0.51952,0.78318,0.44444,0.4055,0.28143,2.62428,7.59881,0.38601,1.35618,4.53361,5.349e-05,5.349e-05,5.349e-05
583,882.42,0.74278,2.759,0.30318,0.29933,0.7463,0.92107,0.72222,0.81089,0.5171,0.7799,0.44444,0.4055,0.28148,2.62782,7.62244,0.38693,1.3429,4.57899,5.30657e-05,5.30657e-05,5.30657e-05
584,883.869,0.64804,2.37681,0.28461,0.28267,0.79117,0.89924,0.72222,0.8142,0.52657,0.78943,0.44444,0.41389,0.28661,2.61208,7.60597,0.38669,1.36469,4.55341,5.26414e-05,5.26414e-05,5.26414e-05
585,885.339,0.66209,2.8604,0.31488,0.27663,0.8278,0.91355,0.72222,0.80661,0.51672,0.79593,0.44444,0.41389,0.30483,2.64202,7.6496,0.38501,1.30161,4.6584,5.22171e-05,5.22171e-05,5.22171e-05
586,886.796,0.70104,2.54443,0.28859,0.29086,0.79807,0.92845,0.721,0.80398,0.52099,0.79663,0.44444,0.41389,0.30483,2.6596,7.66732,0.38411,1.28257,4.73505,5.17929e-05,5.17929e-05,5.17929e-05
587,888.236,0.66611,2.54168,0.2913,0.31397,0.8194,0.92792,0.71566,0.80398,0.51655,0.79557,0.44444,0.41389,0.30836,2.68692,7.69624,0.38304,1.2642,4.86944,5.13686e-05,5.13686e-05,5.13686e-05
588,889.681,0.7242,2.04522,0.30107,0.29494,0.73951,0.92797,0.71609,0.79494,0.51218,0.77387,0.44444,0.4055,0.3054,2.69452,7.7138,0.3821,1.2834,4.92343,5.09443e-05,5.09443e-05,5.09443e-05
589,891.153,0.61858,3.07326,0.27713,0.28356,0.7702,0.92851,0.72162,0.79316,0.50615,0.77196,0.44444,0.4055,0.29345,2.69393,7.75781,0.38291,1.32115,4.92166,5.052e-05,5.052e-05,5.052e-05
590,892.589,0.73927,2.37959,0.28923,0.29016,0.77102,0.91521,0.72222,0.75403,0.4878,0.79962,0.44348,0.4055,0.28795,2.68912,7.75368,0.3822,1.38291,4.88845,5.00957e-05,5.00957e-05,5.00957e-05
591,894.06,0.79701,2.189,0.29077,0.30104,0.76673,0.9073,0.72222,0.74975,0.48454,0.71713,0.44444,0.40114,0.28511,2.67476,7.75118,0.38529,1.43813,4.8514,4.96714e-05,4.96714e-05,4.96714e-05
592,895.536,0.63793,2.5118,0.27385,0.29314,0.84678,0.91734,0.72222,0.74746,0.49165,0.71883,0.44444,0.39489,0.28199,2.65215,7.73629,0.386,1.4812,4.81618,4.92471e-05,4.92471e-05,4.92471e-05
593,897.003,0.68016,2.42861,0.28044,0.28603,0.76525,0.9006,0.72222,0.74746,0.50473,0.71985,0.44444,0.39489,0.29216,2.64823,7.72837,0.38819,1.50429,4.8347,4.88229e-05,4.88229e-05,4.88229e-05
594,898.46,0.65208,2.35133,0.29098,0.27094,0.77112,0.92092,0.72222,0.78925,0.51862,0.7981,0.43971,0.39925,0.30705,2.65815,7.69478,0.3875,1.52956,4.85691,4.83986e-05,4.83986e-05,4.83986e-05
595,899.912,0.58196,2.35588,0.28681,0.26821,0.77616,0.92738,0.7102,0.78925,0.52142,0.79954,0.4433,0.39925,0.3048,2.65191,7.80597,0.39204,1.58076,4.83833,4.79743e-05,4.79743e-05,4.79743e-05
596,901.377,0.70042,2.18772,0.28786,0.28748,0.755,0.92696,0.70594,0.78925,0.51107,0.79878,0.44139,0.39925,0.29353,2.64494,7.76008,0.39169,1.63839,4.76085,4.755e-05,4.755e-05,4.755e-05
597,902.838,0.72439,2.27042,0.30792,0.2858,0.76669,0.92623,0.69859,0.78925,0.50558,0.7994,0.44295,0.39925,0.29593,2.63622,7.74743,0.39193,1.65509,4.68093,4.71257e-05,4.71257e-05,4.71257e-05
598,904.307,0.65381,2.1882,0.27326,0.28181,0.72102,0.92289,0.66503,0.78925,0.50558,0.79597,0.44444,0.39925,0.29593,2.62209,7.73716,0.39162,1.71835,4.6046,4.67014e-05,4.67014e-05,4.67014e-05
599,905.767,0.76347,2.19945,0.28781,0.29478,0.77066,0.92283,0.66455,0.78369,0.50502,0.79984,0.44405,0.39925,0.2875,2.60515,7.74454,0.38889,1.80351,4.51047,4.62771e-05,4.62771e-05,4.62771e-05
600,907.264,0.6485,2.28397,0.29081,0.27649,0.78616,0.90077,0.66667,0.74187,0.49731,0.79668,0.43615,0.39925,0.2811,2.5966,7.71971,0.39426,1.88473,4.44501,4.58529e-05,4.58529e-05,4.58529e-05
601,908.743,0.81248,2.51152,0.32249,0.30868,0.7767,0.91959,0.66667,0.73726,0.48266,0.71592,0.44444,0.39489,0.25738,2.5645,7.74612,0.39446,2.00393,4.25902,4.54286e-05,4.54286e-05,4.54286e-05
602,910.212,0.63647,2.36191,0.3014,0.28762,0.8095,0.91078,0.66667,0.73401,0.47499,0.7158,0.44444,0.39489,0.25597,2.55972,7.7409,0.3948,2.05497,4.22242,4.50043e-05,4.50043e-05,4.50043e-05
603,911.665,0.73584,2.24677,0.28985,0.28954,0.72795,0.92266,0.66308,0.74354,0.48236,0.79777,0.43888,0.39925,0.267,2.5466,7.81564,0.40032,2.10571,4.16055,4.458e-05,4.458e-05,4.458e-05
604,913.145,0.76364,2.20457,0.30285,0.30831,0.76299,0.85744,0.6684,0.74354,0.47514,0.79964,0.44353,0.43387,0.27596,2.53262,7.79244,0.39875,2.12992,4.131,4.41557e-05,4.41557e-05,4.41557e-05
605,914.601,0.67365,2.86188,0.28507,0.28116,0.81033,0.88708,0.66667,0.74354,0.46827,0.74826,0.49575,0.443,0.28175,2.50037,7.78128,0.39336,2.11424,4.06306,4.37314e-05,4.37314e-05,4.37314e-05
606,916.088,0.58884,2.38438,0.29978,0.27654,0.82899,0.9157,0.72222,0.7946,0.50185,0.73651,0.5,0.443,0.2968,2.50092,7.77128,0.39494,2.14503,4.07548,4.33071e-05,4.33071e-05,4.33071e-05
607,917.54,0.52904,2.32882,0.27934,0.24844,0.81422,0.90085,0.72222,0.80569,0.50679,0.81021,0.5,0.4475,0.3044,2.51247,7.76184,0.39615,2.00376,4.14376,4.28829e-05,4.28829e-05,4.28829e-05
608,918.999,0.82942,2.36682,0.30151,0.30879,0.75336,0.90156,0.72222,0.80826,0.50734,0.81122,0.5,0.4475,0.30532,2.55207,7.7509,0.39489,1.9132,4.22341,4.24586e-05,4.24586e-05,4.24586e-05
609,920.469,0.75,2.56237,0.31173,0.31265,0.78992,0.88427,0.72222,0.81089,0.52785,0.81096,0.5,0.4475,0.31437,2.55987,7.68558,0.39178,1.90851,4.27152,4.20343e-05,4.20343e-05,4.20343e-05
610,922.335,0.67714,2.1767,0.27934,0.2826,0.73958,0.89433,0.72222,0.81089,0.52785,0.81295,0.5,0.4475,0.31437,2.5581,7.68696,0.39118,1.91533,4.26987,4.161e-05,4.161e-05,4.161e-05
611,924.222,0.6712,2.11265,0.27905,0.29929,0.73389,0.89891,0.72222,0.81089,0.52785,0.8156,0.5,0.4475,0.31197,2.5567,7.68696,0.39035,1.88234,4.30029,4.11857e-05,4.11857e-05,4.11857e-05
612,925.706,0.66033,2.42872,0.28432,0.28686,0.76985,0.8981,0.72222,0.81089,0.52785,0.8169,0.49608,0.4475,0.30647,2.54374,7.68726,0.38983,1.87691,4.29946,4.07614e-05,4.07614e-05,4.07614e-05
613,927.142,0.56174,2.4403,0.27168,0.25935,0.7646,0.88339,0.72222,0.81089,0.53019,0.81686,0.49597,0.4475,0.30647,2.55084,7.5333,0.38776,1.84087,4.36032,4.03371e-05,4.03371e-05,4.03371e-05
614,928.62,0.67811,2.15014,0.31104,0.27802,0.73793,0.92882,0.72507,0.81433,0.52628,0.81771,0.49855,0.4475,0.30555,2.55597,7.51733,0.38687,1.78559,4.39829,3.99129e-05,3.99129e-05,3.99129e-05
615,930.075,0.66915,2.29257,0.30212,0.28958,0.82061,0.87905,0.77778,0.8117,0.53183,0.81817,0.49996,0.4475,0.30665,2.56187,7.51358,0.38699,1.78332,4.43638,3.94886e-05,3.94886e-05,3.94886e-05
616,931.542,0.56423,2.29985,0.29397,0.25676,0.79581,0.8466,0.77778,0.8117,0.53183,0.81792,0.49921,0.4475,0.30665,2.5712,7.50841,0.38671,1.72458,4.46784,3.90643e-05,3.90643e-05,3.90643e-05
617,933.014,0.73425,2.59627,0.30131,0.29177,0.769,0.78947,0.83333,0.81089,0.53209,0.81544,0.49161,0.4475,0.29825,2.59992,7.51199,0.38696,1.68977,4.52314,3.864e-05,3.864e-05,3.864e-05
618,934.452,0.68348,2.41555,0.28274,0.29036,0.76833,0.78947,0.83333,0.80992,0.52926,0.76851,0.55346,0.49012,0.30206,2.61436,7.51691,0.38856,1.7145,4.53131,3.82157e-05,3.82157e-05,3.82157e-05
619,935.916,0.54767,2.28231,0.30129,0.25909,0.79616,0.78947,0.83333,0.80279,0.52153,0.76473,0.55556,0.49012,0.30206,2.63636,7.56856,0.38999,1.70882,4.59737,3.77914e-05,3.77914e-05,3.77914e-05
620,937.379,0.85152,2.28509,0.30748,0.31611,0.6844,0.78947,0.83333,0.80279,0.51487,0.76484,0.55556,0.49012,0.30756,2.64918,7.56803,0.3875,1.74131,4.61541,3.73671e-05,3.73671e-05,3.73671e-05
621,938.853,0.66875,2.20453,0.28586,0.27535,0.77034,0.78947,0.83333,0.80279,0.52007,0.76903,0.55498,0.49012,0.30756,2.65355,7.569,0.38802,1.73128,4.60838,3.69429e-05,3.69429e-05,3.69429e-05
622,940.318,0.52882,2.0045,0.2742,0.25918,0.73799,0.82528,0.78771,0.80661,0.51602,0.76752,0.5506,0.49012,0.30756,2.65269,7.55997,0.38785,1.69267,4.61309,3.65186e-05,3.65186e-05,3.65186e-05
623,941.788,0.72178,2.19364,0.27917,0.28779,0.76175,0.8114,0.83333,0.80881,0.5071,0.76726,0.54985,0.49365,0.31077,2.5789,7.51534,0.39157,1.86285,4.29823,3.60943e-05,3.60943e-05,3.60943e-05
624,943.269,0.61752,2.54923,0.28401,0.27913,0.78411,0.75,0.83333,0.80279,0.5167,0.76668,0.5482,0.49012,0.30996,2.57198,7.50321,0.39194,1.8703,4.27927,3.567e-05,3.567e-05,3.567e-05
625,944.745,0.71794,2.40499,0.28316,0.28577,0.7808,0.75,0.83333,0.79388,0.50777,0.7402,0.5,0.48586,0.31594,2.63475,7.51241,0.38956,1.76576,4.54386,3.52457e-05,3.52457e-05,3.52457e-05
626,946.185,0.74808,2.07371,0.28529,0.30879,0.71341,0.75,0.83333,0.79388,0.50777,0.74481,0.5,0.48586,0.30579,2.63901,7.54373,0.39053,1.82457,4.51465,3.48214e-05,3.48214e-05,3.48214e-05
627,947.659,0.64744,2.34049,0.27012,0.26783,0.76674,0.75,0.83333,0.79388,0.50777,0.74704,0.49277,0.483,0.3027,2.6454,7.55056,0.38881,1.8162,4.51734,3.43971e-05,3.43971e-05,3.43971e-05
628,949.1,0.57135,2.62251,0.28917,0.26085,0.83165,0.75,0.83333,0.79388,0.5235,0.74615,0.49059,0.483,0.3027,2.65109,7.55385,0.39003,1.78897,4.54743,3.39729e-05,3.39729e-05,3.39729e-05
629,950.566,0.58892,2.13585,0.28572,0.26995,0.78404,0.75,0.83333,0.80279,0.51063,0.79107,0.44444,0.43764,0.30126,2.66729,7.54914,0.38994,1.72327,4.61706,3.35486e-05,3.35486e-05,3.35486e-05
630,952.037,0.66143,2.10227,0.30352,0.28415,0.7635,0.83117,0.82106,0.80452,0.52989,0.79099,0.44444,0.443,0.30383,2.67571,7.54381,0.38985,1.69774,4.65112,3.31243e-05,3.31243e-05,3.31243e-05
631,953.518,0.52969,2.21862,0.28862,0.25075,0.77713,0.78947,0.83333,0.80452,0.524,0.79132,0.44444,0.443,0.3096,2.67101,7.52569,0.39121,1.69982,4.62968,3.27e-05,3.27e-05,3.27e-05
632,954.975,0.7764,2.62232,0.29692,0.30165,0.79358,0.78947,0.83333,0.80452,0.52016,0.79185,0.44444,0.413,0.3066,2.66593,7.62155,0.39358,1.72263,4.58745,3.22757e-05,3.22757e-05,3.22757e-05
633,956.46,0.6072,2.25702,0.28666,0.27618,0.75424,0.75,0.83333,0.80452,0.52535,0.79232,0.44444,0.413,0.31373,2.64585,7.61404,0.38824,1.74185,4.49193,3.18514e-05,3.18514e-05,3.18514e-05
634,957.911,0.77012,2.23845,0.28595,0.29336,0.73972,0.75,0.83333,0.80452,0.52016,0.79269,0.44444,0.413,0.30393,2.64655,7.61706,0.38698,1.75327,4.46776,3.14271e-05,3.14271e-05,3.14271e-05
635,959.369,0.70278,2.2255,0.27074,0.28295,0.73538,0.75,0.83333,0.80452,0.51536,0.7931,0.44444,0.413,0.29895,2.65006,7.56907,0.38768,1.72721,4.47414,3.10029e-05,3.10029e-05,3.10029e-05
636,960.844,0.53606,2.02261,0.28401,0.26393,0.77907,0.75,0.83333,0.80452,0.52091,0.7931,0.44444,0.413,0.2968,2.65248,7.6199,0.38525,1.719,4.50868,3.05786e-05,3.05786e-05,3.05786e-05
637,962.314,0.63141,2.18644,0.27617,0.26409,0.78032,0.75,0.83333,0.80452,0.52091,0.79421,0.44444,0.413,0.3035,2.64345,7.65919,0.3854,1.73825,4.48118,3.01543e-05,3.01543e-05,3.01543e-05
638,963.787,0.53459,2.10362,0.29275,0.25472,0.82055,0.75,0.83333,0.80452,0.52663,0.7931,0.44444,0.413,0.3035,2.65917,7.61234,0.38416,1.72076,4.56953,2.973e-05,2.973e-05,2.973e-05
639,965.257,0.6572,2.65267,0.3255,0.29318,0.80396,0.82035,0.72222,0.80452,0.51327,0.79128,0.44444,0.443,0.31062,2.66033,7.66445,0.38973,1.69271,4.60537,2.93057e-05,2.93057e-05,2.93057e-05
640,966.731,0.69048,2.24593,0.30382,0.28896,0.79051,0.85956,0.72222,0.80452,0.51569,0.6885,0.49175,0.44762,0.31455,2.66846,7.68146,0.39085,1.60524,4.71581,2.88814e-05,2.88814e-05,2.88814e-05
641,968.218,0.69545,2.32583,0.29361,0.28853,0.7851,0.86935,0.72222,0.80661,0.51583,0.67694,0.5,0.44012,0.30913,2.69816,7.60212,0.38762,1.51353,4.84088,2.84571e-05,2.84571e-05,2.84571e-05
642,969.697,0.62476,2.1147,0.2864,0.25942,0.75228,0.90914,0.72222,0.80452,0.51437,0.78828,0.44444,0.44012,0.31818,2.69445,7.59089,0.38732,1.52685,4.82186,2.80329e-05,2.80329e-05,2.80329e-05
643,971.156,0.72298,2.57975,0.32379,0.29444,0.70434,0.90056,0.72222,0.80452,0.51528,0.74773,0.49446,0.443,0.313,2.6945,7.59276,0.38739,1.54909,4.78656,2.76086e-05,2.76086e-05,2.76086e-05
644,972.63,0.59661,2.25167,0.29299,0.26224,0.81078,0.90241,0.72222,0.80452,0.51928,0.74763,0.49421,0.443,0.3066,2.70612,7.61084,0.38892,1.52936,4.84712,2.71843e-05,2.71843e-05,2.71843e-05
645,974.093,0.62074,2.35674,0.28549,0.2774,0.73995,0.906,0.72222,0.80452,0.51615,0.7471,0.4929,0.443,0.3066,2.71451,7.61462,0.38704,1.51653,4.88607,2.676e-05,2.676e-05,2.676e-05
646,975.556,0.79492,2.26156,0.29936,0.30528,0.71907,0.9072,0.72222,0.80452,0.51933,0.78671,0.44444,0.43764,0.30499,2.70963,7.62265,0.38936,1.53618,4.88349,2.63357e-05,2.63357e-05,2.63357e-05
647,977.051,0.6839,2.21539,0.30639,0.28276,0.77469,0.90522,0.72222,0.80452,0.51306,0.78761,0.44444,0.43764,0.30499,2.70728,7.60335,0.38955,1.54049,4.86023,2.59114e-05,2.59114e-05,2.59114e-05
648,978.554,0.72069,2.0205,0.30442,0.28578,0.70122,0.90814,0.72222,0.80452,0.51615,0.74796,0.49502,0.443,0.3066,2.70321,7.57463,0.38702,1.50289,4.88447,2.54871e-05,2.54871e-05,2.54871e-05
649,980.051,0.61307,2.74218,0.30352,0.27557,0.83005,0.90415,0.72222,0.80452,0.52074,0.74933,0.49836,0.443,0.31321,2.69179,7.5511,0.38696,1.50657,4.86851,2.50629e-05,2.50629e-05,2.50629e-05
650,981.533,0.6382,2.64874,0.28964,0.26919,0.75894,0.90943,0.72222,0.80452,0.52111,0.74882,0.49712,0.443,0.31561,2.69197,7.53394,0.38849,1.47903,4.91122,2.46386e-05,2.46386e-05,2.46386e-05
651,983.023,0.69436,2.22509,0.28048,0.26918,0.7754,0.9159,0.72222,0.80452,0.52241,0.78894,0.44444,0.4055,0.30811,2.69339,7.55092,0.38789,1.44827,4.96634,2.42143e-05,2.42143e-05,2.42143e-05
652,984.494,0.65426,2.24073,0.29088,0.29477,0.78737,0.91777,0.72222,0.80661,0.5331,0.74657,0.49161,0.443,0.31561,2.63145,7.50364,0.39046,1.67318,4.65658,2.379e-05,2.379e-05,2.379e-05
653,986.406,0.6821,2.37806,0.28612,0.29168,0.76911,0.9204,0.72222,0.80992,0.52702,0.67453,0.5,0.44012,0.31036,2.64169,7.48204,0.39018,1.67158,4.70148,2.33657e-05,2.33657e-05,2.33657e-05
654,987.871,0.72839,2.10614,0.29093,0.28187,0.76554,0.92269,0.72222,0.80992,0.52702,0.685,0.5,0.44012,0.30482,2.64968,7.47734,0.39003,1.67134,4.74417,2.29414e-05,2.29414e-05,2.29414e-05
655,989.347,0.60068,2.14344,0.26846,0.25686,0.76298,0.91911,0.72222,0.80992,0.52659,0.6854,0.5,0.44012,0.30482,2.65555,7.5236,0.38877,1.63153,4.78124,2.25171e-05,2.25171e-05,2.25171e-05
656,990.823,0.72187,2.3442,0.29938,0.28745,0.78076,0.87467,0.72222,0.80992,0.52702,0.69183,0.49897,0.44012,0.30482,2.66583,7.50453,0.39016,1.63319,4.80023,2.20929e-05,2.20929e-05,2.20929e-05
657,992.315,0.70086,2.151,0.31037,0.28165,0.75719,0.92842,0.72067,0.80992,0.51216,0.67684,0.5,0.44012,0.29224,2.68944,7.49306,0.38958,1.59095,4.89683,2.16686e-05,2.16686e-05,2.16686e-05
658,993.787,0.70273,2.51491,0.28119,0.29058,0.73343,0.87301,0.72222,0.80563,0.50731,0.67559,0.5,0.43575,0.28941,2.69368,7.5061,0.38944,1.59302,4.90861,2.12443e-05,2.12443e-05,2.12443e-05
659,995.27,0.63201,2.07671,0.29104,0.281,0.77829,0.87542,0.72222,0.80563,0.50731,0.67338,0.5,0.43575,0.29601,2.69125,7.50917,0.38881,1.59212,4.89501,2.082e-05,2.082e-05,2.082e-05
660,996.731,0.71492,2.04886,0.31759,0.27987,0.73092,0.87151,0.72222,0.80563,0.51173,0.71772,0.44444,0.40114,0.28138,2.68337,7.54836,0.38798,1.55985,4.89682,2.03957e-05,2.03957e-05,2.03957e-05
661,998.191,0.67073,2.24522,0.30276,0.26834,0.77693,0.87503,0.72222,0.80563,0.52001,0.71925,0.44444,0.40114,0.28138,2.67212,7.54468,0.38745,1.54501,4.81885,1.99714e-05,1.99714e-05,1.99714e-05
662,999.66,0.72536,2.54997,0.29364,0.30022,0.76022,0.87834,0.72222,0.80563,0.51848,0.7193,0.44444,0.40114,0.28138,2.66802,7.55279,0.38748,1.55746,4.79211,1.95471e-05,1.95471e-05,1.95471e-05
663,1001.13,0.52609,2.20354,0.28574,0.25959,0.76499,0.88424,0.72222,0.80232,0.51707,0.7199,0.44444,0.40114,0.28138,2.67214,7.55554,0.38768,1.56088,4.77171,1.91229e-05,1.91229e-05,1.91229e-05
664,1002.61,0.72738,2.24722,0.28452,0.28502,0.74376,0.88954,0.72222,0.79969,0.51736,0.71966,0.44444,0.40114,0.28138,2.67175,7.55729,0.38758,1.57973,4.77779,1.86986e-05,1.86986e-05,1.86986e-05
665,1004.1,0.64358,2.13803,0.27346,0.28802,0.7689,0.89104,0.72222,0.80232,0.51031,0.72003,0.44444,0.40114,0.29614,2.66397,7.54041,0.388,1.58319,4.76731,1.82743e-05,1.82743e-05,1.82743e-05
666,1005.56,0.6646,2.20527,0.30818,0.2733,0.77161,0.89019,0.72222,0.80232,0.51648,0.72012,0.44444,0.40114,0.29614,2.66191,7.54719,0.38753,1.58485,4.75979,1.785e-05,1.785e-05,1.785e-05
667,1007.03,0.7256,2.42806,0.27528,0.29774,0.79947,0.90755,0.72222,0.79969,0.50908,0.72036,0.44444,0.40114,0.29614,2.71304,7.57012,0.38449,1.36665,5.03405,1.74257e-05,1.74257e-05,1.74257e-05
668,1008.53,0.68487,2.20355,0.29894,0.28082,0.76845,0.90217,0.72222,0.80024,0.51011,0.72024,0.44444,0.40114,0.29614,2.71242,7.51612,0.38598,1.36681,5.0365,1.70014e-05,1.70014e-05,1.70014e-05
669,1010.02,0.60338,2.15006,0.2928,0.26718,0.81877,0.90445,0.72222,0.80232,0.52087,0.72054,0.44444,0.40114,0.29614,2.65547,7.48173,0.38917,1.56953,4.71814,1.65771e-05,1.65771e-05,1.65771e-05
670,1011.49,0.76295,2.40583,0.28827,0.30953,0.77866,0.92963,0.73452,0.80633,0.519,0.72047,0.44444,0.40114,0.29614,2.71711,7.51227,0.38581,1.37535,5.04485,1.61529e-05,1.61529e-05,1.61529e-05
671,1012.96,0.60203,2.12964,0.30128,0.26991,0.74292,0.91303,0.72222,0.80024,0.51839,0.7199,0.44444,0.43328,0.29936,2.70366,7.51616,0.3856,1.37661,5.00601,1.57286e-05,1.57286e-05,1.57286e-05
672,1014.43,0.55286,2.66894,0.30513,0.26278,0.79203,0.91334,0.72222,0.80024,0.50741,0.67162,0.5,0.43575,0.29964,2.70437,7.55665,0.3848,1.4089,4.99365,1.53043e-05,1.53043e-05,1.53043e-05
673,1015.86,0.75124,2.23507,0.2963,0.28829,0.71569,0.89364,0.72222,0.80232,0.50762,0.68644,0.5,0.43575,0.29964,2.71072,7.55817,0.38603,1.40372,4.99465,1.488e-05,1.488e-05,1.488e-05
674,1017.29,0.63776,2.10257,0.27212,0.26607,0.77776,0.87973,0.72222,0.80232,0.51633,0.71908,0.44444,0.40114,0.28378,2.70988,7.57352,0.38594,1.41135,4.98662,1.44557e-05,1.44557e-05,1.44557e-05
675,1018.74,0.67465,1.88324,0.30443,0.27432,0.84693,0.93211,0.76354,0.80633,0.51303,0.69194,0.49919,0.43575,0.29071,2.70965,7.57721,0.3866,1.39824,4.98827,1.40314e-05,1.40314e-05,1.40314e-05
676,1020.24,0.73239,2.08101,0.26678,0.2857,0.72305,0.9106,0.72222,0.80232,0.51263,0.70771,0.55556,0.47971,0.2951,2.71348,7.52106,0.38878,1.42197,4.99294,1.36071e-05,1.36071e-05,1.36071e-05
677,1021.77,0.68507,2.63715,0.29863,0.28025,0.78757,0.93053,0.74504,0.80633,0.51303,0.70075,0.55556,0.47971,0.29053,2.71186,7.59347,0.38699,1.42087,4.99131,1.31829e-05,1.31829e-05,1.31829e-05
678,1023.22,0.62402,2.01467,0.29763,0.2633,0.83259,0.89754,0.72222,0.80232,0.51263,0.6961,0.55556,0.47971,0.29053,2.71023,7.59886,0.38702,1.40561,5.00846,1.27586e-05,1.27586e-05,1.27586e-05
679,1024.65,0.64792,2.01473,0.28808,0.27286,0.76435,0.90167,0.72222,0.80232,0.51263,0.70022,0.55556,0.47971,0.29053,2.70921,7.54708,0.38923,1.41919,4.98627,1.23343e-05,1.23343e-05,1.23343e-05
680,1026.09,0.74575,2.17726,0.28138,0.29271,0.74593,0.90944,0.72222,0.80232,0.51263,0.69041,0.4959,0.43575,0.28613,2.70849,7.61286,0.38683,1.40702,4.98715,1.191e-05,1.191e-05,1.191e-05
681,1027.53,0.50522,2.0858,0.30327,0.24032,0.78524,0.93017,0.74085,0.80633,0.50259,0.69102,0.49721,0.43575,0.28613,2.71589,7.60027,0.38602,1.38023,5.03807,1.14857e-05,1.14857e-05,1.14857e-05
682,1028.95,0.65295,2.22646,0.27598,0.27212,0.73902,0.93049,0.74456,0.80633,0.50259,0.69133,0.49789,0.43575,0.28613,2.71562,7.59888,0.38587,1.38244,5.03367,1.10614e-05,1.10614e-05,1.10614e-05
683,1030.39,0.72842,2.06326,0.29223,0.28986,0.74224,0.93023,0.7416,0.80633,0.49531,0.68928,0.49344,0.43575,0.28613,2.71981,7.5442,0.38853,1.39651,5.01684,1.06371e-05,1.06371e-05,1.06371e-05
684,1031.85,0.67025,2.26889,0.26888,0.27026,0.76061,0.931,0.75059,0.80633,0.50051,0.71885,0.44444,0.43328,0.28564,2.7189,7.56139,0.38922,1.38329,5.00779,1.02129e-05,1.02129e-05,1.02129e-05
685,1033.34,0.66266,2.20189,0.30344,0.26268,0.75308,0.93095,0.75002,0.80633,0.49323,0.71905,0.44444,0.43328,0.28564,2.71799,7.56746,0.38979,1.38352,5.00361,9.78857e-06,9.78857e-06,9.78857e-06
686,1034.8,0.66038,2.16008,0.29719,0.26654,0.78168,0.92936,0.73138,0.80633,0.51519,0.71897,0.44444,0.40114,0.28378,2.71959,7.56739,0.38991,1.40986,4.97942,9.36429e-06,9.36429e-06,9.36429e-06
687,1036.24,0.65118,2.10911,0.29984,0.27591,0.77067,0.92689,0.72222,0.80232,0.51479,0.71854,0.44444,0.40114,0.29271,2.71442,7.58811,0.39011,1.45693,4.95059,8.94e-06,8.94e-06,8.94e-06
688,1037.68,0.6696,1.98799,0.29411,0.26455,0.73807,0.92836,0.72013,0.80232,0.50658,0.71882,0.44444,0.40114,0.29271,2.71,7.64013,0.38994,1.43521,4.94504,8.51571e-06,8.51571e-06,8.51571e-06
689,1039.15,0.72747,2.03548,0.29071,0.28588,0.73948,0.92746,0.71097,0.80232,0.50658,0.71844,0.44444,0.40114,0.29031,2.72123,7.62488,0.38696,1.42029,5.00127,8.09143e-06,8.09143e-06,8.09143e-06
690,1040.6,0.68705,2.27487,0.28901,0.26979,0.75342,0.92769,0.71333,0.8037,0.50575,0.71899,0.44444,0.40114,0.29031,2.72449,7.63596,0.38719,1.41321,5.01407,7.66714e-06,7.66714e-06,7.66714e-06
691,1043.45,0.65183,2.16443,0.30279,0.27013,0.75641,0.92706,0.7069,0.8037,0.51396,0.71973,0.44444,0.40114,0.29271,2.71189,7.6426,0.38431,1.43985,4.93804,7.24286e-06,7.24286e-06,7.24286e-06
692,1044.9,0.6144,2.43525,0.3037,0.25079,0.80107,0.92711,0.70742,0.79518,0.50323,0.71906,0.44444,0.40114,0.29271,2.71468,7.61847,0.3838,1.45453,4.95394,6.81857e-06,6.81857e-06,6.81857e-06
693,1046.32,0.68164,2.0408,0.28207,0.28054,0.70471,0.92711,0.70749,0.79946,0.50664,0.7966,0.43594,0.4055,0.29578,2.71135,7.63033,0.38446,1.47095,4.9355,6.39429e-06,6.39429e-06,6.39429e-06
694,1047.72,0.73012,1.99714,0.27967,0.28058,0.74497,0.92707,0.70702,0.79946,0.50664,0.79667,0.43611,0.4055,0.29578,2.71282,7.62037,0.38343,1.46012,4.93047,5.97e-06,5.97e-06,5.97e-06
695,1049.16,0.5698,1.9348,0.28206,0.25676,0.80504,0.92975,0.73602,0.8037,0.5001,0.71977,0.44444,0.40114,0.28996,2.72398,7.60189,0.38473,1.41004,4.96681,5.54571e-06,5.54571e-06,5.54571e-06
696,1050.61,0.55214,2.06645,0.27909,0.25216,0.80559,0.93146,0.75596,0.8037,0.49445,0.72018,0.44444,0.40114,0.28539,2.72539,7.62148,0.3851,1.37833,4.9779,5.12143e-06,5.12143e-06,5.12143e-06
697,1052.05,0.62741,2.13584,0.2834,0.26418,0.8031,0.93096,0.75011,0.8037,0.49445,0.71986,0.44444,0.40114,0.28539,2.72336,7.60034,0.38414,1.39827,4.99282,4.69714e-06,4.69714e-06,4.69714e-06
698,1053.46,0.57959,2.19249,0.28522,0.26654,0.7714,0.91245,0.72222,0.79969,0.4997,0.71921,0.44444,0.40114,0.28539,2.72428,7.60718,0.38481,1.42589,5.00269,4.27286e-06,4.27286e-06,4.27286e-06
699,1054.9,0.65164,2.15222,0.28567,0.27854,0.77097,0.90061,0.72222,0.79969,0.50535,0.7195,0.44444,0.40114,0.28996,2.72376,7.62176,0.38619,1.4409,4.96934,3.84857e-06,3.84857e-06,3.84857e-06
700,1056.37,0.51744,2.35634,0.27738,0.25028,0.7921,0.92094,0.72222,0.80232,0.50658,0.71901,0.44444,0.40114,0.28996,2.72376,7.6205,0.38669,1.44647,4.99275,3.42429e-06,3.42429e-06,3.42429e-06
