epoch,time,train/box_loss,train/pose_loss,train/kobj_loss,train/cls_loss,train/dfl_loss,metrics/precision(B),metrics/recall(B),metrics/mAP50(B),metrics/mAP50-95(B),metrics/precision(P),metrics/recall(P),metrics/mAP50(P),metrics/mAP50-95(P),val/box_loss,val/pose_loss,val/kobj_loss,val/cls_loss,val/dfl_loss,lr/pg0,lr/pg1,lr/pg2
1,49.6816,1.45639,6.88949,0.54995,0.74708,1.93434,0.55989,0.84097,0.67559,0.29828,0.07121,0.08475,0.01051,0.00168,2.05063,8.02629,0.72028,1.31275,3.52846,9.23077e-05,9.23077e-05,0.0693231
2,62.7957,1.42756,4.43662,0.69587,0.74959,1.7033,0.64042,0.81508,0.76437,0.37763,0.38405,0.22034,0.18028,0.03661,1.76396,6.61358,0.68424,1.34738,2.38251,0.000192036,0.000192036,0.0360895
3,71.0027,1.42765,3.85852,0.69954,0.72644,1.57727,0.82179,0.85978,0.87587,0.42017,0.15543,0.16949,0.11467,0.02422,1.81732,7.44897,0.72251,1.29468,2.74095,0.000291481,0.000291481,0.00285558
4,78.2977,1.36008,3.8622,0.66568,0.68989,1.61193,0.89341,0.8524,0.91376,0.59889,0.45013,0.35593,0.23323,0.08879,1.43192,5.61656,0.6729,0.90886,1.86807,0.000298727,0.000298727,0.000298727
5,92.7865,1.20646,3.76865,0.64456,0.5674,1.38566,0.95808,0.89831,0.94251,0.55033,0.5608,0.50847,0.36526,0.16312,1.51951,5.0683,0.62978,0.82862,1.84691,0.000298303,0.000298303,0.000298303
6,98.416,1.08774,3.27711,0.62842,0.57438,1.34491,0.93759,0.89831,0.96268,0.61213,0.73176,0.54237,0.52652,0.25776,1.33665,4.48744,0.63741,0.78981,1.78829,0.000297879,0.000297879,0.000297879
7,107.983,1.02539,2.99104,0.62906,0.54112,1.2804,0.94306,0.84219,0.93612,0.64548,0.82263,0.64407,0.61026,0.28617,1.23911,4.05344,0.56502,0.82719,1.60245,0.000297454,0.000297454,0.000297454
8,117.738,1.10585,2.88868,0.60477,0.55318,1.23013,0.97986,0.77966,0.92506,0.62188,0.77824,0.59486,0.5601,0.22801,1.28739,4.30761,0.54368,0.82064,1.67298,0.00029703,0.00029703,0.00029703
9,122.646,0.98197,2.82402,0.57925,0.52122,1.27803,0.907,0.72881,0.9218,0.54604,0.48448,0.38983,0.3281,0.17028,1.44958,4.70076,0.55727,0.91118,1.93654,0.000296606,0.000296606,0.000296606
10,130.59,0.98827,2.71884,0.58051,0.48646,1.15801,0.87723,0.84772,0.9289,0.54352,0.66854,0.45763,0.39609,0.15032,1.46226,4.56361,0.55852,0.83226,1.90366,0.000296181,0.000296181,0.000296181
11,141.683,1.0376,2.59697,0.54121,0.50412,1.1508,0.90106,0.9322,0.96083,0.5779,0.6047,0.57047,0.52546,0.27132,1.30775,4.08073,0.54362,0.79058,1.65014,0.000295757,0.000295757,0.000295757
12,151.162,0.99511,2.3388,0.5491,0.46204,1.14013,0.87007,0.91525,0.95507,0.58792,0.71067,0.57627,0.53736,0.23337,1.38513,3.98439,0.53029,0.73374,1.77829,0.000295333,0.000295333,0.000295333
13,155.683,0.90499,2.37349,0.55848,0.4449,1.13893,0.84046,0.91525,0.94808,0.69822,0.86929,0.74576,0.73485,0.44706,1.06979,3.11055,0.48221,0.64652,1.35323,0.000294909,0.000294909,0.000294909
14,167.553,0.91438,2.45182,0.50919,0.44101,1.09616,0.8685,0.89554,0.94596,0.64395,0.80593,0.63356,0.70102,0.33516,1.16377,3.6742,0.48944,0.70148,1.55154,0.000294484,0.000294484,0.000294484
15,179.491,0.92023,2.20753,0.49372,0.45057,1.05164,0.91591,0.92318,0.97662,0.74312,0.91111,0.72881,0.75738,0.49725,1.01893,3.10663,0.46698,0.59119,1.38011,0.00029406,0.00029406,0.00029406
16,186.764,0.87708,2.30003,0.48185,0.43417,1.04864,0.91768,0.89831,0.96211,0.68952,0.6979,0.74399,0.67025,0.35488,1.15015,3.59452,0.46466,0.68686,1.5405,0.000293636,0.000293636,0.000293636
17,193.594,0.89154,2.20834,0.46972,0.42352,0.97781,0.96399,0.90745,0.96916,0.72528,0.91789,0.75796,0.77261,0.47364,1.03917,3.07032,0.43613,0.61109,1.40349,0.000293211,0.000293211,0.000293211
18,206.483,0.78487,2.10387,0.4602,0.38246,1.00561,0.83651,0.91525,0.95077,0.68043,0.68894,0.72881,0.66906,0.38325,1.11613,3.52648,0.42768,0.73001,1.56216,0.000292787,0.000292787,0.000292787
19,216.26,0.80615,1.95692,0.45504,0.39601,1.03607,0.94619,0.8941,0.97296,0.72882,0.85593,0.72881,0.74189,0.50979,1.02608,3.03964,0.42134,0.64871,1.39062,0.000292363,0.000292363,0.000292363
20,220.595,0.82028,1.91376,0.42996,0.39672,0.94012,0.95942,0.86441,0.97141,0.69231,0.7015,0.64407,0.65451,0.42112,1.05888,3.22133,0.41892,0.66155,1.49582,0.000291939,0.000291939,0.000291939
21,233.295,0.80876,1.92923,0.41719,0.37682,0.94421,0.91726,0.9396,0.98282,0.68793,0.76294,0.55932,0.64807,0.37181,1.12349,3.27408,0.4016,0.64828,1.54506,0.000291514,0.000291514,0.000291514
22,242.107,0.81066,1.81067,0.40363,0.36923,0.97004,0.9648,0.92927,0.98493,0.70437,0.57893,0.67583,0.57401,0.36126,1.08745,3.37001,0.38966,0.631,1.51724,0.00029109,0.00029109,0.00029109
23,246.124,0.87862,1.72655,0.39803,0.37932,0.90546,0.93263,0.93864,0.98641,0.77577,0.87105,0.68702,0.7409,0.37158,0.92722,3.44047,0.37917,0.53026,1.29286,0.000290666,0.000290666,0.000290666
24,257.081,0.72874,1.79804,0.39181,0.35906,0.95227,0.87491,1,0.98103,0.79238,0.8905,0.72881,0.75798,0.52294,0.87454,2.7685,0.36636,0.51602,1.2097,0.000290241,0.000290241,0.000290241
25,269.989,0.7574,1.91862,0.36388,0.3657,0.92616,0.91657,0.93109,0.98223,0.75769,0.84794,0.79661,0.79612,0.47451,0.92467,3.00513,0.36528,0.52826,1.31502,0.000289817,0.000289817,0.000289817
26,277.09,0.77786,1.86626,0.36509,0.36266,0.93596,0.93515,0.97768,0.98901,0.80592,0.87084,0.79999,0.80857,0.55363,0.83849,2.64022,0.35763,0.48536,1.14872,0.000289393,0.000289393,0.000289393
27,283.793,0.76731,1.69098,0.35348,0.35745,0.92943,0.89543,0.98305,0.9858,0.73317,0.74778,0.62712,0.6091,0.29577,1.03882,3.99374,0.36138,0.63411,1.50985,0.000288969,0.000288969,0.000288969
28,295.587,0.77362,1.75487,0.35139,0.36685,0.92164,0.9066,0.98712,0.99027,0.79569,0.82715,0.77966,0.76484,0.56046,0.84315,2.69583,0.34845,0.52771,1.19865,0.000288544,0.000288544,0.000288544
29,305.013,0.73644,1.69671,0.34394,0.34967,0.90862,0.93538,0.94915,0.99058,0.75015,0.76058,0.64407,0.6792,0.35071,0.94851,3.38444,0.35174,0.57415,1.39583,0.00028812,0.00028812,0.00028812
30,309.783,0.7945,1.60671,0.33882,0.35264,0.91501,0.95037,0.97371,0.99166,0.77866,0.74959,0.74576,0.73285,0.52391,0.82754,2.65713,0.34486,0.52552,1.18831,0.000287696,0.000287696,0.000287696
31,318.284,0.79531,1.58331,0.3261,0.35374,0.87007,0.9652,0.94017,0.99112,0.76651,0.88313,0.89655,0.8541,0.48137,0.95287,2.77872,0.34404,0.48602,1.34277,0.000287271,0.000287271,0.000287271
32,330.684,0.73113,1.58325,0.3268,0.33194,0.91238,0.96299,0.98305,0.9913,0.78938,0.82912,0.84746,0.80815,0.56037,0.84108,2.37758,0.3362,0.4402,1.16043,0.000286847,0.000286847,0.000286847
33,338.775,0.85061,1.59912,0.32525,0.35207,0.88757,0.96701,0.9937,0.9881,0.74118,0.7692,0.7909,0.74287,0.36715,1.0252,3.09826,0.3425,0.49701,1.45244,0.000286423,0.000286423,0.000286423
34,343.118,0.78316,1.67367,0.31251,0.35785,0.92141,0.95071,0.9808,0.99269,0.76976,0.86374,0.76271,0.7818,0.51671,0.90112,2.55005,0.33062,0.45415,1.26208,0.000285999,0.000285999,0.000285999
35,351.594,0.76382,1.77333,0.30734,0.35036,0.93504,0.97919,1,0.99483,0.7646,0.87373,0.76271,0.78195,0.37172,0.9428,2.98077,0.32953,0.45779,1.33693,0.000285574,0.000285574,0.000285574
36,365.387,0.77867,1.63699,0.32051,0.34171,0.92526,1,0.98083,0.995,0.75544,0.8253,0.80074,0.79299,0.47945,0.97686,2.88436,0.32074,0.4891,1.40484,0.00028515,0.00028515,0.00028515
37,371.144,0.813,1.77373,0.30014,0.35637,0.8633,0.96519,0.93996,0.98966,0.76828,0.82675,0.79661,0.82806,0.54274,0.86027,2.53896,0.3187,0.49433,1.15411,0.000284726,0.000284726,0.000284726
38,378.281,0.72245,1.56585,0.29991,0.33068,0.85969,0.89261,0.9661,0.98375,0.74369,0.83187,0.69492,0.77402,0.44209,0.91768,2.89551,0.32034,0.51868,1.20685,0.000284301,0.000284301,0.000284301
39,388.297,0.73141,1.5285,0.29672,0.32671,0.86833,1,0.92902,0.99191,0.77793,0.84128,0.77966,0.79928,0.57338,0.84024,2.43655,0.31581,0.49626,1.16448,0.000283877,0.000283877,0.000283877
40,399.486,0.70174,1.48698,0.29951,0.32456,0.89666,0.96534,0.94412,0.98732,0.75917,0.8271,0.72975,0.78342,0.46258,0.90165,2.91673,0.31977,0.53077,1.24595,0.000283453,0.000283453,0.000283453
41,404.302,0.70114,1.44233,0.30938,0.32822,0.84449,0.92317,0.94915,0.98265,0.78419,0.83183,0.7546,0.79119,0.53546,0.85438,2.60948,0.31188,0.53719,1.18546,0.000283029,0.000283029,0.000283029
42,411.99,0.73832,1.51514,0.29997,0.33186,0.84606,0.94659,1,0.99058,0.75539,0.86495,0.75993,0.81163,0.46828,0.88593,2.78808,0.31783,0.61954,1.25155,0.000282604,0.000282604,0.000282604
43,423.689,0.76403,1.46784,0.2936,0.33714,0.85972,0.95453,1,0.99238,0.76289,0.78753,0.83051,0.81888,0.50563,0.88088,2.61526,0.31691,0.57311,1.22036,0.00028218,0.00028218,0.00028218
44,430.349,0.68852,1.44498,0.28715,0.32553,0.8385,0.935,0.97528,0.9897,0.77478,0.84141,0.72881,0.77509,0.5288,0.84772,2.51191,0.30957,0.51034,1.17668,0.000281756,0.000281756,0.000281756
45,436.189,0.73192,1.32019,0.28581,0.31954,0.82154,0.9597,0.9661,0.99073,0.79268,0.84448,0.84746,0.8444,0.53755,0.83787,2.6605,0.30935,0.4651,1.15482,0.000281331,0.000281331,0.000281331
46,449.196,0.71091,1.35789,0.28905,0.31589,0.83084,1,0.98019,0.99467,0.81462,0.87795,0.8535,0.8405,0.61006,0.82138,2.31283,0.30263,0.41099,1.15602,0.000280907,0.000280907,0.000280907
47,458.593,0.74186,1.48743,0.27893,0.32835,0.83826,0.95038,1,0.99268,0.78716,0.84955,0.86141,0.82932,0.53722,0.8902,2.42035,0.30667,0.45528,1.21481,0.000280483,0.000280483,0.000280483
48,462.948,0.72458,1.49302,0.27457,0.31548,0.84536,0.9807,1,0.9945,0.8214,0.92178,0.89831,0.89182,0.60083,0.80945,2.40535,0.30189,0.41132,1.10134,0.000280059,0.000280059,0.000280059
49,472.191,0.74619,1.34943,0.28745,0.32285,0.85065,0.98716,0.98305,0.99483,0.80564,0.89368,0.88136,0.86901,0.57337,0.85629,2.53201,0.30019,0.42888,1.19819,0.000279634,0.000279634,0.000279634
50,483.194,0.72647,1.32631,0.2773,0.31729,0.83275,0.94617,0.9661,0.98951,0.79392,0.9055,0.81205,0.84667,0.53186,0.82234,2.51574,0.30173,0.49563,1.11023,0.00027921,0.00027921,0.00027921
51,487.85,0.63529,1.38763,0.27604,0.30421,0.84691,0.93198,0.92895,0.97035,0.7437,0.80825,0.76271,0.74863,0.44136,0.94491,2.88172,0.30109,0.56888,1.35928,0.000278786,0.000278786,0.000278786
52,497.189,0.67659,1.43571,0.28835,0.30916,0.84787,0.93305,0.94487,0.9782,0.73491,0.74212,0.69492,0.67723,0.42925,0.9375,3.03116,0.2993,0.56237,1.34445,0.000278361,0.000278361,0.000278361
53,510.291,0.68807,1.43824,0.27145,0.31309,0.82228,0.89141,0.974,0.97858,0.73964,0.80194,0.61774,0.67984,0.4561,0.95759,3.00031,0.29446,0.55425,1.40131,0.000277937,0.000277937,0.000277937
54,516.253,0.70965,1.37784,0.27239,0.32168,0.84687,0.86177,0.94915,0.9607,0.70446,0.895,0.64407,0.72181,0.42209,1.08448,3.31386,0.29012,0.6078,1.67556,0.000277513,0.000277513,0.000277513
55,523.491,0.81336,1.3384,0.2765,0.33613,0.84179,0.93499,0.97511,0.98094,0.75965,0.86154,0.74576,0.82887,0.48719,0.90705,2.77464,0.28602,0.57285,1.25525,0.000277089,0.000277089,0.000277089
56,536.185,0.66942,1.34521,0.26822,0.30803,0.87925,0.94653,0.90013,0.97689,0.76434,0.83878,0.74576,0.8162,0.51725,0.9073,2.71589,0.28611,0.55098,1.28054,0.000276664,0.000276664,0.000276664
57,543.418,0.63573,1.54502,0.26395,0.30561,0.82296,0.9194,0.96668,0.9876,0.79337,0.80501,0.84746,0.86204,0.52892,0.81016,2.4168,0.28622,0.47887,1.07612,0.00027624,0.00027624,0.00027624
58,549.086,0.73318,1.39754,0.26048,0.31887,0.84323,0.90411,1,0.98801,0.8226,0.87801,0.85401,0.88944,0.61144,0.74888,2.15404,0.28301,0.42467,1.0143,0.000275816,0.000275816,0.000275816
59,562.597,0.79219,1.41922,0.26698,0.32407,0.82334,0.89072,0.98305,0.98253,0.78179,0.79363,0.86441,0.83696,0.5345,0.90657,2.60335,0.28664,0.51428,1.21427,0.000275391,0.000275391,0.000275391
60,570.193,0.7105,1.3828,0.26209,0.31808,0.82619,0.9183,0.95256,0.9878,0.79777,0.87457,0.82733,0.88302,0.63173,0.76986,2.13719,0.28746,0.50328,1.00321,0.000274967,0.000274967,0.000274967
61,575.584,0.74626,1.25184,0.26162,0.31982,0.79201,0.95287,0.98305,0.99124,0.81446,0.90446,0.80237,0.87659,0.59657,0.80561,2.3514,0.28199,0.51897,1.06711,0.000274543,0.000274543,0.000274543
62,587.384,0.68508,1.15727,0.26055,0.31109,0.79483,0.93656,0.9322,0.98674,0.80941,0.86249,0.77966,0.83104,0.56397,0.79933,2.44872,0.27586,0.50941,1.03745,0.000274119,0.000274119,0.000274119
63,599.487,0.63572,1.11815,0.25108,0.30044,0.79707,0.96243,1,0.99283,0.82792,0.86359,0.89831,0.86277,0.57923,0.77615,2.3218,0.2674,0.43044,1.0255,0.000273694,0.000273694,0.000273694
64,605.076,0.72749,1.12801,0.25998,0.31464,0.7746,0.95136,0.99458,0.99258,0.81558,0.89039,0.82611,0.85305,0.60653,0.75634,2.25844,0.26857,0.46657,1.00722,0.00027327,0.00027327,0.00027327
65,612.69,0.61791,1.16714,0.25557,0.29586,0.82383,0.95148,0.9972,0.98921,0.81553,0.85767,0.81712,0.8471,0.59505,0.77025,2.31577,0.26793,0.49056,1.02552,0.000272846,0.000272846,0.000272846
66,623.547,0.72373,1.24581,0.25771,0.32123,0.81078,0.95747,0.9322,0.98584,0.80644,0.85501,0.79965,0.83113,0.54248,0.79716,2.57318,0.26949,0.49675,1.05838,0.000272421,0.000272421,0.000272421
67,628.227,0.74327,1.18799,0.24783,0.33368,0.80191,0.95036,1,0.99303,0.80195,0.9004,0.84746,0.86734,0.60313,0.78813,2.40387,0.26516,0.48156,1.04131,0.000271997,0.000271997,0.000271997
68,636.495,0.69355,1.11531,0.24841,0.31258,0.862,0.94247,1,0.99303,0.81623,0.88214,0.83051,0.8475,0.60432,0.76551,2.41638,0.26648,0.45517,1.05879,0.000271573,0.000271573,0.000271573
69,647.584,0.74867,1.1786,0.25191,0.32426,0.81306,0.95147,0.997,0.99062,0.77307,0.89414,0.77966,0.82296,0.52021,0.88982,2.91525,0.27011,0.54173,1.34674,0.000271149,0.000271149,0.000271149
70,657.32,0.68511,1.19447,0.2499,0.31639,0.81735,0.98266,0.96084,0.98901,0.80896,0.90431,0.86441,0.86666,0.5849,0.77615,2.38073,0.26897,0.50968,1.1138,0.000270724,0.000270724,0.000270724
71,662.117,0.69877,1.27538,0.25861,0.30557,0.83053,0.93362,1,0.99224,0.81739,0.89816,0.86441,0.8935,0.5429,0.75357,2.56651,0.26796,0.46275,1.01706,0.0002703,0.0002703,0.0002703
72,671.084,0.65441,1.06409,0.247,0.2938,0.81085,0.93564,0.98571,0.99007,0.81804,0.84964,0.88136,0.87263,0.55346,0.80341,2.57107,0.26359,0.47389,1.09341,0.000269876,0.000269876,0.000269876
73,682.258,0.7474,1.1032,0.25039,0.31873,0.74543,0.95,0.98305,0.98379,0.77924,0.81799,0.83798,0.82401,0.46224,0.85749,2.57261,0.26474,0.52156,1.17962,0.000269451,0.000269451,0.000269451
74,687.028,0.70762,1.05942,0.2425,0.30953,0.81236,0.94576,0.98305,0.9913,0.82248,0.9273,0.91525,0.92572,0.65296,0.74159,1.95071,0.26247,0.40956,0.97773,0.000269027,0.000269027,0.000269027
75,696.422,0.73357,1.3494,0.24711,0.32485,0.86884,0.96642,0.9756,0.99152,0.74694,0.84505,0.84746,0.80985,0.44344,0.99438,2.91649,0.27189,0.51529,1.47222,0.000268603,0.000268603,0.000268603
76,709.09,0.65738,1.23361,0.25969,0.29596,0.85314,0.98874,0.98305,0.99467,0.80221,0.92436,0.91525,0.90791,0.66181,0.82788,2.02821,0.2657,0.43711,1.08893,0.000268179,0.000268179,0.000268179
77,715.885,0.68975,1.10265,0.23902,0.30821,0.78727,0.98677,0.98305,0.99467,0.82357,0.92469,0.91525,0.90922,0.61987,0.77713,2.12039,0.26233,0.41133,1.03763,0.000267754,0.000267754,0.000267754
78,722.393,0.72186,1.25959,0.24476,0.32054,0.83031,0.98153,0.98305,0.99467,0.83069,0.9208,0.91525,0.91093,0.67318,0.743,1.95576,0.25916,0.40312,1.02293,0.00026733,0.00026733,0.00026733
79,735.689,0.7216,1.02743,0.24208,0.30717,0.77953,0.9819,0.98305,0.99467,0.84069,0.89858,0.89831,0.88424,0.63307,0.77932,1.98889,0.25473,0.40388,1.06729,0.000266906,0.000266906,0.000266906
80,744.636,0.6144,1.05761,0.25783,0.28008,0.80694,0.98408,0.98305,0.99467,0.85245,0.91622,0.91525,0.92382,0.65101,0.71003,1.87542,0.25341,0.37238,0.9746,0.000266481,0.000266481,0.000266481
81,749.233,0.64574,0.96856,0.2434,0.27608,0.78097,0.99499,0.98305,0.99467,0.83316,0.92611,0.91525,0.90234,0.67772,0.7325,1.99406,0.25293,0.39219,1.01716,0.000266057,0.000266057,0.000266057
82,757.893,0.71812,0.99496,0.24714,0.31677,0.78327,0.99277,0.98305,0.99467,0.83538,0.94094,0.9322,0.92292,0.67458,0.71999,1.89606,0.25613,0.42047,0.94882,0.000265633,0.000265633,0.000265633
83,769.587,0.59402,0.99028,0.24523,0.27615,0.84535,0.9814,1,0.99483,0.83989,0.91379,0.89826,0.87791,0.65045,0.72509,1.9023,0.25505,0.40407,1.02391,0.000265209,0.000265209,0.000265209
84,777.008,0.59467,0.95599,0.23865,0.27783,0.82238,0.98108,1,0.99483,0.8216,0.90712,0.88136,0.86787,0.60889,0.74014,2.02835,0.25349,0.39092,0.98074,0.000264784,0.000264784,0.000264784
85,783.112,0.66159,1.10154,0.23171,0.28797,0.80044,0.98048,1,0.99483,0.84078,0.91344,0.89437,0.8849,0.62278,0.74233,2.04714,0.24979,0.36551,0.99997,0.00026436,0.00026436,0.00026436
86,795.987,0.72549,1.03329,0.23162,0.29994,0.77519,1,0.99667,0.995,0.84284,0.90928,0.89831,0.88568,0.6741,0.75723,2.02507,0.25,0.36997,1.05687,0.000263936,0.000263936,0.000263936
87,806.458,0.6191,1.00393,0.22765,0.27816,0.79637,0.98299,1,0.99283,0.82852,0.87926,0.88136,0.86794,0.61574,0.77126,2.1683,0.25426,0.38178,1.08786,0.000263511,0.000263511,0.000263511
88,811.078,0.66062,1.03263,0.236,0.29491,0.75961,0.97976,0.98305,0.99382,0.80178,0.91199,0.91525,0.90651,0.60533,0.80132,2.12464,0.25408,0.3853,1.10345,0.000263087,0.000263087,0.000263087
89,817.188,0.66168,1.08589,0.24822,0.29087,0.79559,0.98325,0.99494,0.99483,0.8206,0.88276,0.89335,0.88121,0.57985,0.75998,2.15341,0.24997,0.3667,1.08068,0.000262663,0.000262663,0.000262663
90,829.182,0.68936,1.05132,0.2305,0.30425,0.77872,0.98326,0.99536,0.99483,0.82862,0.92343,0.91525,0.90337,0.59845,0.76669,2.18162,0.24646,0.37558,1.09204,0.000262239,0.000262239,0.000262239
91,840.19,0.70666,1.06236,0.23927,0.30126,0.779,1,0.9995,0.995,0.83062,0.92767,0.91525,0.9082,0.65324,0.74183,2.02614,0.2483,0.3646,1.06041,0.000261814,0.000261814,0.000261814
92,845.197,0.65729,1.01974,0.22773,0.28571,0.73795,1,0.98267,0.99483,0.82141,0.93083,0.91525,0.90359,0.6444,0.74613,2.10223,0.25335,0.37995,1.09025,0.00026139,0.00026139,0.00026139
93,852.093,0.66965,1.04723,0.2289,0.28837,0.74494,1,0.99377,0.995,0.81553,0.86317,0.89831,0.84788,0.59084,0.75183,2.15787,0.25301,0.38539,1.11599,0.000260966,0.000260966,0.000260966
94,862.892,0.65828,0.93293,0.22661,0.29162,0.77224,0.98326,0.99567,0.99483,0.79613,0.90505,0.88136,0.87472,0.61748,0.76807,1.99847,0.25021,0.39261,1.10941,0.000260541,0.000260541,0.000260541
95,874.873,0.70632,0.90093,0.22877,0.29372,0.73257,0.9993,1,0.995,0.83074,0.90961,0.89831,0.87629,0.61592,0.765,2.04842,0.24508,0.36149,1.0469,0.000260117,0.000260117,0.000260117
96,879.66,0.59774,0.97898,0.22382,0.27986,0.78657,1,0.99762,0.995,0.86722,0.90948,0.89831,0.87979,0.70615,0.67544,1.75823,0.24283,0.34973,0.91749,0.000259693,0.000259693,0.000259693
97,887.388,0.67191,0.92354,0.23298,0.29169,0.75634,0.98332,0.9995,0.99483,0.84394,0.91975,0.91525,0.90344,0.6486,0.70484,1.90537,0.24138,0.35404,0.97504,0.000259269,0.000259269,0.000259269
98,896.185,0.69452,0.97473,0.222,0.29654,0.74913,0.98333,0.99951,0.99483,0.85789,0.93144,0.9322,0.92394,0.63845,0.70388,1.96877,0.23872,0.35518,1.00671,0.000258844,0.000258844,0.000258844
99,908.025,0.65101,0.95065,0.21412,0.29551,0.78127,0.99423,0.98305,0.99483,0.83905,0.9428,0.9322,0.92438,0.66374,0.77404,1.95558,0.23464,0.37933,1.05313,0.00025842,0.00025842,0.00025842
100,912.653,0.65549,0.99063,0.2279,0.29064,0.77947,0.9921,0.98305,0.99467,0.85126,0.94078,0.9322,0.92556,0.68206,0.70348,1.87966,0.23346,0.35966,0.94728,0.000257996,0.000257996,0.000257996
101,921.681,0.6772,0.92299,0.22227,0.29418,0.77373,0.99142,0.98305,0.99467,0.86367,0.94014,0.9322,0.92616,0.65316,0.67019,1.92562,0.23371,0.3643,0.9291,0.000257571,0.000257571,0.000257571
102,933.897,0.66756,0.95681,0.22238,0.29321,0.7461,0.97889,0.98305,0.99323,0.84671,0.91502,0.91258,0.90388,0.60505,0.71613,2.20994,0.2375,0.39975,0.99469,0.000257147,0.000257147,0.000257147
103,942.374,0.64673,0.92761,0.21294,0.28388,0.77949,0.93496,0.98305,0.99145,0.83065,0.86612,0.91525,0.89107,0.64123,0.69745,2.0512,0.23839,0.44209,0.94981,0.000256723,0.000256723,0.000256723
104,946.767,0.61432,0.90953,0.21328,0.27422,0.7735,0.95154,0.99839,0.99224,0.83495,0.88614,0.92346,0.91351,0.6272,0.69119,2.02492,0.23327,0.43155,0.96793,0.000256299,0.000256299,0.000256299
105,955.991,0.68642,0.88717,0.21518,0.28911,0.75898,0.95008,1,0.99253,0.82601,0.90078,0.92328,0.91581,0.64468,0.73472,1.96228,0.23098,0.43112,0.98086,0.000255874,0.000255874,0.000255874
106,968.906,0.65516,0.84894,0.20689,0.28494,0.74719,0.9918,0.98305,0.99452,0.85896,0.9405,0.9322,0.92799,0.68794,0.71285,1.74757,0.23153,0.37918,0.94315,0.00025545,0.00025545,0.00025545
107,976.321,0.63736,0.95174,0.21354,0.29243,0.76695,0.96559,1,0.99402,0.8375,0.88888,0.86441,0.87155,0.56066,0.75062,2.26929,0.23054,0.3994,1.06627,0.000255026,0.000255026,0.000255026
108,983.787,0.66229,0.98376,0.20931,0.28764,0.76328,0.96553,1,0.99402,0.82072,0.87709,0.84746,0.85655,0.63023,0.78458,2.04841,0.2281,0.41477,1.09521,0.000254601,0.000254601,0.000254601
109,995.389,0.67384,0.92308,0.20945,0.28767,0.76092,0.9937,0.98305,0.99437,0.81643,0.90766,0.89831,0.88178,0.63064,0.78976,2.10016,0.22568,0.41367,1.08679,0.000254177,0.000254177,0.000254177
110,1006.6,0.67554,1.00029,0.21506,0.29214,0.77098,0.99306,0.98305,0.99452,0.8208,0.94169,0.9322,0.92866,0.69826,0.77364,1.80964,0.22278,0.39596,1.10465,0.000253753,0.000253753,0.000253753
111,1010.84,0.65072,0.90297,0.21502,0.27051,0.78017,0.998,0.98305,0.99467,0.82424,0.94549,0.9322,0.9282,0.66066,0.77592,1.98314,0.22782,0.37377,1.08671,0.000253329,0.000253329,0.000253329
112,1021.48,0.67025,0.92409,0.20508,0.28957,0.74027,0.98323,0.99382,0.99483,0.85904,0.92746,0.91525,0.90625,0.75307,0.68993,1.65723,0.22933,0.35253,0.99465,0.000252904,0.000252904,0.000252904
113,1034.79,0.65165,0.85827,0.20822,0.27849,0.79271,0.99751,0.98305,0.99467,0.84403,0.94557,0.9322,0.92859,0.70033,0.74294,1.79984,0.22794,0.37926,1.03213,0.00025248,0.00025248,0.00025248
114,1042.06,0.65042,0.71355,0.21327,0.27678,0.77213,1,0.9992,0.995,0.84323,0.94565,0.9322,0.92665,0.71802,0.72861,1.72699,0.22811,0.36772,0.97618,0.000252056,0.000252056,0.000252056
115,1049.89,0.61861,0.84076,0.21042,0.27058,0.7617,1,0.99881,0.995,0.84844,0.9413,0.9322,0.92744,0.70815,0.70322,1.74325,0.2233,0.36422,0.99094,0.000251631,0.000251631,0.000251631
116,1063.21,0.5846,0.71078,0.20381,0.2706,0.78385,0.9961,1,0.995,0.85613,0.93631,0.9322,0.92636,0.66393,0.71639,1.87642,0.22606,0.35788,0.99805,0.000251207,0.000251207,0.000251207
117,1070.34,0.62131,0.77104,0.20953,0.27758,0.76703,0.9957,1,0.995,0.84958,0.94008,0.9322,0.92797,0.67043,0.74941,1.80069,0.22925,0.35705,1.00266,0.000250783,0.000250783,0.000250783
118,1074.68,0.64217,0.88865,0.20516,0.27577,0.77333,0.99762,1,0.995,0.85817,0.94824,0.93154,0.92573,0.65982,0.69267,1.71232,0.22515,0.34082,0.93378,0.000250359,0.000250359,0.000250359
119,1085.51,0.55131,0.79059,0.21216,0.25227,0.77276,0.99838,1,0.995,0.85954,0.94479,0.9322,0.92592,0.6929,0.67458,1.66812,0.22077,0.3555,0.92178,0.000249934,0.000249934,0.000249934
120,1096.48,0.57906,0.74116,0.20099,0.26202,0.76299,0.99843,1,0.995,0.84418,0.94131,0.9322,0.92301,0.65237,0.7196,1.80096,0.22029,0.36594,0.9742,0.00024951,0.00024951,0.00024951
121,1104,0.6333,0.73262,0.19953,0.27392,0.74991,0.99795,1,0.995,0.84712,0.94259,0.9322,0.92256,0.67516,0.72992,1.66105,0.22264,0.36081,0.98435,0.000249086,0.000249086,0.000249086
122,1109.92,0.72815,0.70146,0.20659,0.29078,0.72895,0.99833,1,0.995,0.84202,0.93061,0.9322,0.91884,0.65147,0.75456,1.84254,0.22517,0.37684,1.00721,0.000248661,0.000248661,0.000248661
123,1122.09,0.6101,0.66468,0.20469,0.26987,0.75308,0.9829,1,0.995,0.84642,0.94585,0.9322,0.92531,0.65081,0.70822,1.93098,0.22431,0.35449,0.96427,0.000248237,0.000248237,0.000248237
124,1131.54,0.57563,0.68738,0.19899,0.26568,0.75165,0.96675,1,0.994,0.84027,0.91758,0.91525,0.92504,0.63436,0.76172,2.00625,0.22286,0.38775,1.02917,0.000247813,0.000247813,0.000247813
125,1135.9,0.5826,0.77192,0.19459,0.26231,0.77333,0.98321,0.99274,0.99367,0.85341,0.92877,0.9322,0.92926,0.71781,0.73818,1.80344,0.21823,0.37999,1.04988,0.000247389,0.000247389,0.000247389
126,1144.68,0.66424,0.74381,0.19822,0.26948,0.72383,0.98542,0.98305,0.99483,0.85816,0.94262,0.9322,0.93084,0.71408,0.71327,1.8002,0.21774,0.35965,1.00196,0.000246964,0.000246964,0.000246964
127,1155.99,0.60621,0.80512,0.19316,0.26333,0.76305,0.98023,1,0.99483,0.83294,0.92766,0.91525,0.91206,0.67429,0.74539,1.75662,0.2161,0.36671,1.02128,0.00024654,0.00024654,0.00024654
128,1164.64,0.65434,0.81089,0.18855,0.26971,0.74077,1,0.99971,0.995,0.86435,0.9418,0.9322,0.93108,0.69798,0.69714,1.73619,0.2128,0.34684,0.97029,0.000246116,0.000246116,0.000246116
129,1168.87,0.63679,0.85941,0.19218,0.27987,0.76164,0.99964,1,0.995,0.85906,0.94386,0.9322,0.93084,0.74927,0.70347,1.67903,0.21241,0.35419,0.97756,0.000245691,0.000245691,0.000245691
130,1179.79,0.62753,0.82277,0.19329,0.27582,0.80853,0.99885,1,0.995,0.83671,0.93092,0.9322,0.91818,0.72881,0.74598,1.80794,0.21235,0.37808,1.07691,0.000245267,0.000245267,0.000245267
131,1192.19,0.76553,0.83929,0.1955,0.30127,0.78323,0.99857,1,0.995,0.84713,0.93612,0.91525,0.89895,0.7445,0.71397,1.56946,0.21182,0.36358,0.95639,0.000244843,0.000244843,0.000244843
132,1198.33,0.65196,0.84515,0.1933,0.27241,0.82258,0.99818,1,0.995,0.84009,0.9371,0.91525,0.9,0.63049,0.7346,1.83044,0.21015,0.36937,1.02193,0.000244419,0.000244419,0.000244419
133,1206.19,0.72204,0.95885,0.1946,0.29094,0.7912,0.98084,1,0.99417,0.88108,0.94892,0.94469,0.93982,0.78668,0.63084,1.39774,0.21071,0.34094,0.86642,0.000243994,0.000243994,0.000243994
134,1220.68,0.60902,0.88357,0.1876,0.26883,0.77985,0.98105,1,0.99417,0.84412,0.93112,0.94915,0.93751,0.65936,0.74736,2.08866,0.20808,0.39777,1.02644,0.00024357,0.00024357,0.00024357
135,1227.43,0.64451,0.8715,0.20317,0.29011,0.76512,0.99667,1,0.995,0.86581,0.94527,0.94915,0.93788,0.7192,0.67518,1.62034,0.20897,0.36311,0.91182,0.000243146,0.000243146,0.000243146
136,1231.68,0.66754,0.78361,0.18961,0.2728,0.72703,0.99191,1,0.995,0.85597,0.92325,0.9322,0.91702,0.67071,0.68442,1.74107,0.209,0.3587,0.97792,0.000242721,0.000242721,0.000242721
137,1242.3,0.60198,0.64803,0.19264,0.26518,0.75159,0.99613,1,0.995,0.86559,0.94548,0.94915,0.93226,0.77183,0.66352,1.52937,0.21061,0.35,0.91426,0.000242297,0.000242297,0.000242297
138,1254.08,0.62963,0.65891,0.19564,0.26439,0.74591,1,0.99774,0.995,0.86451,0.94904,0.94696,0.92884,0.77429,0.66488,1.41252,0.21077,0.33994,0.89871,0.000241873,0.000241873,0.000241873
139,1258.75,0.64329,0.66123,0.19066,0.2625,0.72251,0.98243,1,0.99483,0.8467,0.93226,0.94915,0.92662,0.70139,0.67225,1.54738,0.21332,0.34776,0.92262,0.000241449,0.000241449,0.000241449
140,1266.79,0.59801,0.88774,0.18789,0.25775,0.7446,1,0.99816,0.995,0.85134,0.93209,0.93062,0.92057,0.6925,0.66767,1.69105,0.21496,0.35396,0.92654,0.000241024,0.000241024,0.000241024
141,1279.38,0.63684,0.68193,0.18712,0.26392,0.73823,0.99798,1,0.995,0.86495,0.9648,0.92908,0.92513,0.74514,0.65052,1.51873,0.21496,0.36324,0.89054,0.0002406,0.0002406,0.0002406
142,1286.11,0.6743,0.6009,0.18654,0.27463,0.70427,0.99802,1,0.995,0.84906,0.94174,0.9322,0.92456,0.71746,0.72018,1.62789,0.20987,0.36497,1.02688,0.000240176,0.000240176,0.000240176
143,1292.88,0.60771,0.73189,0.18821,0.26303,0.74651,0.99904,1,0.995,0.86584,0.94806,0.94915,0.93599,0.7695,0.62376,1.34085,0.20636,0.33573,0.8491,0.000239751,0.000239751,0.000239751
144,1305.09,0.64463,0.67261,0.18339,0.2686,0.72155,0.99893,1,0.995,0.84695,0.94625,0.9322,0.9188,0.68889,0.71504,1.62888,0.20974,0.36888,0.9765,0.000239327,0.000239327,0.000239327
145,1314.91,0.64608,0.71155,0.19458,0.27677,0.74509,0.99757,1,0.995,0.84875,0.96106,0.9322,0.92236,0.74879,0.63802,1.39236,0.20775,0.35659,0.8331,0.000238903,0.000238903,0.000238903
146,1319.69,0.65083,0.73585,0.18641,0.27681,0.77494,0.99775,1,0.995,0.8476,0.93006,0.9322,0.9149,0.65873,0.70185,1.7982,0.2057,0.40203,0.92148,0.000238479,0.000238479,0.000238479
147,1327.99,0.629,0.79571,0.18934,0.27177,0.74898,0.99778,1,0.995,0.85014,0.93001,0.9322,0.92263,0.74506,0.63974,1.40717,0.20622,0.3698,0.86443,0.000238054,0.000238054,0.000238054
148,1339.19,0.61842,0.7021,0.18585,0.26269,0.73207,0.99671,1,0.995,0.8343,0.92907,0.9322,0.91571,0.65632,0.69595,1.78667,0.20886,0.40773,0.94933,0.00023763,0.00023763,0.00023763
149,1347.08,0.60936,0.68312,0.17999,0.25644,0.74652,0.99827,1,0.995,0.84589,0.9305,0.9322,0.91697,0.67379,0.67348,1.69003,0.20765,0.38915,0.94451,0.000237206,0.000237206,0.000237206
150,1353.29,0.56068,0.82093,0.18953,0.2526,0.77573,0.99795,1,0.995,0.8458,0.94716,0.94915,0.92194,0.66531,0.69174,1.7491,0.20424,0.39221,0.98387,0.000236781,0.000236781,0.000236781
151,1360.73,0.60566,0.65281,0.18357,0.26085,0.70104,0.99829,1,0.995,0.85876,0.9475,0.94915,0.92282,0.73397,0.67361,1.52693,0.20163,0.35862,0.94339,0.000236357,0.000236357,0.000236357
152,1366.19,0.5823,0.64868,0.18074,0.25099,0.71528,0.99826,1,0.995,0.86629,0.94773,0.92199,0.9148,0.75734,0.65862,1.47649,0.20222,0.34543,0.89686,0.000235933,0.000235933,0.000235933
153,1377.69,0.61061,0.61177,0.17215,0.25636,0.70798,0.99884,1,0.995,0.84995,0.94366,0.9322,0.91758,0.70689,0.71228,1.65908,0.20047,0.36665,1.02108,0.000235509,0.000235509,0.000235509
154,1389.4,0.6245,0.798,0.1789,0.27655,0.73354,0.99991,1,0.995,0.86359,0.94284,0.9322,0.92334,0.73936,0.65596,1.54586,0.1991,0.3601,0.91384,0.000235084,0.000235084,0.000235084
155,1395.01,0.56026,0.74457,0.19596,0.27051,0.74878,0.99811,1,0.995,0.84742,0.93869,0.9322,0.9237,0.68584,0.69383,1.72295,0.19859,0.37256,0.94474,0.00023466,0.00023466,0.00023466
156,1402.68,0.63195,0.88297,0.19301,0.28329,0.74971,0.99805,1,0.995,0.86179,0.93744,0.9322,0.92838,0.76284,0.66058,1.50703,0.19888,0.35985,0.89339,0.000234236,0.000234236,0.000234236
157,1415.89,0.6964,0.70093,0.17348,0.26989,0.70496,0.99797,1,0.995,0.85279,0.93027,0.9322,0.92491,0.67548,0.68729,1.75634,0.19649,0.34862,0.94409,0.000233811,0.000233811,0.000233811
158,1424.9,0.57681,0.68892,0.18078,0.26029,0.70888,0.99795,1,0.995,0.85127,0.93153,0.9322,0.9276,0.73372,0.65037,1.50711,0.19404,0.3259,0.9199,0.000233387,0.000233387,0.000233387
159,1429.24,0.57918,0.72286,0.18049,0.26069,0.76157,0.99863,1,0.995,0.85423,0.94785,0.94915,0.93462,0.73988,0.64553,1.43225,0.19433,0.32512,0.84684,0.000232963,0.000232963,0.000232963
160,1439.98,0.58272,0.64134,0.18146,0.26017,0.7559,0.99116,1,0.995,0.85287,0.92609,0.9322,0.9234,0.70014,0.68806,1.65547,0.19704,0.34058,0.92781,0.000232539,0.000232539,0.000232539
161,1451.69,0.61753,0.67294,0.18012,0.26759,0.769,0.98715,1,0.995,0.86547,0.91407,0.90156,0.92132,0.75313,0.65516,1.4923,0.19691,0.33021,0.88424,0.000232114,0.000232114,0.000232114
162,1457.83,0.55697,0.73724,0.18094,0.25562,0.76403,0.98256,1,0.99483,0.87641,0.92785,0.89831,0.92176,0.70905,0.63677,1.60471,0.19857,0.32483,0.86766,0.00023169,0.00023169,0.00023169
163,1465.39,0.58584,0.74638,0.18077,0.26158,0.73769,0.95135,1,0.99399,0.85899,0.92485,0.9322,0.92282,0.70768,0.69631,1.64915,0.19949,0.35833,0.95083,0.000231266,0.000231266,0.000231266
164,1473.65,0.59585,0.75097,0.17547,0.25716,0.77008,0.99837,1,0.995,0.88305,0.93748,0.9322,0.93138,0.75076,0.62386,1.37148,0.19744,0.34111,0.84,0.000230841,0.000230841,0.000230841
165,1478.02,0.65516,0.64454,0.16521,0.27456,0.72138,0.97148,1,0.994,0.86711,0.90342,0.9322,0.91991,0.71611,0.67848,1.5545,0.19753,0.35782,0.90181,0.000230417,0.000230417,0.000230417
166,1488.89,0.64558,0.73222,0.17854,0.27141,0.74968,0.97949,1,0.994,0.87565,0.91773,0.89831,0.91585,0.72306,0.63597,1.51606,0.19743,0.34476,0.88147,0.000229993,0.000229993,0.000229993
167,1500.48,0.60312,0.62804,0.17248,0.2581,0.73767,0.9823,1,0.995,0.83508,0.88482,0.9115,0.90645,0.677,0.69504,1.5707,0.19477,0.37539,0.96097,0.000229569,0.000229569,0.000229569
168,1506.34,0.58256,0.67052,0.17895,0.25495,0.73117,0.98295,0.97696,0.9945,0.81796,0.92417,0.82636,0.85302,0.62707,0.72237,1.71806,0.1954,0.3938,0.99421,0.000229144,0.000229144,0.000229144
169,1513.61,0.63125,0.62439,0.17165,0.26252,0.7009,0.97045,1,0.99317,0.82552,0.89649,0.81356,0.85331,0.66327,0.7087,1.73001,0.1956,0.4151,0.95355,0.00022872,0.00022872,0.00022872
170,1524.5,0.57769,0.76267,0.171,0.26148,0.75482,0.97063,0.98305,0.99298,0.82878,0.87883,0.86054,0.87004,0.68016,0.72925,1.6652,0.1941,0.41026,0.97396,0.000228296,0.000228296,0.000228296
171,1533.28,0.65586,0.68731,0.17388,0.28531,0.76455,1,0.99509,0.995,0.84828,0.92731,0.91525,0.90391,0.74615,0.68475,1.52089,0.19186,0.37238,0.92704,0.000227871,0.000227871,0.000227871
172,1539.09,0.62066,0.65808,0.16668,0.26809,0.74152,0.98104,1,0.99417,0.85257,0.89719,0.91525,0.89508,0.65349,0.70546,1.89087,0.1921,0.38715,0.96981,0.000227447,0.000227447,0.000227447
173,1552.19,0.59588,0.69735,0.16785,0.26397,0.75147,1,0.99603,0.995,0.86967,0.94479,0.9322,0.9234,0.75806,0.63939,1.47092,0.19281,0.34821,0.9059,0.000227023,0.000227023,0.000227023
174,1557.27,0.57376,0.74639,0.17993,0.2758,0.76757,0.96052,1,0.99315,0.85024,0.90953,0.89831,0.89584,0.68597,0.69389,1.7159,0.19147,0.3944,0.9838,0.000226599,0.000226599,0.000226599
175,1565.8,0.63625,0.68546,0.1722,0.26251,0.74153,0.98326,0.99579,0.99483,0.86826,0.94695,0.91525,0.92076,0.72861,0.6678,1.57359,0.19007,0.36805,0.92585,0.000226174,0.000226174,0.000226174
176,1575.3,0.63578,0.57546,0.17086,0.26601,0.73716,0.98222,1,0.9945,0.87046,0.93185,0.94915,0.92543,0.70841,0.6919,1.69456,0.19038,0.37886,0.953,0.00022575,0.00022575,0.00022575
177,1580.59,0.67367,0.65004,0.16689,0.26811,0.67577,0.96367,1,0.99433,0.87547,0.91467,0.94915,0.92832,0.75138,0.66623,1.48688,0.1894,0.36387,0.88877,0.000225326,0.000225326,0.000225326
178,1591.2,0.63688,0.72619,0.16922,0.26024,0.72839,0.94928,1,0.9935,0.83558,0.91704,0.9661,0.94928,0.66892,0.73963,1.73673,0.1878,0.38223,0.98795,0.000224901,0.000224901,0.000224901
179,1603.8,0.55866,0.674,0.16496,0.24344,0.731,0.95077,1,0.99036,0.85805,0.90248,0.94114,0.92528,0.71861,0.66992,1.52914,0.18765,0.37286,0.88785,0.000224477,0.000224477,0.000224477
180,1609.3,0.66063,0.74322,0.16707,0.26141,0.72567,0.95225,0.98305,0.99143,0.82372,0.89064,0.91525,0.90702,0.56675,0.78704,2.25563,0.18995,0.42813,1.11278,0.000224053,0.000224053,0.000224053
181,1616.28,0.61265,0.71653,0.16732,0.25271,0.73699,0.9832,0.99208,0.99483,0.83378,0.89411,0.89831,0.88371,0.7065,0.72276,1.70449,0.18918,0.3999,0.99418,0.000223629,0.000223629,0.000223629
182,1627.59,0.64883,0.68598,0.16666,0.2672,0.73108,0.96446,1,0.99367,0.81656,0.87046,0.91117,0.88029,0.59242,0.79275,2.14314,0.19069,0.43747,1.1078,0.000223204,0.000223204,0.000223204
183,1633.85,0.66726,0.82826,0.16294,0.26585,0.73316,0.99201,1,0.995,0.83859,0.94846,0.93574,0.93037,0.67261,0.70358,1.60624,0.188,0.37001,1.01921,0.00022278,0.00022278,0.00022278
184,1640.88,0.68744,0.71646,0.16479,0.26715,0.743,0.99595,1,0.995,0.84707,0.92842,0.9322,0.92042,0.7216,0.70332,1.49112,0.18735,0.36393,0.97308,0.000222356,0.000222356,0.000222356
185,1654.01,0.68441,0.67218,0.17052,0.27197,0.68758,0.97702,1,0.9925,0.81161,0.85147,0.87454,0.87705,0.56901,0.80565,2.25024,0.1904,0.45206,1.11881,0.000221931,0.000221931,0.000221931
186,1663.37,0.60926,0.71268,0.16753,0.25314,0.74484,0.9832,0.99172,0.99483,0.83688,0.86823,0.89348,0.87092,0.69133,0.68428,1.7167,0.19058,0.4005,0.8991,0.000221507,0.000221507,0.000221507
187,1667.66,0.6692,0.73734,0.17074,0.26149,0.72123,0.84598,1,0.97994,0.81662,0.91648,0.81356,0.85383,0.58418,0.70421,2.13182,0.19009,0.41749,0.93761,0.000221083,0.000221083,0.000221083
188,1676.99,0.65375,0.98405,0.16804,0.26618,0.71122,0.90658,0.98691,0.98865,0.8477,0.89689,0.88465,0.90613,0.69925,0.68275,1.66431,0.18813,0.39535,0.87841,0.000220659,0.000220659,0.000220659
189,1688.69,0.57791,0.81461,0.16956,0.2533,0.75846,0.99602,1,0.995,0.87548,0.9282,0.9322,0.91214,0.76685,0.64449,1.32737,0.18824,0.33863,0.8598,0.000220234,0.000220234,0.000220234
190,1697.36,0.61966,0.72636,0.16593,0.25426,0.68963,0.99788,1,0.995,0.86373,0.92979,0.9322,0.91109,0.68366,0.6791,1.56737,0.18851,0.36222,0.91159,0.00021981,0.00021981,0.00021981
191,1701.46,0.61637,0.70587,0.17103,0.25447,0.72723,1,0.96094,0.9931,0.86203,0.92915,0.8892,0.89472,0.73815,0.6447,1.4086,0.18726,0.36196,0.88054,0.000219386,0.000219386,0.000219386
192,1713.08,0.56553,0.67613,0.16741,0.24503,0.71289,1,0.93157,0.99225,0.85295,0.95323,0.88136,0.92605,0.66639,0.70742,1.6224,0.1867,0.3886,0.95981,0.000218961,0.000218961,0.000218961
193,1722.94,0.54596,0.76271,0.16464,0.24711,0.75594,0.96507,1,0.99303,0.86383,0.91539,0.94915,0.92739,0.75359,0.64472,1.28794,0.18477,0.37989,0.84054,0.000218537,0.000218537,0.000218537
194,1727.79,0.62171,0.68416,0.17429,0.25348,0.75361,0.96657,0.98024,0.99164,0.85683,0.91646,0.92977,0.92795,0.68684,0.68693,1.58493,0.18307,0.37243,0.92785,0.000218113,0.000218113,0.000218113
195,1736.75,0.6079,0.71217,0.15733,0.24998,0.70939,0.98123,1,0.99367,0.87719,0.93129,0.94915,0.95091,0.78968,0.66983,1.29257,0.18291,0.34374,0.90631,0.000217689,0.000217689,0.000217689
196,1746.29,0.57458,0.66246,0.15958,0.24587,0.72346,0.99823,1,0.995,0.85986,0.93052,0.9322,0.91403,0.72169,0.70195,1.4907,0.18291,0.35136,0.96321,0.000217264,0.000217264,0.000217264
197,1750.89,0.57459,0.81714,0.15678,0.24336,0.72118,0.99819,1,0.995,0.86046,0.93047,0.9322,0.91418,0.72043,0.66483,1.47243,0.18264,0.34193,0.91721,0.00021684,0.00021684,0.00021684
198,1756.98,0.66124,0.6987,0.16443,0.25832,0.68794,0.99799,1,0.995,0.85441,0.93033,0.9322,0.91855,0.75252,0.64129,1.31899,0.1819,0.34289,0.88666,0.000216416,0.000216416,0.000216416
199,1770.69,0.61092,0.70122,0.16853,0.2515,0.71156,1,0.98214,0.99483,0.84564,0.94824,0.93149,0.93358,0.66286,0.69773,1.67545,0.18151,0.37828,0.92787,0.000215991,0.000215991,0.000215991
200,1777.02,0.66313,0.66526,0.1587,0.25958,0.70395,0.99716,0.98305,0.99483,0.87293,0.94558,0.9322,0.93492,0.75912,0.61476,1.30821,0.17982,0.33631,0.82108,0.000215567,0.000215567,0.000215567
201,1784.81,0.6352,0.67743,0.17224,0.26167,0.72247,1,0.97999,0.99467,0.85749,0.93085,0.91261,0.904,0.69128,0.68166,1.57858,0.18087,0.36633,0.92098,0.000215143,0.000215143,0.000215143
202,1795.79,0.65116,0.6976,0.16188,0.25807,0.73146,0.99568,0.98305,0.99483,0.87201,0.94409,0.9322,0.92696,0.75269,0.60942,1.42151,0.18219,0.33893,0.82504,0.000214719,0.000214719,0.000214719
203,1801.84,0.60865,0.6287,0.17068,0.24651,0.73473,1,0.99731,0.995,0.85533,0.92881,0.91525,0.90529,0.69998,0.70308,1.67965,0.18159,0.37146,0.95129,0.000214294,0.000214294,0.000214294
204,1809.39,0.65695,0.64879,0.16071,0.2608,0.73778,1,0.99819,0.995,0.85927,0.92948,0.91525,0.90621,0.76065,0.65863,1.34522,0.18118,0.35587,0.87796,0.00021387,0.00021387,0.00021387
205,1822.2,0.59138,0.70528,0.15632,0.24958,0.70307,0.99283,1,0.995,0.84873,0.9418,0.94915,0.92846,0.7098,0.65019,1.46352,0.18092,0.37606,0.89362,0.000213446,0.000213446,0.000213446
206,1831.84,0.59346,0.82053,0.1572,0.2509,0.74665,0.98331,0.99851,0.99483,0.83227,0.88324,0.89755,0.8911,0.70836,0.65184,1.45212,0.18105,0.38439,0.90058,0.000213021,0.000213021,0.000213021
207,1836.21,0.61362,0.6286,0.16571,0.25227,0.71404,0.99872,1,0.995,0.8517,0.91401,0.91525,0.90579,0.71316,0.64749,1.43002,0.18164,0.38454,0.83969,0.000212597,0.000212597,0.000212597
208,1844.78,0.60809,0.66025,0.15582,0.24628,0.68395,0.99834,1,0.995,0.86417,0.93066,0.9322,0.91763,0.74653,0.66663,1.39033,0.18179,0.35364,0.86399,0.000212173,0.000212173,0.000212173
209,1855.89,0.54396,0.56858,0.16604,0.23444,0.73766,0.99878,1,0.995,0.85276,0.93106,0.9322,0.9264,0.76559,0.69209,1.37035,0.18081,0.33509,0.90959,0.000211749,0.000211749,0.000211749
210,1864.59,0.59479,0.57793,0.15242,0.24395,0.70178,0.99844,1,0.995,0.86922,0.93156,0.9322,0.92388,0.78992,0.64949,1.31386,0.18031,0.31997,0.86484,0.000211324,0.000211324,0.000211324
211,1868.84,0.59126,0.83062,0.17102,0.26975,0.73338,0.99622,1,0.995,0.84629,0.8828,0.89374,0.9038,0.66232,0.71748,1.79443,0.18185,0.37613,1.01699,0.0002109,0.0002109,0.0002109
212,1879.98,0.60374,0.63292,0.15574,0.2456,0.70611,0.99771,1,0.995,0.86086,0.91431,0.91525,0.92331,0.70451,0.65545,1.57902,0.1818,0.34488,0.92781,0.000210476,0.000210476,0.000210476
213,1891.79,0.63236,0.59405,0.15473,0.25238,0.66655,0.99484,1,0.995,0.86328,0.9015,0.93073,0.90268,0.71446,0.67812,1.55976,0.18127,0.35469,0.94229,0.000210051,0.000210051,0.000210051
214,1897.45,0.57615,0.6665,0.16244,0.25204,0.6932,0.99567,1,0.995,0.86435,0.91316,0.91525,0.89982,0.71067,0.6697,1.54545,0.18057,0.35441,0.9623,0.000209627,0.000209627,0.000209627
215,1903.51,0.61843,0.6343,0.171,0.25516,0.72704,0.97877,1,0.994,0.83595,0.88285,0.89831,0.8798,0.64439,0.70524,1.60362,0.18323,0.37591,0.97768,0.000209203,0.000209203,0.000209203
216,1917.4,0.57888,0.5937,0.17308,0.24182,0.73763,0.97969,1,0.99417,0.82577,0.88281,0.89831,0.86374,0.65358,0.70231,1.76933,0.18304,0.38273,0.98503,0.000208779,0.000208779,0.000208779
217,1924.42,0.62606,0.60657,0.15441,0.25424,0.69565,0.98321,0.99238,0.99417,0.82518,0.89909,0.90613,0.90313,0.64939,0.71652,1.73696,0.1802,0.3963,1.01518,0.000208354,0.000208354,0.000208354
218,1930.69,0.58023,0.70749,0.15372,0.2506,0.70552,0.99426,0.98305,0.99452,0.83829,0.93466,0.91525,0.91406,0.69842,0.71816,1.52521,0.17674,0.38202,0.98335,0.00020793,0.00020793,0.00020793
219,1942.69,0.56165,0.56044,0.15275,0.24638,0.72825,0.99296,0.98305,0.99467,0.84531,0.92488,0.91525,0.91851,0.72887,0.67417,1.56385,0.17636,0.35338,0.88132,0.000207506,0.000207506,0.000207506
220,1954.18,0.57875,0.67151,0.16202,0.25018,0.72791,0.98075,1,0.99483,0.85078,0.8975,0.91525,0.90121,0.70272,0.66586,1.55428,0.17807,0.34813,0.91806,0.000207081,0.000207081,0.000207081
221,1958.7,0.58462,0.66123,0.15407,0.25391,0.72405,0.97553,1,0.99233,0.87159,0.90924,0.9322,0.91688,0.74993,0.63407,1.31625,0.17922,0.33186,0.88388,0.000206657,0.000206657,0.000206657
222,1966.79,0.55158,0.60801,0.15097,0.24517,0.73543,0.99711,1,0.995,0.869,0.92945,0.9322,0.91408,0.6987,0.67139,1.45308,0.17865,0.33176,0.92495,0.000206233,0.000206233,0.000206233
223,1978.68,0.65986,0.66489,0.15226,0.25803,0.67664,0.99768,1,0.995,0.86959,0.93158,0.9322,0.92041,0.72693,0.63415,1.36243,0.17789,0.319,0.8778,0.000205809,0.000205809,0.000205809
224,1987.2,0.70581,0.62812,0.15813,0.27133,0.70004,0.99653,1,0.995,0.85094,0.931,0.9322,0.92027,0.72696,0.67363,1.32531,0.17934,0.32803,0.89711,0.000205384,0.000205384,0.000205384
225,1993.39,0.61833,0.65807,0.14782,0.24521,0.7077,0.98139,1,0.99483,0.84143,0.91646,0.9322,0.92077,0.70603,0.70428,1.45992,0.17811,0.34395,0.95425,0.00020496,0.00020496,0.00020496
226,2006.28,0.56479,0.65428,0.1527,0.2411,0.74176,0.99141,1,0.995,0.8338,0.93412,0.9322,0.92252,0.64708,0.70576,1.65933,0.17699,0.34283,0.97862,0.000204536,0.000204536,0.000204536
227,2012.51,0.6133,0.63782,0.14295,0.2417,0.6926,0.9988,1,0.995,0.85259,0.93061,0.9322,0.92302,0.6738,0.69991,1.61003,0.17541,0.34148,0.96745,0.000204111,0.000204111,0.000204111
228,2020.68,0.57203,0.61429,0.14904,0.23313,0.71868,0.99802,1,0.995,0.82945,0.94176,0.91525,0.90237,0.66885,0.73255,1.72526,0.17414,0.36942,1.03831,0.000203687,0.000203687,0.000203687
229,2032.4,0.54677,0.56995,0.14661,0.23045,0.73235,0.99623,1,0.995,0.853,0.94433,0.94915,0.93082,0.70111,0.70068,1.57173,0.17258,0.34811,0.99366,0.000203263,0.000203263,0.000203263
230,2040.24,0.60603,0.58839,0.14959,0.25183,0.74416,0.99701,0.98305,0.99483,0.83773,0.9452,0.9322,0.91309,0.62168,0.72847,1.8006,0.17408,0.3688,1.01378,0.000202839,0.000202839,0.000202839
231,2047.19,0.60527,0.57272,0.14837,0.24894,0.70826,0.99694,0.98305,0.99408,0.83838,0.928,0.91525,0.89047,0.64338,0.71746,1.94765,0.17599,0.38906,0.97595,0.000202414,0.000202414,0.000202414
232,2058.28,0.60305,0.60927,0.14525,0.24634,0.70918,0.99625,0.98305,0.99437,0.84715,0.92754,0.91525,0.90914,0.60678,0.70857,2.00696,0.17195,0.37009,0.96525,0.00020199,0.00020199,0.00020199
233,2067.39,0.61484,0.5641,0.1442,0.23991,0.70985,1,0.9996,0.995,0.85422,0.91525,0.9152,0.89664,0.70345,0.69546,1.59845,0.16994,0.34832,0.92533,0.000201566,0.000201566,0.000201566
234,2072.05,0.59803,0.60812,0.1448,0.24541,0.70113,0.99888,1,0.995,0.85301,0.91401,0.91525,0.89264,0.67926,0.67423,1.6643,0.17176,0.35976,0.91037,0.000201141,0.000201141,0.000201141
235,2080.89,0.5283,0.64563,0.15051,0.23279,0.73075,0.99803,1,0.995,0.87468,0.91341,0.91525,0.91833,0.7552,0.63539,1.60809,0.17108,0.32647,0.86053,0.000200717,0.000200717,0.000200717
236,2093.06,0.56613,0.56482,0.1528,0.2411,0.7158,0.99725,1,0.995,0.87531,0.93054,0.9322,0.92721,0.74141,0.65574,1.64475,0.17047,0.33011,0.87545,0.000200293,0.000200293,0.000200293
237,2097.45,0.58831,0.73935,0.13804,0.23969,0.66704,0.99741,1,0.995,0.88326,0.93517,0.9322,0.93299,0.78725,0.6088,1.41018,0.17103,0.309,0.82837,0.000199869,0.000199869,0.000199869
238,2105.5,0.52398,0.6726,0.15608,0.23321,0.76609,1,0.99461,0.995,0.88362,0.94046,0.9322,0.92318,0.73401,0.63179,1.5749,0.17286,0.32692,0.88432,0.000199444,0.000199444,0.000199444
239,2116.69,0.58021,0.59482,0.14333,0.24376,0.73796,1,0.99331,0.995,0.89136,0.94298,0.9322,0.93202,0.75637,0.62299,1.38526,0.17318,0.31321,0.84419,0.00019902,0.00019902,0.00019902
240,2122.21,0.60512,0.62937,0.14025,0.24877,0.70988,0.98233,1,0.99483,0.89885,0.96542,0.94631,0.9346,0.78623,0.62104,1.31901,0.17345,0.32539,0.83081,0.000198596,0.000198596,0.000198596
241,2129.68,0.62565,0.59517,0.14604,0.25364,0.68014,0.99588,0.98305,0.99483,0.88833,0.94412,0.9322,0.92201,0.78444,0.63959,1.47471,0.17512,0.33941,0.86616,0.000198171,0.000198171,0.000198171
242,2142,0.6071,0.59794,0.14486,0.25824,0.73057,1,0.9973,0.995,0.88066,0.94475,0.9322,0.9245,0.76382,0.63252,1.45865,0.17408,0.32353,0.86254,0.000197747,0.000197747,0.000197747
243,2151.19,0.55933,0.68826,0.15459,0.24275,0.72749,1,0.99972,0.995,0.88647,0.94453,0.9322,0.93049,0.75723,0.64414,1.48857,0.1705,0.32584,0.8976,0.000197323,0.000197323,0.000197323
244,2155.89,0.55661,0.64788,0.14967,0.239,0.69141,0.99925,1,0.995,0.87755,0.96138,0.94915,0.93666,0.7456,0.65943,1.60655,0.16817,0.32993,0.91186,0.000196899,0.000196899,0.000196899
245,2166.9,0.64972,0.5947,0.14191,0.25376,0.67531,0.99936,1,0.995,0.87036,0.96171,0.94915,0.93851,0.75549,0.64582,1.4581,0.16757,0.3393,0.85974,0.000196474,0.000196474,0.000196474
246,2178.49,0.59582,0.61974,0.14735,0.24454,0.70328,0.99795,1,0.995,0.86237,0.964,0.9661,0.95461,0.74035,0.67602,1.60794,0.1686,0.3556,0.93147,0.00019605,0.00019605,0.00019605
247,2185.09,0.5789,0.54769,0.14062,0.24697,0.73469,0.9973,1,0.995,0.85606,0.96343,0.9661,0.95424,0.65219,0.69642,1.76818,0.16819,0.3632,0.99233,0.000195626,0.000195626,0.000195626
248,2191.39,0.65019,0.54297,0.1508,0.25777,0.70393,0.99788,1,0.995,0.86336,0.96401,0.9661,0.95403,0.73274,0.65893,1.40778,0.16856,0.34117,0.88104,0.000195201,0.000195201,0.000195201
249,2203.89,0.60257,0.60911,0.14619,0.24684,0.71704,0.99732,1,0.995,0.84121,0.94654,0.94915,0.92842,0.67125,0.68737,1.58608,0.16944,0.35326,0.89494,0.000194777,0.000194777,0.000194777
250,2214.54,0.59788,0.5856,0.14104,0.23923,0.6888,0.99561,0.98305,0.99452,0.85011,0.9128,0.89831,0.90823,0.70925,0.65105,1.44487,0.16984,0.36064,0.86322,0.000194353,0.000194353,0.000194353
251,2219.27,0.52665,0.58643,0.14106,0.22478,0.73456,0.99954,1,0.995,0.85687,0.92917,0.91525,0.94399,0.66899,0.6736,1.6519,0.16991,0.3576,0.90564,0.000193929,0.000193929,0.000193929
252,2227.61,0.70526,0.54185,0.13886,0.26243,0.66718,1,0.99924,0.995,0.86013,0.88477,0.9322,0.90843,0.7187,0.67356,1.47211,0.16951,0.34614,0.90212,0.000193504,0.000193504,0.000193504
253,2239.7,0.58784,0.45988,0.14675,0.24078,0.69839,0.99807,1,0.995,0.86325,0.91304,0.91525,0.90913,0.69863,0.631,1.49666,0.17107,0.34047,0.85167,0.00019308,0.00019308,0.00019308
254,2247.15,0.55921,0.53508,0.14492,0.2422,0.72036,0.99844,1,0.995,0.85897,0.91383,0.91525,0.9178,0.70409,0.62989,1.45037,0.17073,0.33803,0.84745,0.000192656,0.000192656,0.000192656
255,2253.68,0.61196,0.58239,0.14299,0.24167,0.7016,0.99872,1,0.995,0.84486,0.94791,0.94915,0.93043,0.70018,0.64811,1.37167,0.17004,0.33184,0.85082,0.000192231,0.000192231,0.000192231
256,2262.98,0.54848,0.58126,0.1385,0.22876,0.70486,0.98215,1,0.99483,0.86461,0.94883,0.9661,0.94967,0.70618,0.64069,1.39634,0.16751,0.32206,0.86662,0.000191807,0.000191807,0.000191807
257,2271.69,0.58348,0.61816,0.14278,0.23858,0.69457,0.98214,1,0.99483,0.86915,0.94882,0.9661,0.95394,0.73676,0.62295,1.31278,0.16669,0.31321,0.83241,0.000191383,0.000191383,0.000191383
258,2276.32,0.54439,0.68324,0.1419,0.23457,0.70102,0.98207,1,0.995,0.88493,0.94865,0.9661,0.95488,0.7657,0.6157,1.29711,0.16655,0.31149,0.81363,0.000190959,0.000190959,0.000190959
259,2284.39,0.52839,0.53269,0.13589,0.23332,0.71187,0.98022,1,0.99367,0.88591,0.94699,0.9661,0.95271,0.73814,0.64243,1.40932,0.16662,0.33213,0.86767,0.000190534,0.000190534,0.000190534
260,2296.79,0.55875,0.57393,0.14782,0.23444,0.76249,0.97993,1,0.99483,0.87679,0.94671,0.9661,0.95394,0.70406,0.62939,1.50116,0.16697,0.34279,0.87408,0.00019011,0.00019011,0.00019011
261,2305.29,0.52172,0.58438,0.14628,0.24718,0.71685,0.99718,1,0.995,0.83783,0.94639,0.94915,0.92735,0.64251,0.68079,1.71612,0.17023,0.37865,0.93106,0.000189686,0.000189686,0.000189686
262,2309.68,0.58023,0.53513,0.1496,0.23505,0.70934,0.96702,0.99392,0.99402,0.81809,0.91759,0.9437,0.92377,0.63516,0.70347,1.79196,0.17151,0.38979,0.96543,0.000189261,0.000189261,0.000189261
263,2320.09,0.56891,0.51585,0.13773,0.23199,0.6936,0.98064,1,0.9945,0.83177,0.93072,0.94915,0.92555,0.67217,0.71039,1.67,0.16816,0.37538,0.97908,0.000188837,0.000188837,0.000188837
264,2330.7,0.5374,0.53657,0.13934,0.22947,0.72781,1,0.99511,0.995,0.83152,0.96594,0.96138,0.94956,0.69487,0.69072,1.52451,0.16558,0.36497,0.9532,0.000188413,0.000188413,0.000188413
265,2335.23,0.53543,0.65885,0.13769,0.23247,0.70482,1,0.99982,0.995,0.83521,0.96492,0.9661,0.96422,0.69718,0.67772,1.48135,0.16533,0.35861,0.94637,0.000187989,0.000187989,0.000187989
266,2343.08,0.54549,0.60505,0.13733,0.2292,0.69975,0.9819,1,0.9945,0.84694,0.94857,0.9661,0.95469,0.7061,0.65482,1.49131,0.16904,0.34777,0.91225,0.000187564,0.000187564,0.000187564
267,2355.09,0.61344,0.5716,0.13603,0.24909,0.67302,0.9781,1,0.99367,0.85574,0.92804,0.94915,0.93237,0.69047,0.67255,1.50305,0.16783,0.34926,0.93016,0.00018714,0.00018714,0.00018714
268,2363.9,0.57831,0.52469,0.13736,0.23281,0.69505,0.98227,1,0.995,0.8627,0.93272,0.94915,0.93601,0.69464,0.64761,1.50635,0.16689,0.34029,0.89655,0.000186716,0.000186716,0.000186716
269,2368.19,0.55104,0.54561,0.13931,0.23107,0.67547,0.98691,1,0.995,0.85821,0.93673,0.94915,0.93404,0.70973,0.65871,1.44312,0.16667,0.34496,0.88939,0.000186291,0.000186291,0.000186291
270,2378.7,0.53834,0.53903,0.14105,0.22763,0.72052,0.98331,0.99841,0.99317,0.85669,0.93304,0.94482,0.93151,0.71726,0.66195,1.41534,0.16533,0.33841,0.90046,0.000185867,0.000185867,0.000185867
271,2391.4,0.59155,0.66879,0.13787,0.23726,0.69116,1,0.99305,0.995,0.86685,0.93432,0.9661,0.95505,0.75272,0.6765,1.37732,0.16472,0.33652,0.92884,0.000185443,0.000185443,0.000185443
272,2396.12,0.57625,0.54089,0.14505,0.22657,0.70179,0.99729,1,0.995,0.8617,0.94635,0.94915,0.93578,0.74691,0.67172,1.36835,0.16276,0.33231,0.9191,0.000185019,0.000185019,0.000185019
273,2403.4,0.64467,0.548,0.12984,0.24449,0.67591,1,0.99908,0.995,0.86199,0.94863,0.93899,0.93395,0.74559,0.65071,1.38567,0.16097,0.32695,0.86034,0.000184594,0.000184594,0.000184594
274,2413.61,0.57614,0.71286,0.13949,0.2367,0.68236,1,0.9954,0.995,0.85711,0.94893,0.94493,0.93287,0.71503,0.65663,1.43223,0.16071,0.32748,0.887,0.00018417,0.00018417,0.00018417
275,2418.47,0.55906,0.58836,0.13654,0.23087,0.69266,0.99295,1,0.995,0.86612,0.95929,0.9661,0.94933,0.69126,0.62149,1.49914,0.16001,0.32368,0.83069,0.000183746,0.000183746,0.000183746
276,2429.29,0.5869,0.51989,0.13373,0.23351,0.70376,0.99613,1,0.995,0.86283,0.94873,0.94915,0.93149,0.72411,0.62067,1.42357,0.15897,0.33798,0.84009,0.000183321,0.000183321,0.000183321
277,2438.99,0.61425,0.58839,0.12689,0.24098,0.66456,1,0.99873,0.995,0.85282,0.95736,0.94915,0.9321,0.69613,0.62676,1.48537,0.15986,0.34024,0.83499,0.000182897,0.000182897,0.000182897
278,2447.76,0.59905,0.51126,0.14039,0.23394,0.66496,0.98205,1,0.994,0.86046,0.94157,0.94915,0.93548,0.70704,0.63377,1.53581,0.15872,0.33273,0.85372,0.000182473,0.000182473,0.000182473
279,2451.92,0.56662,0.61222,0.13485,0.22862,0.69566,0.99843,1,0.995,0.85779,0.9598,0.94915,0.9346,0.70033,0.67605,1.55437,0.15765,0.34943,0.91298,0.000182049,0.000182049,0.000182049
280,2464.19,0.53331,0.567,0.13947,0.22789,0.69326,0.99754,1,0.995,0.86771,0.96546,0.94763,0.9339,0.73008,0.64907,1.44756,0.15942,0.34984,0.90066,0.000181624,0.000181624,0.000181624
281,2476.99,0.48095,0.5744,0.13441,0.21579,0.72286,0.9976,1,0.995,0.86813,0.96416,0.91206,0.93252,0.74584,0.65202,1.43821,0.16234,0.35656,0.86015,0.0001812,0.0001812,0.0001812
282,2482.34,0.63479,0.56928,0.13328,0.24272,0.69385,0.99697,1,0.995,0.87161,0.96411,0.91065,0.92578,0.73969,0.63009,1.52209,0.16289,0.34618,0.83521,0.000180776,0.000180776,0.000180776
283,2489.39,0.6123,0.59695,0.13474,0.25093,0.68613,0.997,1,0.995,0.87261,0.92763,0.91525,0.92582,0.72989,0.64512,1.5887,0.16053,0.35177,0.90136,0.000180351,0.000180351,0.000180351
284,2500.68,0.5776,0.64431,0.14065,0.23975,0.71975,0.97868,1,0.99483,0.86568,0.92195,0.89831,0.90959,0.67938,0.65245,1.70675,0.1615,0.36367,0.90699,0.000179927,0.000179927,0.000179927
285,2507.48,0.50461,0.51797,0.13536,0.21836,0.71311,0.96621,1,0.99315,0.85398,0.91668,0.94915,0.92532,0.64837,0.63517,1.7667,0.16104,0.35671,0.85416,0.000179503,0.000179503,0.000179503
286,2512.39,0.61822,0.49955,0.12994,0.24903,0.66481,0.9787,0.98305,0.99467,0.85621,0.94718,0.91188,0.91784,0.68279,0.65091,1.78136,0.1605,0.36548,0.84782,0.000179079,0.000179079,0.000179079
287,2523.98,0.61106,0.54662,0.13137,0.24539,0.67552,0.98332,0.99933,0.99283,0.86084,0.93333,0.94904,0.93185,0.67445,0.66224,1.7887,0.16022,0.34667,0.88922,0.000178654,0.000178654,0.000178654
288,2534.43,0.61806,0.57401,0.12893,0.24054,0.67172,0.98027,1,0.99483,0.87633,0.95077,0.94915,0.93665,0.72366,0.64338,1.57331,0.16033,0.32296,0.86145,0.00017823,0.00017823,0.00017823
289,2538.96,0.60241,0.55047,0.14147,0.24012,0.68005,1,0.98049,0.99467,0.84795,0.93889,0.89831,0.91793,0.638,0.69923,1.82122,0.15993,0.35919,0.93756,0.000177806,0.000177806,0.000177806
290,2547.19,0.61395,0.58065,0.13456,0.23635,0.65882,0.98109,0.9661,0.99341,0.86085,0.94882,0.89831,0.93014,0.68463,0.64942,1.68176,0.16029,0.35872,0.84687,0.000177381,0.000177381,0.000177381
291,2559.89,0.57788,0.52589,0.12977,0.22942,0.70896,1,0.89405,0.98766,0.83458,0.8863,0.92492,0.91328,0.64975,0.68575,1.71582,0.16073,0.40123,0.90347,0.000176957,0.000176957,0.000176957
292,2564.93,0.57251,0.52844,0.1321,0.23787,0.68719,0.94988,0.96373,0.989,0.83948,0.8998,0.91325,0.92092,0.70768,0.66813,1.4484,0.16049,0.39465,0.85797,0.000176533,0.000176533,0.000176533
293,2572.1,0.55804,0.46804,0.1331,0.23138,0.69548,0.98245,0.94868,0.99101,0.85004,0.93655,0.89831,0.91602,0.69117,0.66407,1.56112,0.15847,0.40392,0.86226,0.000176109,0.000176109,0.000176109
294,2584.19,0.57488,0.52024,0.13223,0.23694,0.68558,0.9828,0.96835,0.9936,0.85697,0.94636,0.89709,0.91753,0.71645,0.65177,1.47255,0.15726,0.38165,0.851,0.000175684,0.000175684,0.000175684
295,2592.16,0.63335,0.59802,0.13311,0.24371,0.68079,0.99354,0.9661,0.99341,0.86413,0.95898,0.89831,0.94473,0.69746,0.64578,1.53323,0.15713,0.35832,0.83385,0.00017526,0.00017526,0.00017526
296,2598.6,0.60199,0.63066,0.14968,0.25381,0.68646,0.98181,0.98305,0.99437,0.8734,0.9299,0.9322,0.93065,0.71193,0.63584,1.56071,0.15732,0.33242,0.85294,0.000174836,0.000174836,0.000174836
297,2611.48,0.59233,0.53254,0.13509,0.23867,0.67484,0.99788,1,0.995,0.88085,0.96388,0.9661,0.97271,0.77404,0.6208,1.35979,0.15519,0.31252,0.86821,0.000174411,0.000174411,0.000174411
298,2618.23,0.62269,0.53578,0.12606,0.2439,0.68761,0.99716,1,0.995,0.88849,0.96336,0.9661,0.97438,0.79231,0.61842,1.24454,0.15421,0.29942,0.8479,0.000173987,0.000173987,0.000173987
299,2625.69,0.58671,0.61504,0.12415,0.23099,0.69273,0.99763,1,0.995,0.88079,0.98072,0.98305,0.97839,0.79812,0.61991,1.2242,0.15386,0.29735,0.85784,0.000173563,0.000173563,0.000173563
300,2638.48,0.56105,0.61677,0.13051,0.22596,0.70118,0.99859,1,0.995,0.89588,0.98166,0.98305,0.97805,0.7836,0.59407,1.22473,0.15419,0.28646,0.80012,0.000173139,0.000173139,0.000173139
301,2645.41,0.54601,0.56209,0.1247,0.22171,0.70253,0.99873,1,0.995,0.88491,0.9818,0.98305,0.97602,0.74101,0.61968,1.3348,0.15583,0.29457,0.84113,0.000172714,0.000172714,0.000172714
302,2650.89,0.53754,0.58753,0.13365,0.22401,0.68344,0.99899,1,0.995,0.88217,0.98202,0.98305,0.97585,0.79426,0.61607,1.17175,0.15708,0.29789,0.84956,0.00017229,0.00017229,0.00017229
303,2662.79,0.64243,0.51299,0.13289,0.24218,0.66559,0.99895,1,0.995,0.88903,0.96503,0.9661,0.9544,0.78849,0.59517,1.1345,0.15734,0.29313,0.78983,0.000171866,0.000171866,0.000171866
304,2668.48,0.60768,0.56681,0.13443,0.24435,0.70352,0.99846,1,0.995,0.87966,0.94921,0.9661,0.9509,0.77845,0.62553,1.21037,0.15786,0.30151,0.82378,0.000171441,0.000171441,0.000171441
305,2675.48,0.49275,0.54451,0.12891,0.21361,0.71029,0.99803,1,0.995,0.88535,0.94925,0.9661,0.9541,0.80249,0.59222,1.15488,0.15613,0.29402,0.77514,0.000171017,0.000171017,0.000171017
306,2687.29,0.59295,0.51889,0.12861,0.22761,0.65005,1,0.99661,0.995,0.88068,0.96538,0.98305,0.97226,0.77027,0.5982,1.26383,0.15179,0.28922,0.78214,0.000170593,0.000170593,0.000170593
307,2694.73,0.64192,0.51555,0.1268,0.24113,0.67342,0.99856,1,0.995,0.88969,0.96468,0.9661,0.97093,0.77904,0.59791,1.23978,0.15352,0.2987,0.81323,0.000170169,0.000170169,0.000170169
308,2701.09,0.52662,0.48957,0.13499,0.21975,0.70274,0.99814,1,0.995,0.88736,0.94738,0.94915,0.94895,0.77948,0.58713,1.28088,0.15439,0.30314,0.7951,0.000169744,0.000169744,0.000169744
309,2712.7,0.52516,0.49745,0.12452,0.22169,0.68523,0.9978,1,0.995,0.90207,0.96392,0.9661,0.95309,0.79151,0.58295,1.25672,0.154,0.30305,0.77888,0.00016932,0.00016932,0.00016932
310,2723.65,0.63424,0.46958,0.12795,0.24351,0.67483,0.99851,1,0.995,0.88764,0.9476,0.94915,0.94637,0.76934,0.59752,1.33048,0.15465,0.31115,0.80117,0.000168896,0.000168896,0.000168896
311,2728.14,0.55176,0.601,0.12713,0.22075,0.6835,0.99835,1,0.995,0.89395,0.94754,0.94915,0.94981,0.72735,0.61501,1.46079,0.15378,0.31466,0.8158,0.000168471,0.000168471,0.000168471
312,2735.7,0.58268,0.62085,0.13065,0.22682,0.67623,0.99792,1,0.995,0.88882,0.94802,0.94915,0.95129,0.75226,0.61304,1.42239,0.15267,0.29823,0.82239,0.000168047,0.000168047,0.000168047
313,2748.33,0.55013,0.60038,0.12463,0.22236,0.68922,0.99711,1,0.995,0.88242,0.9514,0.94915,0.952,0.75919,0.6107,1.42779,0.1523,0.29968,0.80818,0.000167623,0.000167623,0.000167623
314,2757.62,0.526,0.52,0.1267,0.21826,0.70185,1,0.9961,0.995,0.88092,0.95774,0.94915,0.95279,0.76464,0.63639,1.50411,0.15439,0.30839,0.84104,0.000167199,0.000167199,0.000167199
315,2761.89,0.57783,0.54941,0.12351,0.22644,0.67897,0.96433,1,0.99433,0.89202,0.9479,0.98305,0.97685,0.77486,0.6093,1.37896,0.15415,0.29902,0.83098,0.000166774,0.000166774,0.000166774
316,2770.89,0.59526,0.59446,0.12406,0.2357,0.66878,0.98112,1,0.9945,0.88986,0.96449,0.98305,0.97682,0.75874,0.60369,1.40545,0.1523,0.30116,0.82094,0.00016635,0.00016635,0.00016635
317,2783.18,0.62456,0.49878,0.13201,0.23374,0.69036,0.9855,1,0.995,0.89004,0.9683,0.98305,0.97602,0.78173,0.60944,1.38905,0.15109,0.3146,0.81221,0.000165926,0.000165926,0.000165926
318,2788.96,0.55117,0.6877,0.13497,0.22852,0.70245,0.97998,1,0.992,0.88595,0.96325,0.98305,0.96908,0.75592,0.60056,1.32733,0.1508,0.31844,0.79903,0.000165501,0.000165501,0.000165501
319,2795.3,0.53998,0.52571,0.1239,0.23013,0.70278,0.98135,1,0.994,0.87154,0.94804,0.9661,0.96383,0.7267,0.62858,1.36127,0.15148,0.33033,0.83773,0.000165077,0.000165077,0.000165077
320,2806.99,0.56916,0.51582,0.12643,0.22821,0.67967,0.98098,1,0.9945,0.88432,0.93412,0.9661,0.94949,0.76704,0.57454,1.2581,0.15292,0.30522,0.77256,0.000164653,0.000164653,0.000164653
321,2817.83,0.55552,0.50732,0.11971,0.22311,0.69113,0.99751,1,0.995,0.88719,0.93312,0.9661,0.95059,0.79924,0.5899,1.22974,0.15184,0.29744,0.79549,0.000164229,0.000164229,0.000164229
322,2822.59,0.53597,0.54904,0.13209,0.21229,0.69979,0.9987,1,0.995,0.89408,0.94994,0.96486,0.95244,0.79082,0.58256,1.2177,0.15063,0.29013,0.77678,0.000163804,0.000163804,0.000163804
323,2830.79,0.53713,0.54002,0.12932,0.22274,0.67847,0.99812,1,0.995,0.88759,0.94737,0.94915,0.93624,0.79493,0.57485,1.18731,0.14887,0.28349,0.7737,0.00016338,0.00016338,0.00016338
324,2841.79,0.6196,0.51164,0.12342,0.22837,0.67196,0.99813,1,0.995,0.88532,0.94733,0.94915,0.93494,0.75592,0.60354,1.27515,0.15003,0.2898,0.81788,0.000162956,0.000162956,0.000162956
325,2849.31,0.57711,0.49219,0.12418,0.22449,0.69627,0.99808,1,0.995,0.88789,0.9472,0.94915,0.93554,0.80536,0.59462,1.18295,0.15061,0.27875,0.79489,0.000162531,0.000162531,0.000162531
326,2853.4,0.55137,0.69402,0.12484,0.22515,0.68877,0.99631,1,0.995,0.88263,0.9622,0.9661,0.94949,0.76595,0.61216,1.29617,0.15024,0.28647,0.82069,0.000162107,0.000162107,0.000162107
327,2866.39,0.51928,0.52587,0.12237,0.21702,0.68594,0.99789,1,0.995,0.88925,0.94982,0.9661,0.95124,0.78262,0.57514,1.23221,0.15012,0.27565,0.77109,0.000161683,0.000161683,0.000161683
328,2872.66,0.58646,0.48672,0.12366,0.22776,0.65961,0.99862,1,0.995,0.88221,0.93089,0.9322,0.92973,0.72275,0.61784,1.40517,0.15231,0.29199,0.82277,0.000161259,0.000161259,0.000161259
329,2878.99,0.54306,0.6013,0.12905,0.21683,0.67453,0.99398,1,0.995,0.88218,0.93238,0.94915,0.92823,0.74809,0.59611,1.36414,0.15222,0.2856,0.81427,0.000160834,0.000160834,0.000160834
330,2890.29,0.5571,0.46886,0.12139,0.22592,0.68843,0.99821,1,0.995,0.88789,0.95013,0.94915,0.93436,0.75199,0.6028,1.33754,0.15004,0.28902,0.8134,0.00016041,0.00016041,0.00016041
331,2898.56,0.58664,0.52118,0.12216,0.22461,0.66434,0.99868,1,0.995,0.88797,0.9479,0.94915,0.95083,0.76323,0.61862,1.23228,0.14869,0.29958,0.81939,0.000159986,0.000159986,0.000159986
332,2904.08,0.566,0.64747,0.1215,0.22616,0.69036,0.99876,1,0.995,0.8829,0.96488,0.9661,0.9675,0.76315,0.60992,1.18932,0.14916,0.30971,0.80333,0.000159561,0.000159561,0.000159561
333,2915.88,0.46447,0.56997,0.12633,0.20585,0.70995,0.98222,1,0.99483,0.89255,0.98274,0.96496,0.95655,0.78967,0.58607,1.19021,0.1502,0.28994,0.77926,0.000159137,0.000159137,0.000159137
334,2923.57,0.58997,0.56749,0.11739,0.22931,0.68509,0.98223,1,0.99483,0.89433,0.96065,0.9661,0.95776,0.79489,0.57509,1.17175,0.1509,0.27837,0.76495,0.000158713,0.000158713,0.000158713
335,2929.89,0.55835,0.55691,0.12004,0.22555,0.68248,0.98218,1,0.9945,0.89234,0.96553,0.98305,0.97753,0.77996,0.60548,1.19442,0.15044,0.28174,0.82298,0.000158289,0.000158289,0.000158289
336,2942.73,0.603,0.4616,0.11996,0.23233,0.67096,0.98215,1,0.9945,0.89463,0.95767,0.9661,0.95941,0.76321,0.60943,1.27586,0.15097,0.28844,0.80182,0.000157864,0.000157864,0.000157864
337,2947.23,0.55881,0.54015,0.12369,0.21899,0.67921,0.98228,1,0.9945,0.89518,0.96087,0.9661,0.95941,0.76769,0.608,1.26685,0.15084,0.28514,0.79445,0.00015744,0.00015744,0.00015744
338,2955.79,0.55676,0.52533,0.12342,0.22289,0.695,0.98207,1,0.9945,0.88697,0.96157,0.9661,0.9573,0.75419,0.60122,1.22752,0.14909,0.28628,0.83719,0.000157016,0.000157016,0.000157016
339,2970,0.58748,0.52918,0.11851,0.22626,0.66903,0.98154,1,0.994,0.89069,0.95007,0.9661,0.95585,0.74958,0.60793,1.2903,0.14787,0.29971,0.81326,0.000156591,0.000156591,0.000156591
340,2976.75,0.61244,0.61606,0.12316,0.23445,0.67635,0.98127,1,0.99417,0.89188,0.96464,0.98305,0.97601,0.76133,0.60187,1.26202,0.14733,0.30298,0.78727,0.000156167,0.000156167,0.000156167
341,2982.49,0.51619,0.55505,0.12069,0.20866,0.68519,0.98167,1,0.99417,0.89307,0.96504,0.98305,0.9769,0.76398,0.59669,1.28936,0.14742,0.30154,0.77969,0.000155743,0.000155743,0.000155743
342,2994.71,0.58936,0.46345,0.12075,0.21961,0.66209,0.98189,1,0.9945,0.89285,0.9486,0.9661,0.95796,0.76959,0.57796,1.25981,0.14783,0.2947,0.7741,0.000155319,0.000155319,0.000155319
343,3006.03,0.60196,0.4641,0.12121,0.22992,0.65612,0.99648,1,0.995,0.8996,0.96593,0.98305,0.97638,0.80612,0.58076,1.19684,0.14939,0.29295,0.77275,0.000154894,0.000154894,0.000154894
344,3010.95,0.58024,0.51083,0.1284,0.22584,0.69199,0.99844,1,0.995,0.89878,0.98152,0.98305,0.97839,0.82227,0.57724,1.14189,0.15051,0.28842,0.78743,0.00015447,0.00015447,0.00015447
345,3018.88,0.62993,0.47505,0.13108,0.2355,0.68591,0.99825,1,0.995,0.90065,0.98133,0.98305,0.97805,0.80623,0.57764,1.16531,0.14999,0.28596,0.7685,0.000154046,0.000154046,0.000154046
346,3030.48,0.56163,0.49198,0.11766,0.22217,0.66635,0.99592,1,0.995,0.8985,0.96216,0.9661,0.95755,0.78956,0.58591,1.22916,0.14778,0.2918,0.77746,0.000153621,0.000153621,0.000153621
347,3038.91,0.51668,0.48616,0.11284,0.20907,0.68503,0.99366,1,0.995,0.89398,0.97682,0.98305,0.97839,0.75146,0.58417,1.33947,0.14652,0.30379,0.78388,0.000153197,0.000153197,0.000153197
348,3043.58,0.51809,0.53826,0.12185,0.21528,0.6755,0.99061,1,0.995,0.89173,0.97382,0.98305,0.97839,0.73399,0.5939,1.37493,0.14722,0.30969,0.8027,0.000152773,0.000152773,0.000152773
349,3053.5,0.62295,0.46786,0.1283,0.22922,0.66538,0.99353,1,0.995,0.88957,0.96227,0.9661,0.95828,0.72781,0.61569,1.42852,0.14782,0.32369,0.80417,0.000152349,0.000152349,0.000152349
350,3065.38,0.54947,0.47252,0.11215,0.2184,0.67473,0.99698,1,0.995,0.89293,0.96507,0.9661,0.95828,0.75209,0.61824,1.40122,0.14747,0.32268,0.81761,0.000151924,0.000151924,0.000151924
351,3072.91,0.55615,0.4412,0.11506,0.21841,0.67368,0.98,1,0.99483,0.88992,0.94955,0.9661,0.95828,0.72863,0.63121,1.5076,0.14755,0.32318,0.84538,0.0001515,0.0001515,0.0001515
352,3079.09,0.58268,0.50245,0.12234,0.22633,0.70799,0.99651,1,0.995,0.88482,0.94637,0.94915,0.93742,0.68737,0.64025,1.72006,0.14815,0.33774,0.86889,0.000151076,0.000151076,0.000151076
353,3091.7,0.59277,0.78842,0.12142,0.22958,0.68615,0.99469,1,0.995,0.89166,0.96086,0.9661,0.9729,0.69052,0.64022,1.73102,0.14741,0.35238,0.89783,0.000150651,0.000150651,0.000150651
354,3104.09,0.5704,0.61868,0.11693,0.22338,0.67417,0.97563,1,0.994,0.88696,0.91885,0.95966,0.95354,0.65512,0.64627,1.85703,0.14869,0.36817,0.89258,0.000150227,0.000150227,0.000150227
355,3108.88,0.58337,0.69136,0.13878,0.22463,0.67265,0.9983,1,0.995,0.87996,0.96226,0.9661,0.95763,0.70867,0.63719,1.79812,0.14959,0.35694,0.87101,0.000149803,0.000149803,0.000149803
356,3117.61,0.54042,0.51654,0.11909,0.20824,0.6836,0.9997,1,0.995,0.87208,0.94878,0.94204,0.93753,0.6888,0.65451,1.89434,0.14855,0.36244,0.8894,0.000149379,0.000149379,0.000149379
357,3129.19,0.51077,0.50324,0.11578,0.21153,0.68208,0.99566,1,0.995,0.87777,0.94886,0.9434,0.95437,0.73336,0.62565,1.68165,0.14862,0.34147,0.8469,0.000148954,0.000148954,0.000148954
358,3137.43,0.51297,0.61276,0.11769,0.20526,0.67223,0.98317,0.99045,0.99483,0.8552,0.93254,0.93728,0.93774,0.65651,0.66335,1.88536,0.14868,0.36194,0.90675,0.00014853,0.00014853,0.00014853
359,3143.59,0.59227,0.41276,0.12411,0.21976,0.67332,0.9834,0.98305,0.99467,0.87806,0.9441,0.9322,0.93601,0.72558,0.62006,1.53754,0.14693,0.34483,0.85931,0.000148106,0.000148106,0.000148106
360,3153.08,0.63139,0.4851,0.11714,0.23431,0.65457,0.9888,0.98305,0.99483,0.84782,0.9498,0.9322,0.93484,0.69003,0.67094,1.63908,0.14643,0.34744,0.93574,0.000147681,0.000147681,0.000147681
361,3164.69,0.56224,0.56038,0.12339,0.22195,0.67858,0.99944,1,0.995,0.86233,0.9654,0.9661,0.95339,0.72143,0.62807,1.46686,0.14568,0.33281,0.85243,0.000147257,0.000147257,0.000147257
362,3169.27,0.52441,0.54273,0.11759,0.20973,0.66299,0.98333,0.99965,0.99417,0.8669,0.96665,0.9827,0.97512,0.65875,0.63098,1.58701,0.14556,0.33378,0.85002,0.000146833,0.000146833,0.000146833
363,3176.69,0.48562,0.58968,0.12546,0.2077,0.69998,0.98026,1,0.9945,0.86288,0.96364,0.98305,0.97507,0.71274,0.6305,1.41929,0.14558,0.32872,0.84789,0.000146409,0.000146409,0.000146409
364,3189.19,0.51101,0.42388,0.11488,0.21274,0.66332,0.9803,1,0.99483,0.8806,0.97406,0.98305,0.97585,0.76167,0.60114,1.28108,0.14482,0.30926,0.81214,0.000145984,0.000145984,0.000145984
365,3195.02,0.5822,0.52005,0.1205,0.22441,0.62544,0.99965,1,0.995,0.87939,0.9824,0.9461,0.95573,0.79337,0.59488,1.1763,0.14503,0.30689,0.82529,0.00014556,0.00014556,0.00014556
366,3202.21,0.61683,0.5072,0.11939,0.23352,0.64084,0.96499,1,0.99402,0.87598,0.94855,0.98305,0.97444,0.77216,0.59708,1.22945,0.14645,0.30537,0.83108,0.000145136,0.000145136,0.000145136
367,3215.87,0.60208,0.45714,0.11707,0.22727,0.65655,0.96597,1,0.99402,0.86771,0.94955,0.98305,0.97474,0.76596,0.61792,1.2628,0.14665,0.30782,0.84323,0.000144711,0.000144711,0.000144711
368,3220.25,0.58161,0.47379,0.11998,0.23071,0.66569,0.9656,1,0.99433,0.87727,0.97351,0.9661,0.97522,0.72318,0.60257,1.31101,0.14649,0.30368,0.81727,0.000144287,0.000144287,0.000144287
369,3228.68,0.56854,0.52268,0.11909,0.22701,0.69223,0.967,1,0.99367,0.89545,0.96604,0.98305,0.97602,0.72484,0.58469,1.28534,0.14533,0.29446,0.77917,0.000143863,0.000143863,0.000143863
370,3237.42,0.52445,0.49637,0.11598,0.22488,0.68679,0.97142,1,0.9945,0.88157,0.95932,0.98305,0.97602,0.71582,0.60732,1.33622,0.14505,0.29908,0.82388,0.000143439,0.000143439,0.000143439
371,3241.7,0.59715,0.49108,0.11388,0.22588,0.64872,0.98328,0.99691,0.99417,0.89836,0.97285,0.98305,0.97636,0.73345,0.58806,1.31437,0.14537,0.30204,0.77552,0.000143014,0.000143014,0.000143014
372,3252.19,0.60178,0.51748,0.1184,0.22785,0.65189,0.9821,1,0.99417,0.88346,0.95073,0.98118,0.97313,0.75764,0.59388,1.33181,0.14502,0.30917,0.78504,0.00014259,0.00014259,0.00014259
373,3261.59,0.448,0.46912,0.12084,0.20225,0.69552,0.98201,1,0.994,0.8779,0.93431,0.96423,0.95392,0.77143,0.59339,1.28711,0.14329,0.31101,0.80533,0.000142166,0.000142166,0.000142166
374,3269.66,0.56165,0.47394,0.11648,0.21443,0.69186,0.9826,1,0.99417,0.87708,0.93407,0.96051,0.95455,0.74205,0.62406,1.35213,0.14237,0.32086,0.83032,0.000141741,0.000141741,0.000141741
375,3274.06,0.55102,0.4814,0.11169,0.21709,0.66807,0.99366,1,0.995,0.87617,0.934,0.95944,0.95544,0.74032,0.622,1.34601,0.14178,0.31508,0.84789,0.000141317,0.000141317,0.000141317
376,3284.79,0.54734,0.42172,0.11982,0.21171,0.6676,0.99711,1,0.995,0.8755,0.94641,0.94915,0.93638,0.74084,0.61499,1.34339,0.14193,0.30906,0.83136,0.000140893,0.000140893,0.000140893
377,3297.41,0.52828,0.46262,0.11355,0.21737,0.66808,0.99764,1,0.995,0.87369,0.96382,0.9661,0.97568,0.74521,0.62201,1.34256,0.14163,0.30161,0.84715,0.000140469,0.000140469,0.000140469
378,3304,0.5628,0.42096,0.11209,0.21273,0.64807,0.99746,1,0.995,0.87143,0.9636,0.9661,0.9737,0.71549,0.63307,1.40646,0.14063,0.30911,0.8636,0.000140044,0.000140044,0.000140044
379,3310.29,0.48927,0.50035,0.11123,0.20501,0.69772,0.99767,1,0.995,0.88106,0.94694,0.94915,0.93332,0.71253,0.62181,1.45322,0.14143,0.31064,0.84275,0.00013962,0.00013962,0.00013962
380,3321.99,0.64793,0.43956,0.12171,0.2311,0.65837,0.982,1,0.99417,0.87693,0.93203,0.94915,0.93173,0.69274,0.62852,1.48566,0.1421,0.3145,0.84667,0.000139196,0.000139196,0.000139196
381,3333.1,0.54519,0.50413,0.11744,0.21332,0.65078,0.98217,1,0.99417,0.8825,0.93216,0.94915,0.93295,0.7483,0.61105,1.35728,0.14287,0.30001,0.80941,0.000138771,0.000138771,0.000138771
382,3339.24,0.56779,0.62385,0.11553,0.21898,0.6632,0.98198,1,0.9945,0.87895,0.93205,0.94915,0.94846,0.75116,0.6199,1.36159,0.14304,0.29745,0.84194,0.000138347,0.000138347,0.000138347
383,3345.68,0.53424,0.46622,0.10844,0.21529,0.65222,0.98326,1,0.995,0.88575,0.9319,0.94915,0.9308,0.76308,0.61128,1.2429,0.14377,0.29812,0.82813,0.000137923,0.000137923,0.000137923
384,3358.5,0.50804,0.49001,0.11772,0.20415,0.70003,0.99633,1,0.995,0.88484,0.94958,0.9661,0.95277,0.76607,0.60945,1.27263,0.14327,0.29811,0.81817,0.000137499,0.000137499,0.000137499
385,3364.94,0.59764,0.48627,0.10969,0.22497,0.6382,0.99883,1,0.995,0.8868,0.94872,0.94915,0.9343,0.76455,0.61797,1.20834,0.1433,0.30088,0.84199,0.000137074,0.000137074,0.000137074
386,3369.01,0.53638,0.43075,0.11353,0.21173,0.68289,0.99891,1,0.995,0.88726,0.96504,0.9661,0.95577,0.77393,0.59936,1.17578,0.14356,0.29284,0.81117,0.00013665,0.00013665,0.00013665
387,3380.86,0.56157,0.47417,0.11482,0.21214,0.66328,0.99892,1,0.995,0.87233,0.96663,0.98194,0.97554,0.75146,0.63804,1.2539,0.14444,0.3026,0.87359,0.000136226,0.000136226,0.000136226
388,3393.89,0.57643,0.47847,0.11522,0.21559,0.68127,0.99889,1,0.995,0.88881,0.96663,0.98198,0.97542,0.78807,0.61612,1.15375,0.14399,0.29843,0.84274,0.000135801,0.000135801,0.000135801
389,3399.29,0.56241,0.47283,0.11388,0.21735,0.67539,0.99889,1,0.995,0.89208,0.96663,0.98207,0.97542,0.80065,0.58012,1.11382,0.14325,0.28723,0.76903,0.000135377,0.000135377,0.000135377
390,3407.59,0.60581,0.50322,0.12097,0.22904,0.67293,0.99906,1,0.995,0.88543,0.96516,0.9661,0.97205,0.757,0.60673,1.22102,0.14325,0.30124,0.79503,0.000134953,0.000134953,0.000134953
391,3419.88,0.50299,0.5556,0.1172,0.20976,0.67601,0.99932,1,0.995,0.89893,0.96537,0.9661,0.97326,0.81829,0.57459,1.09186,0.14211,0.28988,0.75584,0.000134529,0.000134529,0.000134529
392,3426.47,0.56796,0.58535,0.10898,0.21751,0.65696,0.99911,1,0.995,0.89489,0.9652,0.9661,0.97201,0.79363,0.56954,1.16007,0.14152,0.29081,0.76817,0.000134104,0.000134104,0.000134104
393,3433.79,0.543,0.4784,0.11974,0.21322,0.678,0.98155,1,0.994,0.8981,0.94813,0.9661,0.95497,0.82277,0.55745,1.09184,0.1416,0.28355,0.75811,0.00013368,0.00013368,0.00013368
394,3446.99,0.53274,0.44281,0.11012,0.21645,0.67007,0.97719,1,0.994,0.89181,0.9489,0.9661,0.95494,0.77178,0.60163,1.21415,0.14173,0.29167,0.80575,0.000133256,0.000133256,0.000133256
395,3451.88,0.56649,0.47002,0.1105,0.21786,0.66763,0.98674,1,0.995,0.89598,0.98271,0.96318,0.95655,0.80775,0.54597,1.08305,0.14094,0.27257,0.7402,0.000132831,0.000132831,0.000132831
396,3458.99,0.56898,0.51163,0.11091,0.21639,0.66397,1,0.99405,0.995,0.88869,0.98296,0.97754,0.97602,0.77097,0.56025,1.14567,0.141,0.28462,0.75762,0.000132407,0.000132407,0.000132407
397,3470.28,0.49661,0.4712,0.11688,0.20589,0.67451,0.98221,1,0.99483,0.89345,0.98298,0.97919,0.97602,0.77743,0.5468,1.11979,0.14168,0.27886,0.72929,0.000131983,0.000131983,0.000131983
398,3479.34,0.59815,0.37994,0.10766,0.2203,0.64553,0.9934,1,0.995,0.88841,0.97617,0.98305,0.97585,0.75932,0.56629,1.17942,0.14234,0.28105,0.75291,0.000131559,0.000131559,0.000131559
399,3484.58,0.55235,0.46414,0.11214,0.20964,0.65761,0.99566,1,0.995,0.89316,0.97859,0.98305,0.97398,0.76879,0.56768,1.12674,0.14071,0.27398,0.76436,0.000131134,0.000131134,0.000131134
400,3495.59,0.59309,0.46991,0.11506,0.22126,0.64273,0.99622,1,0.995,0.88526,0.96229,0.9661,0.95309,0.75337,0.56501,1.17563,0.14044,0.27748,0.73974,0.00013071,0.00013071,0.00013071
401,3502.8,0.56515,0.52486,0.11528,0.21773,0.66654,0.99608,1,0.995,0.88329,0.9622,0.9661,0.95541,0.75867,0.60699,1.21271,0.14103,0.29133,0.79432,0.000130286,0.000130286,0.000130286
402,3508.68,0.58561,0.45452,0.1145,0.21639,0.65162,0.99697,1,0.995,0.88654,0.9631,0.9661,0.95494,0.77825,0.56471,1.14613,0.14211,0.286,0.74243,0.000129861,0.000129861,0.000129861
403,3520.29,0.53131,0.50139,0.11427,0.21206,0.66045,0.99708,1,0.995,0.88211,0.94717,0.94915,0.9356,0.73062,0.58819,1.24523,0.14358,0.28508,0.7756,0.000129437,0.000129437,0.000129437
404,3530.36,0.50376,0.50529,0.11549,0.20441,0.66986,0.98639,1,0.995,0.89195,0.9559,0.9661,0.95555,0.75102,0.59093,1.22287,0.1427,0.28403,0.77514,0.000129013,0.000129013,0.000129013
405,3535.01,0.61722,0.50171,0.12371,0.22391,0.64142,0.98093,1,0.99483,0.89189,0.94768,0.9661,0.95366,0.71017,0.59689,1.32337,0.14148,0.28849,0.7932,0.000128589,0.000128589,0.000128589
406,3543.69,0.59614,0.45469,0.11414,0.22473,0.64667,0.99852,1,0.995,0.89374,0.95081,0.98279,0.97386,0.7389,0.57832,1.26747,0.14158,0.29119,0.77988,0.000128164,0.000128164,0.000128164
407,3554.99,0.52688,0.56445,0.1162,0.21445,0.67167,0.99978,1,0.995,0.88996,0.96563,0.9661,0.97359,0.73776,0.59589,1.3456,0.14296,0.29763,0.79788,0.00012774,0.00012774,0.00012774
408,3560.69,0.57617,0.57031,0.11137,0.22076,0.63683,0.99977,1,0.995,0.8922,0.96567,0.9661,0.97361,0.74485,0.59393,1.2949,0.14319,0.29139,0.78562,0.000127316,0.000127316,0.000127316
409,3567.69,0.56534,0.3998,0.11406,0.21034,0.64547,0.99131,1,0.995,0.88139,0.95771,0.9661,0.95577,0.73874,0.60863,1.30769,0.14302,0.29607,0.8021,0.000126891,0.000126891,0.000126891
410,3580.74,0.61817,0.44286,0.11117,0.22994,0.64401,0.99197,1,0.995,0.89276,0.95812,0.9661,0.97211,0.74828,0.59573,1.34946,0.14346,0.29333,0.77834,0.000126467,0.000126467,0.000126467
411,3585.35,0.56214,0.49993,0.10531,0.2146,0.64907,0.99424,1,0.995,0.88421,0.96053,0.9661,0.95476,0.74802,0.60998,1.37502,0.14289,0.30575,0.81421,0.000126043,0.000126043,0.000126043
412,3592.39,0.60725,0.48069,0.1114,0.21878,0.63026,0.9958,1,0.995,0.8825,0.96194,0.9661,0.95494,0.73631,0.60254,1.42427,0.14243,0.30621,0.81868,0.000125619,0.000125619,0.000125619
413,3603.19,0.5814,0.48439,0.11002,0.2136,0.67119,0.99761,1,0.995,0.88424,0.92964,0.9322,0.92008,0.75037,0.59398,1.42269,0.14207,0.29891,0.81205,0.000125194,0.000125194,0.000125194
414,3613.95,0.58898,0.42866,0.11858,0.21615,0.68741,1,0.99914,0.995,0.88359,0.93218,0.93184,0.92068,0.76756,0.58308,1.28276,0.14111,0.28838,0.79728,0.00012477,0.00012477,0.00012477
415,3618.42,0.60286,0.49913,0.1078,0.21922,0.65034,0.98206,1,0.99483,0.8874,0.94907,0.94752,0.93568,0.74667,0.58083,1.32701,0.14043,0.29945,0.77322,0.000124346,0.000124346,0.000124346
416,3627.11,0.57101,0.52122,0.11473,0.21614,0.65492,1,0.99682,0.995,0.88332,0.94899,0.94605,0.93587,0.74305,0.59669,1.33695,0.13997,0.30085,0.786,0.000123921,0.000123921,0.000123921
417,3638.09,0.54604,0.51173,0.11529,0.20637,0.67453,0.99873,1,0.995,0.8855,0.9478,0.94915,0.93492,0.74563,0.58952,1.32821,0.13824,0.28733,0.78459,0.000123497,0.000123497,0.000123497
418,3644.8,0.53567,0.49491,0.11101,0.20494,0.64866,0.99799,1,0.995,0.88624,0.94719,0.94915,0.9355,0.77114,0.59281,1.2766,0.13774,0.28641,0.7887,0.000123073,0.000123073,0.000123073
419,3651.68,0.49067,0.49533,0.11343,0.1979,0.6999,0.9995,1,0.995,0.88634,0.96506,0.98305,0.97347,0.7702,0.58858,1.29167,0.13886,0.27962,0.77764,0.000122649,0.000122649,0.000122649
420,3663.99,0.56034,0.58053,0.11573,0.21183,0.66485,1,0.99996,0.995,0.8784,0.93432,0.96448,0.95238,0.75298,0.60643,1.32378,0.13951,0.2843,0.79128,0.000122224,0.000122224,0.000122224
421,3668.72,0.54925,0.4295,0.11022,0.20769,0.64898,1,0.99808,0.995,0.88091,0.93432,0.96443,0.95179,0.78205,0.57466,1.29697,0.13861,0.27562,0.75634,0.0001218,0.0001218,0.0001218
422,3677.1,0.59591,0.47779,0.11037,0.21853,0.63965,1,0.99909,0.995,0.87919,0.94911,0.9484,0.94937,0.75305,0.57188,1.30575,0.13772,0.28108,0.76386,0.000121376,0.000121376,0.000121376
423,3688,0.54476,0.43138,0.10942,0.21086,0.64607,1,0.99796,0.995,0.87526,0.94905,0.94718,0.9482,0.77297,0.59176,1.21824,0.1365,0.29753,0.78608,0.000120951,0.000120951,0.000120951
424,3695.74,0.51842,0.3988,0.1101,0.20475,0.6574,0.98149,1,0.99483,0.88468,0.94905,0.94724,0.94728,0.76644,0.5787,1.23867,0.13561,0.29467,0.76363,0.000120527,0.000120527,0.000120527
425,3700.68,0.56798,0.47819,0.11385,0.21616,0.66252,0.98316,1,0.9945,0.89515,0.94976,0.9661,0.95488,0.77754,0.57606,1.24029,0.13577,0.28584,0.75703,0.000120103,0.000120103,0.000120103
426,3710.2,0.53088,0.45765,0.10427,0.20926,0.66037,1,0.99751,0.995,0.88535,0.96577,0.95655,0.95362,0.71639,0.60336,1.3232,0.13665,0.29094,0.80096,0.000119679,0.000119679,0.000119679
427,3717.01,0.60833,0.42118,0.11311,0.22452,0.66281,0.98154,1,0.99483,0.89749,0.9649,0.98305,0.97537,0.77324,0.56517,1.16257,0.13717,0.28199,0.74294,0.000119254,0.000119254,0.000119254
428,3724.58,0.57407,0.44471,0.10832,0.21179,0.64411,0.98154,1,0.99483,0.89055,0.96491,0.98305,0.97537,0.78121,0.5909,1.23493,0.1369,0.28855,0.78389,0.00011883,0.00011883,0.00011883
429,3738.49,0.55805,0.43582,0.10948,0.20901,0.6552,0.99986,1,0.995,0.88768,0.9486,0.94915,0.93396,0.79165,0.57226,1.20431,0.13668,0.29095,0.76738,0.000118406,0.000118406,0.000118406
430,3745.13,0.53572,0.45195,0.12608,0.2086,0.6747,1,0.99772,0.995,0.88693,0.94905,0.94715,0.9341,0.7746,0.57215,1.25198,0.1368,0.28115,0.75841,0.000117981,0.000117981,0.000117981
431,3752.19,0.52069,0.39446,0.10869,0.20515,0.65943,0.99903,1,0.995,0.89758,0.98185,0.98305,0.97585,0.77537,0.57132,1.22382,0.13741,0.26971,0.76139,0.000117557,0.000117557,0.000117557
432,3765.49,0.53822,0.37963,0.11461,0.20661,0.65133,0.99803,1,0.995,0.89411,0.98111,0.98305,0.97585,0.77439,0.58052,1.24702,0.13791,0.27178,0.78971,0.000117133,0.000117133,0.000117133
433,3770.76,0.56619,0.4788,0.10872,0.21303,0.64591,0.99866,1,0.995,0.88927,0.98174,0.98305,0.97585,0.7759,0.59366,1.24009,0.13827,0.27025,0.83145,0.000116709,0.000116709,0.000116709
434,3777,0.56393,0.44429,0.11048,0.21363,0.67083,0.99616,0.98305,0.99483,0.89144,0.96585,0.95869,0.95523,0.76143,0.59404,1.28914,0.13873,0.27151,0.83639,0.000116284,0.000116284,0.000116284
435,3788.89,0.50566,0.58103,0.11259,0.19762,0.66786,1,0.99754,0.995,0.88708,0.96603,0.96391,0.95399,0.76162,0.61871,1.26612,0.13853,0.28138,0.864,0.00011586,0.00011586,0.00011586
436,3798.43,0.57029,0.41096,0.11786,0.21778,0.66043,0.99895,1,0.995,0.88797,0.96504,0.9661,0.95399,0.77507,0.61068,1.23345,0.13781,0.27639,0.83983,0.000115436,0.000115436,0.000115436
437,3803.04,0.63688,0.54047,0.11956,0.22413,0.65394,0.99915,1,0.995,0.88015,0.96522,0.9661,0.95399,0.76208,0.61794,1.35305,0.13901,0.28881,0.85332,0.000115011,0.000115011,0.000115011
438,3811.65,0.5743,0.38101,0.11692,0.21097,0.65573,0.99915,1,0.995,0.88441,0.96525,0.9661,0.95448,0.76686,0.59591,1.31297,0.13886,0.28413,0.82986,0.000114587,0.000114587,0.000114587
439,3821.92,0.56406,0.38871,0.1078,0.20919,0.63623,0.99915,1,0.995,0.88262,0.96525,0.9661,0.95403,0.73349,0.61356,1.3754,0.13787,0.28689,0.8329,0.000114163,0.000114163,0.000114163
440,3826.69,0.55824,0.48125,0.11509,0.20895,0.6633,1,0.99939,0.995,0.89073,0.93439,0.96553,0.9523,0.78378,0.59513,1.25287,0.13767,0.28335,0.79783,0.000113739,0.000113739,0.000113739
441,3834.39,0.53169,0.42037,0.10883,0.20841,0.67234,1,0.99708,0.995,0.88645,0.93439,0.96561,0.95045,0.76214,0.60721,1.32804,0.13754,0.28685,0.82235,0.000113314,0.000113314,0.000113314
442,3846.7,0.53245,0.48802,0.1097,0.20339,0.65038,0.99952,1,0.995,0.88525,0.93364,0.9661,0.95139,0.78186,0.59348,1.2672,0.13634,0.28332,0.80161,0.00011289,0.00011289,0.00011289
443,3853.42,0.54109,0.44037,0.11176,0.20174,0.67963,0.99896,1,0.995,0.88097,0.94997,0.96552,0.95184,0.74964,0.60918,1.32654,0.13425,0.28197,0.81778,0.000112466,0.000112466,0.000112466
444,3860.91,0.51341,0.42675,0.10796,0.19843,0.67475,0.99908,1,0.995,0.88639,0.96665,0.98261,0.9722,0.7764,0.59989,1.23637,0.13366,0.27768,0.80507,0.000112041,0.000112041,0.000112041
445,3875.29,0.45969,0.48451,0.10921,0.1962,0.69045,0.98304,1,0.9945,0.88539,0.96638,0.98305,0.97489,0.78189,0.58681,1.17725,0.13378,0.273,0.77139,0.000111617,0.000111617,0.000111617
446,3882.36,0.50534,0.4214,0.10868,0.19671,0.67669,0.98333,0.99962,0.99417,0.89026,0.96666,0.98274,0.97423,0.78246,0.58676,1.20552,0.1339,0.28019,0.77956,0.000111193,0.000111193,0.000111193
447,3888.89,0.50765,0.52898,0.11416,0.20077,0.67148,1,0.99978,0.995,0.8835,0.9661,0.9661,0.95132,0.75004,0.58697,1.248,0.13419,0.28427,0.78585,0.000110769,0.000110769,0.000110769
448,3902.39,0.52049,0.48971,0.10443,0.19964,0.65568,0.99831,1,0.995,0.88588,0.96436,0.9661,0.95191,0.79231,0.56341,1.16118,0.13505,0.27825,0.74302,0.000110344,0.000110344,0.000110344
449,3911.94,0.5401,0.42017,0.10584,0.20621,0.64606,0.99654,1,0.995,0.88016,0.96276,0.9661,0.94995,0.76326,0.58316,1.25836,0.13545,0.2839,0.77687,0.00010992,0.00010992,0.00010992
450,3916.58,0.56966,0.47982,0.11543,0.21727,0.67236,0.9802,1,0.99483,0.88978,0.96351,0.98305,0.97347,0.75583,0.56562,1.19732,0.13459,0.27677,0.75481,0.000109496,0.000109496,0.000109496
451,3924.49,0.57338,0.43322,0.11314,0.21239,0.63781,0.98101,1,0.99483,0.89181,0.96438,0.98305,0.97468,0.77269,0.56412,1.14102,0.13446,0.27785,0.74405,0.000109071,0.000109071,0.000109071
452,3931.98,0.57546,0.43411,0.10906,0.21079,0.63989,0.98122,1,0.99483,0.89357,0.96459,0.98305,0.97537,0.79385,0.57593,1.09297,0.13467,0.27937,0.76629,0.000108647,0.000108647,0.000108647
453,3937.79,0.57171,0.42514,0.1065,0.21113,0.65184,0.98125,1,0.99483,0.89148,0.96462,0.98305,0.97537,0.77993,0.57803,1.16501,0.13434,0.27705,0.77435,0.000108223,0.000108223,0.000108223
454,3949.78,0.4889,0.4949,0.1058,0.19232,0.67137,0.98084,1,0.9945,0.89868,0.9719,0.94915,0.9554,0.74399,0.56181,1.20105,0.13464,0.26783,0.75547,0.000107799,0.000107799,0.000107799
455,3961.62,0.51332,0.53587,0.10449,0.1965,0.65556,0.99691,1,0.995,0.89584,0.96312,0.9661,0.95643,0.76234,0.58402,1.17142,0.13381,0.27684,0.7771,0.000107374,0.000107374,0.000107374
456,3966.21,0.56324,0.50839,0.10656,0.21063,0.63675,0.99746,1,0.995,0.89584,0.98044,0.98305,0.97669,0.77693,0.56906,1.142,0.13475,0.26847,0.75625,0.00010695,0.00010695,0.00010695
457,3972.1,0.61064,0.38266,0.1049,0.2153,0.61808,0.98216,1,0.99483,0.89852,0.98295,0.97721,0.97669,0.76938,0.56993,1.14874,0.13579,0.2754,0.76213,0.000106526,0.000106526,0.000106526
458,3985.5,0.46959,0.54787,0.1076,0.19326,0.67925,0.98233,1,0.99483,0.89738,0.96347,0.9661,0.9566,0.7913,0.55316,1.12561,0.13624,0.26948,0.7497,0.000106101,0.000106101,0.000106101
459,3992.33,0.53184,0.47147,0.10694,0.205,0.67172,0.9824,1,0.99483,0.90161,0.98147,0.98305,0.97686,0.79398,0.54136,1.10599,0.13597,0.26437,0.73691,0.000105677,0.000105677,0.000105677
460,3999.09,0.54705,0.48669,0.10602,0.20654,0.65333,0.98229,1,0.99483,0.89399,0.98303,0.98209,0.97669,0.78881,0.55402,1.13322,0.13616,0.26973,0.74208,0.000105253,0.000105253,0.000105253
461,4009.04,0.52556,0.51596,0.11016,0.20459,0.65716,0.98218,1,0.99483,0.88946,0.983,0.98027,0.97669,0.7947,0.55515,1.15583,0.1362,0.27248,0.74238,0.000104829,0.000104829,0.000104829
462,4017.36,0.46251,0.51006,0.10898,0.1861,0.67691,1,0.99767,0.995,0.8945,0.98301,0.98082,0.97669,0.7886,0.55747,1.18691,0.13556,0.27458,0.74336,0.000104404,0.000104404,0.000104404
463,4022.15,0.52122,0.43946,0.10568,0.20331,0.66855,0.98166,1,0.9945,0.9018,0.96503,0.98305,0.97542,0.81544,0.56376,1.12898,0.13516,0.27235,0.74216,0.00010398,0.00010398,0.00010398
464,4030.88,0.5049,0.36635,0.10567,0.19756,0.65398,0.98164,1,0.99483,0.90047,0.965,0.98305,0.97537,0.81632,0.56135,1.13496,0.13552,0.26977,0.74162,0.000103556,0.000103556,0.000103556
465,4042.48,0.55312,0.38475,0.11413,0.20984,0.64829,0.98209,1,0.99483,0.90192,0.96544,0.98305,0.97554,0.81496,0.56217,1.16801,0.13573,0.27108,0.75214,0.000103131,0.000103131,0.000103131
466,4051.01,0.56835,0.42135,0.10984,0.20652,0.64383,0.99878,1,0.995,0.90167,0.96492,0.9661,0.97432,0.82077,0.54243,1.10955,0.13567,0.25997,0.73259,0.000102707,0.000102707,0.000102707
467,4056.2,0.45072,0.50834,0.10511,0.1907,0.67453,0.99866,1,0.995,0.88704,0.96478,0.9661,0.95531,0.8042,0.57854,1.18066,0.13576,0.27252,0.77573,0.000102283,0.000102283,0.000102283
468,4066.89,0.45359,0.55276,0.10797,0.18868,0.6926,0.9986,1,0.995,0.89577,0.96475,0.9661,0.95585,0.80169,0.57333,1.17074,0.13571,0.27619,0.76623,0.000101859,0.000101859,0.000101859
469,4078.99,0.55853,0.53157,0.11476,0.20494,0.66973,0.99856,1,0.995,0.8949,0.96471,0.9661,0.97469,0.80444,0.56805,1.1693,0.13522,0.26804,0.7533,0.000101434,0.000101434,0.000101434
470,4085.83,0.5504,0.43324,0.10707,0.2052,0.66359,0.99841,1,0.995,0.89377,0.96457,0.9661,0.97432,0.79939,0.57909,1.21152,0.13509,0.26225,0.76586,0.00010101,0.00010101,0.00010101
471,4091.99,0.58709,0.50102,0.11829,0.21223,0.64975,0.99877,1,0.995,0.89808,0.94798,0.94915,0.93579,0.80293,0.56449,1.17495,0.13346,0.2639,0.76231,0.000100586,0.000100586,0.000100586
472,4103.99,0.58096,0.51069,0.11088,0.2056,0.62986,0.99882,1,0.995,0.88975,0.94819,0.94915,0.93542,0.79307,0.5854,1.21273,0.13426,0.27215,0.7828,0.000100161,0.000100161,0.000100161
473,4114.62,0.52776,0.42267,0.10431,0.19891,0.65933,0.99861,1,0.995,0.88465,0.96476,0.9661,0.9544,0.80044,0.5834,1.18412,0.13603,0.26885,0.76621,9.97371e-05,9.97371e-05,9.97371e-05
474,4119.44,0.56939,0.47485,0.11155,0.21058,0.67009,0.99853,1,0.995,0.8872,0.96468,0.9661,0.95494,0.78706,0.57102,1.18213,0.13679,0.26627,0.75546,9.93129e-05,9.93129e-05,9.93129e-05
475,4128.28,0.56647,0.51767,0.11553,0.20486,0.65728,0.99813,1,0.995,0.88701,0.98122,0.98305,0.97551,0.79182,0.58574,1.20872,0.13543,0.27728,0.76091,9.88886e-05,9.88886e-05,9.88886e-05
476,4139.67,0.52094,0.43755,0.10346,0.19583,0.66138,0.99869,1,0.995,0.87745,0.94791,0.94915,0.93452,0.78262,0.60152,1.21337,0.13405,0.28356,0.78262,9.84643e-05,9.84643e-05,9.84643e-05
477,4144.36,0.51178,0.5073,0.10636,0.20438,0.6462,0.99875,1,0.995,0.88258,0.94788,0.94915,0.93579,0.79559,0.59939,1.20616,0.13301,0.27949,0.78415,9.804e-05,9.804e-05,9.804e-05
478,4152.69,0.53189,0.41529,0.10611,0.2039,0.67236,1,0.99985,0.995,0.88528,0.96606,0.9661,0.9566,0.80018,0.59973,1.20555,0.13286,0.28218,0.78404,9.76157e-05,9.76157e-05,9.76157e-05
479,4162.4,0.50244,0.45997,0.10631,0.19768,0.65728,1,0.99887,0.995,0.88321,0.96607,0.96523,0.95608,0.80387,0.60528,1.18454,0.13394,0.28118,0.79007,9.71914e-05,9.71914e-05,9.71914e-05
480,4171.98,0.48727,0.45924,0.10122,0.19372,0.65613,0.98241,1,0.99483,0.88566,0.94456,0.94915,0.93547,0.80653,0.60341,1.19357,0.13334,0.29217,0.78268,9.67671e-05,9.67671e-05,9.67671e-05
481,4176.8,0.58012,0.43732,0.10097,0.20937,0.63264,0.9824,1,0.99483,0.89103,0.94177,0.94915,0.93511,0.80319,0.59278,1.14447,0.13199,0.29547,0.77829,9.63429e-05,9.63429e-05,9.63429e-05
482,4186,0.51004,0.40115,0.10427,0.20366,0.62842,0.98224,1,0.99483,0.8805,0.94906,0.94733,0.93488,0.80018,0.59653,1.14749,0.13046,0.29423,0.79047,9.59186e-05,9.59186e-05,9.59186e-05
483,4198.79,0.46529,0.48311,0.10464,0.19099,0.68688,0.98252,1,0.99483,0.89647,0.9458,0.94915,0.9342,0.81401,0.56606,1.08203,0.13019,0.28545,0.73652,9.54943e-05,9.54943e-05,9.54943e-05
484,4206.63,0.51423,0.41664,0.10557,0.1995,0.65369,0.98262,1,0.99483,0.88171,0.94643,0.94915,0.93238,0.80223,0.58286,1.14449,0.13108,0.29364,0.76111,9.507e-05,9.507e-05,9.507e-05
485,4212.79,0.53481,0.44525,0.10428,0.19995,0.64869,0.98257,1,0.99483,0.8868,0.94686,0.94915,0.94938,0.80674,0.57642,1.16417,0.13158,0.28367,0.76658,9.46457e-05,9.46457e-05,9.46457e-05
486,4224.39,0.46972,0.50466,0.10386,0.19205,0.66443,0.98225,1,0.99483,0.8847,0.94913,0.94864,0.93184,0.79436,0.57056,1.1912,0.13215,0.27125,0.76172,9.42214e-05,9.42214e-05,9.42214e-05
487,4233.17,0.56292,0.44908,0.10786,0.20787,0.63059,0.98228,1,0.99483,0.89075,0.94914,0.949,0.93238,0.80373,0.56337,1.17369,0.13353,0.26651,0.74311,9.37971e-05,9.37971e-05,9.37971e-05
488,4237.48,0.61354,0.47196,0.10926,0.21337,0.6474,0.99099,0.98305,0.99467,0.89992,0.97819,0.98305,0.97347,0.79689,0.55655,1.19538,0.13381,0.27465,0.74247,9.33729e-05,9.33729e-05,9.33729e-05
489,4248.48,0.49853,0.46649,0.11708,0.19514,0.66786,0.98793,0.98305,0.99467,0.89106,0.97531,0.98305,0.97314,0.78621,0.57311,1.20439,0.13333,0.28015,0.77178,9.29486e-05,9.29486e-05,9.29486e-05
490,4259.28,0.58886,0.43325,0.10452,0.21534,0.63608,0.98229,0.98305,0.99467,0.89231,0.97567,0.98305,0.97398,0.7942,0.57283,1.19302,0.13239,0.28392,0.76688,9.25243e-05,9.25243e-05,9.25243e-05
491,4266.01,0.56639,0.35409,0.11214,0.20844,0.65293,0.98333,0.99957,0.99483,0.88897,0.9472,0.94915,0.94991,0.79735,0.55789,1.2399,0.13242,0.28538,0.74701,9.21e-05,9.21e-05,9.21e-05
492,4273.3,0.60615,0.53424,0.10658,0.2168,0.63887,0.98332,0.99907,0.99483,0.88235,0.94747,0.94915,0.95158,0.80631,0.56382,1.20368,0.13227,0.289,0.75085,9.16757e-05,9.16757e-05,9.16757e-05
493,4283.54,0.50999,0.4179,0.09997,0.19933,0.65958,0.98331,0.99885,0.99483,0.88452,0.94777,0.94915,0.93493,0.79289,0.56449,1.18514,0.13223,0.28877,0.75016,9.12514e-05,9.12514e-05,9.12514e-05
494,4287.81,0.51641,0.49166,0.10576,0.19835,0.647,0.98332,0.99923,0.99483,0.89078,0.9645,0.9661,0.95555,0.80735,0.55027,1.14417,0.1324,0.28059,0.73682,9.08271e-05,9.08271e-05,9.08271e-05
495,4300.09,0.55253,0.51159,0.11206,0.20194,0.64548,0.9825,1,0.99483,0.90155,0.9637,0.9661,0.95573,0.79221,0.54481,1.18771,0.1317,0.2753,0.74625,9.04029e-05,9.04029e-05,9.04029e-05
496,4312.62,0.52101,0.44169,0.10784,0.20078,0.6578,0.98228,1,0.99483,0.90589,0.94989,0.9661,0.95608,0.80559,0.5358,1.10283,0.13122,0.26681,0.73401,8.99786e-05,8.99786e-05,8.99786e-05
497,4317.07,0.54999,0.46547,0.0983,0.1954,0.65807,0.98314,1,0.995,0.8994,0.9574,0.9661,0.95621,0.79744,0.55164,1.0946,0.13094,0.26595,0.74085,8.95543e-05,8.95543e-05,8.95543e-05
498,4323.7,0.61857,0.46189,0.09893,0.20886,0.65173,0.98306,1,0.995,0.89867,0.953,0.9661,0.95621,0.78715,0.5587,1.10719,0.13121,0.2692,0.74735,8.913e-05,8.913e-05,8.913e-05
499,4334.99,0.56405,0.46384,0.10122,0.20297,0.66011,0.9817,1,0.99483,0.90014,0.95361,0.9661,0.95655,0.76697,0.5595,1.19778,0.13059,0.27538,0.75066,8.87057e-05,8.87057e-05,8.87057e-05
500,4346.05,0.55031,0.49365,0.10869,0.21035,0.65909,0.98023,1,0.99483,0.89975,0.95662,0.9661,0.9569,0.77585,0.56133,1.20592,0.13103,0.28063,0.74562,8.82814e-05,8.82814e-05,8.82814e-05
501,4350.66,0.62267,0.44234,0.10631,0.21739,0.6237,0.98231,1,0.99483,0.89497,0.94901,0.9661,0.95419,0.7761,0.5643,1.19254,0.13152,0.27811,0.75463,8.78571e-05,8.78571e-05,8.78571e-05
502,4359.7,0.51828,0.41672,0.10778,0.19573,0.6589,0.98218,1,0.99483,0.8947,0.96554,0.98305,0.97468,0.80149,0.55286,1.14701,0.13167,0.27459,0.74343,8.74329e-05,8.74329e-05,8.74329e-05
503,4365.58,0.5615,0.45342,0.10327,0.20904,0.62704,0.98224,1,0.99483,0.89635,0.96559,0.98305,0.97382,0.76606,0.56227,1.21138,0.13159,0.27044,0.74961,8.70086e-05,8.70086e-05,8.70086e-05
504,4371.79,0.57363,0.51176,0.10747,0.21373,0.62867,0.99495,1,0.995,0.89985,0.96602,0.9661,0.95414,0.77064,0.55273,1.20571,0.13182,0.26576,0.74404,8.65843e-05,8.65843e-05,8.65843e-05
505,4383.49,0.54983,0.43073,0.10013,0.20414,0.62136,0.99817,1,0.995,0.89838,0.96592,0.9661,0.95414,0.75866,0.55688,1.23689,0.13202,0.26537,0.75061,8.616e-05,8.616e-05,8.616e-05
506,4391.3,0.57331,0.35517,0.09981,0.20771,0.65387,0.99759,1,0.995,0.89898,0.96591,0.9661,0.95397,0.74929,0.56663,1.22815,0.13213,0.26647,0.7543,8.57357e-05,8.57357e-05,8.57357e-05
507,4397.18,0.57935,0.47133,0.10861,0.20518,0.64961,0.98174,1,0.99483,0.8974,0.94993,0.9661,0.95448,0.73378,0.56468,1.21684,0.13168,0.2651,0.7418,8.53114e-05,8.53114e-05,8.53114e-05
508,4408.91,0.52557,0.47645,0.10822,0.20362,0.64504,0.98208,1,0.99483,0.89619,0.95103,0.9661,0.95362,0.73207,0.56709,1.23566,0.13127,0.26631,0.76121,8.48871e-05,8.48871e-05,8.48871e-05
509,4417.36,0.53436,0.48142,0.0995,0.20154,0.65223,0.98195,1,0.99483,0.8956,0.94996,0.9661,0.95362,0.73976,0.56816,1.21931,0.13122,0.26569,0.7734,8.44629e-05,8.44629e-05,8.44629e-05
510,4423.79,0.51847,0.47892,0.10597,0.20284,0.64262,0.99685,1,0.995,0.88891,0.96504,0.9661,0.9531,0.74171,0.57722,1.24306,0.13129,0.27294,0.77386,8.40386e-05,8.40386e-05,8.40386e-05
511,4437.09,0.48521,0.37496,0.10603,0.19587,0.65439,0.99829,1,0.995,0.88803,0.94914,0.94915,0.95093,0.73582,0.58099,1.30262,0.1317,0.27832,0.78812,8.36143e-05,8.36143e-05,8.36143e-05
512,4447.22,0.51254,0.44204,0.10047,0.20037,0.62197,0.99809,1,0.995,0.89549,0.96406,0.94915,0.93465,0.72182,0.57685,1.33976,0.13334,0.28046,0.77184,8.319e-05,8.319e-05,8.319e-05
513,4451.5,0.49959,0.48999,0.10264,0.19022,0.66487,0.99847,1,0.995,0.89693,0.96388,0.94915,0.95123,0.73184,0.56679,1.31979,0.13422,0.27459,0.7616,8.27657e-05,8.27657e-05,8.27657e-05
514,4462.18,0.55275,0.49099,0.10288,0.20739,0.66619,0.99845,1,0.995,0.89393,0.96203,0.94915,0.93325,0.72925,0.57795,1.29621,0.13397,0.27738,0.77678,8.23414e-05,8.23414e-05,8.23414e-05
515,4471.59,0.46782,0.45165,0.10279,0.18992,0.6744,0.9987,1,0.995,0.89831,0.96311,0.94915,0.93377,0.73989,0.56574,1.25889,0.13277,0.27411,0.76403,8.19171e-05,8.19171e-05,8.19171e-05
516,4476.11,0.52548,0.45788,0.10594,0.1995,0.67187,0.99882,1,0.995,0.89306,0.9677,0.94915,0.93377,0.74508,0.56274,1.26716,0.13328,0.27234,0.77191,8.14929e-05,8.14929e-05,8.14929e-05
517,4485.48,0.5377,0.56123,0.109,0.2014,0.66372,0.99903,1,0.995,0.88976,0.97799,0.9661,0.95414,0.74903,0.5636,1.24967,0.13366,0.27853,0.76352,8.10686e-05,8.10686e-05,8.10686e-05
518,4497.2,0.53996,0.40109,0.1056,0.19668,0.65123,0.99902,1,0.995,0.89434,0.97765,0.9661,0.95414,0.76011,0.56119,1.25749,0.13341,0.27899,0.74726,8.06443e-05,8.06443e-05,8.06443e-05
519,4503.09,0.52461,0.4328,0.10082,0.19938,0.67132,0.99885,1,0.995,0.89746,0.97461,0.9661,0.95534,0.75748,0.56443,1.25935,0.13171,0.27781,0.75263,8.022e-05,8.022e-05,8.022e-05
520,4509.08,0.50944,0.51899,0.09602,0.19504,0.66542,0.99887,1,0.995,0.89363,0.9755,0.9661,0.95569,0.77492,0.5563,1.22542,0.13135,0.26682,0.75152,7.97957e-05,7.97957e-05,7.97957e-05
521,4522.38,0.56226,0.53601,0.10472,0.20351,0.65503,0.99883,1,0.995,0.89153,0.9763,0.9661,0.95569,0.7655,0.55553,1.23089,0.13107,0.26561,0.74821,7.93714e-05,7.93714e-05,7.93714e-05
522,4531.57,0.49449,0.41163,0.1086,0.19195,0.65441,0.9988,1,0.995,0.89085,0.9747,0.9661,0.95603,0.78473,0.55483,1.18624,0.13048,0.26735,0.73722,7.89471e-05,7.89471e-05,7.89471e-05
523,4536.14,0.51679,0.38937,0.10205,0.19182,0.65787,0.99867,1,0.995,0.89142,0.97509,0.9661,0.95603,0.7586,0.57486,1.22783,0.12996,0.26721,0.76934,7.85229e-05,7.85229e-05,7.85229e-05
524,4544.71,0.52375,0.47008,0.10451,0.1983,0.64573,0.99868,1,0.995,0.89567,0.97636,0.9661,0.97557,0.77747,0.56599,1.18232,0.12966,0.26025,0.76363,7.80986e-05,7.80986e-05,7.80986e-05
525,4557.39,0.62064,0.398,0.09967,0.21038,0.641,0.99807,1,0.995,0.89632,0.97464,0.9661,0.9569,0.7683,0.57234,1.20912,0.12981,0.26151,0.77755,7.76743e-05,7.76743e-05,7.76743e-05
526,4566.06,0.58805,0.38338,0.10167,0.20756,0.63072,0.99722,1,0.995,0.89566,0.97187,0.9661,0.9569,0.78859,0.56799,1.17557,0.13048,0.26329,0.76455,7.725e-05,7.725e-05,7.725e-05
527,4571.88,0.58592,0.35276,0.11363,0.21226,0.64189,0.99665,1,0.995,0.89126,0.96456,0.9661,0.95707,0.77152,0.58085,1.20313,0.13061,0.27335,0.77455,7.68257e-05,7.68257e-05,7.68257e-05
528,4583.21,0.57649,0.45081,0.09899,0.20418,0.63726,0.99717,1,0.995,0.88802,0.96414,0.9661,0.95707,0.76784,0.5707,1.19839,0.13038,0.26786,0.76159,7.64014e-05,7.64014e-05,7.64014e-05
529,4589.18,0.51768,0.39513,0.1036,0.19469,0.65973,0.99675,1,0.995,0.88617,0.96296,0.9661,0.9566,0.76129,0.57824,1.26134,0.13062,0.26589,0.77403,7.59771e-05,7.59771e-05,7.59771e-05
530,4596.69,0.57684,0.35283,0.10338,0.21156,0.63096,0.99783,1,0.995,0.88762,0.964,0.9661,0.95608,0.75985,0.59265,1.31405,0.13079,0.27031,0.79253,7.55529e-05,7.55529e-05,7.55529e-05
531,4606.62,0.49015,0.43234,0.09799,0.18934,0.67208,0.99894,1,0.995,0.89065,0.94814,0.94915,0.93574,0.77039,0.58288,1.28027,0.13042,0.27016,0.7892,7.51286e-05,7.51286e-05,7.51286e-05
532,4611.33,0.52887,0.38317,0.09866,0.194,0.65236,0.99891,1,0.995,0.8888,0.94812,0.94915,0.93592,0.76988,0.58522,1.24001,0.13054,0.26991,0.78497,7.47043e-05,7.47043e-05,7.47043e-05
533,4620.41,0.49569,0.39366,0.10496,0.19418,0.64298,0.99891,1,0.995,0.8872,0.96538,0.94532,0.93644,0.76651,0.57903,1.22793,0.13037,0.264,0.77656,7.428e-05,7.428e-05,7.428e-05
534,4631.39,0.51193,0.35403,0.10859,0.19341,0.64449,0.99891,1,0.995,0.89685,0.96551,0.9489,0.93698,0.78787,0.56533,1.17863,0.13036,0.2646,0.75158,7.38557e-05,7.38557e-05,7.38557e-05
535,4640.72,0.54699,0.46249,0.09298,0.20455,0.64588,0.99881,1,0.995,0.89423,0.95799,0.94915,0.93733,0.78272,0.56098,1.17588,0.13016,0.26718,0.75271,7.34314e-05,7.34314e-05,7.34314e-05
536,4645.12,0.54573,0.38611,0.10203,0.20452,0.64954,0.99746,1,0.995,0.8934,0.96996,0.9661,0.95741,0.77963,0.56097,1.21196,0.13065,0.2675,0.75226,7.30071e-05,7.30071e-05,7.30071e-05
537,4655.98,0.59503,0.38467,0.0979,0.20672,0.62147,0.99679,1,0.995,0.88635,0.96896,0.9661,0.95707,0.75211,0.57836,1.28948,0.13113,0.26903,0.78179,7.25829e-05,7.25829e-05,7.25829e-05
538,4666.19,0.53973,0.38924,0.11192,0.19496,0.6493,0.99678,1,0.995,0.88868,0.96937,0.9661,0.95707,0.76133,0.56452,1.2451,0.13078,0.25936,0.76911,7.21586e-05,7.21586e-05,7.21586e-05
539,4674.09,0.49403,0.32699,0.09797,0.18997,0.6333,0.9986,1,0.995,0.89185,0.9689,0.9661,0.95741,0.76789,0.55871,1.22344,0.13037,0.25887,0.75199,7.17343e-05,7.17343e-05,7.17343e-05
540,4678.69,0.53592,0.48502,0.10642,0.19583,0.65066,0.99872,1,0.995,0.89793,0.96801,0.9661,0.95707,0.77026,0.57025,1.23999,0.13034,0.26966,0.7548,7.131e-05,7.131e-05,7.131e-05
541,4690.5,0.56104,0.39498,0.09713,0.20847,0.62336,0.99859,1,0.995,0.89729,0.9668,0.9661,0.95707,0.76917,0.57112,1.24103,0.13052,0.27482,0.75547,7.08857e-05,7.08857e-05,7.08857e-05
542,4701.4,0.46913,0.35256,0.10092,0.18638,0.65227,0.99873,1,0.995,0.89789,0.96634,0.9661,0.9569,0.76794,0.57616,1.23035,0.13122,0.27357,0.76242,7.04614e-05,7.04614e-05,7.04614e-05
543,4708.96,0.50374,0.45165,0.10813,0.19351,0.65996,0.99886,1,0.995,0.89591,0.965,0.9661,0.95643,0.78077,0.55608,1.18664,0.13079,0.2722,0.75019,7.00371e-05,7.00371e-05,7.00371e-05
544,4716.9,0.51733,0.34872,0.0974,0.19702,0.64052,0.9989,1,0.995,0.89124,0.96527,0.9661,0.95603,0.7655,0.57651,1.23487,0.13088,0.2777,0.77226,6.96129e-05,6.96129e-05,6.96129e-05
545,4729.62,0.48016,0.45221,0.10391,0.19108,0.66643,0.99891,1,0.995,0.89081,0.94899,0.94915,0.93463,0.76669,0.58746,1.23455,0.13105,0.28151,0.78612,6.91886e-05,6.91886e-05,6.91886e-05
546,4737.41,0.52696,0.38861,0.10386,0.19424,0.65633,0.9989,1,0.995,0.89601,0.95112,0.94915,0.93463,0.76602,0.56936,1.2071,0.13058,0.28393,0.76631,6.87643e-05,6.87643e-05,6.87643e-05
547,4743.19,0.44489,0.42855,0.10506,0.18962,0.69269,0.99866,1,0.995,0.89323,0.94895,0.94915,0.93457,0.77211,0.584,1.24686,0.13029,0.28248,0.80212,6.834e-05,6.834e-05,6.834e-05
548,4754.09,0.57076,0.41286,0.10739,0.20355,0.63776,0.99805,1,0.995,0.8979,0.95002,0.94915,0.93457,0.77528,0.57309,1.205,0.13031,0.27919,0.78123,6.79157e-05,6.79157e-05,6.79157e-05
549,4762.89,0.58924,0.37411,0.11095,0.21039,0.6424,0.99759,1,0.995,0.89516,0.94926,0.94915,0.93513,0.76703,0.57325,1.2284,0.13049,0.27677,0.76331,6.74914e-05,6.74914e-05,6.74914e-05
550,4767.38,0.53386,0.45419,0.1084,0.19513,0.64731,0.9982,1,0.995,0.89505,0.94745,0.94915,0.93579,0.77284,0.57745,1.22882,0.13103,0.27423,0.76752,6.70671e-05,6.70671e-05,6.70671e-05
551,4777.59,0.57622,0.34602,0.10168,0.20518,0.63013,0.99867,1,0.995,0.89401,0.94789,0.94915,0.93584,0.76982,0.5738,1.28503,0.13076,0.27751,0.77574,6.66429e-05,6.66429e-05,6.66429e-05
552,4786.75,0.52446,0.50971,0.09902,0.20165,0.64116,0.99866,1,0.995,0.89202,0.94785,0.94915,0.95423,0.77321,0.57426,1.2938,0.13088,0.27508,0.77,6.62186e-05,6.62186e-05,6.62186e-05
553,4791.39,0.55485,0.40849,0.1123,0.20275,0.6512,0.99864,1,0.995,0.88948,0.94782,0.94915,0.93431,0.74961,0.5938,1.34362,0.1314,0.28295,0.80153,6.57943e-05,6.57943e-05,6.57943e-05
554,4799.89,0.51492,0.38953,0.10654,0.20111,0.64441,0.99856,1,0.995,0.89208,0.94774,0.94915,0.93498,0.77227,0.57866,1.24198,0.13129,0.2767,0.7884,6.537e-05,6.537e-05,6.537e-05
555,4811.79,0.50903,0.43276,0.1137,0.19678,0.6573,0.99854,1,0.995,0.89209,0.94772,0.94915,0.93543,0.77329,0.57685,1.22413,0.13117,0.27653,0.78113,6.49457e-05,6.49457e-05,6.49457e-05
556,4818.84,0.48318,0.54225,0.0974,0.19232,0.64192,0.99844,1,0.995,0.88902,0.94763,0.94915,0.93592,0.77785,0.57459,1.21693,0.13081,0.27297,0.77367,6.45214e-05,6.45214e-05,6.45214e-05
557,4824.78,0.52319,0.42665,0.10211,0.19443,0.64512,0.99846,1,0.995,0.8923,0.94764,0.94915,0.93592,0.77668,0.57515,1.2375,0.13077,0.27411,0.77511,6.40971e-05,6.40971e-05,6.40971e-05
558,4835.69,0.55619,0.37621,0.1147,0.20107,0.63996,0.99868,1,0.995,0.8934,0.94778,0.94915,0.93592,0.77886,0.56575,1.22559,0.13019,0.2701,0.76001,6.36729e-05,6.36729e-05,6.36729e-05
559,4841.53,0.5598,0.36644,0.10355,0.20361,0.62375,0.99829,1,0.995,0.89374,0.96426,0.9661,0.95573,0.77002,0.57446,1.24083,0.12927,0.27167,0.78053,6.32486e-05,6.32486e-05,6.32486e-05
560,4848.29,0.52821,0.42891,0.10597,0.19537,0.66137,0.99805,1,0.995,0.89613,0.9795,0.9661,0.97522,0.77765,0.56696,1.21528,0.12833,0.26752,0.77563,6.28243e-05,6.28243e-05,6.28243e-05
561,4860.79,0.51064,0.40958,0.10036,0.18944,0.62995,0.99849,1,0.995,0.89876,0.97591,0.9661,0.97522,0.76983,0.57174,1.20517,0.12836,0.26483,0.77596,6.24e-05,6.24e-05,6.24e-05
562,4869.81,0.52789,0.49091,0.10187,0.19646,0.6542,0.99857,1,0.995,0.89513,0.97582,0.9661,0.97505,0.77534,0.57319,1.19158,0.12832,0.265,0.77784,6.19757e-05,6.19757e-05,6.19757e-05
563,4874.28,0.53531,0.3621,0.10069,0.1948,0.64254,0.99865,1,0.995,0.89079,0.97231,0.9661,0.95621,0.78399,0.57398,1.17292,0.12832,0.26243,0.78162,6.15514e-05,6.15514e-05,6.15514e-05
564,4884.19,0.55888,0.55507,0.10004,0.20053,0.62292,0.99866,1,0.995,0.89531,0.96912,0.9661,0.95603,0.78098,0.56373,1.14654,0.12845,0.26108,0.76172,6.11271e-05,6.11271e-05,6.11271e-05
565,4891.05,0.4834,0.36655,0.10099,0.18559,0.66757,0.99851,1,0.995,0.89358,0.96502,0.9661,0.95621,0.78848,0.55258,1.1147,0.12811,0.26003,0.75381,6.07029e-05,6.07029e-05,6.07029e-05
566,4896.5,0.5166,0.43211,0.10492,0.1927,0.63585,0.99851,1,0.995,0.89235,0.96466,0.9661,0.95555,0.77254,0.56257,1.17251,0.12826,0.26458,0.77073,6.02786e-05,6.02786e-05,6.02786e-05
567,4907.59,0.5606,0.34529,0.09702,0.20424,0.64494,0.99835,1,0.995,0.8921,0.96451,0.9661,0.95392,0.77931,0.55398,1.15454,0.12813,0.26985,0.74644,5.98543e-05,5.98543e-05,5.98543e-05
568,4919.08,0.47658,0.37972,0.09787,0.18304,0.66748,0.99748,1,0.995,0.88899,0.96366,0.9661,0.95417,0.77665,0.5639,1.18397,0.12819,0.27303,0.76022,5.943e-05,5.943e-05,5.943e-05
569,4923.65,0.50257,0.39519,0.10221,0.18908,0.66645,0.99568,1,0.995,0.89107,0.96193,0.9661,0.95455,0.77139,0.56199,1.18448,0.1281,0.27094,0.75933,5.90057e-05,5.90057e-05,5.90057e-05
570,4930.59,0.49435,0.40609,0.10427,0.18885,0.63244,0.99398,1,0.995,0.89184,0.96011,0.9661,0.95399,0.77078,0.56482,1.18021,0.12855,0.27052,0.7622,5.85814e-05,5.85814e-05,5.85814e-05
571,4943.15,0.49672,0.40067,0.10028,0.18431,0.65706,0.99525,1,0.995,0.89477,0.96137,0.9661,0.95361,0.7641,0.57995,1.22466,0.12884,0.27067,0.7868,5.81571e-05,5.81571e-05,5.81571e-05
572,4947.73,0.52457,0.38847,0.10626,0.19086,0.63543,0.99732,1,0.995,0.89487,0.96345,0.9661,0.95448,0.76543,0.57808,1.21558,0.1291,0.27016,0.77294,5.77329e-05,5.77329e-05,5.77329e-05
573,4956.09,0.49937,0.40047,0.10335,0.1904,0.6524,0.99795,1,0.995,0.89524,0.96412,0.9661,0.95485,0.76125,0.57974,1.23551,0.12897,0.26997,0.776,5.73086e-05,5.73086e-05,5.73086e-05
574,4968.39,0.53625,0.45402,0.1113,0.19416,0.65007,0.99755,1,0.995,0.89537,0.96374,0.9661,0.95485,0.77219,0.57047,1.22062,0.12928,0.26916,0.76555,5.68843e-05,5.68843e-05,5.68843e-05
575,4974.72,0.54925,0.34563,0.09644,0.19623,0.63088,0.99743,1,0.995,0.89367,0.96356,0.9661,0.9554,0.7706,0.57272,1.23709,0.12998,0.26956,0.76665,5.646e-05,5.646e-05,5.646e-05
576,4981.88,0.54222,0.42393,0.10553,0.19997,0.63542,0.99756,1,0.995,0.89467,0.96369,0.9661,0.95621,0.77504,0.56184,1.22466,0.13083,0.26566,0.74874,5.60357e-05,5.60357e-05,5.60357e-05
577,4994.39,0.5358,0.41413,0.09675,0.19226,0.64828,0.9977,1,0.995,0.89518,0.96388,0.9661,0.95585,0.77501,0.56158,1.24358,0.13095,0.2659,0.75059,5.56114e-05,5.56114e-05,5.56114e-05
578,5001.69,0.54205,0.3772,0.10556,0.1985,0.63329,0.99793,1,0.995,0.89174,0.9641,0.9661,0.95585,0.76633,0.5654,1.2625,0.13012,0.26741,0.76421,5.51871e-05,5.51871e-05,5.51871e-05
579,5006.2,0.6241,0.37479,0.09272,0.20988,0.60892,0.99842,1,0.995,0.89182,0.96457,0.9661,0.95567,0.76997,0.57259,1.2316,0.12867,0.26852,0.77058,5.47629e-05,5.47629e-05,5.47629e-05
580,5017.99,0.55299,0.509,0.10584,0.20024,0.65417,0.99878,1,0.995,0.89052,0.96493,0.9661,0.95613,0.77498,0.58268,1.22764,0.12853,0.2682,0.77374,5.43386e-05,5.43386e-05,5.43386e-05
581,5022.98,0.52255,0.41216,0.10179,0.19494,0.64758,0.9989,1,0.995,0.89459,0.96504,0.9661,0.95608,0.78812,0.57339,1.19598,0.12895,0.26603,0.7566,5.39143e-05,5.39143e-05,5.39143e-05
582,5031.19,0.54041,0.38235,0.09372,0.1949,0.66572,0.99893,1,0.995,0.89205,0.96507,0.9661,0.95417,0.7848,0.57574,1.21526,0.12936,0.2691,0.76978,5.349e-05,5.349e-05,5.349e-05
583,5042.99,0.49937,0.43757,0.10695,0.18752,0.6479,0.99837,1,0.995,0.88171,0.96453,0.9661,0.95373,0.78994,0.58323,1.21083,0.12942,0.27542,0.78067,5.30657e-05,5.30657e-05,5.30657e-05
584,5050.31,0.50353,0.38436,0.09801,0.18702,0.64779,0.99815,1,0.995,0.88394,0.96432,0.9661,0.95368,0.79031,0.57806,1.19076,0.12991,0.27456,0.7808,5.26414e-05,5.26414e-05,5.26414e-05
585,5057,0.49978,0.44412,0.10149,0.19015,0.63098,0.99775,1,0.995,0.88212,0.96384,0.9661,0.95368,0.77806,0.57891,1.22197,0.13066,0.2751,0.78781,5.22171e-05,5.22171e-05,5.22171e-05
586,5070.1,0.51857,0.35648,0.09986,0.1954,0.63449,1,0.99804,0.995,0.88561,0.96605,0.96457,0.95449,0.78649,0.57381,1.21255,0.13123,0.27716,0.7795,5.17929e-05,5.17929e-05,5.17929e-05
587,5080.09,0.50016,0.41599,0.09674,0.18916,0.62706,0.99937,1,0.995,0.88324,0.96504,0.9661,0.95507,0.76967,0.59227,1.29884,0.1312,0.28064,0.80763,5.13686e-05,5.13686e-05,5.13686e-05
588,5084.36,0.54848,0.39866,0.10121,0.19473,0.63754,1,0.99933,0.995,0.88814,0.96609,0.96572,0.95466,0.77392,0.57797,1.25687,0.13111,0.27967,0.78003,5.09443e-05,5.09443e-05,5.09443e-05
589,5093.86,0.56473,0.4314,0.0988,0.19865,0.63495,1,0.99568,0.995,0.89267,0.96599,0.96278,0.95507,0.77092,0.57039,1.24461,0.13118,0.27536,0.76694,5.052e-05,5.052e-05,5.052e-05
590,5106.18,0.50068,0.35624,0.10002,0.18556,0.6444,1,0.99489,0.995,0.89076,0.96595,0.9617,0.95578,0.78003,0.57282,1.22374,0.13062,0.27303,0.7709,5.00957e-05,5.00957e-05,5.00957e-05
591,5112.49,0.44069,0.31858,0.09133,0.1737,0.64722,0.99804,1,0.995,0.89027,0.96407,0.9661,0.95578,0.7728,0.58014,1.23283,0.12927,0.27045,0.78461,4.96714e-05,4.96714e-05,4.96714e-05
592,5118.89,0.48639,0.40439,0.11657,0.1861,0.64624,0.99836,1,0.995,0.89044,0.96447,0.9661,0.95695,0.77771,0.58625,1.25268,0.12865,0.27361,0.79554,4.92471e-05,4.92471e-05,4.92471e-05
593,5133.18,0.48892,0.33909,0.10222,0.18307,0.6441,0.99802,1,0.995,0.89234,0.96402,0.9661,0.95695,0.78532,0.58305,1.20958,0.12854,0.27199,0.79152,4.88229e-05,4.88229e-05,4.88229e-05
594,5142.7,0.51798,0.5242,0.09712,0.19547,0.62726,0.9822,1,0.99483,0.88817,0.96578,0.95667,0.95695,0.78145,0.58784,1.225,0.12875,0.2767,0.80308,4.83986e-05,4.83986e-05,4.83986e-05
595,5147.32,0.50475,0.38663,0.10238,0.18768,0.652,0.98235,1,0.99483,0.88835,0.94882,0.94276,0.93717,0.79457,0.57697,1.18529,0.12923,0.27519,0.78232,4.79743e-05,4.79743e-05,4.79743e-05
596,5156.39,0.50273,0.46425,0.10322,0.19286,0.6436,0.98235,1,0.99483,0.88718,0.9488,0.94243,0.93663,0.77629,0.58709,1.21819,0.12943,0.27867,0.79993,4.755e-05,4.755e-05,4.755e-05
597,5167.69,0.45319,0.31735,0.09968,0.174,0.67338,0.98234,1,0.99483,0.88541,0.94914,0.94885,0.93615,0.77986,0.58264,1.20053,0.12987,0.27685,0.79201,4.71257e-05,4.71257e-05,4.71257e-05
598,5175.32,0.49216,0.44863,0.09923,0.18391,0.64413,0.98234,1,0.99483,0.88824,0.94912,0.9486,0.93568,0.78397,0.57088,1.18044,0.1296,0.27274,0.77262,4.67014e-05,4.67014e-05,4.67014e-05
599,5179.99,0.55378,0.43068,0.10163,0.18831,0.62967,0.98219,1,0.99483,0.88822,0.94895,0.94526,0.93504,0.77169,0.57704,1.21908,0.12995,0.27358,0.78024,4.62771e-05,4.62771e-05,4.62771e-05
600,5191.99,0.4603,0.33969,0.09931,0.17784,0.66277,0.99924,1,0.995,0.8883,0.94831,0.94915,0.93535,0.76647,0.57906,1.23356,0.12997,0.27073,0.78884,4.58529e-05,4.58529e-05,4.58529e-05
601,5199.36,0.51398,0.44755,0.09645,0.1873,0.63952,0.99876,1,0.995,0.88863,0.96487,0.9661,0.95555,0.77316,0.57693,1.21542,0.12984,0.26607,0.79014,4.54286e-05,4.54286e-05,4.54286e-05
602,5203.89,0.50153,0.42845,0.10143,0.18938,0.65201,0.99869,1,0.995,0.89166,0.9648,0.9661,0.95573,0.78656,0.57085,1.16489,0.12966,0.26371,0.77955,4.50043e-05,4.50043e-05,4.50043e-05
603,5213.49,0.58049,0.35553,0.09895,0.19589,0.63655,0.99824,1,0.995,0.88832,0.96441,0.9661,0.9544,0.77501,0.57824,1.19239,0.12987,0.26759,0.78341,4.458e-05,4.458e-05,4.458e-05
604,5223.59,0.52623,0.40375,0.10413,0.184,0.64084,0.99797,1,0.995,0.88848,0.96414,0.9661,0.9544,0.77541,0.57491,1.22208,0.1294,0.26309,0.78191,4.41557e-05,4.41557e-05,4.41557e-05
605,5230.46,0.55404,0.37497,0.10175,0.19147,0.63558,0.99786,1,0.995,0.88848,0.96403,0.9661,0.95476,0.77002,0.57094,1.2304,0.12908,0.2676,0.76953,4.37314e-05,4.37314e-05,4.37314e-05
606,5235.88,0.46486,0.43761,0.09941,0.18223,0.66419,0.99777,1,0.995,0.88954,0.94703,0.94915,0.93524,0.76454,0.56853,1.22278,0.12929,0.2708,0.75834,4.33071e-05,4.33071e-05,4.33071e-05
607,5247.3,0.56436,0.38408,0.10938,0.20276,0.62077,0.99754,1,0.995,0.89232,0.94682,0.94915,0.93415,0.76481,0.574,1.2145,0.1289,0.27187,0.76689,4.28829e-05,4.28829e-05,4.28829e-05
608,5254.38,0.48804,0.37589,0.09866,0.18642,0.64047,0.99728,1,0.995,0.89318,0.94651,0.94915,0.93364,0.76221,0.57164,1.21056,0.129,0.27321,0.76695,4.24586e-05,4.24586e-05,4.24586e-05
609,5260.58,0.54525,0.42084,0.10096,0.19269,0.63568,0.98595,1,0.995,0.88946,0.93553,0.94915,0.93278,0.76401,0.56865,1.2043,0.12941,0.26841,0.76055,4.20343e-05,4.20343e-05,4.20343e-05
610,5271.79,0.50858,0.36048,0.10176,0.19184,0.6457,0.98241,1,0.995,0.89286,0.93244,0.94915,0.93184,0.76561,0.56416,1.19017,0.12998,0.27144,0.75382,4.161e-05,4.161e-05,4.161e-05
611,5282.69,0.53051,0.4675,0.09595,0.19,0.62166,0.99861,1,0.995,0.89313,0.96476,0.9661,0.95172,0.76113,0.57231,1.1795,0.13017,0.27153,0.76281,4.11857e-05,4.11857e-05,4.11857e-05
612,5288.3,0.51901,0.3008,0.10106,0.18197,0.66147,0.99899,1,0.995,0.8947,0.9651,0.9661,0.95172,0.7651,0.57087,1.15251,0.1302,0.27057,0.75988,4.07614e-05,4.07614e-05,4.07614e-05
613,5295.99,0.49695,0.5374,0.11632,0.19035,0.67279,0.99898,1,0.995,0.8946,0.9651,0.9661,0.95226,0.77357,0.57163,1.13561,0.12976,0.26407,0.76376,4.03371e-05,4.03371e-05,4.03371e-05
614,5307.49,0.47061,0.40131,0.09832,0.17708,0.65274,0.99897,1,0.995,0.89462,0.96511,0.9661,0.95263,0.77493,0.57028,1.13029,0.12937,0.26457,0.76268,3.99129e-05,3.99129e-05,3.99129e-05
615,5317.25,0.4906,0.43877,0.09793,0.18256,0.64069,0.99899,1,0.995,0.89358,0.96513,0.9661,0.95355,0.7835,0.56542,1.11139,0.12936,0.26288,0.75802,3.94886e-05,3.94886e-05,3.94886e-05
616,5321.83,0.53834,0.37796,0.10021,0.19765,0.62066,0.99901,1,0.995,0.88972,0.96514,0.9661,0.95452,0.77373,0.57436,1.15537,0.12889,0.27094,0.77652,3.90643e-05,3.90643e-05,3.90643e-05
617,5331.38,0.50511,0.45366,0.09924,0.18483,0.64957,0.99901,1,0.995,0.89171,0.96515,0.9661,0.95485,0.77049,0.57226,1.17234,0.12913,0.27393,0.78162,3.864e-05,3.864e-05,3.864e-05
618,5343.39,0.54752,0.37842,0.09807,0.19525,0.64436,0.99899,1,0.995,0.89272,0.96513,0.9661,0.95485,0.7652,0.57485,1.18516,0.12892,0.26978,0.78884,3.82157e-05,3.82157e-05,3.82157e-05
619,5349.75,0.5071,0.36689,0.1005,0.18421,0.65535,0.99896,1,0.995,0.89367,0.96509,0.9661,0.95432,0.76212,0.58625,1.201,0.12912,0.27155,0.79898,3.77914e-05,3.77914e-05,3.77914e-05
620,5352.26,0.46925,0.41872,0.10044,0.18229,0.66524,0.99889,1,0.995,0.89248,0.96503,0.9661,0.95398,0.76737,0.58328,1.18813,0.12903,0.2724,0.78616,3.73671e-05,3.73671e-05,3.73671e-05
621,5354.68,0.54414,0.38693,0.10432,0.19639,0.62917,0.99887,1,0.995,0.89244,0.96501,0.9661,0.95327,0.76045,0.58363,1.20396,0.12894,0.27726,0.789,3.69429e-05,3.69429e-05,3.69429e-05
622,5357.12,0.5635,0.36122,0.09682,0.19638,0.6265,0.99892,1,0.995,0.89243,0.96505,0.9661,0.95398,0.75715,0.58544,1.2022,0.12911,0.27356,0.79208,3.65186e-05,3.65186e-05,3.65186e-05
623,5359.54,0.5873,0.39199,0.10028,0.20296,0.62349,0.99847,1,0.995,0.89443,0.96463,0.9661,0.9544,0.7729,0.56715,1.14268,0.12952,0.26773,0.75765,3.60943e-05,3.60943e-05,3.60943e-05
624,5361.96,0.51992,0.40519,0.09822,0.18636,0.62202,0.99843,1,0.995,0.89442,0.9645,0.9661,0.95327,0.76045,0.57656,1.18813,0.12987,0.27147,0.76766,3.567e-05,3.567e-05,3.567e-05
625,5364.33,0.56743,0.30271,0.09455,0.1966,0.62537,1,0.99845,0.995,0.89536,0.96605,0.96471,0.95362,0.76834,0.57966,1.1873,0.13029,0.27408,0.77671,3.52457e-05,3.52457e-05,3.52457e-05
626,5366.85,0.51749,0.29993,0.09528,0.18225,0.6466,1,0.99568,0.995,0.89385,0.96596,0.96192,0.95362,0.77503,0.57666,1.16821,0.1304,0.27525,0.77924,3.48214e-05,3.48214e-05,3.48214e-05
627,5369.27,0.47012,0.30188,0.09687,0.18118,0.6525,0.98245,1,0.99483,0.89363,0.96224,0.9661,0.95273,0.76696,0.58028,1.2022,0.13045,0.27878,0.78099,3.43971e-05,3.43971e-05,3.43971e-05
628,5371.78,0.4987,0.49274,0.10956,0.19047,0.64291,0.98252,1,0.99483,0.89221,0.96224,0.9661,0.95397,0.77671,0.57046,1.17174,0.13038,0.2754,0.76129,3.39729e-05,3.39729e-05,3.39729e-05
629,5374.3,0.56,0.29306,0.09783,0.19784,0.63076,0.98241,1,0.99483,0.89486,0.96134,0.9661,0.95363,0.78684,0.56581,1.14931,0.12999,0.27211,0.76006,3.35486e-05,3.35486e-05,3.35486e-05
630,5376.74,0.49039,0.36353,0.11514,0.18423,0.66485,0.98235,1,0.99483,0.8917,0.95791,0.9661,0.95258,0.77845,0.57331,1.1748,0.12974,0.27401,0.77606,3.31243e-05,3.31243e-05,3.31243e-05
631,5379.25,0.52428,0.45592,0.09333,0.18763,0.64981,0.98232,1,0.99483,0.89454,0.94958,0.9661,0.95207,0.78502,0.566,1.15468,0.12984,0.27508,0.76063,3.27e-05,3.27e-05,3.27e-05
632,5381.93,0.5842,0.48467,0.11258,0.20371,0.61445,0.98272,1,0.995,0.89361,0.94941,0.9661,0.95226,0.77947,0.56958,1.17239,0.12994,0.27723,0.76439,3.22757e-05,3.22757e-05,3.22757e-05
633,5384.42,0.55714,0.35157,0.10236,0.19401,0.62781,0.98986,1,0.995,0.89511,0.95631,0.9661,0.95263,0.77096,0.57933,1.20319,0.13042,0.27586,0.78025,3.18514e-05,3.18514e-05,3.18514e-05
634,5386.92,0.47956,0.35604,0.09986,0.18255,0.64368,0.99467,1,0.995,0.89654,0.96096,0.9661,0.95263,0.7737,0.57436,1.18595,0.13069,0.27465,0.77018,3.14271e-05,3.14271e-05,3.14271e-05
635,5389.34,0.52026,0.4084,0.09707,0.18775,0.63471,0.9967,1,0.995,0.89645,0.96292,0.9661,0.95355,0.7668,0.5741,1.20241,0.13093,0.27451,0.76972,3.10029e-05,3.10029e-05,3.10029e-05
636,5391.85,0.51449,0.458,0.10879,0.18682,0.638,0.99671,1,0.995,0.89617,0.96292,0.9661,0.95355,0.76623,0.57921,1.22545,0.13066,0.27622,0.78279,3.05786e-05,3.05786e-05,3.05786e-05
637,5394.3,0.51092,0.31403,0.10064,0.18254,0.63495,0.99626,1,0.995,0.8939,0.96238,0.9661,0.95355,0.77152,0.58074,1.20811,0.13036,0.27567,0.78553,3.01543e-05,3.01543e-05,3.01543e-05
638,5396.74,0.49347,0.28691,0.10011,0.18334,0.64712,0.99732,1,0.995,0.8939,0.96335,0.9661,0.953,0.78103,0.5835,1.1859,0.13045,0.27762,0.78534,2.973e-05,2.973e-05,2.973e-05
639,5399.31,0.52293,0.36629,0.10408,0.18586,0.6325,0.98333,1,0.99483,0.8926,0.96599,0.96272,0.95226,0.77043,0.58456,1.19895,0.13069,0.28089,0.78363,2.93057e-05,2.93057e-05,2.93057e-05
640,5401.75,0.44676,0.37387,0.09898,0.17833,0.66433,0.98333,1,0.99483,0.89231,0.96072,0.9661,0.95226,0.77043,0.57659,1.18553,0.13062,0.27976,0.77219,2.88814e-05,2.88814e-05,2.88814e-05
641,5404.19,0.54335,0.36703,0.10196,0.19251,0.64555,0.98235,1,0.99483,0.89096,0.95462,0.9661,0.95207,0.77249,0.57772,1.18874,0.13055,0.28201,0.77197,2.84571e-05,2.84571e-05,2.84571e-05
642,5406.66,0.53764,0.39211,0.09651,0.18935,0.61902,0.98232,1,0.99483,0.88949,0.94972,0.9661,0.95226,0.7645,0.5798,1.19821,0.13046,0.28212,0.76862,2.80329e-05,2.80329e-05,2.80329e-05
643,5409.14,0.52432,0.46356,0.10316,0.18476,0.65139,0.98333,1,0.995,0.89301,0.95,0.9661,0.95226,0.77063,0.57603,1.18557,0.13033,0.27808,0.76529,2.76086e-05,2.76086e-05,2.76086e-05
644,5411.58,0.54832,0.38305,0.10467,0.18925,0.62126,0.98282,1,0.995,0.89445,0.94949,0.9661,0.95207,0.78037,0.58096,1.19047,0.13025,0.27696,0.77332,2.71843e-05,2.71843e-05,2.71843e-05
645,5414.06,0.45554,0.42918,0.10547,0.18514,0.63339,0.98306,1,0.995,0.89363,0.94978,0.9661,0.95309,0.77666,0.59121,1.23298,0.13031,0.27824,0.78678,2.676e-05,2.676e-05,2.676e-05
646,5416.52,0.47359,0.30123,0.10137,0.17877,0.64799,0.98416,1,0.995,0.89382,0.95176,0.9661,0.95309,0.77893,0.5899,1.2223,0.13037,0.27494,0.78499,2.63357e-05,2.63357e-05,2.63357e-05
647,5419.01,0.53605,0.48268,0.10513,0.18796,0.62992,0.98707,1,0.995,0.89176,0.95361,0.9661,0.95273,0.78125,0.58071,1.19316,0.13036,0.27179,0.76993,2.59114e-05,2.59114e-05,2.59114e-05
648,5421.72,0.51202,0.41834,0.0951,0.18901,0.63543,0.99023,1,0.995,0.89626,0.95666,0.9661,0.95273,0.7818,0.57269,1.19469,0.1304,0.26993,0.76181,2.54871e-05,2.54871e-05,2.54871e-05
649,5424.22,0.48396,0.36627,0.10128,0.18356,0.65163,0.99282,1,0.995,0.8948,0.95976,0.9661,0.95309,0.77793,0.57103,1.21342,0.13074,0.27,0.76589,2.50629e-05,2.50629e-05,2.50629e-05
650,5426.67,0.52691,0.38099,0.1,0.18663,0.65416,0.99494,1,0.995,0.89345,0.96121,0.9661,0.95238,0.77815,0.57195,1.2218,0.13071,0.27297,0.76976,2.46386e-05,2.46386e-05,2.46386e-05
651,5429.12,0.44838,0.3528,0.10044,0.17184,0.6473,0.9982,1,0.995,0.8965,0.96436,0.9661,0.95134,0.77481,0.56973,1.21732,0.13065,0.26924,0.76522,2.42143e-05,2.42143e-05,2.42143e-05
652,5431.56,0.50285,0.34154,0.09846,0.17866,0.64305,0.99889,1,0.995,0.89791,0.96503,0.9661,0.95084,0.77298,0.5659,1.19716,0.13005,0.26327,0.75929,2.379e-05,2.379e-05,2.379e-05
653,5434.07,0.49737,0.38369,0.0964,0.18079,0.63095,0.99893,1,0.995,0.8963,0.96506,0.9661,0.95084,0.7827,0.56452,1.17424,0.12996,0.26182,0.75925,2.33657e-05,2.33657e-05,2.33657e-05
654,5436.57,0.48393,0.30435,0.10146,0.17853,0.62985,0.99894,1,0.995,0.89827,0.96508,0.9661,0.95084,0.78032,0.56989,1.18543,0.12939,0.26177,0.76756,2.29414e-05,2.29414e-05,2.29414e-05
655,5439.09,0.44566,0.40517,0.10273,0.16885,0.67287,0.99891,1,0.995,0.89617,0.94841,0.94915,0.93147,0.78037,0.57384,1.19171,0.12901,0.26573,0.7767,2.25171e-05,2.25171e-05,2.25171e-05
656,5441.53,0.49005,0.38537,0.09459,0.18466,0.64217,0.99883,1,0.995,0.89623,0.94843,0.94915,0.93199,0.78612,0.57433,1.18393,0.12893,0.26905,0.77755,2.20929e-05,2.20929e-05,2.20929e-05
657,5443.99,0.56803,0.43515,0.11191,0.19194,0.63271,0.99874,1,0.995,0.8947,0.96488,0.9661,0.9517,0.78467,0.5774,1.18578,0.12924,0.27513,0.78003,2.16686e-05,2.16686e-05,2.16686e-05
658,5446.49,0.51892,0.3376,0.09895,0.18674,0.64122,0.99856,1,0.995,0.89556,0.96471,0.9661,0.9517,0.78343,0.57797,1.18946,0.12963,0.27661,0.77946,2.12443e-05,2.12443e-05,2.12443e-05
659,5448.96,0.57374,0.37093,0.10341,0.19374,0.62896,0.99705,1,0.995,0.89349,0.96325,0.9661,0.95133,0.78551,0.57329,1.19374,0.12989,0.27493,0.77129,2.082e-05,2.082e-05,2.082e-05
660,5451.42,0.50104,0.38668,0.09988,0.18198,0.65081,0.99339,1,0.995,0.8923,0.95972,0.9661,0.95115,0.78012,0.57166,1.2082,0.13022,0.27462,0.76663,2.03957e-05,2.03957e-05,2.03957e-05
661,5453.93,0.49016,0.38429,0.09919,0.17747,0.63743,0.99086,1,0.995,0.89334,0.95727,0.9661,0.95115,0.78147,0.56972,1.19365,0.13044,0.27506,0.76036,1.99714e-05,1.99714e-05,1.99714e-05
662,5456.46,0.55608,0.47832,0.10669,0.20088,0.62015,0.98982,1,0.995,0.89461,0.95626,0.9661,0.95115,0.78618,0.56712,1.17459,0.13069,0.27456,0.75701,1.95471e-05,1.95471e-05,1.95471e-05
663,5459.01,0.53654,0.37248,0.1055,0.18619,0.64694,0.99451,1,0.995,0.89401,0.9608,0.9661,0.95133,0.78962,0.56863,1.16582,0.13081,0.27479,0.75886,1.91229e-05,1.91229e-05,1.91229e-05
664,5461.52,0.48576,0.41088,0.10315,0.18312,0.64161,0.99727,1,0.995,0.89394,0.96341,0.9661,0.95097,0.78561,0.56535,1.15193,0.13089,0.27234,0.75353,1.86986e-05,1.86986e-05,1.86986e-05
665,5464,0.49012,0.27919,0.10257,0.17475,0.67225,0.99817,1,0.995,0.89442,0.96433,0.9661,0.95078,0.78725,0.56141,1.14756,0.13089,0.26696,0.74814,1.82743e-05,1.82743e-05,1.82743e-05
666,5466.5,0.51636,0.3009,0.09629,0.18124,0.61935,0.99851,1,0.995,0.89595,0.96466,0.9661,0.95078,0.78535,0.56227,1.15083,0.13086,0.26575,0.75054,1.785e-05,1.785e-05,1.785e-05
667,5468.95,0.53509,0.4748,0.10227,0.18858,0.63003,0.99867,1,0.995,0.89637,0.96482,0.9661,0.95026,0.78726,0.56317,1.12999,0.1308,0.26628,0.75702,1.74257e-05,1.74257e-05,1.74257e-05
668,5471.44,0.5216,0.42285,0.10853,0.1875,0.61128,0.99878,1,0.995,0.89455,0.96492,0.9661,0.95078,0.79186,0.56332,1.11812,0.13115,0.26514,0.75721,1.70014e-05,1.70014e-05,1.70014e-05
669,5473.98,0.48218,0.30958,0.10298,0.18282,0.63659,0.99881,1,0.995,0.89412,0.96495,0.9661,0.95026,0.78932,0.56299,1.12829,0.13112,0.2668,0.75445,1.65771e-05,1.65771e-05,1.65771e-05
670,5476.49,0.46781,0.38949,0.0972,0.17088,0.64144,0.99883,1,0.995,0.89472,0.96497,0.9661,0.95026,0.7901,0.56187,1.13363,0.13125,0.26971,0.75095,1.61529e-05,1.61529e-05,1.61529e-05
671,5479.03,0.46911,0.34752,0.10504,0.18582,0.64194,0.99887,1,0.995,0.89331,0.96501,0.9661,0.95026,0.78619,0.56095,1.14523,0.13115,0.26836,0.75043,1.57286e-05,1.57286e-05,1.57286e-05
672,5481.71,0.4525,0.49422,0.10744,0.17185,0.65645,0.99891,1,0.995,0.89333,0.96504,0.9661,0.95026,0.78465,0.5622,1.15304,0.13097,0.26816,0.75196,1.53043e-05,1.53043e-05,1.53043e-05
673,5484.2,0.5493,0.34261,0.09208,0.18646,0.63585,0.99889,1,0.995,0.89271,0.96503,0.9661,0.95078,0.78348,0.56337,1.1572,0.13075,0.26793,0.75119,1.488e-05,1.488e-05,1.488e-05
674,5486.74,0.40922,0.34394,0.09967,0.16707,0.66256,0.99886,1,0.995,0.89293,0.965,0.9661,0.95115,0.78478,0.56082,1.15773,0.13076,0.26687,0.7469,1.44557e-05,1.44557e-05,1.44557e-05
675,5489.2,0.53423,0.46121,0.1019,0.1897,0.61992,0.99882,1,0.995,0.89323,0.96496,0.9661,0.95167,0.78064,0.56469,1.1895,0.13097,0.26706,0.75356,1.40314e-05,1.40314e-05,1.40314e-05
676,5491.61,0.55361,0.37367,0.10409,0.19308,0.63586,0.99881,1,0.995,0.89427,0.96496,0.9661,0.95167,0.77656,0.56535,1.19942,0.13113,0.26759,0.75902,1.36071e-05,1.36071e-05,1.36071e-05
677,5494.04,0.53199,0.36668,0.09977,0.19631,0.61492,0.99879,1,0.995,0.89408,0.96493,0.9661,0.95078,0.78399,0.56232,1.17945,0.13117,0.26841,0.75611,1.31829e-05,1.31829e-05,1.31829e-05
678,5496.53,0.54943,0.35426,0.09901,0.18914,0.60818,0.99867,1,0.995,0.89495,0.96482,0.9661,0.95078,0.78296,0.56246,1.18154,0.13137,0.2707,0.75701,1.27586e-05,1.27586e-05,1.27586e-05
679,5498.98,0.47582,0.4277,0.1025,0.17446,0.65189,0.99868,1,0.995,0.89224,0.96483,0.9661,0.95078,0.78108,0.56805,1.19997,0.13145,0.2738,0.76259,1.23343e-05,1.23343e-05,1.23343e-05
680,5501.48,0.51011,0.35361,0.09634,0.18272,0.63452,0.99874,1,0.995,0.89129,0.96488,0.9661,0.95078,0.77594,0.57374,1.21161,0.13142,0.27454,0.7697,1.191e-05,1.191e-05,1.191e-05
681,5503.9,0.51507,0.37459,0.09732,0.18054,0.63794,0.99884,1,0.995,0.89143,0.96498,0.9661,0.95167,0.7716,0.57303,1.21434,0.13109,0.27178,0.77038,1.14857e-05,1.14857e-05,1.14857e-05
682,5506.37,0.54503,0.27755,0.1019,0.18481,0.61913,0.99889,1,0.995,0.89143,0.96503,0.9661,0.95167,0.77416,0.56849,1.20905,0.13107,0.26943,0.76582,1.10614e-05,1.10614e-05,1.10614e-05
683,5508.85,0.53521,0.29187,0.10689,0.18729,0.63656,0.99892,1,0.995,0.89428,0.96506,0.9661,0.95167,0.77416,0.5687,1.21852,0.13121,0.26894,0.76888,1.06371e-05,1.06371e-05,1.06371e-05
684,5511.26,0.54601,0.33624,0.09424,0.18117,0.63724,0.99893,1,0.995,0.89414,0.96506,0.9661,0.95167,0.76977,0.57164,1.22827,0.13121,0.27046,0.77463,1.02129e-05,1.02129e-05,1.02129e-05
685,5513.77,0.50746,0.2958,0.10417,0.18111,0.64034,0.99892,1,0.995,0.89428,0.9487,0.94915,0.93233,0.76839,0.57202,1.22397,0.13125,0.26993,0.77327,9.78857e-06,9.78857e-06,9.78857e-06
686,5516.25,0.47911,0.34478,0.09633,0.17587,0.63869,0.99892,1,0.995,0.89456,0.94875,0.94915,0.93233,0.76996,0.56938,1.20835,0.13125,0.26884,0.76882,9.36429e-06,9.36429e-06,9.36429e-06
687,5518.7,0.48305,0.42828,0.10352,0.17121,0.64458,0.99893,1,0.995,0.89272,0.9488,0.94915,0.93233,0.77792,0.56529,1.18771,0.1313,0.26605,0.76196,8.94e-06,8.94e-06,8.94e-06
688,5521.13,0.57313,0.40512,0.09341,0.19052,0.6177,0.99893,1,0.995,0.89301,0.94877,0.94915,0.93233,0.77796,0.56703,1.19593,0.13142,0.26713,0.76405,8.51571e-06,8.51571e-06,8.51571e-06
689,5523.6,0.5274,0.40205,0.09771,0.18526,0.63613,0.99891,1,0.995,0.89305,0.9487,0.94915,0.93233,0.77134,0.56975,1.21196,0.13163,0.26873,0.76762,8.09143e-06,8.09143e-06,8.09143e-06
690,5526.06,0.5137,0.42647,0.09683,0.18304,0.6491,0.99891,1,0.995,0.89305,0.9487,0.94915,0.93233,0.76951,0.57136,1.21572,0.13176,0.27028,0.76965,7.66714e-06,7.66714e-06,7.66714e-06
691,5530.58,0.44767,0.42126,0.09454,0.16897,0.65262,0.9989,1,0.995,0.89305,0.96503,0.9661,0.95167,0.77807,0.56972,1.19878,0.13182,0.26956,0.76535,7.24286e-06,7.24286e-06,7.24286e-06
692,5533.05,0.5283,0.33638,0.10196,0.181,0.6188,0.99889,1,0.995,0.89292,0.96503,0.9661,0.95115,0.77962,0.5702,1.19133,0.13179,0.26965,0.76361,6.81857e-06,6.81857e-06,6.81857e-06
693,5535.52,0.51408,0.4452,0.10172,0.18457,0.62684,0.99887,1,0.995,0.89296,0.96501,0.9661,0.95115,0.78246,0.57317,1.19296,0.13168,0.26989,0.76562,6.39429e-06,6.39429e-06,6.39429e-06
694,5537.92,0.50904,0.45844,0.10049,0.17673,0.63715,0.99888,1,0.995,0.89292,0.96502,0.9661,0.95115,0.78082,0.57398,1.19866,0.13173,0.2713,0.76632,5.97e-06,5.97e-06,5.97e-06
695,5540.44,0.55869,0.35686,0.0962,0.19129,0.6174,0.99886,1,0.995,0.89177,0.965,0.9661,0.95078,0.78097,0.56985,1.19183,0.13159,0.27143,0.76071,5.54571e-06,5.54571e-06,5.54571e-06
696,5542.9,0.49357,0.37035,0.10912,0.18547,0.62876,0.99886,1,0.995,0.89173,0.965,0.9661,0.95026,0.78051,0.5676,1.18603,0.13152,0.27241,0.75945,5.12143e-06,5.12143e-06,5.12143e-06
697,5545.37,0.43974,0.3128,0.09289,0.17111,0.64774,0.99889,1,0.995,0.89392,0.965,0.9661,0.95026,0.77847,0.56686,1.1833,0.13159,0.27497,0.75943,4.69714e-06,4.69714e-06,4.69714e-06
698,5547.86,0.49302,0.32005,0.09771,0.17454,0.63528,0.99887,1,0.995,0.89363,0.96501,0.9661,0.95026,0.77851,0.568,1.18703,0.13136,0.27636,0.76082,4.27286e-06,4.27286e-06,4.27286e-06
699,5550.35,0.51913,0.31684,0.1044,0.18366,0.63618,0.99886,1,0.995,0.89356,0.965,0.9661,0.95026,0.77851,0.56955,1.18096,0.13151,0.27589,0.76076,3.84857e-06,3.84857e-06,3.84857e-06
700,5552.73,0.53596,0.39709,0.10448,0.18611,0.63087,0.99886,1,0.995,0.89363,0.965,0.9661,0.95026,0.77846,0.57011,1.18175,0.1316,0.2762,0.76115,3.42429e-06,3.42429e-06,3.42429e-06
