epoch,time,train/box_loss,train/pose_loss,train/kobj_loss,train/cls_loss,train/dfl_loss,metrics/precision(B),metrics/recall(B),metrics/mAP50(B),metrics/mAP50-95(B),metrics/precision(P),metrics/recall(P),metrics/mAP50(P),metrics/mAP50-95(P),val/box_loss,val/pose_loss,val/kobj_loss,val/cls_loss,val/dfl_loss,lr/pg0,lr/pg1,lr/pg2
1,18.3493,1.99121,11.7392,0.52218,1.06609,2.52934,0.61792,0.65313,0.70962,0.3094,0,0,0,0,1.82303,11.3595,0.41867,3.29696,2.4775,9.62963e-05,9.62963e-05,0.0679975
2,22.1354,1.58469,11.5758,0.36082,0.92293,1.74691,0.81784,0.86341,0.87123,0.50551,0,0,0,0,1.7584,10.9533,0.46529,1.08418,2.22348,0.000196019,0.000196019,0.0347639
3,25.8283,1.59902,10.8596,0.45912,0.80703,1.68692,0.83657,0.84615,0.88881,0.58204,0,0,0,0,1.70777,10.6052,0.58347,1.04336,2.07057,0.000295458,0.000295458,0.00153003
4,29.2661,1.46614,10.2639,0.45419,0.76424,1.68617,0.85357,0.89686,0.91616,0.57109,0,0,0,0,1.60491,10.2547,0.49805,1.01325,2.02046,0.000298727,0.000298727,0.000298727
5,32.3186,1.46062,10.0929,0.41329,0.73533,1.6255,0.91769,0.85772,0.92838,0.58623,0,0,0,0,1.53743,10.3585,0.45241,0.95238,2.06542,0.000298303,0.000298303,0.000298303
6,35.7606,1.33705,9.98925,0.38025,0.69586,1.6554,0.89889,0.85491,0.9383,0.61244,0,0,0,0,1.43322,10.184,0.42769,0.94756,1.95894,0.000297879,0.000297879,0.000297879
7,39.2388,1.25435,9.92382,0.3619,0.67957,1.47662,0.93806,0.82692,0.94932,0.62926,0,0,0,0,1.38672,9.93356,0.39779,0.93969,1.86677,0.000297454,0.000297454,0.000297454
8,42.8905,1.26565,9.64765,0.37188,0.64096,1.45071,0.97918,0.80769,0.94569,0.69803,0,0,0,0,1.29511,9.66831,0.38998,0.89653,1.72324,0.00029703,0.00029703,0.00029703
9,46.524,1.20615,9.37421,0.37613,0.64135,1.40053,0.90629,0.82692,0.94338,0.66006,0,0,0,0,1.39415,9.29409,0.41511,0.8971,1.76822,0.000296606,0.000296606,0.000296606
10,49.5573,1.22256,9.1368,0.36917,0.64297,1.37738,0.85027,0.87371,0.94321,0.67663,0,0,0,0,1.26106,9.15672,0.40853,0.81409,1.67322,0.000296181,0.000296181,0.000296181
11,52.6197,1.14508,9.0325,0.34879,0.57704,1.37347,0.90477,0.86538,0.94886,0.64591,0,0,0,0,1.35833,9.24119,0.3776,0.84343,1.8067,0.000295757,0.000295757,0.000295757
12,55.7028,1.07641,8.83143,0.33933,0.56345,1.32272,1,0.80254,0.94599,0.64874,0,0,0,0,1.3998,9.16938,0.35053,0.85198,1.78065,0.000295333,0.000295333,0.000295333
13,58.7703,1.13023,8.77564,0.33665,0.59036,1.27944,0.93247,0.7967,0.91568,0.6603,0,0,0,0,1.45647,8.84737,0.33886,0.84831,1.85949,0.000294909,0.000294909,0.000294909
14,61.7835,1.04632,8.57078,0.33895,0.54145,1.26112,0.86612,0.88462,0.92458,0.67559,0,0,0,0,1.40362,8.76711,0.33404,0.77647,1.8169,0.000294484,0.000294484,0.000294484
15,64.9171,1.03718,8.28953,0.34018,0.54054,1.24882,0.95223,0.76666,0.9101,0.69209,0,0,0,0,1.36335,8.50861,0.33178,0.85765,1.72609,0.00029406,0.00029406,0.00029406
16,68.109,1.07971,8.04047,0.34063,0.5507,1.24935,0.95128,0.76923,0.91967,0.69578,0,0,0,0,1.25961,8.2071,0.3332,0.86027,1.59763,0.000293636,0.000293636,0.000293636
17,71.1415,1.04653,7.82698,0.33846,0.52115,1.24875,0.89735,0.84061,0.93298,0.70804,0,0,0,0,1.28968,8.1426,0.32515,0.77549,1.58318,0.000293211,0.000293211,0.000293211
18,74.5898,1.00312,7.68259,0.33125,0.52187,1.2265,0.93514,0.88462,0.95548,0.7045,0,0,0,0,1.23214,8.00891,0.3223,0.73014,1.53353,0.000292787,0.000292787,0.000292787
19,77.6468,1.02574,7.48392,0.32796,0.49631,1.15671,0.9354,0.86538,0.94266,0.72276,0.10597,0.03846,0.00633,0.00063,1.15279,7.9257,0.3193,0.74787,1.47447,0.000292363,0.000292363,0.000292363
20,81.1287,1.07037,7.28372,0.32201,0.49904,1.19444,0.91782,0.88462,0.94107,0.68547,0.14876,0.09615,0.01532,0.00153,1.2631,8.0608,0.32257,0.75552,1.64031,0.000291939,0.000291939,0.000291939
21,84.201,1.07057,7.31721,0.32337,0.49055,1.22003,0.95675,0.84615,0.9478,0.71736,0.35647,0.21154,0.08936,0.0117,1.2645,7.62409,0.3123,0.83444,1.59674,0.000291514,0.000291514,0.000291514
22,87.8501,1.06733,7.07195,0.3213,0.51174,1.19118,0.87782,0.90385,0.9373,0.68672,0.2116,0.15385,0.05103,0.0065,1.30061,7.68887,0.30825,0.88257,1.65193,0.00029109,0.00029109,0.00029109
23,90.9596,0.93113,6.86791,0.30875,0.45425,1.16463,0.8879,0.91397,0.95411,0.72078,0.54579,0.30769,0.26255,0.02814,1.20538,7.47708,0.30403,0.7892,1.55415,0.000290666,0.000290666,0.000290666
24,94.3993,0.96939,6.78899,0.30913,0.45408,1.12664,0.88509,0.96154,0.95047,0.70774,0.7406,0.42308,0.43183,0.05142,1.21185,7.3836,0.30457,0.79488,1.5267,0.000290241,0.000290241,0.000290241
25,97.8706,0.97416,6.7448,0.31013,0.43308,1.1092,0.96018,0.92748,0.96136,0.73687,0.73988,0.5,0.46568,0.06714,1.21214,7.42598,0.29877,0.79923,1.50757,0.000289817,0.000289817,0.000289817
26,101.401,0.93837,6.58303,0.30346,0.43705,1.15285,0.91717,0.92308,0.96083,0.72351,0.60775,0.42308,0.29925,0.04411,1.2117,7.44584,0.29498,0.7748,1.54889,0.000289393,0.000289393,0.000289393
27,104.463,0.98151,6.6459,0.29836,0.44939,1.09911,0.90327,0.92308,0.96046,0.73917,0.43777,0.30769,0.14698,0.02164,1.14333,7.27212,0.28891,0.70429,1.45173,0.000288969,0.000288969,0.000288969
28,107.495,0.94056,6.41162,0.30024,0.43345,1.12321,0.94107,0.92131,0.95128,0.73407,0.59302,0.39243,0.27893,0.03207,1.23168,7.2089,0.2883,0.70617,1.57562,0.000288544,0.000288544,0.000288544
29,110.595,0.90199,6.29028,0.29079,0.42482,1.05899,0.87087,0.90789,0.95205,0.7346,0.706,0.48077,0.39268,0.05067,1.16773,7.12783,0.28731,0.67193,1.498,0.00028812,0.00028812,0.00028812
30,113.598,0.87927,6.25982,0.29672,0.4187,1.07047,0.94444,0.86538,0.93789,0.72853,0.81455,0.55769,0.51614,0.07854,1.13032,7.09894,0.28889,0.8088,1.39403,0.000287696,0.000287696,0.000287696
31,117.034,0.9867,6.17461,0.2919,0.4417,1.0714,0.97772,0.84376,0.95665,0.71733,0.61615,0.44231,0.32082,0.0481,1.18464,7.01844,0.28657,0.73187,1.54777,0.000287271,0.000287271,0.000287271
32,120.042,0.90868,6.04295,0.30981,0.43759,1.0885,0.97575,0.84615,0.96301,0.73008,0.83676,0.57692,0.54392,0.09073,1.13866,6.92104,0.2865,0.69044,1.46812,0.000286847,0.000286847,0.000286847
33,123.517,0.9216,5.98501,0.29258,0.43023,1.0827,0.93474,0.82637,0.94981,0.76034,0.87684,0.63462,0.63204,0.15039,1.10322,6.70762,0.29121,0.68348,1.38736,0.000286423,0.000286423,0.000286423
34,126.952,0.93714,5.88214,0.29836,0.42191,1.08094,0.82554,0.84615,0.91482,0.74254,0.91021,0.58497,0.62524,0.15294,1.18125,6.78574,0.29274,0.82992,1.4817,0.000285999,0.000285999,0.000285999
35,130.022,0.91839,5.76906,0.30152,0.42538,1.07105,0.88063,0.88462,0.9216,0.73131,0.98482,0.63462,0.635,0.1654,1.22475,6.68354,0.29226,0.83058,1.5934,0.000285574,0.000285574,0.000285574
36,133.161,0.90571,5.64912,0.28709,0.41063,1.05324,0.91554,0.83393,0.9382,0.73842,0.92029,0.66616,0.67231,0.20547,1.12913,6.47948,0.29688,0.75201,1.46236,0.00028515,0.00028515,0.00028515
37,136.716,0.93531,5.86434,0.29551,0.42889,1.1239,0.89014,0.88462,0.95434,0.7567,0.91608,0.67308,0.67284,0.20917,1.13649,6.33574,0.29308,0.72062,1.4055,0.000284726,0.000284726,0.000284726
38,140.231,0.86466,5.71215,0.2969,0.40735,1.09289,0.93162,0.82692,0.91072,0.73587,0.8351,0.51923,0.52523,0.10595,1.12963,6.58085,0.28985,0.73971,1.40365,0.000284301,0.000284301,0.000284301
39,143.337,0.89143,5.5489,0.28787,0.42968,1.06545,0.85642,0.88462,0.92995,0.71181,0.89263,0.61538,0.61323,0.11493,1.15381,6.64696,0.28558,0.7435,1.44585,0.000283877,0.000283877,0.000283877
40,146.419,0.8679,5.46343,0.27948,0.40342,1.08906,0.95439,0.82692,0.93667,0.71577,0.92108,0.63462,0.66168,0.18168,1.09791,6.47985,0.28966,0.6716,1.41163,0.000283453,0.000283453,0.000283453
41,149.495,0.86531,5.49146,0.28755,0.41101,1.0639,0.92234,0.90385,0.9514,0.69916,0.87404,0.53388,0.54315,0.13195,1.14363,6.48629,0.27996,0.63087,1.4886,0.000283029,0.000283029,0.000283029
42,152.612,0.89545,5.34516,0.28694,0.40089,1.02807,0.93636,0.92308,0.95156,0.73237,0.939,0.63462,0.64967,0.22561,1.05137,6.36216,0.27613,0.67805,1.33706,0.000282604,0.000282604,0.000282604
43,155.794,0.88633,5.27912,0.28164,0.39807,0.95221,0.97671,0.88462,0.96359,0.72793,0.91476,0.61922,0.64831,0.1974,1.09813,6.41768,0.27215,0.68138,1.34005,0.00028218,0.00028218,0.00028218
44,158.928,0.91264,5.32253,0.28785,0.41429,0.99907,0.90302,0.89545,0.96027,0.7515,0.86871,0.63462,0.66049,0.23647,1.11576,6.24053,0.26457,0.68574,1.39494,0.000281756,0.000281756,0.000281756
45,162.445,0.9205,5.35404,0.29308,0.41554,1.08033,0.89029,0.93644,0.94871,0.73777,0.91151,0.57692,0.63592,0.20332,1.19125,6.19092,0.26033,0.67127,1.59243,0.000281331,0.000281331,0.000281331
46,165.498,0.81503,5.28779,0.28381,0.38855,1.01103,0.93144,0.86538,0.94027,0.72861,0.96129,0.57692,0.62067,0.15945,1.22428,6.2441,0.2646,0.72298,1.60635,0.000280907,0.000280907,0.000280907
47,168.553,0.87855,5.15388,0.28587,0.40068,1.01697,0.95935,0.82692,0.95785,0.73576,0.95174,0.55769,0.58694,0.10707,1.1562,6.49841,0.26332,0.72604,1.45743,0.000280483,0.000280483,0.000280483
48,171.619,0.82659,4.96774,0.28034,0.37573,0.96903,1,0.82263,0.93854,0.7634,0.96839,0.57692,0.62767,0.17596,1.08135,6.2623,0.25958,0.68356,1.37208,0.000280059,0.000280059,0.000280059
49,174.77,0.84684,4.98917,0.28476,0.39357,1.01508,0.89056,0.93896,0.96766,0.74639,0.96151,0.57692,0.60912,0.15418,1.08638,6.22806,0.25936,0.58627,1.39672,0.000279634,0.000279634,0.000279634
50,177.916,0.79957,4.78822,0.2841,0.37404,1.01225,0.9705,0.90385,0.9632,0.75334,0.89371,0.64691,0.64998,0.22727,1.06573,5.94601,0.26184,0.62041,1.37343,0.00027921,0.00027921,0.00027921
51,180.964,0.85224,4.52119,0.29059,0.39262,1.02874,0.98565,0.88462,0.94747,0.72644,0.90006,0.69277,0.71143,0.26835,1.13412,5.71596,0.26458,0.70914,1.44699,0.000278786,0.000278786,0.000278786
52,184.443,0.86039,4.43822,0.29199,0.40642,1.01496,0.97869,0.88317,0.94415,0.70495,0.87037,0.65385,0.64882,0.24304,1.22862,5.67831,0.26836,0.78072,1.56232,0.000278361,0.000278361,0.000278361
53,187.473,0.81743,4.32604,0.29051,0.40557,1.00077,1,0.8427,0.96803,0.72234,0.93062,0.65385,0.65271,0.33516,1.12903,5.33652,0.26681,0.64269,1.42568,0.000277937,0.000277937,0.000277937
54,190.917,0.87829,4.19683,0.28358,0.40062,1.00132,0.97824,0.86458,0.96662,0.72558,0.98598,0.67308,0.675,0.33092,1.14862,5.40938,0.27102,0.6501,1.48359,0.000277513,0.000277513,0.000277513
55,193.989,0.85772,3.95947,0.28546,0.38771,0.94119,0.93721,0.8612,0.94874,0.71019,0.91646,0.65385,0.68618,0.42149,1.1105,5.04853,0.26325,0.67148,1.45105,0.000277089,0.000277089,0.000277089
56,197.575,0.9018,3.9363,0.28011,0.38546,0.96251,0.959,0.84615,0.95439,0.71815,1,0.63127,0.68645,0.4045,1.12666,4.83488,0.26253,0.62462,1.44691,0.000276664,0.000276664,0.000276664
57,200.668,0.86811,3.8416,0.27676,0.39226,0.94772,0.95765,0.86981,0.96666,0.71797,1,0.63186,0.68516,0.35716,1.14343,5.11028,0.26842,0.69842,1.42513,0.00027624,0.00027624,0.00027624
58,203.716,0.80792,3.92875,0.28576,0.37223,0.98415,0.96913,0.84615,0.96528,0.72355,0.97015,0.59615,0.66118,0.3256,1.07426,5.25439,0.26845,0.68733,1.39714,0.000275816,0.000275816,0.000275816
59,206.716,0.90258,3.80777,0.27851,0.39119,0.96738,0.95317,0.86538,0.96848,0.71849,0.82605,0.61538,0.64474,0.31363,1.1112,5.30182,0.27079,0.63743,1.45392,0.000275391,0.000275391,0.000275391
60,209.868,0.82914,3.62829,0.28038,0.36894,0.96394,0.98499,0.82692,0.94619,0.76351,0.94078,0.69231,0.7135,0.36943,1.01558,5.11631,0.27161,0.56765,1.28262,0.000274967,0.000274967,0.000274967
61,213.337,0.85001,3.60577,0.28477,0.36992,0.97683,0.95685,0.88462,0.94522,0.73639,0.89657,0.6669,0.68855,0.36749,1.07467,4.88782,0.26483,0.57723,1.38758,0.000274543,0.000274543,0.000274543
62,216.49,0.8616,3.65639,0.28438,0.36707,0.95596,0.97082,0.92308,0.97732,0.73415,0.86453,0.65385,0.68174,0.43864,1.07862,4.69798,0.25882,0.57481,1.41848,0.000274119,0.000274119,0.000274119
63,220.235,0.85955,3.59078,0.28142,0.37432,0.95698,0.96847,0.90385,0.96492,0.74362,0.87012,0.64427,0.6634,0.36353,1.07408,5.04049,0.26346,0.54628,1.41478,0.000273694,0.000273694,0.000273694
64,223.278,0.81036,3.63423,0.28604,0.35537,0.96853,0.9675,0.92308,0.97133,0.72411,0.82286,0.65385,0.65517,0.23095,1.09855,5.18288,0.26032,0.53811,1.44552,0.00027327,0.00027327,0.00027327
65,226.308,0.91883,3.4411,0.28407,0.39206,0.94429,0.97155,0.94231,0.97446,0.77054,0.85916,0.67308,0.67497,0.3538,1.03343,4.84314,0.2612,0.55013,1.29674,0.000272846,0.000272846,0.000272846
66,229.346,0.8217,3.47644,0.2765,0.36649,1.00509,0.95855,0.88945,0.97369,0.72542,0.88949,0.71154,0.72484,0.30979,1.11548,5.10825,0.26119,0.56762,1.4066,0.000272421,0.000272421,0.000272421
67,232.357,0.85841,3.66138,0.27366,0.3715,0.9493,0.97222,0.86538,0.93362,0.72725,0.84815,0.69231,0.69638,0.31828,1.15025,5.27054,0.26297,0.63283,1.45634,0.000271997,0.000271997,0.000271997
68,235.394,0.88454,3.49382,0.2845,0.36838,0.92129,1,0.82613,0.94588,0.75307,0.9714,0.65309,0.70569,0.42527,1.09064,4.94141,0.26632,0.67353,1.39616,0.000271573,0.000271573,0.000271573
69,239.042,0.80571,3.51529,0.28547,0.35915,0.92412,0.9463,0.86538,0.95644,0.72885,0.97179,0.66258,0.72287,0.4223,1.15743,4.93682,0.26877,0.71155,1.49255,0.000271149,0.000271149,0.000271149
70,242.188,0.82696,3.48849,0.28387,0.35787,0.90712,0.974,0.84615,0.96086,0.72315,0.79528,0.69231,0.69547,0.34719,1.15817,5.15435,0.2686,0.74504,1.52723,0.000270724,0.000270724,0.000270724
71,245.281,0.82025,3.51184,0.27757,0.36119,0.97841,0.90661,0.93348,0.96923,0.75996,0.83183,0.66595,0.69067,0.47787,1.04084,4.64052,0.26309,0.56575,1.37402,0.0002703,0.0002703,0.0002703
72,248.726,0.76956,3.41246,0.27085,0.35544,0.95842,0.94913,0.88462,0.96621,0.74354,0.83639,0.68822,0.71659,0.39938,1.10483,4.75715,0.26431,0.63654,1.42907,0.000269876,0.000269876,0.000269876
73,251.772,0.89708,3.47148,0.2835,0.36762,0.9261,0.90396,0.90504,0.9662,0.7481,0.80954,0.65385,0.69073,0.44455,1.01913,4.60829,0.26647,0.59569,1.32373,0.000269451,0.000269451,0.000269451
74,254.784,0.77982,3.57861,0.27737,0.35503,0.98045,0.9039,0.90444,0.96484,0.73306,0.91419,0.61463,0.68997,0.3246,1.08281,4.87632,0.26344,0.57935,1.43371,0.000269027,0.000269027,0.000269027
75,257.781,0.83344,3.35548,0.2741,0.35427,0.97652,0.9791,0.90076,0.9636,0.74272,0.84038,0.65385,0.69964,0.46518,1.04368,4.5307,0.26084,0.5612,1.33759,0.000268603,0.000268603,0.000268603
76,260.893,0.88288,3.30574,0.27418,0.36581,0.92399,0.9945,0.92308,0.96798,0.74178,0.86017,0.70982,0.71606,0.41123,1.08191,4.6293,0.26405,0.60311,1.36167,0.000268179,0.000268179,0.000268179
77,264,0.78705,3.4435,0.27207,0.34819,0.96694,1,0.9214,0.97809,0.77258,0.80825,0.72957,0.7123,0.5064,1.08342,4.53132,0.26072,0.55808,1.33629,0.000267754,0.000267754,0.000267754
78,267.448,0.78987,3.37762,0.27322,0.33786,0.96804,0.97418,0.92308,0.97442,0.76102,0.79093,0.69231,0.67413,0.41348,1.08319,4.83142,0.25858,0.58204,1.34093,0.00026733,0.00026733,0.00026733
79,270.507,0.77598,3.21533,0.2761,0.33724,0.93057,0.94819,0.92308,0.97056,0.74552,0.76658,0.71154,0.69878,0.39379,1.11069,4.89509,0.25294,0.61364,1.51777,0.000266906,0.000266906,0.000266906
80,273.531,0.86322,3.23757,0.26779,0.35928,0.929,0.95672,0.92308,0.96439,0.77794,0.80015,0.71154,0.70972,0.46313,1.05065,4.63179,0.25439,0.62852,1.40364,0.000266481,0.000266481,0.000266481
81,276.675,0.75562,3.15341,0.26895,0.34311,0.94574,0.96645,0.88462,0.96653,0.74987,0.79747,0.65385,0.66235,0.43522,1.14239,4.74232,0.2556,0.64316,1.64621,0.000266057,0.000266057,0.000266057
82,279.722,0.86094,3.24057,0.28009,0.35513,0.91276,0.89142,0.94735,0.97046,0.74978,0.82776,0.64704,0.64507,0.47935,1.13178,4.57293,0.25673,0.74011,1.5432,0.000265633,0.000265633,0.000265633
83,282.856,0.77832,3.21372,0.27428,0.35382,0.93625,0.9295,0.84615,0.93906,0.73818,0.95594,0.61538,0.68261,0.4554,1.16702,4.56737,0.26301,0.9507,1.52403,0.000265209,0.000265209,0.000265209
84,285.978,0.85273,3.32037,0.26969,0.38146,0.92186,0.88596,0.89653,0.95547,0.75981,0.83987,0.70614,0.70005,0.45527,1.04861,4.58384,0.26143,0.87562,1.37593,0.000264784,0.000264784,0.000264784
85,289.038,0.79586,3.16616,0.27873,0.3485,0.92246,0.87906,0.92308,0.96532,0.77339,0.81436,0.69231,0.69319,0.46549,1.01478,4.41629,0.25595,0.60919,1.36024,0.00026436,0.00026436,0.00026436
86,292.089,0.77228,3.15032,0.27979,0.34844,0.90728,0.88401,0.92308,0.96178,0.75211,0.85699,0.69231,0.71414,0.4843,1.05936,4.10153,0.25423,0.58055,1.40778,0.000263936,0.000263936,0.000263936
87,295.163,0.85012,3.19602,0.2682,0.35357,0.89206,1,0.86299,0.96421,0.75824,0.85262,0.73077,0.73213,0.4666,1.04115,4.22355,0.25225,0.55494,1.38894,0.000263511,0.000263511,0.000263511
88,298.226,0.7685,3.19058,0.2765,0.3337,0.9022,1,0.88315,0.96924,0.7654,0.86851,0.75,0.76228,0.48185,1.05168,4.33022,0.25299,0.54336,1.33741,0.000263087,0.000263087,0.000263087
89,301.279,0.78756,3.18463,0.27555,0.3315,0.9244,0.97653,0.86538,0.94982,0.75558,0.87822,0.69344,0.72874,0.49499,1.10784,4.299,0.25578,0.57331,1.40352,0.000262663,0.000262663,0.000262663
90,304.306,0.74684,3.15679,0.26715,0.34235,0.92914,0.91657,0.90385,0.96377,0.73083,0.81458,0.67591,0.68405,0.37314,1.1244,4.63339,0.25686,0.61687,1.52922,0.000262239,0.000262239,0.000262239
91,307.425,0.84021,3.25102,0.27338,0.35016,0.88988,0.88236,0.96154,0.96868,0.75335,0.84128,0.71353,0.71867,0.4942,1.04492,4.35733,0.25491,0.52286,1.45285,0.000261814,0.000261814,0.000261814
92,310.433,0.80622,3.15086,0.26618,0.33914,0.89004,0.95741,0.88462,0.92796,0.74479,0.80981,0.75,0.7268,0.42474,1.08239,4.48922,0.26076,0.58373,1.49623,0.00026139,0.00026139,0.00026139
93,313.565,0.77123,3.26831,0.27607,0.33327,0.90516,0.97874,0.88523,0.95713,0.73853,0.84502,0.71154,0.7359,0.46532,1.10901,4.43477,0.26194,0.6042,1.42452,0.000260966,0.000260966,0.000260966
94,316.596,0.78752,3.12245,0.26749,0.33967,0.92809,0.95968,0.91553,0.95937,0.72705,0.83321,0.67249,0.69325,0.42925,1.18481,4.62234,0.25733,0.61195,1.48329,0.000260541,0.000260541,0.000260541
95,319.657,0.85547,3.17857,0.26626,0.34855,0.8595,0.93143,0.92308,0.95588,0.72019,0.81013,0.69231,0.69585,0.42436,1.05225,4.68869,0.25337,0.58666,1.42871,0.000260117,0.000260117,0.000260117
96,322.765,0.78587,3.02636,0.26881,0.33378,0.84928,0.95886,0.89655,0.95821,0.73202,0.79923,0.69231,0.69064,0.46812,1.10591,4.62856,0.25,0.56437,1.46289,0.000259693,0.000259693,0.000259693
97,325.798,0.7708,2.99912,0.26289,0.33086,0.94136,0.86658,0.94231,0.95031,0.73821,0.79198,0.65902,0.68248,0.46025,1.11021,4.31138,0.24775,0.60374,1.48409,0.000259269,0.000259269,0.000259269
98,328.867,0.84971,3.00597,0.26904,0.33941,0.88369,0.87686,0.95865,0.94889,0.73977,0.86956,0.67308,0.71577,0.49564,1.07122,4.23421,0.24778,0.54153,1.49336,0.000258844,0.000258844,0.000258844
99,331.895,0.78437,2.9735,0.25715,0.32712,0.93384,0.89818,0.94231,0.96729,0.73454,0.84908,0.67308,0.70623,0.44501,1.07773,4.46478,0.2499,0.53913,1.49453,0.00025842,0.00025842,0.00025842
100,334.935,0.81592,2.9759,0.26376,0.33628,0.89836,0.97952,0.92003,0.95748,0.74619,0.80633,0.75,0.71908,0.50587,1.07895,4.4793,0.24747,0.5469,1.3991,0.000257996,0.000257996,0.000257996
101,337.986,0.76715,3.0043,0.25994,0.33859,0.88451,0.9431,0.95632,0.98247,0.73005,0.78262,0.71154,0.69819,0.45171,1.14733,4.60028,0.24362,0.519,1.57657,0.000257571,0.000257571,0.000257571
102,341.02,0.77955,3.07603,0.26106,0.33705,0.91204,0.94224,0.94116,0.97443,0.73834,0.7527,0.67308,0.66545,0.44746,1.13187,4.55965,0.24366,0.53749,1.59655,0.000257147,0.000257147,0.000257147
103,344.053,0.80407,3.01763,0.2613,0.33913,0.89429,0.99097,0.90385,0.9655,0.74583,0.79136,0.73077,0.72363,0.48358,1.13957,4.20881,0.24392,0.53525,1.52054,0.000256723,0.000256723,0.000256723
104,347.15,0.76557,2.95637,0.25704,0.32442,0.88288,0.9398,0.90076,0.93104,0.74333,0.92513,0.75,0.78506,0.48362,1.11896,4.3641,0.24657,0.59018,1.36998,0.000256299,0.000256299,0.000256299
105,350.251,0.84456,3.02992,0.26282,0.34707,0.85904,0.93714,0.92308,0.94047,0.73466,0.84422,0.73077,0.7243,0.47567,1.10697,4.43742,0.24474,0.65337,1.44889,0.000255874,0.000255874,0.000255874
106,353.24,0.75001,2.9944,0.25646,0.31899,0.89431,0.97838,0.88462,0.9379,0.7373,0.87741,0.68829,0.70914,0.4625,1.04062,4.41481,0.24748,0.60513,1.37196,0.00025545,0.00025545,0.00025545
107,356.293,0.74401,2.92528,0.26486,0.32222,0.86873,0.95897,0.89892,0.93787,0.74087,0.81818,0.69231,0.70595,0.42623,1.07807,4.4588,0.24633,0.56042,1.45287,0.000255026,0.000255026,0.000255026
108,359.372,0.71047,2.98608,0.26296,0.31143,0.91345,0.91513,0.96154,0.95764,0.74204,0.83125,0.65385,0.70707,0.4768,1.0589,4.27797,0.24649,0.53732,1.4498,0.000254601,0.000254601,0.000254601
109,362.428,0.71325,3.02945,0.26014,0.31569,0.9217,0.9982,0.86538,0.91998,0.74201,0.81853,0.71154,0.70688,0.42059,1.1598,4.50432,0.24904,0.60726,1.49683,0.000254177,0.000254177,0.000254177
110,365.529,0.82996,3.13783,0.2602,0.35331,0.87951,0.99187,0.88462,0.93516,0.75778,0.87749,0.6888,0.72023,0.49487,1.10207,4.29094,0.2449,0.54822,1.42138,0.000253753,0.000253753,0.000253753
111,368.591,0.68427,3.01633,0.25677,0.30581,0.92134,1,0.89841,0.93605,0.72619,0.81976,0.73077,0.71833,0.38171,1.17756,4.6822,0.24367,0.57108,1.52505,0.000253329,0.000253329,0.000253329
112,371.691,0.73752,2.93248,0.25796,0.31635,0.86049,0.9893,0.88462,0.97056,0.76658,0.8445,0.75,0.73467,0.45973,1.13198,4.46729,0.24365,0.52734,1.52575,0.000252904,0.000252904,0.000252904
113,374.7,0.78082,2.83293,0.25714,0.32521,0.86547,0.97035,0.86538,0.95863,0.77086,0.80378,0.69231,0.69135,0.42908,1.14766,4.48731,0.24163,0.55663,1.56861,0.00025248,0.00025248,0.00025248
114,377.679,0.77536,2.99369,0.2595,0.33107,0.86183,0.95719,0.86013,0.96355,0.76576,0.83129,0.67308,0.69115,0.46683,1.10689,4.31084,0.2419,0.64971,1.53555,0.000252056,0.000252056,0.000252056
115,380.685,0.76551,2.93319,0.2672,0.32282,0.89875,0.97144,0.84615,0.94846,0.76736,0.83586,0.73077,0.74615,0.46324,1.12807,4.24856,0.24347,0.75662,1.54488,0.000251631,0.000251631,0.000251631
116,383.719,0.74352,2.91518,0.25648,0.32119,0.89801,1,0.86459,0.96271,0.75142,0.83583,0.71154,0.71589,0.47105,1.17415,4.29449,0.24419,0.78282,1.57462,0.000251207,0.000251207,0.000251207
117,386.745,0.78229,3.02294,0.27218,0.34239,0.90025,0.9978,0.88462,0.93392,0.7557,0.86232,0.72277,0.74955,0.5072,1.02716,4.16992,0.24691,0.77641,1.43944,0.000250783,0.000250783,0.000250783
118,389.887,0.7929,2.9027,0.26175,0.33977,0.89071,0.97348,0.90385,0.95447,0.75325,0.80185,0.73077,0.72616,0.48694,1.01188,4.15194,0.24827,0.71125,1.4224,0.000250359,0.000250359,0.000250359
119,392.986,0.73648,3.03752,0.24928,0.32474,0.85821,0.99094,0.92308,0.94422,0.73705,0.84151,0.75,0.75298,0.50345,1.08945,4.20863,0.25018,0.75294,1.61266,0.000249934,0.000249934,0.000249934
120,396.004,0.72533,3.00787,0.26272,0.32876,0.93211,0.97939,0.91403,0.94308,0.73879,0.84297,0.71154,0.71893,0.51769,1.07675,4.12171,0.25206,0.75261,1.64502,0.00024951,0.00024951,0.00024951
121,399.02,0.77458,2.93629,0.25705,0.32635,0.89323,0.92793,0.94231,0.94111,0.74018,0.84918,0.75,0.75835,0.49204,1.09318,4.08608,0.24433,0.70815,1.5667,0.000249086,0.000249086,0.000249086
122,402.078,0.78271,2.81808,0.25985,0.32439,0.85228,0.95885,0.89641,0.95472,0.74042,0.91811,0.76923,0.78867,0.50692,1.11459,4.2081,0.24024,0.63832,1.57587,0.000248661,0.000248661,0.000248661
123,405.12,0.73094,2.75779,0.25212,0.32731,0.89056,0.95763,0.86939,0.95003,0.74499,0.92408,0.78846,0.78726,0.48301,1.15616,4.42574,0.2393,0.72267,1.58663,0.000248237,0.000248237,0.000248237
124,408.183,0.7272,2.73284,0.24328,0.31555,0.85092,0.97868,0.88462,0.94963,0.73999,0.84207,0.73077,0.71143,0.48963,1.15443,4.4085,0.24016,0.63371,1.60916,0.000247813,0.000247813,0.000247813
125,411.254,0.76062,2.8085,0.2526,0.31791,0.85246,0.97894,0.92308,0.97303,0.73639,0.81879,0.71154,0.70823,0.47264,1.10845,4.47852,0.24139,0.6165,1.59968,0.000247389,0.000247389,0.000247389
126,414.358,0.73833,2.82725,0.2491,0.31758,0.86243,0.97894,0.89397,0.97136,0.74206,0.85638,0.73077,0.71654,0.49368,1.06987,4.36275,0.24199,0.58774,1.53643,0.000246964,0.000246964,0.000246964
127,417.441,0.77969,2.84299,0.26085,0.31795,0.8519,0.99365,0.88462,0.94973,0.7488,0.80089,0.71154,0.70755,0.47963,1.07361,4.24183,0.24328,0.58499,1.45484,0.00024654,0.00024654,0.00024654
128,420.459,0.72612,2.83966,0.25622,0.31857,0.84814,1,0.88,0.95293,0.7371,0.8629,0.75,0.73865,0.49763,1.11375,4.28556,0.24256,0.61038,1.49431,0.000246116,0.000246116,0.000246116
129,423.489,0.77712,2.69091,0.26261,0.32168,0.89172,0.9369,0.94231,0.94019,0.76699,0.83191,0.73077,0.75102,0.50341,1.07549,4.48673,0.23856,0.54169,1.458,0.000245691,0.000245691,0.000245691
130,426.521,0.76689,2.76634,0.2489,0.33477,0.82561,0.92258,0.92308,0.93778,0.76849,0.76782,0.76923,0.75465,0.49942,1.09306,4.50702,0.2361,0.49691,1.52331,0.000245267,0.000245267,0.000245267
131,429.534,0.70961,2.76608,0.25239,0.32671,0.86524,0.91933,0.94231,0.93192,0.76252,0.72737,0.75,0.73911,0.43992,1.10318,4.45103,0.23689,0.575,1.51608,0.000244843,0.000244843,0.000244843
132,432.533,0.76167,2.7115,0.24841,0.32186,0.84539,0.92354,0.92917,0.95401,0.77157,0.79009,0.72391,0.72855,0.46955,1.06838,3.97496,0.23312,0.51788,1.49962,0.000244419,0.000244419,0.000244419
133,435.541,0.82876,2.74291,0.2559,0.33432,0.81703,0.94088,0.91817,0.97554,0.76147,0.8326,0.69231,0.73137,0.41341,1.07538,4.24096,0.23411,0.49231,1.49636,0.000243994,0.000243994,0.000243994
134,438.541,0.71822,2.69429,0.25327,0.31507,0.87043,0.96484,0.94231,0.98102,0.76926,0.8064,0.73077,0.7334,0.49026,1.04256,4.15222,0.23573,0.4817,1.5119,0.00024357,0.00024357,0.00024357
135,441.551,0.80337,2.81188,0.24648,0.33749,0.83936,0.92753,0.96154,0.97626,0.76559,0.88103,0.65385,0.70898,0.48184,1.0262,4.23454,0.23618,0.54636,1.41892,0.000243146,0.000243146,0.000243146
136,444.591,0.73579,2.82974,0.25245,0.33049,0.89838,0.90731,0.88462,0.95891,0.74642,0.87153,0.65234,0.71788,0.45939,1.24095,4.34834,0.24902,0.64549,1.711,0.000242721,0.000242721,0.000242721
137,447.664,0.7693,2.75107,0.25064,0.32344,0.87828,0.88676,0.9036,0.95685,0.75408,0.87767,0.65385,0.69839,0.47082,1.09089,4.26526,0.24586,0.61134,1.52199,0.000242297,0.000242297,0.000242297
138,450.698,0.71817,2.66551,0.24358,0.32782,0.90417,0.88396,0.88462,0.94091,0.73974,0.907,0.65385,0.70002,0.48481,1.07888,4.21503,0.24523,0.63586,1.42366,0.000241873,0.000241873,0.000241873
139,453.819,0.72401,2.64862,0.24281,0.31226,0.82871,0.9358,0.84107,0.95441,0.72996,0.90503,0.65385,0.71242,0.46565,1.13113,4.25246,0.24649,0.63687,1.50664,0.000241449,0.000241449,0.000241449
140,456.847,0.66555,2.68955,0.24274,0.2985,0.89561,0.85313,0.94231,0.95517,0.75002,0.85602,0.68611,0.71619,0.50367,1.04177,4.31202,0.23719,0.56478,1.49705,0.000241024,0.000241024,0.000241024
141,459.878,0.71552,2.62763,0.24701,0.32249,0.85408,0.89409,0.90385,0.94781,0.77282,0.80289,0.67308,0.71278,0.49666,1.04071,4.12794,0.2345,0.5639,1.48282,0.0002406,0.0002406,0.0002406
142,462.887,0.76162,2.65778,0.25171,0.31988,0.82274,0.83244,0.95543,0.95774,0.76336,0.86144,0.59786,0.6946,0.44123,1.04717,4.20283,0.23542,0.58438,1.4978,0.000240176,0.000240176,0.000240176
143,465.931,0.73625,2.66777,0.24996,0.32703,0.87834,0.89666,0.94231,0.95097,0.76496,0.77323,0.69231,0.70569,0.49177,1.0802,4.05506,0.23564,0.57999,1.49811,0.000239751,0.000239751,0.000239751
144,468.935,0.76998,2.84587,0.25679,0.34439,0.88697,0.90385,0.94231,0.94911,0.77883,0.74853,0.69231,0.71927,0.49783,1.06822,4.12899,0.23738,0.60124,1.42463,0.000239327,0.000239327,0.000239327
145,472.028,0.72498,2.60444,0.25054,0.3203,0.86655,0.94075,0.91614,0.94196,0.73295,0.74077,0.71154,0.71465,0.45019,1.13788,4.25368,0.236,0.62238,1.59692,0.000238903,0.000238903,0.000238903
146,475.04,0.74232,2.44028,0.24167,0.32274,0.8513,0.97512,0.86538,0.95083,0.75197,0.77714,0.65385,0.68881,0.46365,1.02979,4.29974,0.23648,0.60705,1.41415,0.000238479,0.000238479,0.000238479
147,478.096,0.76124,2.49985,0.2428,0.32752,0.83093,0.95814,0.88462,0.94772,0.74495,0.82759,0.67308,0.69993,0.45886,1.10584,4.29282,0.24026,0.6096,1.43604,0.000238054,0.000238054,0.000238054
148,481.169,0.72148,2.45336,0.23135,0.32513,0.86126,0.97555,0.90385,0.97172,0.74594,0.82414,0.65385,0.65869,0.45962,1.07103,4.299,0.24408,0.58682,1.49553,0.00023763,0.00023763,0.00023763
149,484.201,0.694,2.44811,0.25158,0.31466,0.91204,0.95817,0.90385,0.96795,0.74237,0.84839,0.69231,0.68665,0.45705,1.03973,4.29424,0.24571,0.60042,1.48968,0.000237206,0.000237206,0.000237206
150,487.293,0.73722,2.28773,0.23719,0.32314,0.82952,0.97905,0.89885,0.9701,0.74029,0.88286,0.72478,0.72477,0.5032,1.10167,4.11551,0.24343,0.63962,1.59976,0.000236781,0.000236781,0.000236781
151,490.389,0.72198,2.21038,0.24813,0.31904,0.88502,0.9605,0.93532,0.97033,0.74802,0.8907,0.71154,0.74394,0.51216,1.06167,3.89814,0.24027,0.62296,1.61225,0.000236357,0.000236357,0.000236357
152,493.428,0.73415,2.01867,0.25178,0.32214,0.86479,1,0.9365,0.97911,0.76479,0.80665,0.75,0.73948,0.55201,1.08159,3.7465,0.24315,0.54047,1.60938,0.000235933,0.000235933,0.000235933
153,496.973,0.73217,2.03409,0.25658,0.31784,0.84172,0.91945,0.90385,0.96049,0.7516,0.88314,0.71154,0.74144,0.53838,1.13241,3.78783,0.24756,0.55202,1.64751,0.000235509,0.000235509,0.000235509
154,500.018,0.7593,2.01102,0.26558,0.33783,0.84941,0.93798,0.94231,0.96811,0.74961,0.8471,0.67308,0.70147,0.5483,1.13732,3.77683,0.24826,0.49905,1.70259,0.000235084,0.000235084,0.000235084
155,503.051,0.75372,1.91345,0.25042,0.32389,0.86157,0.91347,0.92308,0.94568,0.74224,0.80408,0.67308,0.70487,0.60298,1.14854,3.63512,0.25725,0.545,1.69979,0.00023466,0.00023466,0.00023466
156,506.604,0.71713,1.9066,0.26721,0.31724,0.82756,0.88852,0.91966,0.91634,0.73161,0.88367,0.73045,0.78033,0.56628,1.15207,3.70977,0.25478,0.59756,1.66126,0.000234236,0.000234236,0.000234236
157,509.681,0.71855,1.83291,0.2605,0.31761,0.84077,0.92093,0.89598,0.91746,0.72436,0.85758,0.75,0.76094,0.58987,1.17541,3.58032,0.24986,0.64635,1.68877,0.000233811,0.000233811,0.000233811
158,512.787,0.71898,1.76927,0.25962,0.30737,0.83402,0.9519,0.88462,0.91515,0.72937,0.83086,0.80769,0.79064,0.60108,1.15013,3.56571,0.24795,0.62335,1.61791,0.000233387,0.000233387,0.000233387
159,515.842,0.71486,1.88899,0.26048,0.32671,0.88972,0.97313,0.90385,0.97233,0.75354,0.84864,0.78846,0.802,0.60414,1.1352,3.61261,0.24754,0.54313,1.6353,0.000232963,0.000232963,0.000232963
160,519.315,0.70692,1.77672,0.25036,0.30393,0.79524,0.95644,0.90385,0.96797,0.76582,0.79347,0.75,0.71429,0.60613,1.0169,3.61575,0.24874,0.5163,1.45446,0.000232539,0.000232539,0.000232539
161,522.827,0.72623,1.85207,0.24919,0.30317,0.79779,0.96693,0.88462,0.96132,0.76035,0.77579,0.71154,0.68477,0.57985,1.0018,3.73725,0.24872,0.5783,1.43602,0.000232114,0.000232114,0.000232114
162,525.846,0.69033,1.71577,0.24883,0.29952,0.83874,0.97656,0.88462,0.96021,0.76971,0.7828,0.71154,0.70085,0.59362,1.05206,3.58038,0.25072,0.61764,1.4856,0.00023169,0.00023169,0.00023169
163,528.895,0.71458,1.74189,0.26213,0.30987,0.83601,0.97315,0.88462,0.967,0.75599,0.82535,0.72708,0.71178,0.59992,1.04512,3.46814,0.25369,0.61613,1.50588,0.000231266,0.000231266,0.000231266
164,531.92,0.70596,1.74618,0.25502,0.31203,0.84055,0.97029,0.96154,0.97671,0.73763,0.73608,0.73077,0.68295,0.5693,1.06079,3.67691,0.25102,0.51466,1.59901,0.000230841,0.000230841,0.000230841
165,534.971,0.76647,1.84062,0.25079,0.31566,0.79432,0.95782,0.96154,0.97969,0.7328,0.83313,0.67211,0.6595,0.58146,1.02851,3.63952,0.25421,0.538,1.48989,0.000230417,0.000230417,0.000230417
166,538.045,0.71047,1.75537,0.25308,0.29948,0.80362,0.97975,0.93042,0.96246,0.73831,0.83071,0.75498,0.74739,0.60917,1.01079,3.68474,0.2525,0.5107,1.38636,0.000229993,0.000229993,0.000229993
167,541.129,0.67278,1.7019,0.24454,0.30376,0.81737,0.94007,0.94231,0.9575,0.75512,0.89196,0.71154,0.7433,0.6337,1.0288,3.7008,0.25565,0.62739,1.37814,0.000229569,0.000229569,0.000229569
168,544.607,0.71902,1.69011,0.24373,0.30392,0.78222,0.97698,0.90385,0.97363,0.76851,0.85038,0.76923,0.76546,0.62572,1.02906,3.63237,0.25558,0.64028,1.37664,0.000229144,0.000229144,0.000229144
169,548.13,0.71889,1.7028,0.25441,0.29853,0.84143,0.92273,0.96154,0.97363,0.76281,0.89211,0.71154,0.74469,0.59135,1.04858,3.6978,0.25793,0.58698,1.55394,0.00022872,0.00022872,0.00022872
170,551.185,0.71558,1.65878,0.24571,0.29912,0.79467,0.92526,0.95239,0.97348,0.75134,0.76433,0.74848,0.72314,0.63793,1.11096,3.55611,0.25917,0.54148,1.64049,0.000228296,0.000228296,0.000228296
171,554.22,0.7653,1.73004,0.25737,0.31301,0.80102,0.91324,0.94231,0.96962,0.72648,0.81275,0.69231,0.68365,0.55854,1.16264,3.6696,0.25831,0.54858,1.64525,0.000227871,0.000227871,0.000227871
172,557.257,0.71426,1.7213,0.26134,0.30351,0.81924,0.90174,0.88248,0.95386,0.72608,0.81587,0.71154,0.68813,0.59185,1.18286,3.58693,0.26207,0.62447,1.71375,0.000227447,0.000227447,0.000227447
173,560.297,0.77883,1.76075,0.25642,0.31208,0.79375,0.96421,0.86538,0.95447,0.72961,0.86326,0.7285,0.73612,0.61088,1.12769,3.50987,0.26529,0.58056,1.6757,0.000227023,0.000227023,0.000227023
174,563.374,0.71354,1.68906,0.24835,0.30906,0.82426,0.90732,0.94231,0.94492,0.72877,0.86393,0.75,0.74475,0.6051,1.12481,3.62679,0.26275,0.63266,1.6764,0.000226599,0.000226599,0.000226599
175,566.44,0.76571,1.78517,0.25276,0.30631,0.79479,0.97942,0.91515,0.9743,0.75631,0.89305,0.71154,0.76669,0.63224,1.07664,3.56601,0.2571,0.53584,1.61191,0.000226174,0.000226174,0.000226174
176,569.49,0.67967,1.693,0.25464,0.28987,0.77842,0.87556,0.94723,0.96601,0.73783,0.78826,0.69231,0.70103,0.57087,1.10287,3.65098,0.26332,0.63027,1.69626,0.00022575,0.00022575,0.00022575
177,572.523,0.74749,1.71456,0.24614,0.30293,0.79383,0.92397,0.93494,0.96251,0.73663,0.85531,0.67308,0.70727,0.60347,1.07028,3.50939,0.26348,0.62224,1.63934,0.000225326,0.000225326,0.000225326
178,575.492,0.66259,1.59249,0.24445,0.2851,0.79221,0.92358,0.94231,0.96685,0.7576,0.91802,0.69231,0.78063,0.63987,1.00325,3.3537,0.2552,0.59406,1.49206,0.000224901,0.000224901,0.000224901
179,578.954,0.65145,1.60015,0.25295,0.29166,0.78935,0.92573,0.95882,0.97218,0.75309,0.82931,0.7475,0.7584,0.62614,1.0758,3.48334,0.25843,0.62202,1.4867,0.000224477,0.000224477,0.000224477
180,581.953,0.64795,1.66165,0.24363,0.27944,0.79962,0.90822,0.95158,0.97674,0.75141,0.84509,0.62955,0.67253,0.59824,1.05633,3.61039,0.26257,0.54122,1.54462,0.000224053,0.000224053,0.000224053
181,584.964,0.69206,1.69138,0.2444,0.29291,0.79853,0.92155,0.90356,0.96272,0.74799,0.73996,0.71141,0.67409,0.56858,1.09783,3.65407,0.25813,0.57868,1.59566,0.000223629,0.000223629,0.000223629
182,587.953,0.75387,1.7041,0.24123,0.29851,0.79174,0.94203,0.93764,0.9728,0.76937,0.87546,0.63462,0.68652,0.61426,1.12635,3.46142,0.25475,0.56182,1.66204,0.000223204,0.000223204,0.000223204
183,591.026,0.67844,1.58157,0.24064,0.28919,0.78827,0.95652,0.90385,0.95465,0.7521,0.76458,0.71154,0.69905,0.5948,1.33014,3.72093,0.25405,0.58167,1.93742,0.00022278,0.00022278,0.00022278
184,594.044,0.68661,1.72376,0.24986,0.29172,0.82064,0.95894,0.89844,0.93581,0.76069,0.79081,0.72704,0.7109,0.63377,1.29982,3.57097,0.25425,0.64628,1.78317,0.000222356,0.000222356,0.000222356
185,597.089,0.69671,1.61866,0.2455,0.29588,0.82368,0.95584,0.90385,0.94358,0.75673,0.79188,0.75,0.73013,0.63096,1.17483,3.51388,0.25129,0.63038,1.64842,0.000221931,0.000221931,0.000221931
186,600.135,0.69521,1.64205,0.23971,0.28991,0.79096,0.91936,0.88462,0.93714,0.71819,0.79835,0.76923,0.7543,0.6023,1.15628,3.54612,0.25326,0.6539,1.7122,0.000221507,0.000221507,0.000221507
187,603.162,0.73411,1.66484,0.25726,0.29855,0.80014,0.97777,0.84578,0.94082,0.74604,0.85757,0.69231,0.74824,0.61599,1.12807,3.5749,0.25861,0.63672,1.6575,0.000221083,0.000221083,0.000221083
188,606.196,0.74458,1.5277,0.24102,0.29647,0.81224,0.85476,0.90545,0.9539,0.73591,0.78581,0.65385,0.66692,0.5828,1.10618,3.72545,0.25985,0.64918,1.63249,0.000220659,0.000220659,0.000220659
189,609.252,0.71163,1.56707,0.24547,0.28863,0.79741,0.86193,0.90385,0.94034,0.72824,0.80089,0.65385,0.66996,0.60355,1.17904,3.6887,0.25559,0.61947,1.75318,0.000220234,0.000220234,0.000220234
190,612.317,0.68835,1.61956,0.24317,0.29298,0.8118,0.93573,0.84006,0.93602,0.72781,0.81134,0.63462,0.67238,0.56777,1.16274,3.77391,0.25452,0.62229,1.80359,0.00021981,0.00021981,0.00021981
191,615.385,0.72414,1.72269,0.25069,0.31189,0.79586,0.90187,0.92308,0.95558,0.7584,0.87207,0.65385,0.71058,0.58118,1.10637,3.72741,0.24773,0.58554,1.62454,0.000219386,0.000219386,0.000219386
192,618.407,0.66085,1.56911,0.24652,0.28923,0.79361,0.93353,0.88462,0.93618,0.76397,0.77066,0.73077,0.7078,0.58517,1.09087,3.64393,0.24813,0.60912,1.57707,0.000218961,0.000218961,0.000218961
193,621.498,0.69504,1.57795,0.23595,0.29211,0.80981,0.95692,0.90385,0.96816,0.75066,0.78608,0.73077,0.72189,0.59546,1.1023,3.69107,0.24972,0.60424,1.63864,0.000218537,0.000218537,0.000218537
194,624.516,0.68469,1.58302,0.23691,0.28908,0.78871,0.96128,0.90385,0.97446,0.75519,0.78399,0.69806,0.71437,0.64365,1.03005,3.58215,0.25201,0.54025,1.57445,0.000218113,0.000218113,0.000218113
195,628.022,0.63704,1.54262,0.24365,0.28031,0.82743,0.94295,0.95374,0.97395,0.7374,0.74379,0.75,0.69324,0.57079,1.06502,3.57225,0.25449,0.62519,1.56915,0.000217689,0.000217689,0.000217689
196,631.142,0.71891,1.65696,0.25171,0.29679,0.79453,0.96124,0.95384,0.98115,0.75146,0.87286,0.69231,0.7369,0.60158,1.07764,3.41257,0.25527,0.65326,1.56333,0.000217264,0.000217264,0.000217264
197,634.186,0.6427,1.56583,0.24574,0.27984,0.81887,0.92336,0.88462,0.96014,0.75105,0.84783,0.67308,0.7028,0.60196,1.1485,3.5025,0.25684,0.90597,1.55114,0.00021684,0.00021684,0.00021684
198,637.231,0.68489,1.62377,0.24237,0.28832,0.80393,0.93952,0.88462,0.94492,0.74737,0.81137,0.74457,0.73756,0.62352,1.10885,3.58716,0.25656,0.94302,1.47141,0.000216416,0.000216416,0.000216416
199,640.28,0.72983,1.45697,0.23121,0.29832,0.77835,0.95351,0.92308,0.95915,0.75099,0.75476,0.73077,0.69788,0.59318,1.08323,3.58837,0.26038,0.58423,1.58748,0.000215991,0.000215991,0.000215991
200,643.315,0.67873,1.52586,0.24159,0.2888,0.77808,0.97223,0.90385,0.96814,0.76374,0.84652,0.71154,0.71576,0.59986,1.00193,3.64138,0.25828,0.5895,1.53384,0.000215567,0.000215567,0.000215567
201,646.355,0.71543,1.56361,0.2425,0.29174,0.77941,0.86382,0.92308,0.95886,0.75702,0.8681,0.71154,0.74033,0.62296,0.97915,3.51097,0.25461,0.62896,1.54594,0.000215143,0.000215143,0.000215143
202,649.413,0.70675,1.55048,0.24222,0.30004,0.78436,0.97789,0.85081,0.96317,0.76056,0.8738,0.73077,0.77036,0.62569,1.02955,3.36288,0.25324,0.57365,1.60495,0.000214719,0.000214719,0.000214719
203,652.504,0.7338,1.53054,0.25477,0.29987,0.821,0.92421,0.93814,0.97287,0.76666,0.84671,0.75,0.75477,0.60541,1.01352,3.43805,0.24528,0.49303,1.51982,0.000214294,0.000214294,0.000214294
204,655.625,0.65197,1.43109,0.23321,0.29171,0.81351,0.93686,0.96154,0.95071,0.76737,0.82649,0.8245,0.79862,0.63396,1.02855,3.2669,0.24717,0.52634,1.61125,0.00021387,0.00021387,0.00021387
205,659.104,0.65126,1.4921,0.23325,0.28551,0.79865,0.90071,0.96154,0.95015,0.77622,0.78405,0.76805,0.76545,0.65512,0.99109,3.39857,0.2484,0.57466,1.53277,0.000213446,0.000213446,0.000213446
206,662.609,0.67899,1.51956,0.23714,0.28737,0.80787,0.94229,0.94203,0.95389,0.77382,0.74802,0.75,0.73997,0.64052,1.01993,3.50962,0.24743,0.55565,1.63835,0.000213021,0.000213021,0.000213021
207,665.675,0.71583,1.48365,0.23189,0.29467,0.78635,0.90143,0.87937,0.91627,0.74315,0.72468,0.7087,0.6969,0.60647,1.0321,3.60556,0.25264,0.57003,1.69732,0.000212597,0.000212597,0.000212597
208,668.736,0.70528,1.49272,0.2408,0.29532,0.78288,0.91819,0.86336,0.91986,0.75746,0.81911,0.61538,0.68327,0.6282,1.10663,3.68117,0.2518,0.62122,1.71792,0.000212173,0.000212173,0.000212173
209,671.765,0.73931,1.53132,0.23318,0.29899,0.79283,0.91987,0.88313,0.92215,0.75025,0.87043,0.61538,0.68772,0.6064,1.10099,3.64351,0.23929,0.68436,1.61145,0.000211749,0.000211749,0.000211749
210,674.736,0.73022,1.55538,0.2321,0.29457,0.77443,0.99204,0.80769,0.91281,0.75967,0.91902,0.67308,0.7404,0.63171,1.03257,3.5317,0.23773,0.7327,1.41164,0.000211324,0.000211324,0.000211324
211,677.698,0.65462,1.54101,0.22997,0.28222,0.80862,0.99996,0.80769,0.92404,0.75741,0.84582,0.67308,0.70427,0.58597,1.01745,3.68893,0.24365,0.7548,1.43125,0.0002109,0.0002109,0.0002109
212,680.73,0.70399,1.51525,0.23219,0.28211,0.76359,0.9543,0.92308,0.9388,0.76272,0.84723,0.65385,0.70042,0.63189,0.99417,3.4934,0.24337,0.67839,1.49068,0.000210476,0.000210476,0.000210476
213,683.816,0.60501,1.43649,0.23693,0.26395,0.80984,1,0.86101,0.95002,0.76421,0.87468,0.67114,0.72837,0.65622,1.0454,3.47765,0.24507,0.72066,1.54166,0.000210051,0.000210051,0.000210051
214,686.876,0.7198,1.44443,0.22767,0.27999,0.76312,0.97866,0.88209,0.95442,0.76167,0.86579,0.65385,0.73209,0.65951,1.05475,3.36274,0.24443,0.58005,1.63672,0.000209627,0.000209627,0.000209627
215,689.949,0.66522,1.41688,0.2323,0.27975,0.76992,0.94713,0.84615,0.91825,0.74206,0.84349,0.72556,0.75631,0.63488,1.09428,3.27026,0.2452,0.62313,1.60544,0.000209203,0.000209203,0.000209203
216,693.029,0.71377,1.50023,0.236,0.29357,0.76098,0.92236,0.86538,0.94121,0.74382,0.90571,0.67308,0.74188,0.62286,1.14579,3.21524,0.24147,0.71496,1.5829,0.000208779,0.000208779,0.000208779
217,696.085,0.69126,1.46241,0.23677,0.2779,0.76864,0.95409,0.90385,0.95209,0.75818,0.86918,0.65385,0.69818,0.63806,1.14041,3.38941,0.23757,0.65791,1.5719,0.000208354,0.000208354,0.000208354
218,699.186,0.67595,1.56755,0.2338,0.27435,0.77777,0.9771,0.86538,0.93406,0.74644,0.86251,0.67308,0.73211,0.63477,1.04169,3.38101,0.23837,0.58049,1.47804,0.00020793,0.00020793,0.00020793
219,702.189,0.67893,1.55967,0.23104,0.27773,0.77229,0.94952,0.86538,0.94452,0.73075,0.82358,0.62852,0.67629,0.55424,1.02428,3.5105,0.23776,0.68777,1.49359,0.000207506,0.000207506,0.000207506
220,705.304,0.57637,1.39391,0.23056,0.25967,0.76712,0.91334,0.88462,0.93712,0.73846,0.88749,0.65385,0.72492,0.60348,0.96108,3.50337,0.23659,0.76377,1.46504,0.000207081,0.000207081,0.000207081
221,708.352,0.69293,1.39005,0.22789,0.2751,0.75038,0.9703,0.78846,0.91525,0.7439,0.8244,0.63205,0.66827,0.5517,0.93167,3.60873,0.23907,1.03257,1.36837,0.000206657,0.000206657,0.000206657
222,711.391,0.62036,1.42106,0.22882,0.26601,0.80045,0.95443,0.80553,0.90241,0.74121,0.74416,0.72723,0.70021,0.63234,1.04349,3.36317,0.23865,0.8291,1.48355,0.000206233,0.000206233,0.000206233
223,714.421,0.63033,1.38651,0.23089,0.26767,0.76644,0.87562,0.86538,0.90108,0.7302,0.85341,0.67177,0.69247,0.60847,1.03508,3.28307,0.24373,0.83003,1.47402,0.000205809,0.000205809,0.000205809
224,717.514,0.64354,1.38846,0.23071,0.26793,0.76703,0.89762,0.90385,0.94432,0.73547,0.70393,0.71154,0.65735,0.59885,1.00719,3.20093,0.23862,0.81032,1.45778,0.000205384,0.000205384,0.000205384
225,720.587,0.70994,1.31217,0.22273,0.28102,0.73616,0.92264,0.91749,0.93751,0.74325,0.79358,0.67308,0.67065,0.59272,0.99771,3.22037,0.22786,0.63682,1.44419,0.00020496,0.00020496,0.00020496
226,723.651,0.65534,1.37474,0.22958,0.27247,0.74946,0.94025,0.90385,0.93948,0.73966,0.81888,0.71154,0.69331,0.59593,1.05444,3.26898,0.22498,0.67132,1.48096,0.000204536,0.000204536,0.000204536
227,726.668,0.64256,1.37418,0.23074,0.26599,0.77816,0.97817,0.86166,0.95473,0.77528,0.86942,0.76826,0.78745,0.6646,1.00444,3.20245,0.22338,0.56677,1.45283,0.000204111,0.000204111,0.000204111
228,730.132,0.65854,1.38878,0.22166,0.27379,0.75194,1,0.88343,0.95584,0.77621,0.84343,0.73077,0.76365,0.63377,1.00693,3.31988,0.22935,0.54774,1.46554,0.000203687,0.000203687,0.000203687
229,733.161,0.6944,1.36865,0.22778,0.27439,0.75779,0.99596,0.88462,0.94189,0.76153,0.8797,0.73077,0.77956,0.63109,1.01203,3.28487,0.23475,0.68727,1.38249,0.000203263,0.000203263,0.000203263
230,736.225,0.68245,1.42314,0.23066,0.27599,0.75676,0.97738,0.90385,0.95215,0.72777,0.83045,0.76923,0.74304,0.60007,0.99448,3.28563,0.23704,0.87728,1.34933,0.000202839,0.000202839,0.000202839
231,739.256,0.64957,1.34677,0.22209,0.27602,0.77495,0.97871,0.88425,0.92867,0.70597,0.80583,0.73077,0.67983,0.54739,1.0216,3.23701,0.23599,0.90048,1.46593,0.000202414,0.000202414,0.000202414
232,742.304,0.71925,1.45544,0.22962,0.29484,0.76401,0.9771,0.82047,0.91921,0.70105,0.7941,0.66762,0.66065,0.56911,1.03959,3.33102,0.23748,0.92283,1.56631,0.00020199,0.00020199,0.00020199
233,745.366,0.69652,1.3343,0.22968,0.28352,0.78556,0.97695,0.81532,0.89058,0.7134,0.91633,0.63192,0.69013,0.55697,1.1491,3.66251,0.23718,0.88702,1.6485,0.000201566,0.000201566,0.000201566
234,748.458,0.63589,1.415,0.22347,0.27132,0.78234,0.97543,0.84615,0.90935,0.74209,0.91274,0.63462,0.71564,0.63025,1.11705,3.49878,0.23773,0.68621,1.60372,0.000201141,0.000201141,0.000201141
235,751.549,0.6605,1.41169,0.23271,0.26842,0.76963,0.97816,0.86157,0.91643,0.75454,0.82549,0.72781,0.72827,0.61197,1.10394,3.55769,0.24127,0.69464,1.51922,0.000200717,0.000200717,0.000200717
236,754.657,0.67083,1.32402,0.215,0.27125,0.76016,0.89896,0.94231,0.93364,0.75203,0.86824,0.67308,0.7214,0.63643,1.22825,3.5823,0.23812,0.80223,1.70271,0.000200293,0.000200293,0.000200293
237,757.688,0.67133,1.35665,0.22338,0.27346,0.77892,0.9212,0.89929,0.93366,0.76834,0.92053,0.66838,0.73446,0.63727,1.08997,3.48995,0.23887,0.84254,1.51315,0.000199869,0.000199869,0.000199869
238,760.791,0.67154,1.32829,0.22614,0.27185,0.78819,0.97822,0.86374,0.95015,0.7794,0.82601,0.73037,0.77086,0.61824,1.04369,3.52085,0.23332,0.63745,1.4343,0.000199444,0.000199444,0.000199444
239,763.913,0.66977,1.32125,0.22333,0.27885,0.79551,0.95123,0.86538,0.96104,0.76992,0.83302,0.69231,0.74582,0.62091,1.01688,3.52814,0.2389,0.5972,1.46508,0.00019902,0.00019902,0.00019902
240,767.067,0.69897,1.51985,0.22172,0.2811,0.78536,0.93563,0.84615,0.9562,0.75357,0.8446,0.71154,0.74863,0.5986,1.00187,3.59236,0.23918,0.58117,1.53643,0.000198596,0.000198596,0.000198596
241,770.214,0.6256,1.3319,0.22268,0.26195,0.74623,0.97219,0.90385,0.97345,0.7525,0.78352,0.73077,0.7488,0.60849,1.0998,3.48167,0.23323,0.53856,1.67799,0.000198171,0.000198171,0.000198171
242,773.271,0.63184,1.2712,0.22451,0.26688,0.78372,0.95799,0.87709,0.9708,0.76276,0.90409,0.63462,0.7256,0.64886,1.06222,3.45024,0.23653,0.54386,1.59342,0.000197747,0.000197747,0.000197747
243,776.378,0.57046,1.25822,0.21562,0.2557,0.77513,0.95874,0.89384,0.97117,0.75735,0.80832,0.72987,0.73895,0.64105,1.03116,3.37677,0.23893,0.53087,1.58292,0.000197323,0.000197323,0.000197323
244,779.49,0.64973,1.26276,0.226,0.27154,0.74131,0.97931,0.91016,0.97708,0.76242,0.80712,0.72437,0.73438,0.63434,1.01472,3.35641,0.23729,0.50757,1.50178,0.000196899,0.000196899,0.000196899
245,782.607,0.63725,1.34742,0.22908,0.26562,0.74373,0.93911,0.88982,0.9504,0.76364,0.80771,0.75,0.75487,0.66916,1.04867,3.24737,0.24168,0.60861,1.48215,0.000196474,0.000196474,0.000196474
246,785.697,0.62122,1.3109,0.22504,0.27308,0.77471,0.97341,0.82692,0.93018,0.75252,0.78898,0.71913,0.72172,0.64424,1.02895,3.36461,0.24106,0.95422,1.45614,0.00019605,0.00019605,0.00019605
247,788.761,0.62661,1.28511,0.21605,0.26777,0.76302,0.99605,0.76923,0.90058,0.73364,0.9165,0.63324,0.71864,0.60716,1.11301,3.39328,0.23977,0.84741,1.5918,0.000195626,0.000195626,0.000195626
248,791.829,0.64298,1.3488,0.22127,0.27052,0.767,0.97266,0.80769,0.91394,0.72424,0.80994,0.67308,0.69479,0.60412,1.12355,3.40293,0.23415,0.7382,1.6428,0.000195201,0.000195201,0.000195201
249,794.88,0.60206,1.35162,0.21934,0.25592,0.78534,0.96409,0.80769,0.94401,0.74401,0.87113,0.65006,0.70555,0.61246,0.9961,3.36464,0.22849,0.66709,1.52252,0.000194777,0.000194777,0.000194777
250,797.989,0.6832,1.31491,0.22515,0.28125,0.73651,0.95546,0.80769,0.93087,0.7355,0.87209,0.65561,0.71848,0.61679,1.13327,3.33774,0.22579,0.63678,1.49913,0.000194353,0.000194353,0.000194353
251,801.056,0.63041,1.32984,0.22239,0.26894,0.76203,0.9429,0.86538,0.93578,0.74722,0.79321,0.73077,0.74653,0.63147,1.14624,3.3344,0.22765,0.62055,1.47711,0.000193929,0.000193929,0.000193929
252,804.162,0.64914,1.26113,0.21515,0.26341,0.74308,0.93398,0.90385,0.9492,0.76275,0.84699,0.76923,0.76539,0.63539,1.09003,3.45709,0.22793,0.62545,1.46052,0.000193504,0.000193504,0.000193504
253,807.284,0.62667,1.24548,0.22326,0.26873,0.74031,0.9599,0.92074,0.95466,0.77129,0.82432,0.76923,0.76489,0.64602,1.02242,3.48447,0.22738,0.5904,1.49178,0.00019308,0.00019308,0.00019308
254,810.329,0.67123,1.26509,0.21735,0.27125,0.73098,0.95974,0.91701,0.95145,0.77184,0.81263,0.76923,0.76153,0.64438,1.05928,3.55648,0.22746,0.65364,1.45008,0.000192656,0.000192656,0.000192656
255,813.34,0.67866,1.35499,0.21758,0.27355,0.74092,0.93933,0.89334,0.93626,0.76453,0.81228,0.74894,0.72201,0.63156,1.05045,3.51108,0.23094,0.73874,1.39384,0.000192231,0.000192231,0.000192231
256,816.396,0.62426,1.27021,0.21868,0.2672,0.7621,0.99796,0.82692,0.91481,0.7539,0.88418,0.65385,0.71087,0.59855,0.97691,3.57242,0.23297,0.77956,1.36161,0.000191807,0.000191807,0.000191807
257,819.5,0.67351,1.24774,0.21963,0.27704,0.74407,0.95865,0.90385,0.93741,0.75608,0.88509,0.67308,0.72385,0.60861,1.04638,3.55777,0.22901,0.77173,1.45099,0.000191383,0.000191383,0.000191383
258,822.559,0.6266,1.19192,0.21305,0.26282,0.7834,0.99048,0.88462,0.94015,0.76566,0.81591,0.73077,0.72567,0.63466,1.03262,3.4411,0.22726,0.81344,1.42202,0.000190959,0.000190959,0.000190959
259,825.672,0.66098,1.28348,0.21685,0.26811,0.7764,0.97917,0.90378,0.95869,0.76724,0.87357,0.71154,0.74815,0.60879,1.06467,3.38833,0.22697,0.73224,1.45103,0.000190534,0.000190534,0.000190534
260,828.775,0.67369,1.447,0.2244,0.27773,0.726,0.95945,0.91012,0.95782,0.77428,0.85747,0.71154,0.72727,0.63134,1.05396,3.28211,0.22658,0.63785,1.45689,0.00019011,0.00019011,0.00019011
261,831.837,0.6463,1.24736,0.2209,0.26403,0.7432,0.93458,0.92308,0.95774,0.7633,0.84315,0.69231,0.7181,0.61725,1.08463,3.37205,0.22578,0.6177,1.48835,0.000189686,0.000189686,0.000189686
262,834.846,0.58964,1.22689,0.21608,0.25906,0.7642,0.95959,0.91338,0.95813,0.74524,0.8278,0.69231,0.71987,0.61656,1.20279,3.34642,0.21805,0.69336,1.60584,0.000189261,0.000189261,0.000189261
263,837.896,0.59926,1.32285,0.2189,0.26015,0.77925,0.94909,0.86538,0.94677,0.73968,0.81124,0.73077,0.74736,0.58913,1.07126,3.25124,0.21552,0.7504,1.56183,0.000188837,0.000188837,0.000188837
264,840.928,0.70415,1.26457,0.21402,0.27812,0.72979,0.95203,0.86538,0.94782,0.75243,0.82046,0.73077,0.71912,0.55349,1.1401,3.52943,0.21961,0.76494,1.58841,0.000188413,0.000188413,0.000188413
265,844.042,0.63746,1.25568,0.2157,0.26154,0.76559,0.97007,0.84615,0.94705,0.77564,0.83962,0.73077,0.76725,0.65368,1.10899,3.33371,0.22484,0.68263,1.52109,0.000187989,0.000187989,0.000187989
266,847.115,0.67061,1.30811,0.21327,0.27345,0.75681,0.8807,0.90385,0.94264,0.76989,0.86607,0.74624,0.77725,0.64708,1.00601,3.31829,0.22491,0.72489,1.37982,0.000187564,0.000187564,0.000187564
267,850.157,0.64794,1.29147,0.22039,0.27106,0.75604,0.88555,0.90385,0.94022,0.76873,1,0.64725,0.73951,0.63527,1.06015,3.45608,0.22621,0.7924,1.44989,0.00018714,0.00018714,0.00018714
268,853.194,0.6783,1.29353,0.22368,0.26973,0.72011,0.89975,0.863,0.9244,0.75975,0.89543,0.67308,0.75394,0.63812,1.05935,3.34879,0.22775,0.93503,1.44804,0.000186716,0.000186716,0.000186716
269,856.252,0.64038,1.29651,0.21473,0.26385,0.74756,0.92189,0.90795,0.94548,0.77194,0.86056,0.73077,0.75759,0.62551,1.01344,3.39295,0.22662,0.80336,1.44139,0.000186291,0.000186291,0.000186291
270,859.274,0.66528,1.2684,0.21299,0.27407,0.75676,0.902,0.88462,0.94616,0.75626,0.95624,0.65385,0.75687,0.61904,1.01616,3.48409,0.22391,0.83108,1.4557,0.000185867,0.000185867,0.000185867
271,862.282,0.68065,1.3,0.21062,0.27421,0.73855,0.97024,0.78846,0.93295,0.75723,0.86329,0.63462,0.70095,0.61472,0.99995,3.36079,0.21733,0.77527,1.49443,0.000185443,0.000185443,0.000185443
272,865.329,0.6511,1.21447,0.21691,0.26694,0.76676,1,0.78777,0.93293,0.75277,0.94518,0.67308,0.76463,0.6073,1.12114,3.32456,0.21902,0.79863,1.52198,0.000185019,0.000185019,0.000185019
273,868.476,0.61433,1.2574,0.21606,0.26019,0.767,0.94829,0.84615,0.94539,0.75752,0.98056,0.65385,0.77195,0.61716,1.00252,3.36964,0.22557,0.81678,1.4456,0.000184594,0.000184594,0.000184594
274,871.522,0.60199,1.18254,0.21506,0.25481,0.75846,0.89356,0.90385,0.94453,0.77922,0.97916,0.65385,0.76197,0.65043,0.97834,3.3548,0.22892,0.88941,1.38971,0.00018417,0.00018417,0.00018417
275,874.592,0.71041,1.31721,0.21629,0.27433,0.72079,0.91654,0.92308,0.9353,0.77454,0.86356,0.73032,0.76724,0.64515,0.94719,3.3518,0.2262,0.85111,1.37133,0.000183746,0.000183746,0.000183746
276,877.586,0.71913,1.20624,0.20946,0.27833,0.71858,1,0.89875,0.94164,0.76422,0.85026,0.76446,0.74988,0.64894,0.95052,3.27027,0.21657,0.75154,1.49492,0.000183321,0.000183321,0.000183321
277,880.625,0.68255,1.1844,0.20507,0.27858,0.73395,0.9577,0.90385,0.93908,0.76393,0.83581,0.78846,0.76436,0.65352,0.95496,3.28385,0.21782,0.87683,1.47873,0.000182897,0.000182897,0.000182897
278,883.657,0.69941,1.24073,0.21065,0.27364,0.70724,0.95938,0.90851,0.95726,0.78246,0.8165,0.77015,0.76385,0.64197,0.90071,3.24073,0.22161,0.86157,1.36816,0.000182473,0.000182473,0.000182473
279,886.741,0.68839,1.27508,0.21628,0.27623,0.72604,0.95823,0.92308,0.95891,0.76344,0.8434,0.76923,0.78105,0.63507,0.87602,3.17391,0.22068,0.67111,1.37786,0.000182049,0.000182049,0.000182049
280,889.744,0.68048,1.2169,0.21029,0.26787,0.71473,0.95802,0.86538,0.95534,0.7375,0.82335,0.71714,0.69982,0.58841,1.0311,3.32746,0.22198,0.79671,1.54216,0.000181624,0.000181624,0.000181624
281,892.795,0.62302,1.30466,0.21313,0.25925,0.72833,0.94154,0.92928,0.95672,0.76532,0.90145,0.7037,0.74953,0.65274,0.98218,3.29692,0.22044,0.84427,1.40339,0.0001812,0.0001812,0.0001812
282,895.822,0.60632,1.21198,0.2178,0.25053,0.7669,0.92277,0.88462,0.9506,0.76795,0.84616,0.78846,0.78441,0.6329,1.08862,3.39545,0.22491,1.22822,1.46125,0.000180776,0.000180776,0.000180776
283,898.856,0.60684,1.25048,0.21215,0.26049,0.77364,0.93912,0.89007,0.93747,0.77003,0.85476,0.79233,0.78889,0.66249,1.10546,3.41754,0.23411,1.42456,1.44348,0.000180351,0.000180351,0.000180351
284,901.99,0.70617,1.35067,0.21363,0.27484,0.74842,0.97814,0.86049,0.918,0.75735,0.86889,0.76474,0.77766,0.62919,1.13453,3.53453,0.23532,1.28463,1.51719,0.000179927,0.000179927,0.000179927
285,904.997,0.5989,1.2766,0.21685,0.25261,0.76968,0.97863,0.88091,0.93456,0.76915,0.87188,0.78526,0.78439,0.62938,1.08583,3.53212,0.23053,0.85095,1.5547,0.000179503,0.000179503,0.000179503
286,908.008,0.64836,1.23154,0.21153,0.25664,0.73913,1,0.86017,0.95084,0.77444,0.88851,0.76633,0.79836,0.63597,1.15809,3.53441,0.22901,0.71608,1.64593,0.000179079,0.000179079,0.000179079
287,911.104,0.67975,1.27318,0.20705,0.26225,0.73223,0.95822,0.88216,0.93624,0.77839,0.91318,0.73077,0.78329,0.68187,1.05805,3.38751,0.23602,0.77214,1.57568,0.000178654,0.000178654,0.000178654
288,914.556,0.62926,1.25606,0.21279,0.25776,0.71274,0.95906,0.90098,0.93715,0.77185,0.8558,0.79901,0.80671,0.67062,1.10176,3.43297,0.24486,0.83727,1.64194,0.00017823,0.00017823,0.00017823
289,917.629,0.64639,1.25428,0.21416,0.25883,0.73424,0.92245,0.92308,0.93624,0.77858,0.92622,0.72441,0.8079,0.65497,1.10235,3.42324,0.23807,0.68633,1.66392,0.000177806,0.000177806,0.000177806
290,920.677,0.67677,1.26621,0.20939,0.26235,0.72698,0.95333,0.88462,0.93457,0.78313,0.8496,0.78846,0.78604,0.66876,1.05058,3.33942,0.22746,0.64646,1.55218,0.000177381,0.000177381,0.000177381
291,923.736,0.60623,1.24861,0.21072,0.2456,0.72259,0.93709,0.85945,0.93137,0.78431,0.86295,0.75,0.7664,0.65363,1.03262,3.30697,0.23295,0.68505,1.54428,0.000176957,0.000176957,0.000176957
292,926.791,0.61213,1.23277,0.21055,0.2517,0.73658,0.96225,0.88462,0.93821,0.78764,0.88142,0.78846,0.78888,0.66129,1.07767,3.30145,0.22921,0.79882,1.55339,0.000176533,0.000176533,0.000176533
293,929.796,0.64265,1.15304,0.21285,0.25478,0.75017,0.96942,0.88462,0.91891,0.78167,0.84278,0.76923,0.76557,0.6564,1.07668,3.33059,0.22137,0.81616,1.58563,0.000176109,0.000176109,0.000176109
294,932.787,0.63272,1.19541,0.20415,0.25857,0.73113,0.95379,0.88462,0.91857,0.78742,0.84862,0.78846,0.80129,0.67197,1.08519,3.24763,0.22028,0.67799,1.55804,0.000175684,0.000175684,0.000175684
295,935.809,0.62378,1.10567,0.20849,0.25465,0.74619,0.95898,0.8993,0.91847,0.78923,0.8565,0.80355,0.80572,0.67723,1.09899,3.22252,0.2177,0.58645,1.53887,0.00017526,0.00017526,0.00017526
296,939.317,0.63866,1.17836,0.20865,0.25472,0.72891,0.94933,0.88462,0.91844,0.78272,0.8663,0.80769,0.80555,0.66196,1.07594,3.2869,0.219,0.60044,1.49953,0.000174836,0.000174836,0.000174836
297,942.413,0.65832,1.20256,0.21395,0.25327,0.75356,0.97488,0.82692,0.92613,0.78324,0.80359,0.78683,0.77899,0.67515,1.04223,3.19568,0.2143,0.64928,1.48292,0.000174411,0.000174411,0.000174411
298,945.492,0.62117,1.19326,0.21096,0.25934,0.75312,0.8991,0.85695,0.90954,0.76974,0.8788,0.67308,0.75543,0.654,1.06384,3.29172,0.21641,0.68815,1.49275,0.000173987,0.000173987,0.000173987
299,948.541,0.61915,1.21268,0.20722,0.25572,0.73959,0.90323,0.89755,0.91633,0.7692,0.86875,0.76385,0.77868,0.68376,0.97776,3.12892,0.2153,0.58253,1.44615,0.000173563,0.000173563,0.000173563
300,951.571,0.63339,1.34507,0.2122,0.26083,0.73198,0.91929,0.87625,0.90399,0.75666,0.78152,0.8255,0.79079,0.67418,0.94631,3.11168,0.21857,0.56534,1.38053,0.000173139,0.000173139,0.000173139
301,954.588,0.60667,1.22484,0.20973,0.2476,0.71534,0.85925,0.93922,0.92291,0.77022,0.81553,0.76525,0.77655,0.66001,0.97071,3.22415,0.22087,0.52901,1.3874,0.000172714,0.000172714,0.000172714
302,957.636,0.61257,1.20393,0.21073,0.24514,0.73087,0.87515,0.94367,0.94386,0.78432,0.80838,0.75,0.7603,0.68623,0.94161,3.16796,0.2233,0.48831,1.35136,0.00017229,0.00017229,0.00017229
303,961.122,0.71254,1.14496,0.20582,0.26077,0.68985,0.91732,0.88462,0.9404,0.77912,0.81928,0.76923,0.79359,0.66521,0.91896,3.1986,0.22408,0.51184,1.34587,0.000171866,0.000171866,0.000171866
304,964.217,0.68026,1.11547,0.20895,0.25798,0.68914,0.92124,0.89985,0.93819,0.7758,0.87743,0.69231,0.77694,0.65567,0.91696,3.29579,0.22267,0.52191,1.33937,0.000171441,0.000171441,0.000171441
305,967.26,0.60307,1.11536,0.20878,0.24571,0.72373,0.93249,0.82692,0.92515,0.76125,0.79455,0.69231,0.72913,0.62344,0.8861,3.33052,0.22138,0.57023,1.30948,0.000171017,0.000171017,0.000171017
306,970.294,0.60763,1.10638,0.20691,0.2527,0.68638,0.86861,0.89004,0.92266,0.76892,0.8031,0.67308,0.74741,0.65581,0.87633,3.26439,0.21996,0.5495,1.30333,0.000170593,0.000170593,0.000170593
307,973.324,0.632,1.18812,0.2066,0.25165,0.7212,0.90269,0.89202,0.93605,0.77972,0.93689,0.67308,0.75449,0.66051,0.91099,3.30844,0.21934,0.5255,1.34537,0.000170169,0.000170169,0.000170169
308,976.394,0.59479,1.19999,0.2055,0.24978,0.74141,0.91779,0.85882,0.90121,0.78561,0.95679,0.67308,0.761,0.66391,0.87996,3.28997,0.2252,0.63342,1.31801,0.000169744,0.000169744,0.000169744
309,979.453,0.65702,1.18417,0.21309,0.25473,0.70848,0.90491,0.91507,0.9193,0.78547,0.80273,0.80769,0.77953,0.67829,0.90136,3.21679,0.22204,0.60749,1.33521,0.00016932,0.00016932,0.00016932
310,982.481,0.61167,1.14291,0.19799,0.24375,0.7301,0.88445,0.94231,0.93959,0.79597,0.78661,0.82692,0.79268,0.6563,0.94843,3.29509,0.21819,0.58223,1.3557,0.000168896,0.000168896,0.000168896
311,985.562,0.62832,1.13856,0.21022,0.24965,0.7203,0.95501,0.84615,0.92886,0.79163,0.85927,0.75,0.79704,0.68179,1.0066,3.32835,0.22226,0.77258,1.48647,0.000168471,0.000168471,0.000168471
312,989.03,0.68142,1.14725,0.20188,0.26148,0.70039,0.97104,0.84615,0.90711,0.7674,0.86007,0.75,0.79326,0.67477,0.98629,3.31062,0.22318,0.86735,1.48594,0.000168047,0.000168047,0.000168047
313,992.076,0.60966,1.17101,0.20415,0.25159,0.71466,0.95231,0.86538,0.90317,0.76378,0.84459,0.76923,0.777,0.63895,0.96434,3.30142,0.22251,0.7463,1.45599,0.000167623,0.000167623,0.000167623
314,995.14,0.6617,1.17929,0.20959,0.26052,0.72446,0.95727,0.86163,0.90662,0.77072,0.84994,0.78846,0.78513,0.67454,0.94938,3.21343,0.22294,0.74596,1.38827,0.000167199,0.000167199,0.000167199
315,998.21,0.56007,1.11782,0.20031,0.23606,0.73171,0.93209,0.86538,0.90577,0.77132,0.8283,0.76923,0.76795,0.67773,0.98959,3.12477,0.22713,0.81667,1.37431,0.000166774,0.000166774,0.000166774
316,1001.3,0.66174,1.16996,0.20396,0.25904,0.72245,0.92619,0.86538,0.90885,0.77846,0.82237,0.75,0.79069,0.65083,1.02975,3.205,0.22808,0.73376,1.44254,0.00016635,0.00016635,0.00016635
317,1004.38,0.65563,1.17458,0.20476,0.25119,0.7196,0.93877,0.88455,0.90933,0.77681,0.84765,0.74902,0.78885,0.62184,0.9876,3.37036,0.22776,0.75242,1.36337,0.000165926,0.000165926,0.000165926
318,1007.45,0.60874,1.15502,0.20053,0.24582,0.74605,1,0.84169,0.91628,0.7859,0.95434,0.80399,0.84968,0.68564,0.9541,3.22428,0.22893,0.66483,1.33218,0.000165501,0.000165501,0.000165501
319,1010.54,0.63166,1.15344,0.20169,0.25146,0.71706,0.96436,0.86538,0.91714,0.77689,0.94749,0.80769,0.84473,0.67731,1.01289,3.33694,0.23598,0.82699,1.41284,0.000165077,0.000165077,0.000165077
320,1013.63,0.63719,1.09679,0.20715,0.25341,0.73061,0.95698,0.85564,0.91178,0.77948,0.8476,0.74869,0.7795,0.68441,1.0224,3.31185,0.22904,0.78051,1.45112,0.000164653,0.000164653,0.000164653
321,1016.72,0.64558,1.14441,0.20346,0.25305,0.7248,0.97401,0.86538,0.91652,0.79079,0.84366,0.75,0.77942,0.68491,1.06887,3.30046,0.2211,0.71387,1.50857,0.000164229,0.000164229,0.000164229
322,1020.18,0.62307,1.20233,0.20879,0.24532,0.71988,0.93982,0.90095,0.91764,0.79027,0.83971,0.80596,0.81985,0.69294,1.11403,3.30549,0.22342,0.74656,1.54356,0.000163804,0.000163804,0.000163804
323,1023.64,0.68826,1.19724,0.20437,0.25343,0.70346,0.92199,0.86538,0.9178,0.79439,0.90275,0.73077,0.80414,0.68801,1.03688,3.32363,0.2237,0.73719,1.40937,0.00016338,0.00016338,0.00016338
324,1026.73,0.60397,1.12226,0.19985,0.24566,0.71246,0.96866,0.82692,0.87848,0.75593,0.87838,0.75,0.78328,0.68053,1.04222,3.30793,0.21942,1.04155,1.3906,0.000162956,0.000162956,0.000162956
325,1029.75,0.59041,1.21495,0.21346,0.24121,0.74068,0.93455,0.82389,0.89203,0.76533,0.84112,0.75,0.76515,0.67418,1.06338,3.25104,0.22501,1.09713,1.42229,0.000162531,0.000162531,0.000162531
326,1032.78,0.64976,1.13565,0.20362,0.25029,0.70855,0.88475,0.82692,0.91624,0.77036,0.99247,0.65385,0.77174,0.67141,0.99387,3.29484,0.23046,0.98978,1.34756,0.000162107,0.000162107,0.000162107
327,1035.82,0.59332,1.12107,0.19539,0.24501,0.71774,0.90223,0.88738,0.93953,0.79214,0.9864,0.67308,0.79918,0.68335,0.94,3.10097,0.22103,0.67021,1.3065,0.000161683,0.000161683,0.000161683
328,1038.92,0.58687,1.16691,0.19981,0.24866,0.72722,0.91978,0.88201,0.92434,0.78712,0.96508,0.69231,0.78334,0.6904,0.9476,3.12333,0.21284,0.59255,1.36705,0.000161259,0.000161259,0.000161259
329,1041.96,0.6417,1.11415,0.2026,0.25583,0.70679,0.9386,0.88192,0.92521,0.79362,0.85688,0.80598,0.80609,0.69974,1.01635,3.0843,0.2083,0.47417,1.46746,0.000160834,0.000160834,0.000160834
330,1045.45,0.62914,1.15007,0.20193,0.25532,0.71454,0.97341,0.88462,0.93225,0.78727,0.89049,0.80769,0.82685,0.69802,1.02466,3.09467,0.21227,0.50068,1.46661,0.00016041,0.00016041,0.00016041
331,1048.49,0.64742,1.12405,0.19705,0.25263,0.70819,0.97321,0.88462,0.93324,0.8054,0.88256,0.80769,0.82796,0.71665,1.04911,3.07765,0.21251,0.57008,1.44386,0.000159986,0.000159986,0.000159986
332,1051.98,0.5931,1.05651,0.19595,0.23692,0.72557,0.95791,0.88462,0.94272,0.79613,0.87424,0.80769,0.80876,0.68613,1.02608,3.10214,0.21391,0.67845,1.4058,0.000159561,0.000159561,0.000159561
333,1055.07,0.65025,1.05567,0.1974,0.2525,0.70974,0.95289,0.86538,0.92682,0.77129,0.8681,0.78846,0.80845,0.6733,1.00866,3.08469,0.21471,0.61548,1.41917,0.000159137,0.000159137,0.000159137
334,1058.13,0.59389,1.09352,0.203,0.24441,0.71095,0.93728,0.86215,0.91103,0.76954,0.99514,0.71154,0.80534,0.66575,0.99333,3.10691,0.21787,0.62789,1.36921,0.000158713,0.000158713,0.000158713
335,1061.19,0.68362,1.15346,0.20572,0.25913,0.73225,0.97551,0.86538,0.91376,0.77345,0.88831,0.78846,0.80642,0.67926,0.94696,3.05836,0.22241,0.69881,1.33137,0.000158289,0.000158289,0.000158289
336,1064.31,0.66146,1.11431,0.20591,0.25596,0.69552,0.95736,0.86352,0.91068,0.77382,0.86656,0.78846,0.8231,0.68602,0.90119,3.02222,0.22462,0.63246,1.2812,0.000157864,0.000157864,0.000157864
337,1067.38,0.62245,1.09969,0.2002,0.24709,0.72579,0.92222,0.88462,0.94357,0.77438,0.88885,0.76895,0.8073,0.62667,0.9153,3.06877,0.22286,0.62917,1.30146,0.00015744,0.00015744,0.00015744
338,1070.47,0.64876,1.03802,0.20047,0.25256,0.70694,0.95189,0.90385,0.93458,0.7877,0.86935,0.82692,0.82892,0.6957,0.88305,2.90341,0.2194,0.62356,1.30928,0.000157016,0.000157016,0.000157016
339,1073.55,0.56678,1.00254,0.19965,0.24353,0.71871,0.91157,0.90385,0.91776,0.78583,0.88462,0.76923,0.8109,0.69375,0.8901,2.98447,0.21936,0.69056,1.34314,0.000156591,0.000156591,0.000156591
340,1076.64,0.63674,1.1105,0.2129,0.24652,0.72459,0.99368,0.84615,0.93129,0.78422,0.91074,0.76923,0.77652,0.67675,0.88125,3.08252,0.21714,0.79112,1.32793,0.000156167,0.000156167,0.000156167
341,1079.69,0.64684,1.0647,0.20275,0.26334,0.72552,0.95347,0.84615,0.93048,0.79653,0.88822,0.78846,0.82734,0.68426,0.85858,3.03504,0.21281,0.65304,1.29942,0.000155743,0.000155743,0.000155743
342,1082.8,0.70635,1.05826,0.19949,0.26759,0.69995,0.95265,0.84615,0.9429,0.78883,0.85879,0.76923,0.79791,0.66831,0.88593,3.01687,0.21028,0.78348,1.33373,0.000155319,0.000155319,0.000155319
343,1085.89,0.7088,1.04404,0.19642,0.2728,0.68089,0.91541,0.83256,0.93249,0.78366,0.84782,0.74999,0.78056,0.66257,1.02275,3.13774,0.21411,1.10379,1.40081,0.000154894,0.000154894,0.000154894
344,1089,0.63637,1.05958,0.20296,0.25437,0.69927,0.93294,0.84615,0.92415,0.77933,0.84695,0.76923,0.77933,0.68537,1.06617,3.15857,0.21971,1.17569,1.44324,0.00015447,0.00015447,0.00015447
345,1092.12,0.61762,1.09159,0.20087,0.24917,0.72357,0.95158,0.82692,0.91646,0.78571,0.87205,0.75,0.77503,0.68472,1.01575,3.17192,0.22263,1.04929,1.4465,0.000154046,0.000154046,0.000154046
346,1095.16,0.68549,1.06728,0.19507,0.25697,0.71795,0.97077,0.84615,0.92783,0.79005,0.89895,0.75,0.76325,0.67837,1.05626,3.14932,0.21795,0.96429,1.46656,0.000153621,0.000153621,0.000153621
347,1098.25,0.68805,1.03108,0.19194,0.25259,0.68605,0.93868,0.8832,0.92953,0.79667,0.84415,0.75,0.78214,0.67444,1.03105,3.18862,0.21689,0.94004,1.41772,0.000153197,0.000153197,0.000153197
348,1101.3,0.62014,1.04418,0.19817,0.24572,0.69124,0.90309,0.8961,0.91666,0.76656,0.83599,0.78426,0.77568,0.66312,1.09507,3.2047,0.21766,0.94868,1.46373,0.000152773,0.000152773,0.000152773
349,1104.43,0.54327,1.04098,0.19645,0.23786,0.73076,0.90379,0.90325,0.92011,0.7784,0.79629,0.78846,0.77564,0.659,1.05718,3.21545,0.22023,0.91883,1.42758,0.000152349,0.000152349,0.000152349
350,1107.48,0.65843,1.04698,0.19236,0.24702,0.69494,0.88646,0.90092,0.91343,0.7818,0.79616,0.76923,0.77196,0.64317,0.98702,3.14064,0.21834,0.77498,1.36212,0.000151924,0.000151924,0.000151924
351,1110.57,0.5993,1.0461,0.20032,0.24562,0.71313,0.88811,0.91594,0.90075,0.77938,0.81999,0.78846,0.79402,0.65257,1.01496,3.14936,0.21527,0.77898,1.38145,0.0001515,0.0001515,0.0001515
352,1113.67,0.57727,1.03929,0.19878,0.23896,0.70862,0.95694,0.85495,0.91403,0.78603,0.87094,0.77878,0.81888,0.6704,1.02197,3.11421,0.21311,0.76799,1.34685,0.000151076,0.000151076,0.000151076
353,1116.76,0.65111,1.08902,0.20468,0.25059,0.71131,0.8975,0.86538,0.9096,0.78139,0.81724,0.78846,0.81313,0.68273,0.90386,2.97546,0.21106,0.71904,1.26934,0.000150651,0.000150651,0.000150651
354,1119.87,0.6437,1.05307,0.19744,0.24592,0.73187,0.99346,0.84615,0.93141,0.79493,0.90159,0.76923,0.8055,0.68017,0.95847,2.88465,0.20887,0.69163,1.29987,0.000150227,0.000150227,0.000150227
355,1122.95,0.65229,1.09942,0.19553,0.2517,0.69676,0.91769,0.88462,0.91825,0.78105,0.83682,0.80769,0.81095,0.65839,0.98643,2.94326,0.20482,0.63719,1.33493,0.000149803,0.000149803,0.000149803
356,1126.04,0.61741,1.05128,0.20466,0.24663,0.71742,0.9428,0.80769,0.93915,0.78986,0.8318,0.76923,0.79445,0.65847,0.94897,2.9467,0.20381,0.92648,1.3014,0.000149379,0.000149379,0.000149379
357,1129.11,0.67318,1.07629,0.19814,0.25487,0.7049,0.93337,0.88462,0.94332,0.77943,0.83167,0.78846,0.81201,0.68444,0.95779,2.92174,0.20333,1.00002,1.32319,0.000148954,0.000148954,0.000148954
358,1132.24,0.63002,1.07699,0.1993,0.24714,0.7119,1,0.78714,0.93776,0.77632,0.76589,0.82692,0.81236,0.67895,0.94043,2.951,0.20026,0.90354,1.35811,0.00014853,0.00014853,0.00014853
359,1135.31,0.5967,1.13173,0.20057,0.24198,0.73153,0.953,0.88462,0.94934,0.7858,0.86966,0.80769,0.80646,0.6761,0.88277,2.93122,0.20044,0.65645,1.34028,0.000148106,0.000148106,0.000148106
360,1138.38,0.59292,1.10592,0.19986,0.24642,0.69139,0.95982,0.91875,0.95406,0.77855,0.86327,0.73077,0.79044,0.6571,0.92713,3.02415,0.20015,0.61595,1.41705,0.000147681,0.000147681,0.000147681
361,1141.44,0.64007,1.01444,0.19658,0.24631,0.70242,0.97734,0.86538,0.95316,0.79751,0.86804,0.76923,0.80298,0.68413,0.89086,3.03082,0.20458,0.60631,1.34814,0.000147257,0.000147257,0.000147257
362,1144.57,0.57269,1.04854,0.19958,0.22919,0.71716,0.94092,0.91888,0.93685,0.79487,0.86218,0.8422,0.83094,0.69228,0.9644,3.04611,0.20883,0.72163,1.36405,0.000146833,0.000146833,0.000146833
363,1147.66,0.60812,0.99529,0.19308,0.23572,0.71474,0.93681,0.90385,0.91184,0.78978,0.85653,0.82692,0.8223,0.68934,0.98707,3.04441,0.21462,0.79668,1.36216,0.000146409,0.000146409,0.000146409
364,1150.74,0.59934,0.99182,0.19463,0.23824,0.69042,0.95429,0.86538,0.9362,0.806,0.89046,0.80769,0.84722,0.70501,1.02659,3.01024,0.21616,0.74136,1.38682,0.000145984,0.000145984,0.000145984
365,1153.77,0.59676,1.07713,0.19474,0.24307,0.71773,0.93884,0.88564,0.93628,0.80221,0.8888,0.76854,0.8046,0.67989,1.05337,3.13152,0.21675,0.71809,1.42396,0.00014556,0.00014556,0.00014556
366,1156.83,0.63374,1.01059,0.18841,0.24922,0.70494,0.9397,0.89912,0.93223,0.80302,0.84682,0.76923,0.78138,0.66545,0.97312,3.17755,0.21491,0.59845,1.40165,0.000145136,0.000145136,0.000145136
367,1159.94,0.61299,1.01013,0.19021,0.24507,0.69831,0.9155,0.88462,0.94329,0.792,0.81556,0.78846,0.77689,0.67984,0.93957,3.26701,0.2103,0.56283,1.39861,0.000144711,0.000144711,0.000144711
368,1162.97,0.59328,0.98213,0.19586,0.23686,0.72216,0.88672,0.9032,0.92985,0.78897,0.82281,0.75,0.77926,0.67377,0.89635,3.3104,0.2049,0.53791,1.36305,0.000144287,0.000144287,0.000144287
369,1166.03,0.64967,1.05552,0.20527,0.24606,0.70138,0.8678,0.88367,0.90956,0.78755,0.90694,0.67308,0.75421,0.65655,0.89914,3.23335,0.20809,0.60118,1.34879,0.000143863,0.000143863,0.000143863
370,1169.07,0.66149,0.99837,0.19066,0.25272,0.69751,0.97667,0.80522,0.90762,0.78967,0.91868,0.67308,0.75698,0.6626,0.90556,3.27514,0.21078,0.66121,1.32417,0.000143439,0.000143439,0.000143439
371,1172.16,0.63926,1.02352,0.19112,0.25285,0.71203,0.86028,0.82692,0.88498,0.77965,0.94142,0.67308,0.75563,0.66005,0.94244,3.32245,0.21352,0.83583,1.30567,0.000143014,0.000143014,0.000143014
372,1175.18,0.65432,0.97547,0.19081,0.24647,0.68903,0.97552,0.76625,0.91403,0.79341,0.96299,0.67308,0.73612,0.66075,0.85148,3.3401,0.21605,0.8061,1.29363,0.00014259,0.00014259,0.00014259
373,1178.18,0.57649,1.01413,0.20071,0.2407,0.72336,0.85956,0.88462,0.9152,0.78804,0.93089,0.67308,0.75387,0.66776,0.89959,3.15802,0.21427,0.69665,1.38509,0.000142166,0.000142166,0.000142166
374,1181.21,0.65795,1.07262,0.19625,0.25096,0.69895,0.85705,0.92237,0.94261,0.78511,0.94539,0.6659,0.75904,0.64975,0.89796,3.10901,0.21636,0.59708,1.38886,0.000141741,0.000141741,0.000141741
375,1184.22,0.57255,1.10652,0.19918,0.23338,0.71858,0.88795,0.91444,0.9455,0.78365,0.7866,0.77983,0.77857,0.65603,0.93743,2.94457,0.21446,0.63197,1.42131,0.000141317,0.000141317,0.000141317
376,1187.27,0.67691,0.97026,0.19435,0.25451,0.65931,0.87486,0.94112,0.96528,0.79221,0.8137,0.78846,0.79724,0.66278,0.90868,2.98111,0.2113,0.63869,1.37818,0.000140893,0.000140893,0.000140893
377,1190.34,0.56692,1.08956,0.19017,0.23674,0.73198,0.8951,0.92308,0.96514,0.79461,0.88578,0.69231,0.7942,0.66887,0.91142,3.00011,0.21208,0.62469,1.37167,0.000140469,0.000140469,0.000140469
378,1193.39,0.66176,1.03051,0.19792,0.25065,0.71856,0.93529,0.94231,0.96279,0.79406,0.8012,0.80769,0.79425,0.68205,0.93016,2.87885,0.20893,0.67098,1.39288,0.000140044,0.000140044,0.000140044
379,1196.45,0.60683,1.03235,0.19701,0.24688,0.70398,0.94113,0.92308,0.96373,0.797,0.80738,0.80769,0.79236,0.68468,0.90522,2.86762,0.20648,0.69865,1.37218,0.00013962,0.00013962,0.00013962
380,1199.53,0.67495,1.00413,0.18854,0.24736,0.6903,0.9762,0.92308,0.97571,0.81277,0.83991,0.80718,0.80444,0.66951,0.93606,2.85566,0.2021,0.69888,1.42266,0.000139196,0.000139196,0.000139196
381,1202.61,0.61451,0.98293,0.18671,0.24126,0.70239,0.93462,0.94231,0.96655,0.7907,0.79155,0.80335,0.78318,0.65724,0.99866,2.93548,0.20188,0.71323,1.47055,0.000138771,0.000138771,0.000138771
382,1205.66,0.6189,1.00553,0.19707,0.24503,0.69082,0.92269,0.91819,0.95418,0.79076,0.84546,0.76923,0.77723,0.66923,0.95016,2.9634,0.20337,0.64059,1.43304,0.000138347,0.000138347,0.000138347
383,1208.69,0.67236,1.00449,0.19324,0.24654,0.68036,0.92551,0.95584,0.95546,0.79188,0.84779,0.78846,0.80748,0.66906,0.94694,2.91637,0.20323,0.60659,1.36131,0.000137923,0.000137923,0.000137923
384,1211.78,0.63212,1.0628,0.18705,0.24426,0.67524,0.89256,0.95865,0.9551,0.79661,0.84773,0.76923,0.78453,0.67928,0.90652,2.8971,0.20371,0.54975,1.32374,0.000137499,0.000137499,0.000137499
385,1214.85,0.6678,0.99174,0.19288,0.24876,0.68198,0.91994,0.88391,0.94763,0.79852,0.81975,0.78846,0.79915,0.67324,0.93831,2.96774,0.20439,0.54617,1.35346,0.000137074,0.000137074,0.000137074
386,1217.88,0.65067,0.9991,0.19167,0.24267,0.68436,0.95905,0.90079,0.96523,0.80481,0.98177,0.67308,0.76852,0.6715,0.92208,3.00279,0.20629,0.57277,1.32686,0.00013665,0.00013665,0.00013665
387,1220.93,0.63775,1.01487,0.19502,0.24307,0.70117,0.92979,0.90385,0.94934,0.79799,0.9813,0.67308,0.78288,0.67543,0.91067,3.09853,0.20893,0.67469,1.33386,0.000136226,0.000136226,0.000136226
388,1223.96,0.63593,0.94828,0.19083,0.24549,0.70274,0.90358,0.90111,0.93362,0.79402,0.7929,0.80995,0.80405,0.68163,0.87185,3.14175,0.21092,0.73196,1.27268,0.000135801,0.000135801,0.000135801
389,1227.01,0.66227,0.9431,0.19137,0.25624,0.68497,0.92147,0.90266,0.93502,0.79087,0.85972,0.75,0.80183,0.68874,0.87274,3.1455,0.21294,0.69985,1.2831,0.000135377,0.000135377,0.000135377
390,1230.07,0.59867,1.02088,0.1937,0.24413,0.70888,0.95562,0.92308,0.93813,0.7883,0.83568,0.80769,0.8062,0.65935,0.97647,3.09601,0.20994,0.60649,1.44292,0.000134953,0.000134953,0.000134953
391,1233.14,0.57412,1.00181,0.19426,0.24057,0.71358,0.93196,0.92308,0.93554,0.76614,0.79546,0.78846,0.78137,0.64072,0.98441,3.12143,0.20873,0.53134,1.48984,0.000134529,0.000134529,0.000134529
392,1236.17,0.56878,1.04653,0.19291,0.236,0.72,0.97895,0.89458,0.93688,0.77076,0.85033,0.76486,0.7672,0.64544,0.9986,3.14855,0.20886,0.53247,1.47649,0.000134104,0.000134104,0.000134104
393,1239.27,0.677,0.96616,0.19121,0.25233,0.69351,0.97618,0.90385,0.95534,0.79395,0.87223,0.78771,0.80775,0.6852,0.94285,3.02572,0.20381,0.49086,1.43112,0.00013368,0.00013368,0.00013368
394,1242.33,0.64209,1.03862,0.19698,0.24979,0.69763,0.91584,0.90385,0.96663,0.7898,0.90058,0.73077,0.80264,0.67305,0.88541,2.95286,0.20174,0.47134,1.34523,0.000133256,0.000133256,0.000133256
395,1245.41,0.60553,0.96066,0.19351,0.24078,0.70515,0.89982,0.90385,0.95489,0.78639,0.8835,0.69231,0.76424,0.66015,0.88513,3.03004,0.19898,0.49058,1.32317,0.000132831,0.000132831,0.000132831
396,1248.51,0.63514,0.95363,0.18738,0.24349,0.69798,0.95012,0.90385,0.94841,0.79735,0.79057,0.75,0.74039,0.67626,0.86178,3.09015,0.19797,0.55284,1.25997,0.000132407,0.000132407,0.000132407
397,1251.54,0.62383,0.96394,0.18782,0.24113,0.68548,1,0.80625,0.91114,0.79175,0.93188,0.65385,0.74208,0.67717,0.86753,3.10591,0.19942,0.66901,1.24935,0.000131983,0.000131983,0.000131983
398,1254.62,0.6104,0.96902,0.20002,0.24261,0.70974,0.94474,0.82692,0.91105,0.78892,0.9531,0.65385,0.74261,0.67068,0.89232,3.20233,0.20265,0.81348,1.24217,0.000131559,0.000131559,0.000131559
399,1257.69,0.6281,0.99991,0.19038,0.23948,0.70002,0.95781,0.87334,0.91631,0.80733,0.83261,0.76923,0.76913,0.67379,0.90446,3.23975,0.20612,0.77595,1.25444,0.000131134,0.000131134,0.000131134
400,1260.82,0.64408,0.93003,0.18987,0.24517,0.68974,0.97908,0.90026,0.92153,0.81221,0.85369,0.78549,0.78594,0.67997,0.91947,3.17833,0.20571,0.85368,1.25486,0.00013071,0.00013071,0.00013071
401,1263.95,0.62646,0.94318,0.19332,0.2384,0.68483,0.9987,0.90385,0.9242,0.80542,0.8705,0.78846,0.78976,0.6892,0.91582,3.05682,0.20401,0.76965,1.28708,0.000130286,0.000130286,0.000130286
402,1267,0.6236,1.00967,0.19462,0.23979,0.70644,0.97904,0.89831,0.93961,0.79975,0.87425,0.80228,0.79479,0.68412,0.90499,3.10776,0.20506,0.71843,1.30619,0.000129861,0.000129861,0.000129861
403,1270.06,0.57984,0.96979,0.19438,0.23059,0.71943,1,0.87949,0.93976,0.80556,0.89103,0.78627,0.79224,0.69298,0.88646,3.11968,0.2047,0.68976,1.31197,0.000129437,0.000129437,0.000129437
404,1273.14,0.61518,1.00771,0.18696,0.2406,0.68739,0.95865,0.89181,0.95371,0.80535,0.96359,0.69231,0.78323,0.66562,0.90289,3.11336,0.20596,0.72221,1.34946,0.000129013,0.000129013,0.000129013
405,1276.18,0.68247,0.96459,0.18855,0.25362,0.66428,0.93225,0.90385,0.9518,0.80273,0.95251,0.69231,0.78236,0.67315,0.93891,3.03218,0.20495,0.75324,1.362,0.000128589,0.000128589,0.000128589
406,1279.31,0.62464,0.9434,0.19523,0.24035,0.71986,0.97556,0.90385,0.95222,0.7993,0.87088,0.80769,0.80575,0.66805,0.98202,3.10917,0.20523,0.79737,1.40595,0.000128164,0.000128164,0.000128164
407,1282.33,0.58429,0.98832,0.17834,0.23319,0.71079,0.94436,0.88462,0.93548,0.79073,0.83763,0.79376,0.79144,0.68272,0.95876,3.13938,0.20507,0.83046,1.38603,0.00012774,0.00012774,0.00012774
408,1285.36,0.71253,0.99169,0.19435,0.25216,0.6765,0.91443,0.88462,0.93182,0.78545,0.89906,0.73077,0.78907,0.67298,0.95727,3.11193,0.20447,0.76658,1.44561,0.000127316,0.000127316,0.000127316
409,1288.41,0.64917,0.89922,0.18669,0.24726,0.69293,0.93119,0.86538,0.93033,0.78242,0.88288,0.75,0.78724,0.68329,0.95415,3.14128,0.20549,0.72933,1.45834,0.000126891,0.000126891,0.000126891
410,1291.44,0.6442,0.97132,0.18904,0.24357,0.68507,0.92582,0.88462,0.93324,0.79018,0.92656,0.72796,0.80253,0.68825,0.91665,3.18627,0.21108,0.75756,1.40878,0.000126467,0.000126467,0.000126467
411,1294.46,0.61014,0.92579,0.18675,0.23523,0.69038,0.99308,0.86538,0.94042,0.80053,0.94855,0.70914,0.78776,0.684,0.93176,3.15335,0.21113,0.84047,1.39785,0.000126043,0.000126043,0.000126043
412,1297.59,0.60551,0.91343,0.19273,0.23469,0.68235,0.979,0.89655,0.92228,0.79231,0.88356,0.75,0.78805,0.6829,0.96868,3.07365,0.21435,1.05489,1.36787,0.000125619,0.000125619,0.000125619
413,1300.66,0.61684,0.88669,0.19177,0.24418,0.71383,0.97731,0.90385,0.92295,0.78878,0.84988,0.78846,0.78823,0.6721,0.97417,3.07931,0.21382,1.00344,1.37089,0.000125194,0.000125194,0.000125194
414,1303.71,0.62684,0.97422,0.19679,0.24477,0.70994,0.95815,0.88065,0.91743,0.80594,0.85392,0.78695,0.78669,0.68148,0.94348,3.13271,0.21151,1.00954,1.34337,0.00012477,0.00012477,0.00012477
415,1306.81,0.62611,0.99182,0.19605,0.24369,0.68828,0.95971,0.91621,0.92136,0.79503,0.81879,0.78211,0.76635,0.67062,0.96387,3.03344,0.20518,0.83045,1.43832,0.000124346,0.000124346,0.000124346
416,1309.86,0.5861,0.87812,0.18125,0.23531,0.72121,0.95446,0.92308,0.92136,0.78401,0.83258,0.80769,0.78221,0.67207,0.94498,3.00197,0.20512,0.71563,1.44478,0.000123921,0.000123921,0.000123921
417,1312.92,0.57096,0.95198,0.18424,0.2348,0.72582,0.9589,0.89733,0.92173,0.7944,0.83726,0.79153,0.78659,0.67238,0.98241,3.02976,0.2071,0.88738,1.45672,0.000123497,0.000123497,0.000123497
418,1315.99,0.59104,0.88987,0.19002,0.23931,0.69398,0.95828,0.88354,0.92173,0.7984,0.87637,0.71154,0.74872,0.6651,0.98496,3.09478,0.21021,1.07899,1.39977,0.000123073,0.000123073,0.000123073
419,1319.07,0.60354,0.84266,0.18574,0.2313,0.69535,0.95815,0.88061,0.92173,0.79839,0.84506,0.75,0.7702,0.6668,0.98175,3.16185,0.20925,1.09281,1.33116,0.000122649,0.000122649,0.000122649
420,1322.16,0.63522,0.99558,0.18014,0.23822,0.67352,0.92174,0.90607,0.91763,0.79506,0.82411,0.81096,0.80173,0.67003,0.93435,3.10759,0.20967,0.90117,1.28729,0.000122224,0.000122224,0.000122224
421,1325.24,0.64012,0.89053,0.18189,0.24054,0.66639,0.93862,0.88226,0.91789,0.79635,0.98731,0.67308,0.78331,0.66052,0.92929,3.09172,0.21233,0.87753,1.29966,0.0001218,0.0001218,0.0001218
422,1328.31,0.63633,0.91893,0.18737,0.2391,0.69594,0.93791,0.88462,0.91637,0.78861,0.81473,0.76923,0.78286,0.66679,0.96264,3.13466,0.20949,0.91677,1.37627,0.000121376,0.000121376,0.000121376
423,1331.4,0.58958,0.94341,0.1842,0.23222,0.7033,0.90352,0.90051,0.90961,0.78892,0.78825,0.78747,0.77496,0.65356,1.00959,3.16755,0.20973,0.88545,1.49023,0.000120951,0.000120951,0.000120951
424,1334.52,0.57307,0.88159,0.18595,0.22471,0.6835,0.90311,0.90385,0.91036,0.78914,0.79142,0.80271,0.77698,0.67925,1.00736,3.14974,0.20775,0.80483,1.53808,0.000120527,0.000120527,0.000120527
425,1337.57,0.62443,0.87289,0.18438,0.2324,0.6898,0.90372,0.9026,0.90731,0.78201,0.81074,0.82383,0.79811,0.65982,0.98988,3.2317,0.20611,0.68764,1.49064,0.000120103,0.000120103,0.000120103
426,1340.66,0.61108,0.90979,0.18425,0.23276,0.69425,0.9579,0.87518,0.92916,0.77685,0.84372,0.83065,0.82699,0.65434,0.96262,3.23689,0.20532,0.59547,1.43939,0.000119679,0.000119679,0.000119679
427,1343.72,0.60414,0.9198,0.19032,0.22899,0.704,0.9395,0.90385,0.93448,0.77554,0.81914,0.78846,0.80466,0.61198,0.98696,3.25588,0.20369,0.55486,1.48103,0.000119254,0.000119254,0.000119254
428,1346.79,0.52179,0.87578,0.18193,0.21595,0.72243,0.97787,0.88462,0.93609,0.76819,0.87387,0.79956,0.80934,0.65391,1.02015,3.15338,0.20402,0.7042,1.50706,0.00011883,0.00011883,0.00011883
429,1349.87,0.66055,0.85621,0.18541,0.23884,0.67146,0.97819,0.86257,0.95147,0.77378,0.86656,0.74935,0.78347,0.66315,0.9604,3.15921,0.20873,0.7417,1.43884,0.000118406,0.000118406,0.000118406
430,1352.94,0.58468,0.88864,0.1855,0.22906,0.69314,0.97906,0.89942,0.93852,0.78217,0.85351,0.78439,0.80397,0.67366,0.98744,3.24627,0.21504,0.81762,1.43505,0.000117981,0.000117981,0.000117981
431,1356.01,0.59305,0.86786,0.18451,0.23024,0.68622,0.97914,0.90289,0.93971,0.7817,0.8541,0.78807,0.80521,0.6582,0.93188,3.14956,0.2154,0.75336,1.39233,0.000117557,0.000117557,0.000117557
432,1359.08,0.56411,0.87267,0.18012,0.22294,0.69985,0.97915,0.90322,0.93936,0.7895,0.85414,0.7883,0.80602,0.67019,0.94458,3.07717,0.21408,0.75964,1.38802,0.000117133,0.000117133,0.000117133
433,1362.2,0.56782,0.90777,0.17668,0.22496,0.69184,0.95832,0.88428,0.91981,0.79158,0.99508,0.69231,0.77348,0.68489,1.01905,3.1179,0.2163,0.89819,1.40711,0.000116709,0.000116709,0.000116709
434,1365.26,0.6423,0.96884,0.18949,0.23898,0.69217,0.9939,0.84615,0.9356,0.78432,0.92542,0.75,0.80653,0.69129,1.10323,3.10019,0.21841,0.98681,1.45651,0.000116284,0.000116284,0.000116284
435,1368.31,0.63256,0.898,0.18689,0.23337,0.67857,0.94044,0.91102,0.93406,0.77187,0.84133,0.81584,0.80523,0.67707,1.00273,3.14387,0.21673,0.82297,1.37168,0.00011586,0.00011586,0.00011586
436,1371.34,0.60135,0.85423,0.18248,0.23069,0.66298,0.92897,0.90385,0.93253,0.7773,0.86782,0.84615,0.82648,0.69052,0.99032,3.08146,0.21205,0.86889,1.34596,0.000115436,0.000115436,0.000115436
437,1374.41,0.54281,0.88164,0.18098,0.22073,0.70215,0.92067,0.90385,0.93144,0.77206,0.86129,0.84615,0.82237,0.69888,0.98995,3.04318,0.209,0.84367,1.35886,0.000115011,0.000115011,0.000115011
438,1377.51,0.5867,0.85666,0.18286,0.22952,0.69931,0.92322,0.90385,0.93275,0.78474,0.85794,0.84615,0.82419,0.68468,0.92405,3.03171,0.20716,0.74488,1.33198,0.000114587,0.000114587,0.000114587
439,1380.58,0.63893,0.96661,0.19054,0.23945,0.67928,0.95904,0.90059,0.95458,0.78671,0.85676,0.80523,0.80568,0.69659,0.93236,2.95268,0.21072,0.77418,1.36663,0.000114163,0.000114163,0.000114163
440,1383.65,0.61752,0.85362,0.18372,0.23297,0.69005,0.94385,0.92308,0.93985,0.77739,0.8731,0.79399,0.8078,0.68827,0.94854,2.95968,0.2143,0.71813,1.42218,0.000113739,0.000113739,0.000113739
441,1386.72,0.67989,0.91652,0.18854,0.24452,0.67914,0.9234,0.92739,0.93533,0.78503,0.88556,0.74412,0.78351,0.6701,0.93176,3.13341,0.21782,0.71291,1.41485,0.000113314,0.000113314,0.000113314
442,1389.79,0.61464,0.90572,0.17829,0.23375,0.69604,0.93982,0.90105,0.93524,0.78118,0.8278,0.75,0.78127,0.64271,0.9376,3.16384,0.2206,0.65633,1.43118,0.00011289,0.00011289,0.00011289
443,1392.88,0.64618,0.8387,0.18902,0.23952,0.66316,0.90335,0.8988,0.92514,0.78292,0.86631,0.75,0.80104,0.66195,0.94647,3.1259,0.22045,0.66215,1.42781,0.000112466,0.000112466,0.000112466
444,1395.94,0.6094,0.87874,0.18108,0.23534,0.67725,0.9489,0.90385,0.93192,0.78,0.99859,0.69231,0.80488,0.66349,0.95441,3.18804,0.22174,0.79241,1.40854,0.000112041,0.000112041,0.000112041
445,1399,0.61695,0.87774,0.17821,0.22757,0.69056,0.93993,0.9028,0.93109,0.78367,0.85642,0.80769,0.825,0.67875,0.95531,3.09463,0.21968,0.79105,1.42346,0.000111617,0.000111617,0.000111617
446,1402.12,0.61687,0.86425,0.18049,0.23565,0.64832,0.91757,0.92308,0.93202,0.78763,0.84064,0.84615,0.86031,0.68765,0.93896,2.98461,0.2172,0.68312,1.45883,0.000111193,0.000111193,0.000111193
447,1405.23,0.58085,0.92911,0.17752,0.23071,0.70375,0.92108,0.92308,0.93628,0.79655,0.83011,0.84567,0.84011,0.69847,0.9292,2.91832,0.20933,0.52102,1.4607,0.000110769,0.000110769,0.000110769
448,1408.33,0.57529,0.83608,0.18345,0.22571,0.6981,0.92428,0.93901,0.93987,0.80155,0.82911,0.86538,0.84463,0.67674,0.95933,3.02441,0.2059,0.58062,1.44806,0.000110344,0.000110344,0.000110344
449,1411.4,0.63304,0.8582,0.17981,0.23242,0.66313,0.95342,0.94231,0.97408,0.81419,0.87962,0.8432,0.84557,0.68004,0.87112,3.05941,0.20331,0.5404,1.34277,0.00010992,0.00010992,0.00010992
450,1414.45,0.60877,0.85687,0.18006,0.23497,0.68231,0.94707,0.92308,0.95794,0.80861,0.87966,0.84347,0.83207,0.66914,0.88285,3.12915,0.20429,0.56423,1.3561,0.000109496,0.000109496,0.000109496
451,1417.47,0.54988,0.87412,0.17767,0.22366,0.72685,0.93519,0.92308,0.95374,0.81494,0.85712,0.84615,0.83146,0.70153,0.87814,3.08102,0.20689,0.67291,1.30534,0.000109071,0.000109071,0.000109071
452,1420.49,0.56841,0.8821,0.1817,0.23255,0.69281,0.94094,0.9192,0.95362,0.80694,0.94663,0.73077,0.794,0.67604,0.89037,3.13584,0.20702,0.75319,1.26961,0.000108647,0.000108647,0.000108647
453,1423.52,0.59629,0.85595,0.18359,0.22507,0.6996,0.95721,0.90385,0.95471,0.80503,0.85505,0.80769,0.81199,0.65066,0.9208,3.05011,0.20506,0.72256,1.30555,0.000108223,0.000108223,0.000108223
454,1426.59,0.58786,0.88293,0.18388,0.22915,0.70027,0.95663,0.92308,0.97324,0.80712,0.82205,0.82692,0.81005,0.69049,0.91967,2.89064,0.20614,0.62158,1.34683,0.000107799,0.000107799,0.000107799
455,1429.68,0.60489,0.84231,0.17681,0.23203,0.67188,0.94231,0.94229,0.95847,0.80338,0.8452,0.84615,0.82392,0.6813,0.93613,2.86852,0.20607,0.60536,1.42762,0.000107374,0.000107374,0.000107374
456,1432.76,0.61376,0.94357,0.18725,0.23683,0.6676,0.91953,0.94231,0.97147,0.79775,0.94203,0.73077,0.81816,0.66182,0.93172,2.87103,0.20596,0.56895,1.45619,0.00010695,0.00010695,0.00010695
457,1435.85,0.58693,0.85111,0.18883,0.23179,0.65681,0.90374,0.92308,0.96493,0.78459,0.80861,0.82692,0.81648,0.63844,0.92012,2.86135,0.20163,0.56292,1.47719,0.000106526,0.000106526,0.000106526
458,1438.89,0.56741,0.84348,0.17929,0.22104,0.69858,0.92247,0.9154,0.917,0.78342,0.80657,0.80199,0.78472,0.65057,1.01645,2.97515,0.20029,0.84842,1.5274,0.000106101,0.000106101,0.000106101
459,1441.98,0.58639,0.81361,0.18258,0.22496,0.67012,0.90441,0.9098,0.91484,0.78434,0.81885,0.78245,0.78487,0.64041,1.04575,3.14551,0.20259,0.97378,1.55348,0.000105677,0.000105677,0.000105677
460,1445.05,0.60778,0.78978,0.17442,0.23128,0.65935,0.88081,0.88462,0.90687,0.7823,0.83004,0.76923,0.78282,0.66177,1.08082,3.21166,0.20923,1.31987,1.54421,0.000105253,0.000105253,0.000105253
461,1448.08,0.59816,0.86427,0.1804,0.22794,0.66247,0.89014,0.88462,0.90651,0.7815,0.83434,0.82692,0.82149,0.6442,1.13791,3.05918,0.20751,1.30642,1.61156,0.000104829,0.000104829,0.000104829
462,1451.18,0.62445,0.88989,0.17556,0.2326,0.67712,0.87918,0.88462,0.90628,0.78458,0.80684,0.80769,0.80324,0.65635,1.10653,3.05582,0.20747,1.09693,1.55844,0.000104404,0.000104404,0.000104404
463,1454.21,0.5797,0.82821,0.17454,0.22918,0.69842,0.89656,0.92308,0.91306,0.78766,0.88508,0.74067,0.77073,0.66353,1.03836,3.06022,0.20597,1.0172,1.49336,0.00010398,0.00010398,0.00010398
464,1457.25,0.59705,0.8629,0.17668,0.23272,0.6819,0.9563,0.84171,0.91365,0.78487,0.93739,0.71154,0.78409,0.66002,1.01219,3.03182,0.20591,0.85758,1.46827,0.000103556,0.000103556,0.000103556
465,1460.29,0.61373,0.85786,0.18054,0.23957,0.66455,0.9745,0.88462,0.97291,0.79539,0.96133,0.69231,0.80409,0.65033,0.92092,2.93793,0.20707,0.61746,1.4394,0.000103131,0.000103131,0.000103131
466,1463.34,0.57024,0.80253,0.17469,0.22305,0.68568,0.93984,0.9013,0.97035,0.80788,0.83974,0.80616,0.82231,0.65731,0.91991,2.94309,0.20869,0.61598,1.46114,0.000102707,0.000102707,0.000102707
467,1466.37,0.59224,0.81863,0.18057,0.23001,0.66863,0.97822,0.86356,0.97147,0.80044,0.82699,0.82732,0.84149,0.6775,0.91891,2.93022,0.20782,0.61535,1.4506,0.000102283,0.000102283,0.000102283
468,1469.47,0.62949,0.87713,0.17686,0.23361,0.64464,0.95958,0.91315,0.97379,0.80389,0.85547,0.82692,0.84104,0.65491,0.92782,2.95082,0.20394,0.62685,1.4064,0.000101859,0.000101859,0.000101859
469,1472.55,0.63906,0.89711,0.18081,0.23354,0.67648,0.93429,0.92308,0.96733,0.80074,0.83684,0.82692,0.83498,0.65901,0.9278,2.91902,0.20132,0.62614,1.39063,0.000101434,0.000101434,0.000101434
470,1475.66,0.59787,0.83557,0.18522,0.22711,0.67345,0.90472,0.91314,0.96329,0.78463,0.93456,0.71154,0.78316,0.65597,0.93078,2.94629,0.20223,0.61392,1.37529,0.00010101,0.00010101,0.00010101
471,1478.72,0.65299,0.86676,0.18387,0.2393,0.6661,0.83848,0.90385,0.90486,0.77722,0.93479,0.69231,0.78395,0.6509,0.92746,2.98175,0.20419,0.61887,1.35401,0.000100586,0.000100586,0.000100586
472,1481.8,0.60966,0.80516,0.17724,0.23235,0.67084,0.85593,0.91408,0.92131,0.77476,0.96148,0.71154,0.78692,0.64108,0.90059,2.98158,0.20564,0.64999,1.32244,0.000100161,0.000100161,0.000100161
473,1484.98,0.6204,0.80955,0.17885,0.22975,0.67033,0.87327,0.88462,0.91988,0.77714,0.96539,0.67308,0.74559,0.64681,0.93267,3.04315,0.20358,0.73576,1.3721,9.97371e-05,9.97371e-05,9.97371e-05
474,1488.03,0.62161,0.85164,0.17616,0.22783,0.66269,0.88425,0.88151,0.93871,0.78564,0.98868,0.67308,0.74721,0.66255,0.9405,3.05045,0.20337,0.89469,1.40742,9.93129e-05,9.93129e-05,9.93129e-05
475,1491.11,0.611,0.887,0.18122,0.2313,0.68026,0.89905,0.86538,0.93952,0.79798,1,0.67021,0.74884,0.65865,0.95989,3.11352,0.20625,0.90038,1.46292,9.88886e-05,9.88886e-05,9.88886e-05
476,1494.22,0.61602,0.82773,0.17557,0.22767,0.65872,0.88321,0.88462,0.938,0.78552,0.98401,0.67308,0.78243,0.6584,0.98114,3.05809,0.20419,0.76119,1.48372,9.84643e-05,9.84643e-05,9.84643e-05
477,1497.25,0.61284,0.80731,0.18051,0.22888,0.66908,0.90061,0.86538,0.92253,0.7905,0.98039,0.67308,0.76906,0.67167,0.9546,3.0349,0.20446,0.74989,1.44068,9.804e-05,9.804e-05,9.804e-05
478,1500.33,0.56159,0.86252,0.17423,0.22028,0.68224,0.95068,0.84615,0.94132,0.79235,0.94603,0.67424,0.76929,0.67124,0.95489,3.06632,0.20218,0.73735,1.44757,9.76157e-05,9.76157e-05,9.76157e-05
479,1503.4,0.57376,0.83821,0.17343,0.22426,0.69696,0.91693,0.86538,0.89112,0.78173,0.845,0.76923,0.7713,0.68708,0.97879,2.99908,0.19898,0.96094,1.44547,9.71914e-05,9.71914e-05,9.71914e-05
480,1506.41,0.5809,0.8615,0.18189,0.22197,0.69339,0.88172,0.86023,0.86942,0.76702,0.87985,0.75,0.76782,0.69225,1.01474,2.96604,0.19797,1.21181,1.44708,9.67671e-05,9.67671e-05,9.67671e-05
481,1509.42,0.55019,0.82815,0.16925,0.2212,0.67595,0.89922,0.85803,0.88848,0.78007,0.86147,0.75,0.76702,0.69749,1.00963,2.98563,0.19702,1.22577,1.41944,9.63429e-05,9.63429e-05,9.63429e-05
482,1512.46,0.52562,0.823,0.17845,0.21309,0.70966,0.91787,0.85981,0.8906,0.78233,0.87197,0.7859,0.789,0.68339,0.90505,3.00651,0.19678,0.87636,1.33465,9.59186e-05,9.59186e-05,9.59186e-05
483,1515.52,0.6023,0.82105,0.17572,0.22905,0.69239,0.91845,0.86639,0.92885,0.79629,0.85178,0.78846,0.79079,0.69739,0.88577,2.9485,0.19587,0.78879,1.32342,9.54943e-05,9.54943e-05,9.54943e-05
484,1518.56,0.61892,0.81818,0.17352,0.22949,0.68855,0.90316,0.89689,0.91413,0.79547,0.95099,0.74646,0.79347,0.70086,0.86877,2.84062,0.19627,0.73309,1.31718,9.507e-05,9.507e-05,9.507e-05
485,1521.62,0.60885,0.84733,0.17768,0.23654,0.67927,0.92248,0.91551,0.93593,0.79989,0.84218,0.82692,0.81079,0.70176,0.87041,2.84524,0.1976,0.73789,1.34932,9.46457e-05,9.46457e-05,9.46457e-05
486,1524.69,0.53778,0.89416,0.18272,0.22401,0.71424,0.92419,0.93779,0.93833,0.80182,0.93649,0.76923,0.81193,0.70724,0.8949,2.83402,0.20019,0.76005,1.40744,9.42214e-05,9.42214e-05,9.42214e-05
487,1527.73,0.61009,0.75589,0.18112,0.23036,0.64146,0.92366,0.93084,0.93751,0.80538,0.87458,0.80462,0.79408,0.7126,0.90323,2.88977,0.19733,0.69087,1.406,9.37971e-05,9.37971e-05,9.37971e-05
488,1530.78,0.56454,0.77171,0.17786,0.22118,0.6872,0.92133,0.90097,0.9716,0.8008,0.90875,0.76923,0.81062,0.72639,0.89786,2.89512,0.19481,0.67827,1.37562,9.33729e-05,9.33729e-05,9.33729e-05
489,1534.31,0.60036,0.84927,0.17816,0.22548,0.67479,0.92259,0.91682,0.93521,0.80328,0.92821,0.76923,0.81124,0.7226,0.9409,2.97139,0.19258,0.7887,1.37228,9.29486e-05,9.29486e-05,9.29486e-05
490,1537.41,0.60279,0.80703,0.17816,0.22678,0.66416,0.92082,0.89467,0.93126,0.8027,0.89284,0.78846,0.82694,0.70319,0.94341,2.88921,0.19325,0.81243,1.35377,9.25243e-05,9.25243e-05,9.25243e-05
491,1540.44,0.61609,0.79446,0.17794,0.2301,0.69303,0.9386,0.8819,0.93067,0.80413,0.92113,0.78846,0.81098,0.70509,0.86812,2.89441,0.19362,0.67205,1.28243,9.21e-05,9.21e-05,9.21e-05
492,1543.45,0.58988,0.79886,0.18089,0.22279,0.68743,0.93772,0.88462,0.93174,0.80275,0.94551,0.76923,0.83008,0.71784,0.88041,2.92517,0.19426,0.72577,1.28465,9.16757e-05,9.16757e-05,9.16757e-05
493,1546.49,0.64711,0.83443,0.17205,0.23093,0.67465,0.93972,0.89944,0.91845,0.80022,0.85935,0.82252,0.83077,0.69894,0.89772,2.96363,0.19476,0.71795,1.31666,9.12514e-05,9.12514e-05,9.12514e-05
494,1549.51,0.6117,0.82087,0.17655,0.23014,0.65922,0.95569,0.88462,0.91918,0.79858,0.87219,0.80769,0.82957,0.69395,0.89432,2.96501,0.19671,0.70946,1.34735,9.08271e-05,9.08271e-05,9.08271e-05
495,1552.59,0.60752,0.79645,0.17528,0.22918,0.69084,0.97632,0.86538,0.93759,0.79957,0.83926,0.80335,0.80721,0.67014,0.88317,3.00629,0.19785,0.53028,1.38006,9.04029e-05,9.04029e-05,9.04029e-05
496,1555.67,0.57438,0.78061,0.17244,0.22129,0.67284,0.97635,0.86538,0.93716,0.80382,0.86778,0.76923,0.80475,0.68445,0.86847,2.93547,0.19945,0.50742,1.3662,8.99786e-05,8.99786e-05,8.99786e-05
497,1558.77,0.59356,0.78662,0.17607,0.22613,0.67464,0.92216,0.92308,0.93697,0.79874,0.86788,0.76923,0.80503,0.6877,0.91707,2.91557,0.19797,0.5672,1.41502,8.95543e-05,8.95543e-05,8.95543e-05
498,1561.88,0.54347,0.78868,0.17473,0.21916,0.68679,0.97642,0.86538,0.919,0.79711,0.87223,0.76923,0.78878,0.69454,0.92619,2.93902,0.19661,0.6097,1.4167,8.913e-05,8.913e-05,8.913e-05
499,1564.93,0.60189,0.77044,0.17217,0.22607,0.6631,0.97881,0.88816,0.92028,0.79243,0.8747,0.80769,0.80685,0.68643,0.939,2.97518,0.19675,0.63636,1.42786,8.87057e-05,8.87057e-05,8.87057e-05
500,1568.03,0.57332,0.77574,0.17368,0.21938,0.6875,0.93438,0.90385,0.9145,0.78858,0.8331,0.80769,0.80052,0.67682,0.97753,2.9762,0.1953,0.7679,1.44054,8.82814e-05,8.82814e-05,8.82814e-05
501,1571.12,0.63765,0.74874,0.17829,0.23934,0.67062,0.91679,0.92308,0.9333,0.78715,0.83798,0.7958,0.79815,0.67108,0.92666,3.01884,0.19301,0.61879,1.38982,8.78571e-05,8.78571e-05,8.78571e-05
502,1574.15,0.59102,0.76936,0.17367,0.22449,0.69321,0.93796,0.90385,0.9357,0.79444,0.83795,0.80769,0.80024,0.67442,0.89981,3.06654,0.19276,0.54385,1.39068,8.74329e-05,8.74329e-05,8.74329e-05
503,1577.27,0.61633,0.84756,0.18117,0.22966,0.67321,0.9541,0.90385,0.93639,0.80028,0.85234,0.80769,0.80368,0.68336,0.92182,3.09714,0.19722,0.68461,1.41636,8.70086e-05,8.70086e-05,8.70086e-05
504,1580.35,0.61223,0.78537,0.16876,0.22275,0.66394,0.92999,0.92308,0.91881,0.79829,0.84061,0.81143,0.80489,0.69149,0.9082,3.17473,0.20068,0.74297,1.40503,8.65843e-05,8.65843e-05,8.65843e-05
505,1583.48,0.60508,0.78156,0.17283,0.22445,0.68196,0.90066,0.94231,0.93307,0.80608,0.87644,0.73077,0.7844,0.68665,0.91029,3.17454,0.20083,0.85924,1.38337,8.616e-05,8.616e-05,8.616e-05
506,1586.57,0.53357,0.79786,0.17926,0.21279,0.66473,0.85965,0.94231,0.92964,0.80966,0.97019,0.65385,0.77933,0.68435,0.8973,3.11976,0.20066,0.87111,1.34851,8.57357e-05,8.57357e-05,8.57357e-05
507,1589.66,0.54759,0.7749,0.17016,0.22211,0.67535,0.875,0.94231,0.93043,0.80416,0.77683,0.80336,0.77813,0.6808,0.92883,3.01023,0.19786,0.81567,1.38015,8.53114e-05,8.53114e-05,8.53114e-05
508,1592.75,0.54236,0.7594,0.16852,0.21287,0.66716,0.93949,0.89581,0.93312,0.79955,0.8292,0.84615,0.8189,0.68672,0.91469,2.90738,0.19163,0.65551,1.38201,8.48871e-05,8.48871e-05,8.48871e-05
509,1595.86,0.59399,0.82589,0.17657,0.21819,0.69536,0.93652,0.92308,0.93374,0.80004,0.83925,0.84615,0.83096,0.67747,0.91484,2.9538,0.19198,0.61646,1.39391,8.44629e-05,8.44629e-05,8.44629e-05
510,1598.91,0.54715,0.83509,0.16889,0.21905,0.69336,0.93488,0.92308,0.93334,0.7983,0.84394,0.84615,0.81616,0.67678,0.9274,2.96662,0.19307,0.58235,1.41821,8.40386e-05,8.40386e-05,8.40386e-05
511,1601.99,0.53701,0.73969,0.17184,0.2159,0.69878,0.94105,0.92308,0.93211,0.79415,0.84335,0.84615,0.81556,0.67075,0.93686,3.0411,0.19499,0.59253,1.42373,8.36143e-05,8.36143e-05,8.36143e-05
512,1605.05,0.59493,0.74486,0.17756,0.22569,0.67165,0.93278,0.90385,0.93056,0.79999,0.84311,0.82678,0.79964,0.66707,0.94696,3.1495,0.19825,0.64498,1.42595,8.319e-05,8.319e-05,8.319e-05
513,1608.14,0.61002,0.77894,0.18008,0.23142,0.65011,0.90355,0.86538,0.90787,0.79077,0.79955,0.82692,0.79953,0.66862,0.92091,3.16861,0.19669,0.65934,1.36876,8.27657e-05,8.27657e-05,8.27657e-05
514,1611.24,0.60177,0.77919,0.16884,0.22712,0.65236,0.90235,0.90385,0.91061,0.80137,0.8663,0.74769,0.78376,0.66614,0.9486,3.1416,0.19459,0.63238,1.39817,8.23414e-05,8.23414e-05,8.23414e-05
515,1614.31,0.61441,0.77849,0.17376,0.22762,0.64944,0.91521,0.90385,0.91234,0.79435,0.82505,0.81629,0.80175,0.67111,0.9789,3.15933,0.19464,0.65557,1.42791,8.19171e-05,8.19171e-05,8.19171e-05
516,1617.38,0.58448,0.81999,0.17175,0.22058,0.66885,0.90225,0.90385,0.91366,0.79284,0.82303,0.80497,0.78249,0.67365,0.97708,3.17982,0.19591,0.69756,1.40614,8.14929e-05,8.14929e-05,8.14929e-05
517,1620.46,0.53548,0.81497,0.17402,0.2175,0.68898,0.92767,0.88462,0.91414,0.79042,0.81729,0.78846,0.76716,0.68526,0.92312,3.19781,0.1968,0.66232,1.3785,8.10686e-05,8.10686e-05,8.10686e-05
518,1623.67,0.5667,0.87854,0.17558,0.22251,0.65501,0.90835,0.88462,0.9136,0.79162,0.83403,0.80769,0.78672,0.67639,0.91101,3.18943,0.19642,0.63998,1.38201,8.06443e-05,8.06443e-05,8.06443e-05
519,1626.86,0.54698,0.7541,0.16701,0.21606,0.67214,0.90676,0.88462,0.91382,0.79555,0.85407,0.82692,0.80475,0.67449,0.9513,3.19996,0.19497,0.78931,1.39487,8.022e-05,8.022e-05,8.022e-05
520,1630.11,0.6182,0.86062,0.17038,0.22374,0.6562,0.903,0.88462,0.91368,0.79772,0.85284,0.82692,0.8034,0.67791,1.00416,3.24619,0.19619,0.9893,1.42924,7.97957e-05,7.97957e-05,7.97957e-05
521,1633.16,0.66319,0.7664,0.17539,0.23798,0.66066,0.97866,0.88187,0.93712,0.79567,0.87163,0.82692,0.80997,0.70004,0.99586,3.08983,0.19439,0.78024,1.4496,7.93714e-05,7.93714e-05,7.93714e-05
522,1636.22,0.57709,0.7409,0.17013,0.21549,0.66282,0.97273,0.88462,0.93816,0.78924,0.88803,0.80769,0.80997,0.69065,0.98716,3.10149,0.19381,0.72334,1.44966,7.89471e-05,7.89471e-05,7.89471e-05
523,1639.31,0.59794,0.79728,0.1754,0.21794,0.66539,0.94095,0.91946,0.93795,0.79325,0.89017,0.80769,0.80924,0.69194,0.97806,3.05195,0.19238,0.74756,1.44093,7.85229e-05,7.85229e-05,7.85229e-05
524,1642.33,0.58675,0.76759,0.17278,0.21632,0.68108,0.97445,0.88462,0.95616,0.79859,0.86999,0.82692,0.8091,0.68672,0.9066,3.01088,0.19233,0.69841,1.39051,7.80986e-05,7.80986e-05,7.80986e-05
525,1645.38,0.57456,0.7518,0.17856,0.21942,0.65346,0.89286,0.96154,0.95223,0.80203,0.88517,0.80769,0.80848,0.68885,0.88063,2.87056,0.19037,0.65762,1.38571,7.76743e-05,7.76743e-05,7.76743e-05
526,1648.42,0.53066,0.76668,0.16909,0.20796,0.66506,0.89286,0.96154,0.95174,0.80925,0.87248,0.82692,0.80976,0.68972,0.89755,2.90911,0.19508,0.74804,1.39594,7.725e-05,7.725e-05,7.725e-05
527,1651.48,0.57612,0.7413,0.16559,0.21395,0.67473,0.89091,0.94231,0.93036,0.8102,0.87729,0.82495,0.80798,0.70172,0.8889,2.91125,0.19611,0.93807,1.35308,7.68257e-05,7.68257e-05,7.68257e-05
528,1654.57,0.57299,0.76361,0.16524,0.2178,0.68284,0.90527,0.91899,0.92973,0.80268,0.87307,0.80769,0.80763,0.6967,0.87602,2.83904,0.19479,0.93593,1.32225,7.64014e-05,7.64014e-05,7.64014e-05
529,1657.73,0.62426,0.71382,0.17383,0.225,0.64916,0.92096,0.89644,0.92841,0.80371,0.85996,0.82666,0.80571,0.68076,0.8738,2.86091,0.19514,0.80979,1.31614,7.59771e-05,7.59771e-05,7.59771e-05
530,1660.83,0.5745,0.7373,0.17357,0.22005,0.67175,0.91487,0.90385,0.93045,0.79754,0.8556,0.82692,0.80594,0.66975,0.87792,2.88809,0.19614,0.77811,1.33975,7.55529e-05,7.55529e-05,7.55529e-05
531,1663.92,0.49721,0.71964,0.1711,0.19942,0.70752,0.90532,0.91946,0.92816,0.79598,0.81539,0.80769,0.78645,0.68162,0.87692,2.88964,0.19742,0.82722,1.34951,7.51286e-05,7.51286e-05,7.51286e-05
532,1666.96,0.53879,0.78753,0.17288,0.21461,0.69011,0.85714,0.92308,0.90923,0.77439,0.87196,0.78585,0.78921,0.68883,0.912,2.94777,0.19723,0.97766,1.39638,7.47043e-05,7.47043e-05,7.47043e-05
533,1669.98,0.58529,0.77269,0.17054,0.22062,0.6628,0.85965,0.94231,0.93144,0.78133,0.86773,0.78846,0.78858,0.69937,0.91917,2.99515,0.19733,1.0397,1.39383,7.428e-05,7.428e-05,7.428e-05
534,1673.01,0.54298,0.72549,0.16576,0.21867,0.67013,0.875,0.94231,0.92907,0.78363,0.8528,0.78846,0.80543,0.69879,0.94975,3.09866,0.19835,1.12761,1.41673,7.38557e-05,7.38557e-05,7.38557e-05
535,1676.05,0.57947,0.77438,0.16819,0.2179,0.67791,0.89091,0.94231,0.93043,0.79447,0.86905,0.78846,0.78921,0.68533,0.92903,3.0724,0.19673,0.93093,1.40868,7.34314e-05,7.34314e-05,7.34314e-05
536,1679.12,0.54816,0.71918,0.16941,0.21351,0.67856,0.89091,0.94231,0.92838,0.79655,0.83995,0.80743,0.78663,0.68335,0.90202,3.09982,0.1975,0.82292,1.37657,7.30071e-05,7.30071e-05,7.30071e-05
537,1682.17,0.63699,0.74942,0.1714,0.23323,0.67352,0.89091,0.94231,0.93017,0.79678,0.83872,0.80769,0.7882,0.69078,0.89972,3.07717,0.1951,0.72688,1.38328,7.25829e-05,7.25829e-05,7.25829e-05
538,1685.26,0.64141,0.76524,0.17169,0.22841,0.63656,0.89091,0.94231,0.93174,0.80066,0.87036,0.78846,0.78827,0.69798,0.90137,3.07004,0.19505,0.69108,1.38982,7.21586e-05,7.21586e-05,7.21586e-05
539,1688.3,0.5806,0.75833,0.17218,0.22018,0.66923,0.95818,0.88134,0.93144,0.80311,0.87484,0.82692,0.80542,0.69273,0.93442,3.18733,0.19401,0.74234,1.43177,7.17343e-05,7.17343e-05,7.17343e-05
540,1691.34,0.62651,0.76061,0.1722,0.2261,0.67371,0.95203,0.88462,0.91498,0.79482,0.87716,0.82397,0.80706,0.69127,1.06698,3.2549,0.19426,0.95314,1.52223,7.131e-05,7.131e-05,7.131e-05
541,1694.4,0.61599,0.75904,0.17,0.22975,0.66105,0.95737,0.86378,0.91397,0.78945,0.87949,0.84212,0.82617,0.69564,1.10248,3.2755,0.19542,0.98359,1.55129,7.08857e-05,7.08857e-05,7.08857e-05
542,1697.48,0.5765,0.71013,0.17292,0.21365,0.67389,0.95409,0.86538,0.91385,0.78981,0.87597,0.84615,0.82689,0.6973,1.09043,3.25818,0.19479,0.92487,1.54051,7.04614e-05,7.04614e-05,7.04614e-05
543,1700.55,0.58511,0.77583,0.18051,0.2212,0.67378,0.95546,0.86538,0.93213,0.78823,0.89165,0.80769,0.8265,0.69914,1.06657,3.21826,0.19428,0.9214,1.50915,7.00371e-05,7.00371e-05,7.00371e-05
544,1703.63,0.5348,0.70732,0.16474,0.21417,0.67226,0.94965,0.90385,0.93554,0.79114,0.87787,0.82939,0.82672,0.69363,1.07056,3.17501,0.1944,0.98157,1.48071,6.96129e-05,6.96129e-05,6.96129e-05
545,1706.67,0.58407,0.80217,0.17381,0.2215,0.6609,0.95932,0.907,0.93602,0.79558,0.89322,0.84615,0.84548,0.68366,1.06067,3.1254,0.1942,0.91721,1.49483,6.91886e-05,6.91886e-05,6.91886e-05
546,1709.76,0.53249,0.7235,0.16311,0.21124,0.66292,0.95951,0.91158,0.9357,0.79973,0.88779,0.84615,0.84534,0.68716,0.99023,3.09158,0.19483,0.79698,1.46486,6.87643e-05,6.87643e-05,6.87643e-05
547,1712.78,0.57296,0.70986,0.16193,0.22026,0.65937,0.95979,0.91806,0.93537,0.80178,0.89268,0.82692,0.82671,0.69237,0.96497,3.02415,0.1925,0.75038,1.44762,6.834e-05,6.834e-05,6.834e-05
548,1715.84,0.53386,0.7341,0.16906,0.2081,0.68494,0.95966,0.915,0.93562,0.79907,0.84215,0.82692,0.82126,0.68981,0.94697,2.99308,0.19193,0.7377,1.42399,6.79157e-05,6.79157e-05,6.79157e-05
549,1718.89,0.58284,0.72408,0.17372,0.21831,0.66725,0.95616,0.90385,0.93519,0.80371,0.85933,0.82242,0.80792,0.6957,0.95032,3.12603,0.19453,0.82641,1.41876,6.74914e-05,6.74914e-05,6.74914e-05
550,1722,0.60509,0.71357,0.16798,0.21848,0.65952,0.95966,0.91506,0.95349,0.80584,0.87239,0.80769,0.80853,0.69922,0.96144,3.14082,0.19432,0.88963,1.43946,6.70671e-05,6.70671e-05,6.70671e-05
551,1725.06,0.60611,0.73537,0.16995,0.22224,0.65352,0.91923,0.92308,0.95409,0.80606,0.893,0.80254,0.81119,0.71965,0.93013,3.05432,0.19476,0.83257,1.44803,6.66429e-05,6.66429e-05,6.66429e-05
552,1728.13,0.50255,0.73465,0.16574,0.20503,0.69637,0.9175,0.92308,0.95392,0.8037,0.91291,0.80638,0.81316,0.71288,0.93559,3.08952,0.19622,0.75813,1.48421,6.62186e-05,6.62186e-05,6.62186e-05
553,1731.24,0.49573,0.70761,0.16378,0.2064,0.66569,0.92399,0.93522,0.95623,0.79894,0.91262,0.80344,0.8151,0.71709,0.93329,3.13604,0.19482,0.68002,1.47321,6.57943e-05,6.57943e-05,6.57943e-05
554,1734.29,0.63721,0.7074,0.16836,0.22508,0.63525,0.92326,0.92546,0.95706,0.79461,0.93164,0.78633,0.81543,0.7072,0.95152,3.12323,0.19304,0.69453,1.46542,6.537e-05,6.537e-05,6.537e-05
555,1737.4,0.58976,0.69149,0.16653,0.21801,0.6671,0.95896,0.89882,0.95734,0.79762,0.91065,0.78407,0.81397,0.71523,0.93633,3.11438,0.1913,0.6668,1.43597,6.49457e-05,6.49457e-05,6.49457e-05
556,1740.58,0.50829,0.73834,0.17516,0.20451,0.66402,0.91877,0.92308,0.95569,0.79569,0.87289,0.80769,0.81377,0.71753,0.93341,3.14717,0.19042,0.68729,1.40389,6.45214e-05,6.45214e-05,6.45214e-05
557,1743.64,0.59271,0.72121,0.16864,0.21651,0.6447,0.92432,0.93953,0.9561,0.79921,0.94515,0.76923,0.81533,0.70636,0.93333,3.12281,0.18938,0.66016,1.40527,6.40971e-05,6.40971e-05,6.40971e-05
558,1746.74,0.49906,0.70098,0.1655,0.19766,0.67825,0.92422,0.93819,0.9554,0.79346,0.87535,0.82692,0.81568,0.71088,0.92191,3.11699,0.19079,0.66487,1.39106,6.36729e-05,6.36729e-05,6.36729e-05
559,1749.8,0.55355,0.66803,0.16618,0.21293,0.66386,0.90719,0.92308,0.95307,0.79841,0.87446,0.82692,0.81457,0.71638,0.91723,3.02,0.19172,0.63275,1.3909,6.32486e-05,6.32486e-05,6.32486e-05
560,1752.85,0.59661,0.72286,0.17015,0.21893,0.65276,0.90228,0.90385,0.95369,0.80245,0.87316,0.82692,0.81435,0.71924,0.92511,2.90866,0.18914,0.58039,1.41436,6.28243e-05,6.28243e-05,6.28243e-05
561,1755.93,0.52679,0.71653,0.1641,0.20154,0.66608,0.97863,0.8807,0.95573,0.80153,0.91131,0.80769,0.81509,0.72203,0.89379,2.87851,0.18756,0.53617,1.39373,6.24e-05,6.24e-05,6.24e-05
562,1759,0.52239,0.67788,0.17292,0.20909,0.69247,0.95135,0.88462,0.95338,0.79582,0.85951,0.82359,0.81175,0.70675,0.88569,2.99029,0.18744,0.51313,1.38918,6.19757e-05,6.19757e-05,6.19757e-05
563,1762.07,0.56239,0.704,0.17293,0.21529,0.67399,0.95479,0.88462,0.95372,0.79873,0.87145,0.80769,0.80958,0.71183,0.90763,3.04842,0.18721,0.50065,1.42081,6.15514e-05,6.15514e-05,6.15514e-05
564,1765.11,0.58791,0.70736,0.16707,0.21825,0.65259,0.92281,0.92308,0.93495,0.79541,0.87477,0.80769,0.80794,0.71648,0.91823,3.08354,0.18922,0.54503,1.42187,6.11271e-05,6.11271e-05,6.11271e-05
565,1768.2,0.52788,0.71898,0.1712,0.20176,0.68321,0.92006,0.92308,0.93548,0.79494,0.86563,0.80769,0.80629,0.70679,0.93868,3.07577,0.1889,0.5862,1.42734,6.07029e-05,6.07029e-05,6.07029e-05
566,1771.23,0.57175,0.80165,0.16684,0.21515,0.66346,0.93975,0.89993,0.93452,0.79098,0.8529,0.80769,0.80467,0.7081,0.97409,3.07029,0.18885,0.646,1.45447,6.02786e-05,6.02786e-05,6.02786e-05
567,1774.23,0.57348,0.74876,0.16596,0.21865,0.66293,0.89408,0.92308,0.93263,0.79264,0.84228,0.82167,0.80662,0.70426,0.9738,3.07165,0.18985,0.65879,1.44335,5.98543e-05,5.98543e-05,5.98543e-05
568,1777.26,0.54716,0.72511,0.16215,0.20944,0.68041,0.90145,0.92308,0.93276,0.79576,0.84221,0.82122,0.80758,0.7111,0.98459,3.02117,0.18987,0.67861,1.43683,5.943e-05,5.943e-05,5.943e-05
569,1780.34,0.58895,0.67058,0.1709,0.21787,0.65273,0.9044,0.90972,0.93243,0.79344,0.86974,0.78846,0.80733,0.71265,0.97704,2.97143,0.18848,0.62784,1.4311,5.90057e-05,5.90057e-05,5.90057e-05
570,1783.39,0.57535,0.70622,0.16407,0.21538,0.67482,0.95053,0.92308,0.95496,0.7987,0.85637,0.8027,0.80939,0.71265,0.94222,2.96153,0.18868,0.5871,1.42283,5.85814e-05,5.85814e-05,5.85814e-05
571,1786.42,0.56061,0.68925,0.16747,0.21159,0.66733,0.95381,0.92308,0.97399,0.80489,0.89086,0.78489,0.81016,0.7191,0.9237,2.95801,0.18751,0.60544,1.43909,5.81571e-05,5.81571e-05,5.81571e-05
572,1789.46,0.55707,0.69641,0.1686,0.20709,0.68375,0.95131,0.88462,0.95356,0.80039,0.9069,0.78846,0.82806,0.73188,0.93888,2.94963,0.1899,0.74937,1.45668,5.77329e-05,5.77329e-05,5.77329e-05
573,1792.99,0.54987,0.68621,0.17069,0.20628,0.67113,0.97812,0.85972,0.95405,0.79687,0.91249,0.80215,0.8293,0.74202,0.9429,2.96413,0.19068,0.80003,1.44913,5.73086e-05,5.73086e-05,5.73086e-05
574,1796.46,0.57034,0.66261,0.17074,0.2147,0.65258,0.99087,0.84615,0.95318,0.80156,0.9176,0.78846,0.82988,0.72826,0.95319,3.00034,0.19249,0.87498,1.45558,5.68843e-05,5.68843e-05,5.68843e-05
575,1799.53,0.5815,0.697,0.16553,0.21124,0.65582,0.87719,0.96154,0.9503,0.80052,0.86754,0.82692,0.82813,0.70795,0.95682,3.06857,0.19141,0.92053,1.44077,5.646e-05,5.646e-05,5.646e-05
576,1802.64,0.56647,0.69382,0.16907,0.20981,0.67264,0.87719,0.96154,0.94987,0.79763,0.92226,0.75,0.80891,0.69599,0.95663,3.07253,0.191,0.92308,1.4292,5.60357e-05,5.60357e-05,5.60357e-05
577,1805.76,0.60987,0.71038,0.16826,0.21913,0.66417,0.87719,0.96154,0.95027,0.80049,0.87187,0.80769,0.80964,0.68567,0.93327,3.05152,0.18814,0.91225,1.4059,5.56114e-05,5.56114e-05,5.56114e-05
578,1808.91,0.5892,0.66719,0.16121,0.21207,0.6539,0.875,0.94231,0.93256,0.79722,0.87067,0.80769,0.79218,0.68499,0.91926,3.0424,0.188,0.89246,1.39875,5.51871e-05,5.51871e-05,5.51871e-05
579,1811.98,0.52792,0.70399,0.1666,0.20361,0.66272,0.90382,0.90355,0.93062,0.79575,0.85595,0.80769,0.78994,0.67807,0.91153,3.05421,0.18897,0.87951,1.39018,5.47629e-05,5.47629e-05,5.47629e-05
580,1815.02,0.58307,0.6974,0.16517,0.21174,0.65022,0.93866,0.88293,0.94929,0.8036,0.83925,0.80769,0.78879,0.70487,0.89673,2.96659,0.18517,0.72193,1.3712,5.43386e-05,5.43386e-05,5.43386e-05
581,1818.14,0.5994,0.7457,0.16967,0.21421,0.63741,0.90564,0.92286,0.95177,0.80048,0.83074,0.78846,0.78723,0.69987,0.88576,2.96786,0.18386,0.62024,1.36185,5.39143e-05,5.39143e-05,5.39143e-05
582,1821.21,0.58663,0.66536,0.1707,0.21374,0.65667,0.97505,0.86538,0.95289,0.80354,0.8662,0.76923,0.78737,0.68908,0.89803,2.92669,0.18315,0.58528,1.38245,5.349e-05,5.349e-05,5.349e-05
583,1824.32,0.61769,0.65874,0.16816,0.21913,0.64137,0.95964,0.91448,0.95533,0.80098,0.84577,0.78846,0.78772,0.68739,0.91358,2.91877,0.18274,0.56857,1.40426,5.30657e-05,5.30657e-05,5.30657e-05
584,1827.4,0.58433,0.68021,0.16708,0.21325,0.62501,0.97949,0.91862,0.93927,0.7946,0.88827,0.76451,0.78881,0.68036,0.90939,2.92268,0.18446,0.60572,1.38599,5.26414e-05,5.26414e-05,5.26414e-05
585,1830.49,0.53207,0.70199,0.16978,0.20527,0.67176,0.96061,0.93795,0.95987,0.79974,0.88537,0.76923,0.79164,0.69904,0.92478,2.93736,0.18778,0.7292,1.37834,5.22171e-05,5.22171e-05,5.22171e-05
586,1833.54,0.5468,0.65976,0.16188,0.20768,0.66097,0.97952,0.91988,0.95962,0.80303,0.87701,0.82283,0.81243,0.70462,0.91548,2.95817,0.18845,0.77598,1.36218,5.17929e-05,5.17929e-05,5.17929e-05
587,1836.61,0.56212,0.68095,0.16319,0.2147,0.66243,0.9795,0.91905,0.95925,0.79722,0.87703,0.82299,0.82808,0.69365,0.95196,2.98361,0.18799,0.85348,1.38774,5.13686e-05,5.13686e-05,5.13686e-05
588,1839.6,0.60844,0.80553,0.16602,0.21879,0.65831,0.97354,0.90385,0.94301,0.80108,0.90641,0.80769,0.81378,0.70023,0.92826,3.02859,0.18659,0.81555,1.383,5.09443e-05,5.09443e-05,5.09443e-05
589,1842.61,0.58385,0.6801,0.16178,0.2162,0.66767,0.95981,0.91854,0.94052,0.79414,0.91299,0.80769,0.81326,0.69694,0.92925,3.06083,0.1871,0.89379,1.37552,5.052e-05,5.052e-05,5.052e-05
590,1845.72,0.6095,0.69619,0.172,0.2168,0.66755,0.95995,0.92181,0.93971,0.7953,0.91208,0.80769,0.81379,0.70138,0.94367,3.04212,0.1884,0.9643,1.38235,5.00957e-05,5.00957e-05,5.00957e-05
591,1848.76,0.59994,0.73179,0.16431,0.21576,0.68018,0.92347,0.92831,0.93894,0.79097,0.91301,0.80732,0.81296,0.70058,0.9821,3.12908,0.18829,0.97594,1.43772,4.96714e-05,4.96714e-05,4.96714e-05
592,1851.87,0.54718,0.65406,0.16651,0.21292,0.66442,0.90741,0.94231,0.93864,0.79344,0.91134,0.80769,0.81348,0.71052,0.98625,3.12253,0.18932,0.96293,1.47808,4.92471e-05,4.92471e-05,4.92471e-05
593,1854.92,0.58102,0.72726,0.16274,0.22044,0.64875,0.89091,0.94231,0.93871,0.79411,0.90757,0.80769,0.81421,0.71613,0.97517,3.05677,0.19119,0.89579,1.48402,4.88229e-05,4.88229e-05,4.88229e-05
594,1857.94,0.60069,0.6839,0.17063,0.218,0.66615,0.92256,0.91646,0.93871,0.79812,0.89547,0.82381,0.81635,0.72325,0.96758,3.01172,0.19134,0.80307,1.4792,4.83986e-05,4.83986e-05,4.83986e-05
595,1860.96,0.57181,0.65886,0.16317,0.21154,0.66875,0.97877,0.88675,0.94072,0.79311,0.91463,0.82415,0.81682,0.70949,0.95517,3.00765,0.19102,0.73301,1.46752,4.79743e-05,4.79743e-05,4.79743e-05
596,1863.99,0.56302,0.74227,0.17201,0.21306,0.6692,0.90334,0.94231,0.95447,0.80274,0.89072,0.80769,0.81276,0.69136,0.92014,3.05868,0.19233,0.66876,1.44368,4.755e-05,4.755e-05,4.755e-05
597,1867.04,0.55402,0.71373,0.16779,0.21294,0.67783,0.89003,0.93393,0.95004,0.80225,0.89095,0.80769,0.81323,0.69711,0.91468,3.05857,0.19377,0.70298,1.44001,4.71257e-05,4.71257e-05,4.71257e-05
598,1870.07,0.55605,0.69018,0.16993,0.20716,0.67217,0.86207,0.96154,0.94925,0.79967,0.89221,0.80769,0.82872,0.70154,0.91292,3.03913,0.19267,0.72921,1.43666,4.67014e-05,4.67014e-05,4.67014e-05
599,1873.08,0.60218,0.65957,0.16408,0.21599,0.65662,0.87719,0.96154,0.94808,0.79485,0.85288,0.82692,0.82519,0.70198,0.93009,3.08328,0.19137,0.75852,1.45772,4.62771e-05,4.62771e-05,4.62771e-05
600,1876.14,0.61028,0.72666,0.16192,0.21993,0.64477,0.9032,0.89728,0.94663,0.80232,0.83809,0.82692,0.8073,0.69181,0.93954,3.12557,0.18991,0.69607,1.49041,4.58529e-05,4.58529e-05,4.58529e-05
601,1879.2,0.61885,0.62382,0.16466,0.22032,0.64711,0.88834,0.91802,0.94932,0.80136,0.84254,0.82323,0.80725,0.69607,0.91755,3.06865,0.18629,0.57948,1.48381,4.54286e-05,4.54286e-05,4.54286e-05
602,1882.28,0.57395,0.65749,0.16595,0.21437,0.66101,0.8896,0.92987,0.95098,0.80618,0.84056,0.80769,0.80864,0.69919,0.9089,3.04732,0.18569,0.56531,1.4629,4.50043e-05,4.50043e-05,4.50043e-05
603,1885.39,0.5579,0.7314,0.16914,0.20917,0.67622,0.93936,0.89386,0.95217,0.81026,0.8665,0.82692,0.81051,0.6974,0.92271,3.06485,0.18816,0.60759,1.46562,4.458e-05,4.458e-05,4.458e-05
604,1888.48,0.58168,0.65753,0.16442,0.2159,0.65549,0.95276,0.88462,0.95308,0.80654,0.87506,0.82692,0.81161,0.70623,0.9325,3.03735,0.18895,0.64405,1.47987,4.41557e-05,4.41557e-05,4.41557e-05
605,1891.57,0.55969,0.63021,0.16231,0.21175,0.6366,0.94761,0.88462,0.95298,0.79718,0.87741,0.82692,0.81236,0.70129,0.93491,3.05516,0.19003,0.67644,1.47953,4.37314e-05,4.37314e-05,4.37314e-05
606,1894.65,0.54787,0.65951,0.16251,0.20832,0.67175,0.87719,0.96154,0.95298,0.79316,0.90664,0.76923,0.79371,0.69211,0.9453,3.0534,0.18917,0.68041,1.49945,4.33071e-05,4.33071e-05,4.33071e-05
607,1897.79,0.53257,0.67179,0.16569,0.20455,0.67973,0.97781,0.84745,0.95173,0.79097,0.90513,0.76923,0.79313,0.68339,0.94442,3.05078,0.19079,0.63117,1.49885,4.28829e-05,4.28829e-05,4.28829e-05
608,1900.82,0.4883,0.67551,0.16155,0.19298,0.67552,0.876,0.95103,0.95206,0.7856,0.9022,0.76923,0.79366,0.67675,0.94773,3.06667,0.18969,0.62333,1.49426,4.24586e-05,4.24586e-05,4.24586e-05
609,1903.9,0.60105,0.646,0.16409,0.21858,0.65538,0.90397,0.9052,0.95271,0.78974,0.85712,0.80754,0.81212,0.68736,0.9267,3.06656,0.18758,0.61761,1.46478,4.20343e-05,4.20343e-05,4.20343e-05
610,1906.98,0.54075,0.78476,0.16367,0.2132,0.65794,0.92164,0.90474,0.95344,0.78978,0.84022,0.80906,0.81212,0.69261,0.93182,3.08072,0.18881,0.67669,1.46059,4.161e-05,4.161e-05,4.161e-05
611,1910.09,0.54256,0.6407,0.15652,0.20637,0.65151,0.95821,0.88201,0.91981,0.78766,0.9957,0.71154,0.7924,0.69617,0.94366,3.0597,0.18758,0.70623,1.45848,4.11857e-05,4.11857e-05,4.11857e-05
612,1913.23,0.52325,0.65212,0.15925,0.19985,0.67584,0.95724,0.88462,0.91942,0.78784,0.99011,0.71154,0.7938,0.70503,0.95462,3.05248,0.18826,0.78715,1.45085,4.07614e-05,4.07614e-05,4.07614e-05
613,1916.35,0.57058,0.68702,0.16401,0.20656,0.66773,0.95078,0.88462,0.92026,0.79066,0.92793,0.78846,0.81578,0.7055,0.95838,3.05323,0.18878,0.83676,1.44925,4.03371e-05,4.03371e-05,4.03371e-05
614,1919.43,0.57304,0.60581,0.16295,0.21222,0.63767,0.9274,0.88462,0.92026,0.7944,0.95329,0.78504,0.81615,0.70674,0.9564,3.05987,0.18839,0.84854,1.44179,3.99129e-05,3.99129e-05,3.99129e-05
615,1922.51,0.52999,0.65704,0.16748,0.19901,0.67792,0.9782,0.86286,0.91995,0.79342,0.95153,0.78846,0.85193,0.71629,0.95172,3.07086,0.18929,0.85966,1.44164,3.94886e-05,3.94886e-05,3.94886e-05
616,1925.55,0.63922,0.6815,0.16244,0.22592,0.63498,0.9781,0.85917,0.92026,0.78738,0.94894,0.78846,0.81654,0.70288,0.95684,3.09647,0.19024,0.84633,1.46461,3.90643e-05,3.90643e-05,3.90643e-05
617,1928.64,0.57958,0.64127,0.15989,0.21444,0.66224,0.94098,0.9199,0.9388,0.79466,0.95313,0.78228,0.81482,0.70955,0.92578,3.09507,0.19013,0.71762,1.46612,3.864e-05,3.864e-05,3.864e-05
618,1931.71,0.61415,0.63845,0.16582,0.21482,0.64017,0.94178,0.88462,0.93751,0.79317,0.8791,0.83905,0.83136,0.7023,0.9099,3.08154,0.18733,0.65043,1.46245,3.82157e-05,3.82157e-05,3.82157e-05
619,1934.77,0.5828,0.63783,0.1682,0.20574,0.65271,0.95818,0.8813,0.9544,0.8023,0.86055,0.84615,0.83037,0.69288,0.89794,3.05434,0.18569,0.62141,1.45777,3.77914e-05,3.77914e-05,3.77914e-05
620,1937.84,0.53535,0.70185,0.16558,0.20745,0.67123,0.90693,0.93705,0.95311,0.8046,0.90683,0.78846,0.82756,0.6983,0.8995,3.03831,0.18588,0.60415,1.46822,3.73671e-05,3.73671e-05,3.73671e-05
621,1940.91,0.57451,0.70434,0.1658,0.21069,0.67994,0.90655,0.9329,0.95343,0.8052,0.90507,0.78846,0.82705,0.70069,0.91079,3.05378,0.18578,0.64483,1.4795,3.69429e-05,3.69429e-05,3.69429e-05
622,1943.99,0.55584,0.69092,0.16689,0.20637,0.65401,0.90635,0.93071,0.95263,0.80538,0.91035,0.78846,0.82576,0.70666,0.91503,3.06241,0.18503,0.66463,1.47996,3.65186e-05,3.65186e-05,3.65186e-05
623,1947.07,0.62084,0.63472,0.16469,0.21504,0.64653,0.97812,0.85985,0.95269,0.79924,0.90752,0.78846,0.82685,0.7101,0.92099,3.08269,0.18514,0.70652,1.45613,3.60943e-05,3.60943e-05,3.60943e-05
624,1950.2,0.57797,0.66541,0.166,0.21627,0.65412,0.91133,0.92308,0.95426,0.79441,0.91101,0.78846,0.82794,0.70684,0.89992,3.05121,0.18335,0.67371,1.41718,3.567e-05,3.567e-05,3.567e-05
625,1953.26,0.55263,0.65296,0.15883,0.21106,0.63649,0.94748,0.88462,0.93848,0.79024,0.94777,0.76923,0.82894,0.71303,0.89954,3.05801,0.18295,0.66268,1.40755,3.52457e-05,3.52457e-05,3.52457e-05
626,1956.33,0.52043,0.5902,0.16137,0.19948,0.67229,0.972,0.90385,0.93895,0.79087,0.94231,0.76923,0.83002,0.70019,0.90293,3.06854,0.18379,0.68122,1.41096,3.48214e-05,3.48214e-05,3.48214e-05
627,1959.38,0.55635,0.65852,0.16502,0.21038,0.65415,0.97284,0.90385,0.93895,0.79066,0.95207,0.76401,0.8129,0.70119,0.89424,3.05618,0.18431,0.66741,1.3953,3.43971e-05,3.43971e-05,3.43971e-05
628,1962.46,0.48344,0.61744,0.16506,0.19542,0.67355,0.97154,0.90385,0.93841,0.79218,0.89324,0.80455,0.8124,0.70035,0.87827,3.04493,0.18518,0.67514,1.37748,3.39729e-05,3.39729e-05,3.39729e-05
629,1965.58,0.58311,0.64148,0.16523,0.21285,0.65758,0.97901,0.89701,0.93869,0.79521,0.86827,0.84615,0.84816,0.70512,0.8769,3.08927,0.18499,0.67334,1.38077,3.35486e-05,3.35486e-05,3.35486e-05
630,1968.63,0.48572,0.64573,0.15801,0.19934,0.67249,0.96841,0.88462,0.93869,0.79507,0.87153,0.84615,0.84771,0.71434,0.87977,3.08784,0.18521,0.68456,1.3869,3.31243e-05,3.31243e-05,3.31243e-05
631,1971.76,0.61198,0.63455,0.16197,0.21321,0.64905,0.94024,0.90774,0.94018,0.79205,0.88114,0.85546,0.84921,0.70924,0.89409,3.14745,0.18702,0.73294,1.39496,3.27e-05,3.27e-05,3.27e-05
632,1974.85,0.54185,0.61711,0.1546,0.20999,0.65401,0.99215,0.86538,0.93758,0.79128,0.86375,0.85351,0.84652,0.69654,0.91282,3.16572,0.18806,0.80803,1.40833,3.22757e-05,3.22757e-05,3.22757e-05
633,1977.99,0.61438,0.75011,0.17074,0.22697,0.62989,0.91852,0.90385,0.91865,0.77841,0.85456,0.84615,0.84561,0.69948,0.90943,3.15018,0.18788,0.80235,1.40972,3.18514e-05,3.18514e-05,3.18514e-05
634,1981.1,0.54238,0.64564,0.16431,0.20644,0.67266,0.91308,0.90385,0.91773,0.78093,0.85755,0.81042,0.8271,0.68935,0.9124,3.15506,0.18735,0.80892,1.41048,3.14271e-05,3.14271e-05,3.14271e-05
635,1984.22,0.58582,0.64167,0.16763,0.21156,0.66098,0.90434,0.90906,0.91649,0.78501,0.82802,0.83337,0.82446,0.69197,0.91243,3.1651,0.18801,0.81347,1.40393,3.10029e-05,3.10029e-05,3.10029e-05
636,1987.31,0.54961,0.62586,0.16363,0.2033,0.65671,0.91565,0.92308,0.93368,0.78866,0.83934,0.84615,0.82449,0.69608,0.91553,3.0837,0.18698,0.8183,1.40031,3.05786e-05,3.05786e-05,3.05786e-05
637,1990.37,0.60429,0.63616,0.16614,0.21645,0.63728,0.91439,0.92308,0.93324,0.78612,0.83802,0.84615,0.82491,0.70374,0.92006,3.08218,0.18639,0.78647,1.40691,3.01543e-05,3.01543e-05,3.01543e-05
638,1993.41,0.60765,0.58661,0.16226,0.21423,0.65198,0.91207,0.92308,0.93449,0.78651,0.83506,0.84615,0.82558,0.70369,0.94706,3.08051,0.18626,0.84438,1.4261,2.973e-05,2.973e-05,2.973e-05
639,1996.42,0.54048,0.61379,0.16346,0.19982,0.6634,0.93346,0.92308,0.93557,0.79501,0.85296,0.84615,0.82615,0.69619,0.91808,3.07864,0.18798,0.76781,1.40186,2.93057e-05,2.93057e-05,2.93057e-05
640,1999.42,0.56386,0.65933,0.16409,0.21017,0.65754,0.91961,0.92308,0.93595,0.79555,0.81187,0.82692,0.80777,0.68877,0.91014,3.10275,0.18847,0.72743,1.39303,2.88814e-05,2.88814e-05,2.88814e-05
641,2002.46,0.55034,0.61405,0.15871,0.20963,0.6357,0.998,0.86538,0.93821,0.79748,0.88315,0.76923,0.80742,0.70245,0.90901,3.08635,0.18755,0.68024,1.39617,2.84571e-05,2.84571e-05,2.84571e-05
642,2005.49,0.57587,0.65177,0.16725,0.21361,0.66489,0.98902,0.88462,0.93945,0.80095,0.85982,0.76923,0.78603,0.70974,0.90049,3.08705,0.18769,0.66319,1.39905,2.80329e-05,2.80329e-05,2.80329e-05
643,2008.57,0.55806,0.61924,0.15539,0.20659,0.65135,0.99259,0.88462,0.94047,0.80249,0.86194,0.76923,0.80343,0.71365,0.89066,3.10079,0.18803,0.66124,1.39833,2.76086e-05,2.76086e-05,2.76086e-05
644,2011.7,0.59562,0.62834,0.16527,0.21526,0.65269,0.97199,0.88462,0.93888,0.79512,0.78516,0.82692,0.8032,0.70203,0.88421,3.11758,0.18895,0.66968,1.39462,2.71843e-05,2.71843e-05,2.71843e-05
645,2014.78,0.59657,0.67439,0.16386,0.21176,0.65293,0.97095,0.88462,0.93851,0.79677,0.8286,0.82692,0.82708,0.70436,0.89747,3.0874,0.18788,0.68845,1.39738,2.676e-05,2.676e-05,2.676e-05
646,2017.84,0.53774,0.60724,0.15519,0.20439,0.65034,0.97232,0.88462,0.93786,0.79616,0.87418,0.80176,0.81091,0.70896,0.90723,3.10018,0.18805,0.71495,1.39999,2.63357e-05,2.63357e-05,2.63357e-05
647,2020.9,0.54007,0.62378,0.15712,0.20453,0.63127,0.96419,0.88462,0.93734,0.80074,0.8399,0.80769,0.82694,0.71409,0.90736,3.06032,0.18631,0.74846,1.39353,2.59114e-05,2.59114e-05,2.59114e-05
648,2023.97,0.55495,0.59532,0.15791,0.1982,0.65784,0.94339,0.88462,0.93803,0.79975,0.85944,0.82316,0.82765,0.71625,0.92148,3.04788,0.18621,0.76298,1.411,2.54871e-05,2.54871e-05,2.54871e-05
649,2027.1,0.51221,0.63959,0.16299,0.19752,0.67936,0.94903,0.88462,0.93803,0.79552,0.8584,0.81614,0.81181,0.72048,0.92828,3.01819,0.18542,0.75426,1.41521,2.50629e-05,2.50629e-05,2.50629e-05
650,2030.2,0.58492,0.58281,0.15594,0.20959,0.65386,0.93816,0.90385,0.93836,0.79374,0.87349,0.82692,0.8121,0.71691,0.91703,3.05843,0.18601,0.736,1.39936,2.46386e-05,2.46386e-05,2.46386e-05
651,2033.23,0.51799,0.65683,0.15794,0.19604,0.66133,0.91013,0.90385,0.93759,0.7932,0.88519,0.80769,0.8121,0.71151,0.91093,3.10447,0.18786,0.73343,1.38851,2.42143e-05,2.42143e-05,2.42143e-05
652,2036.3,0.56809,0.65219,0.16231,0.20979,0.65825,0.93306,0.90385,0.93796,0.79442,0.85016,0.82692,0.81148,0.71775,0.91804,3.12286,0.187,0.77943,1.38926,2.379e-05,2.379e-05,2.379e-05
653,2039.37,0.51311,0.58666,0.1607,0.203,0.6676,0.93943,0.89491,0.93759,0.79401,0.85075,0.82692,0.82787,0.71987,0.92152,3.13059,0.18656,0.78274,1.39285,2.33657e-05,2.33657e-05,2.33657e-05
654,2042.41,0.5672,0.63373,0.16128,0.20305,0.66052,0.93535,0.90385,0.93759,0.79581,0.85574,0.82692,0.82746,0.71719,0.91849,3.12487,0.18611,0.76236,1.39289,2.29414e-05,2.29414e-05,2.29414e-05
655,2045.47,0.47772,0.65331,0.16043,0.1926,0.66617,0.9334,0.90385,0.93588,0.79464,0.85318,0.82692,0.82747,0.71676,0.92573,3.16349,0.18722,0.80278,1.40652,2.25171e-05,2.25171e-05,2.25171e-05
656,2048.57,0.46951,0.64796,0.1572,0.18921,0.68265,0.93917,0.90385,0.93745,0.79682,0.85273,0.82692,0.82701,0.71876,0.92075,3.1277,0.18653,0.80314,1.40453,2.20929e-05,2.20929e-05,2.20929e-05
657,2051.65,0.57182,0.6177,0.16518,0.20899,0.65659,0.94447,0.90385,0.93775,0.80254,0.85567,0.82692,0.82701,0.70504,0.90905,3.10555,0.18495,0.72942,1.39719,2.16686e-05,2.16686e-05,2.16686e-05
658,2054.7,0.48533,0.63625,0.1618,0.19278,0.67131,0.94485,0.90385,0.9547,0.80592,0.85591,0.82692,0.82659,0.69653,0.90621,3.15265,0.18532,0.70654,1.40322,2.12443e-05,2.12443e-05,2.12443e-05
659,2057.8,0.50587,0.6176,0.16321,0.19398,0.64403,0.92326,0.92546,0.95594,0.80165,0.85543,0.82692,0.80947,0.69201,0.90495,3.16546,0.18659,0.73314,1.40735,2.082e-05,2.082e-05,2.082e-05
660,2060.93,0.5843,0.64856,0.16666,0.21018,0.64938,0.92356,0.92954,0.95549,0.80967,0.82676,0.80769,0.78814,0.69753,0.91145,3.13591,0.18509,0.74698,1.42252,2.03957e-05,2.03957e-05,2.03957e-05
661,2063.99,0.55735,0.63766,0.15996,0.20264,0.65769,0.92353,0.9291,0.95549,0.80444,0.85126,0.82692,0.80993,0.71157,0.9147,3.12776,0.18466,0.72306,1.43171,1.99714e-05,1.99714e-05,1.99714e-05
662,2067.1,0.59262,0.62305,0.16088,0.21342,0.65387,0.92331,0.92612,0.95512,0.80018,0.85668,0.82692,0.80993,0.71337,0.91177,3.06059,0.18405,0.68683,1.43528,1.95471e-05,1.95471e-05,1.95471e-05
663,2070.16,0.52404,0.64986,0.16251,0.19809,0.65884,0.92646,0.92308,0.9548,0.79486,0.85998,0.82681,0.80993,0.72252,0.90724,3.08994,0.18514,0.70027,1.42397,1.91229e-05,1.91229e-05,1.91229e-05
664,2073.25,0.57743,0.69669,0.16586,0.21153,0.64101,0.9401,0.94231,0.95456,0.7984,0.85999,0.82688,0.81145,0.724,0.91083,3.09143,0.18547,0.74432,1.4174,1.86986e-05,1.86986e-05,1.86986e-05
665,2076.35,0.57884,0.69665,0.16617,0.21175,0.65476,0.94227,0.94164,0.95492,0.79485,0.8711,0.80769,0.81052,0.70713,0.91222,3.10266,0.18471,0.7434,1.41389,1.82743e-05,1.82743e-05,1.82743e-05
666,2079.39,0.54487,0.62359,0.16231,0.19785,0.66531,0.94162,0.9306,0.95582,0.80226,0.87395,0.80769,0.81145,0.70954,0.90683,3.08046,0.18435,0.7033,1.40345,1.785e-05,1.785e-05,1.785e-05
667,2082.52,0.53044,0.58273,0.16117,0.20092,0.64529,0.9416,0.93022,0.95663,0.80135,0.85919,0.82145,0.81156,0.71099,0.90051,3.07156,0.18353,0.67223,1.40194,1.74257e-05,1.74257e-05,1.74257e-05
668,2085.64,0.6328,0.62433,0.15883,0.21607,0.62098,0.94145,0.92773,0.95744,0.80332,0.85916,0.82127,0.81191,0.71283,0.89554,3.0519,0.18283,0.6448,1.39518,1.70014e-05,1.70014e-05,1.70014e-05
669,2088.7,0.60837,0.62731,0.15184,0.21275,0.62103,0.94157,0.92981,0.95825,0.80414,0.85904,0.82043,0.81313,0.70864,0.89623,3.05212,0.18342,0.65244,1.39805,1.65771e-05,1.65771e-05,1.65771e-05
670,2091.75,0.56819,0.70324,0.16341,0.20368,0.6395,0.94187,0.93485,0.95814,0.80411,0.8592,0.82155,0.81313,0.71335,0.89485,3.05978,0.18384,0.65618,1.40306,1.61529e-05,1.61529e-05,1.61529e-05
671,2094.79,0.536,0.66113,0.15769,0.20495,0.65363,0.94186,0.93462,0.95686,0.79876,0.85984,0.82582,0.81326,0.72219,0.8908,3.07458,0.18514,0.67182,1.40706,1.57286e-05,1.57286e-05,1.57286e-05
672,2097.9,0.55445,0.57297,0.15461,0.2011,0.664,0.94164,0.931,0.95686,0.79993,0.8598,0.82692,0.81326,0.72064,0.8879,3.08185,0.18492,0.66679,1.39926,1.53043e-05,1.53043e-05,1.53043e-05
673,2101.04,0.51194,0.65372,0.15945,0.19587,0.65365,0.94162,0.93065,0.95774,0.80263,0.91257,0.80296,0.81411,0.71642,0.88373,3.08835,0.18482,0.65493,1.39232,1.488e-05,1.488e-05,1.488e-05
674,2104.14,0.562,0.68976,0.16532,0.20878,0.64879,0.94188,0.93501,0.95774,0.80261,0.90351,0.80769,0.81411,0.71555,0.88357,3.0538,0.18396,0.63666,1.38918,1.44557e-05,1.44557e-05,1.44557e-05
675,2107.25,0.52771,0.61306,0.16281,0.20318,0.66359,0.9417,0.93194,0.95772,0.80769,0.88975,0.80769,0.81454,0.7191,0.88234,3.03619,0.18427,0.61437,1.38341,1.40314e-05,1.40314e-05,1.40314e-05
676,2110.4,0.565,0.62654,0.1644,0.20202,0.66623,0.94143,0.92743,0.95814,0.80713,0.89286,0.80769,0.81489,0.71546,0.8857,3.01881,0.18445,0.61166,1.38534,1.36071e-05,1.36071e-05,1.36071e-05
677,2113.46,0.52802,0.58754,0.16357,0.19653,0.65759,0.94149,0.92849,0.95814,0.80016,0.89504,0.80769,0.81489,0.71489,0.88727,2.99943,0.18447,0.60855,1.39051,1.31829e-05,1.31829e-05,1.31829e-05
678,2116.51,0.55626,0.57927,0.161,0.20391,0.65764,0.94143,0.92733,0.95846,0.80032,0.89183,0.80769,0.81489,0.71483,0.88909,3.00647,0.18451,0.60371,1.39901,1.27586e-05,1.27586e-05,1.27586e-05
679,2119.57,0.56436,0.64709,0.16595,0.19982,0.66062,0.95778,0.90385,0.95857,0.79919,0.85932,0.82232,0.81385,0.7077,0.89246,3.04329,0.18443,0.61194,1.40705,1.23343e-05,1.23343e-05,1.23343e-05
680,2122.67,0.64255,0.57475,0.16334,0.22041,0.63568,0.95375,0.90385,0.95767,0.79787,0.85934,0.82245,0.81251,0.70862,0.89164,3.05252,0.1847,0.59905,1.40749,1.191e-05,1.191e-05,1.191e-05
681,2125.86,0.57889,0.58391,0.15353,0.20897,0.62877,0.95474,0.90385,0.95731,0.7963,0.85928,0.82208,0.81231,0.7092,0.88425,3.03046,0.18474,0.57715,1.39988,1.14857e-05,1.14857e-05,1.14857e-05
682,2128.94,0.54916,0.59764,0.16031,0.19849,0.63419,0.95446,0.90385,0.95731,0.79804,0.85929,0.82217,0.81231,0.71101,0.88957,3.03162,0.18457,0.58457,1.40706,1.10614e-05,1.10614e-05,1.10614e-05
683,2131.97,0.61816,0.57132,0.16018,0.21816,0.62509,0.95484,0.90385,0.95688,0.79609,0.85916,0.8213,0.81212,0.71611,0.88869,3.01934,0.18433,0.57473,1.41037,1.06371e-05,1.06371e-05,1.06371e-05
684,2135.02,0.53129,0.62517,0.16257,0.19543,0.67319,0.95509,0.90385,0.9568,0.79632,0.85926,0.82194,0.81145,0.70389,0.89445,3.04044,0.18447,0.59745,1.40901,1.02129e-05,1.02129e-05,1.02129e-05
685,2138.09,0.58981,0.60543,0.15665,0.21023,0.64707,0.95454,0.90385,0.95649,0.7956,0.85926,0.82195,0.81106,0.70589,0.899,3.06047,0.18498,0.62494,1.40981,9.78857e-06,9.78857e-06,9.78857e-06
686,2141.17,0.52257,0.68815,0.15959,0.19574,0.65588,0.95374,0.90385,0.95691,0.79433,0.85945,0.82321,0.81169,0.71087,0.90067,3.06866,0.1858,0.64109,1.40963,9.36429e-06,9.36429e-06,9.36429e-06
687,2144.19,0.48154,0.66381,0.15516,0.19135,0.66717,0.97421,0.90385,0.95857,0.80076,0.89202,0.80769,0.8131,0.71024,0.90457,3.03868,0.186,0.66212,1.41893,8.94e-06,8.94e-06,8.94e-06
688,2147.24,0.50382,0.589,0.15736,0.19453,0.64891,0.94065,0.91446,0.95857,0.8004,0.88875,0.80769,0.81341,0.70737,0.9093,3.06676,0.18706,0.67033,1.42598,8.51571e-06,8.51571e-06,8.51571e-06
689,2150.32,0.50173,0.62097,0.15702,0.19199,0.65661,0.9406,0.91361,0.95846,0.79774,0.85964,0.82449,0.8131,0.70731,0.91308,3.07829,0.18634,0.68404,1.4249,8.09143e-06,8.09143e-06,8.09143e-06
690,2153.4,0.54291,0.60311,0.15862,0.19831,0.65867,0.94049,0.91193,0.95846,0.79767,0.89211,0.80769,0.8131,0.70782,0.91053,3.13935,0.18808,0.69308,1.42329,7.66714e-06,7.66714e-06,7.66714e-06
691,2157.75,0.58207,0.56218,0.16259,0.20674,0.64302,0.94065,0.91453,0.95846,0.80562,0.89266,0.79977,0.8131,0.70888,0.90287,3.11034,0.18739,0.67539,1.41797,7.24286e-06,7.24286e-06,7.24286e-06
692,2160.84,0.52472,0.57998,0.16292,0.203,0.6408,0.94085,0.91779,0.95777,0.80016,0.85963,0.82444,0.8131,0.7042,0.90097,3.11788,0.1872,0.68322,1.41638,6.81857e-06,6.81857e-06,6.81857e-06
693,2163.87,0.5649,0.59312,0.15955,0.20678,0.63917,0.95249,0.90385,0.95696,0.79908,0.85951,0.8236,0.81172,0.7067,0.89993,3.09187,0.18616,0.66849,1.41639,6.39429e-06,6.39429e-06,6.39429e-06
694,2166.91,0.55704,0.59529,0.15589,0.2021,0.64542,0.95365,0.90385,0.95696,0.79755,0.85958,0.82412,0.81172,0.70675,0.90417,3.11848,0.18693,0.68042,1.41892,5.97e-06,5.97e-06,5.97e-06
695,2169.96,0.52784,0.62292,0.15842,0.19528,0.6534,0.95359,0.90385,0.95626,0.79404,0.85955,0.82388,0.81074,0.70465,0.90762,3.10559,0.18696,0.6802,1.42316,5.54571e-06,5.54571e-06,5.54571e-06
696,2173.01,0.59613,0.58077,0.15293,0.21252,0.64855,0.95337,0.90385,0.95581,0.79559,0.85954,0.82383,0.81074,0.70214,0.90698,3.09188,0.18708,0.68486,1.42402,5.12143e-06,5.12143e-06,5.12143e-06
697,2176.02,0.51925,0.62446,0.1557,0.19263,0.65513,0.95309,0.90385,0.95544,0.79424,0.85956,0.82398,0.81199,0.70749,0.90673,3.08914,0.18705,0.68547,1.42419,4.69714e-06,4.69714e-06,4.69714e-06
698,2179.06,0.56494,0.586,0.1525,0.20504,0.62252,0.95335,0.90385,0.95544,0.79414,0.85949,0.82349,0.81112,0.70698,0.90334,3.08531,0.18617,0.67587,1.41899,4.27286e-06,4.27286e-06,4.27286e-06
699,2182.07,0.56291,0.68001,0.1635,0.20518,0.63408,0.95333,0.90385,0.95544,0.79658,0.85944,0.82313,0.81112,0.70146,0.89952,3.08895,0.18674,0.67301,1.41436,3.84857e-06,3.84857e-06,3.84857e-06
700,2185.13,0.55826,0.61924,0.15673,0.2006,0.65297,0.9547,0.90385,0.95544,0.79645,0.85947,0.82335,0.81074,0.70088,0.8965,3.08594,0.1854,0.65391,1.41467,3.42429e-06,3.42429e-06,3.42429e-06
