epoch,time,train/box_loss,train/pose_loss,train/kobj_loss,train/cls_loss,train/dfl_loss,metrics/precision(B),metrics/recall(B),metrics/mAP50(B),metrics/mAP50-95(B),metrics/precision(P),metrics/recall(P),metrics/mAP50(P),metrics/mAP50-95(P),val/box_loss,val/pose_loss,val/kobj_loss,val/cls_loss,val/dfl_loss,lr/pg0,lr/pg1,lr/pg2
1,14.0128,2.30699,11.6102,0.6157,1.40431,3.63209,0.50445,0.55556,0.47278,0.2624,0,0,0,0,2.02081,11.4723,0.57729,1.4105,2.60967,9.16667e-05,9.16667e-05,0.0695361
2,15.4417,2.54218,11.5762,0.61692,1.36646,3.41614,0.85584,0.33333,0.4679,0.22421,0,0,0,0,2.29604,11.3866,0.52998,1.6932,2.51498,0.000191396,0.000191396,0.0363025
3,17.1717,2.57069,11.4956,0.51949,1.26855,2.95739,0.57649,0.66667,0.64796,0.27237,0,0,0,0,1.98974,11.5043,0.55609,1.78812,2.45899,0.000290842,0.000290842,0.00306862
4,19.273,2.17985,11.5115,0.45868,1.28455,2.47948,0.45618,0.62963,0.54795,0.24738,0,0,0,0,2.02494,11.4592,0.51568,1.8483,2.42552,0.000298727,0.000298727,0.000298727
5,21.0222,2.1806,11.4555,0.45049,1.26623,2.25385,0.73342,0.77778,0.80949,0.32503,0,0,0,0,1.77854,11.5432,0.47387,1.59757,2.23467,0.000298303,0.000298303,0.000298303
6,23.2548,1.90208,11.3842,0.44917,1.17047,2.06703,0.66845,0.77778,0.83047,0.38681,0,0,0,0,1.71429,11.4963,0.4598,1.46137,2.10654,0.000297879,0.000297879,0.000297879
7,25.4157,1.8916,11.3808,0.42856,1.13301,2.13921,0.67517,0.74074,0.78547,0.42329,0,0,0,0,1.68254,11.402,0.45997,1.18198,2.12246,0.000297454,0.000297454,0.000297454
8,27.612,1.87646,11.3416,0.42465,1.0427,2.13583,0.6966,0.68061,0.76478,0.41465,0,0,0,0,1.76916,11.3366,0.47743,1.17615,2.21349,0.00029703,0.00029703,0.00029703
9,29.3719,1.82226,11.2818,0.44448,0.99229,2.15443,0.67399,0.7037,0.72547,0.36147,0,0,0,0,1.96632,11.1872,0.50341,1.15988,2.34949,0.000296606,0.000296606,0.000296606
10,31.0763,1.88603,11.2091,0.44786,0.97606,1.93841,0.76196,0.77778,0.75852,0.40685,0,0,0,0,1.87956,11.1151,0.48874,1.13537,2.23776,0.000296181,0.000296181,0.000296181
11,32.8313,1.77319,11.0946,0.45986,0.94784,1.92138,0.75989,0.82066,0.84885,0.42224,0,0,0,0,1.78869,10.9845,0.4823,1.0284,2.09809,0.000295757,0.000295757,0.000295757
12,34.5494,1.87572,10.9253,0.46741,0.93295,2.10395,0.75084,0.77778,0.85944,0.43838,0,0,0,0,1.79764,10.9135,0.47998,1.00434,2.10301,0.000295333,0.000295333,0.000295333
13,36.6929,1.72811,10.8225,0.47179,0.86748,2.0366,0.76459,0.84228,0.86539,0.40169,0,0,0,0,1.86898,10.7253,0.49342,0.99936,2.16214,0.000294909,0.000294909,0.000294909
14,38.4077,1.61166,10.7015,0.49299,0.82085,1.98202,0.6507,0.81481,0.80164,0.39873,0,0,0,0,1.92678,10.6643,0.50534,1.00032,2.25891,0.000294484,0.000294484,0.000294484
15,40.1331,1.81358,10.688,0.49169,0.91248,1.88202,0.80317,0.7037,0.83855,0.42825,0,0,0,0,1.83963,10.5311,0.51728,1.06584,2.13613,0.00029406,0.00029406,0.00029406
16,41.8538,1.63041,10.4909,0.50412,0.81535,1.8724,0.69208,0.85185,0.82853,0.41077,0,0,0,0,1.84864,10.4293,0.52508,1.12695,2.16831,0.000293636,0.000293636,0.000293636
17,43.6063,1.60469,10.3216,0.50182,0.8343,1.83512,0.75638,0.77778,0.84597,0.40653,0,0,0,0,1.88307,10.279,0.53599,1.10494,2.29203,0.000293211,0.000293211,0.000293211
18,45.3287,1.61725,10.2858,0.52232,0.79938,1.86292,0.68866,0.77778,0.84545,0.42297,0,0,0,0,1.8794,10.2309,0.54751,1.14363,2.36031,0.000292787,0.000292787,0.000292787
19,47.0935,1.54369,10.2657,0.5133,0.81938,1.86075,0.75772,0.77778,0.84366,0.43784,0,0,0,0,1.88412,10.1695,0.56068,1.20456,2.35019,0.000292363,0.000292363,0.000292363
20,48.8297,1.51304,10.0859,0.52379,0.84139,1.82973,0.81741,0.81481,0.88053,0.4424,0,0,0,0,1.83997,10.1428,0.56112,1.08619,2.25039,0.000291939,0.000291939,0.000291939
21,51.0249,1.46775,10.162,0.51545,0.76461,1.68216,0.88185,0.81481,0.90282,0.463,0,0,0,0,1.87191,10.1491,0.54702,1.01274,2.26191,0.000291514,0.000291514,0.000291514
22,53.1854,1.60863,10.1845,0.48845,0.76593,1.71274,0.89,0.85185,0.90761,0.46425,0,0,0,0,1.86484,10.1407,0.53929,1.04532,2.20119,0.00029109,0.00029109,0.00029109
23,55.3161,1.42258,10.0372,0.49969,0.73546,1.79944,0.79591,0.88889,0.87468,0.47662,0,0,0,0,1.80582,10.0407,0.52407,1.14536,2.08792,0.000290666,0.000290666,0.000290666
24,57.4768,1.45408,9.85255,0.49941,0.73164,1.72561,0.81552,0.88889,0.88421,0.47342,0,0,0,0,1.82727,10.0025,0.51577,1.19109,2.08477,0.000290241,0.000290241,0.000290241
25,59.2438,1.39724,9.96389,0.4967,0.69811,1.76329,0.82014,0.84464,0.87533,0.4808,0,0,0,0,1.66401,9.99053,0.50748,1.14016,1.9473,0.000289817,0.000289817,0.000289817
26,61.3988,1.48496,9.87233,0.48521,0.72993,1.85438,0.93808,0.81481,0.89066,0.48838,0,0,0,0,1.60886,9.93811,0.50606,1.12442,1.87598,0.000289393,0.000289393,0.000289393
27,63.5526,1.40367,9.91798,0.48454,0.70542,1.68386,0.91937,0.81481,0.87841,0.50382,0,0,0,0,1.63284,9.93245,0.49014,1.10923,1.8957,0.000288969,0.000288969,0.000288969
28,65.6561,1.2985,9.67039,0.46689,0.69581,1.6787,0.94129,0.77778,0.87454,0.48288,0,0,0,0,1.66761,9.91506,0.47769,1.20154,1.95876,0.000288544,0.000288544,0.000288544
29,67.3725,1.42257,9.65983,0.43378,0.72881,1.62049,0.87386,0.77778,0.89454,0.47013,0,0,0,0,1.77431,9.87277,0.45513,1.18041,2.11678,0.00028812,0.00028812,0.00028812
30,69.0977,1.48473,9.67638,0.4489,0.73687,1.63371,0.84453,0.80504,0.86669,0.45114,0,0,0,0,1.80089,9.83394,0.44425,1.12381,2.13924,0.000287696,0.000287696,0.000287696
31,70.8076,1.37144,9.60041,0.44236,0.70841,1.66196,0.93585,0.77778,0.87475,0.45656,0,0,0,0,1.77748,9.72345,0.44482,1.1173,2.02218,0.000287271,0.000287271,0.000287271
32,72.5006,1.44968,9.76679,0.46142,0.72205,1.55473,0.90716,0.77778,0.88756,0.49953,0,0,0,0,1.70827,9.55501,0.44474,1.07467,1.95122,0.000286847,0.000286847,0.000286847
33,74.2456,1.29193,9.43758,0.45779,0.66883,1.55613,0.90047,0.77778,0.87849,0.51401,0,0,0,0,1.66499,9.49916,0.44812,0.95357,1.96697,0.000286423,0.000286423,0.000286423
34,76.3731,1.3739,9.49231,0.4683,0.67937,1.48069,0.87365,0.7686,0.87107,0.51054,0,0,0,0,1.64172,9.42281,0.4422,0.92595,1.95845,0.000285999,0.000285999,0.000285999
35,78.0888,1.28017,9.31066,0.44365,0.68086,1.55321,0.81841,0.74074,0.80363,0.49164,0,0,0,0,1.69043,9.34945,0.42743,0.96769,2.06448,0.000285574,0.000285574,0.000285574
36,79.8178,1.35692,9.39903,0.46218,0.7219,1.53742,0.75478,0.81481,0.81899,0.46564,0,0,0,0,1.70844,9.33413,0.42306,0.98738,2.09047,0.00028515,0.00028515,0.00028515
37,81.5492,1.3599,9.31289,0.44406,0.64919,1.59718,0.87827,0.81481,0.85766,0.49871,0,0,0,0,1.63237,9.21008,0.41346,0.91573,1.98172,0.000284726,0.000284726,0.000284726
38,83.2393,1.18521,9.0503,0.43076,0.61756,1.5332,0.94442,0.81481,0.88635,0.52936,0,0,0,0,1.62119,9.08541,0.41128,0.93632,1.98343,0.000284301,0.000284301,0.000284301
39,85.3909,1.29689,9.1488,0.44262,0.64097,1.55618,0.9488,0.81481,0.89094,0.52447,0,0,0,0,1.64951,9.01371,0.41444,1.03143,1.99067,0.000283877,0.000283877,0.000283877
40,87.1224,1.2341,9.00594,0.43882,0.60385,1.46426,0.94525,0.81481,0.88037,0.51649,0,0,0,0,1.70001,8.98273,0.41418,1.1574,2.04652,0.000283453,0.000283453,0.000283453
41,88.8663,1.31651,9.14327,0.41749,0.72275,1.54564,0.90691,0.81481,0.86629,0.51079,0,0,0,0,1.67555,8.9538,0.41671,1.21978,2.06792,0.000283029,0.000283029,0.000283029
42,90.6024,1.2764,8.86888,0.43588,0.60255,1.54947,0.91572,0.77778,0.87125,0.52393,0,0,0,0,1.65618,8.87914,0.41629,1.11306,2.0301,0.000282604,0.000282604,0.000282604
43,92.3377,1.26556,8.74813,0.42835,0.59279,1.49935,0.88372,0.84469,0.88345,0.54037,0,0,0,0,1.64258,8.753,0.41333,0.90401,1.99467,0.00028218,0.00028218,0.00028218
44,94.5094,1.19301,8.7268,0.43079,0.59969,1.41279,0.91373,0.77778,0.87866,0.55438,0,0,0,0,1.63095,8.77775,0.41376,0.85685,1.97139,0.000281756,0.000281756,0.000281756
45,96.6733,1.26576,8.53643,0.43405,0.60134,1.41932,0.9559,0.80308,0.87868,0.55599,0,0,0,0,1.61667,8.59395,0.40518,0.86199,1.96558,0.000281331,0.000281331,0.000281331
46,98.8246,1.22083,8.34817,0.42612,0.59407,1.52402,0.94698,0.81481,0.90321,0.54694,0.06429,0.03704,0.0035,0.00035,1.67452,8.48661,0.39762,0.82727,2.00391,0.000280907,0.000280907,0.000280907
47,100.587,1.20886,8.29406,0.40852,0.56442,1.39935,0.93291,0.81481,0.91147,0.55838,0,0,0,0,1.59382,8.34932,0.3851,0.7827,1.95471,0.000280483,0.000280483,0.000280483
48,102.776,1.07831,8.21833,0.42555,0.56162,1.35647,0.90871,0.81481,0.91061,0.57467,0,0,0,0,1.57668,8.30362,0.38156,0.79174,1.96831,0.000280059,0.000280059,0.000280059
49,104.959,1.09252,8.13377,0.40585,0.54902,1.34742,0.91775,0.85185,0.91776,0.5689,0.06419,0.03704,0.0035,0.00035,1.6007,8.26155,0.37534,0.83412,2.0324,0.000279634,0.000279634,0.000279634
50,106.751,1.15814,8.07946,0.39755,0.60003,1.37975,0.91084,0.85185,0.91161,0.55723,0.05581,0.03704,0.00219,0.00044,1.61209,8.20748,0.37453,0.86062,2.0838,0.00027921,0.00027921,0.00027921
51,108.459,1.08079,8.07615,0.40243,0.55305,1.44915,0.91456,0.85185,0.91193,0.54684,0.15708,0.11111,0.041,0.00454,1.64758,8.0773,0.37464,0.86573,2.14482,0.000278786,0.000278786,0.000278786
52,110.206,1.2364,8.1212,0.41951,0.58144,1.39508,0.94559,0.85185,0.90867,0.54139,0.26627,0.11111,0.095,0.0095,1.62458,8.05335,0.37308,0.85083,2.11432,0.000278361,0.000278361,0.000278361
53,111.965,1.19995,7.86611,0.42285,0.56986,1.40925,0.90054,0.88889,0.8909,0.53759,0.195,0.11111,0.06591,0.01009,1.60543,8.27161,0.37819,0.86177,1.99807,0.000277937,0.000277937,0.000277937
54,113.679,1.1386,7.76999,0.38458,0.54171,1.34914,0.87867,0.88889,0.88506,0.53388,0.25598,0.14815,0.12423,0.01592,1.61656,8.28853,0.3796,0.91065,1.98411,0.000277513,0.000277513,0.000277513
55,115.483,1.09055,7.67592,0.39129,0.5436,1.34539,0.919,0.84078,0.88344,0.54328,0.17618,0.07407,0.0375,0.00375,1.64251,8.03796,0.37413,0.94615,2.02975,0.000277089,0.000277089,0.000277089
56,117.265,1.13437,7.5537,0.39307,0.54738,1.44578,0.91135,0.85185,0.86233,0.52891,0.15987,0.14815,0.03773,0.00496,1.61552,7.88603,0.37315,0.96568,2.04785,0.000276664,0.000276664,0.000276664
57,119.057,1.23913,7.55699,0.39821,0.60718,1.39379,0.91151,0.85185,0.8645,0.53156,0.13487,0.11111,0.02475,0.00331,1.61608,7.83706,0.36959,1.08118,2.11397,0.00027624,0.00027624,0.00027624
58,120.82,1.08941,7.47203,0.38335,0.52422,1.35458,0.91591,0.85185,0.86183,0.53129,0.47821,0.18519,0.15,0.01775,1.66511,7.96705,0.37013,1.15015,2.13321,0.000275816,0.000275816,0.000275816
59,122.603,1.16352,7.64589,0.4096,0.56105,1.36333,0.77658,0.90144,0.87151,0.51776,0.43536,0.18519,0.13333,0.02883,1.67317,8.06083,0.36501,0.99293,2.06063,0.000275391,0.000275391,0.000275391
60,124.374,1.14575,7.41188,0.39429,0.5467,1.32591,0.75489,0.91277,0.86701,0.52214,0.41173,0.18519,0.13875,0.02129,1.6855,7.88264,0.35733,0.8774,2.08664,0.000274967,0.000274967,0.000274967
61,126.143,1.1948,7.43495,0.40023,0.56288,1.24465,0.86586,0.85185,0.81562,0.50901,0.28518,0.2963,0.14407,0.02388,1.60509,7.57067,0.3518,0.84114,2.10862,0.000274543,0.000274543,0.000274543
62,127.9,1.03945,7.24116,0.384,0.5251,1.40036,0.87935,0.85185,0.81676,0.50739,0.29996,0.25926,0.11733,0.02065,1.58216,7.51361,0.35194,0.84201,2.06715,0.000274119,0.000274119,0.000274119
63,129.676,1.12039,6.81202,0.38089,0.55355,1.24581,0.79158,0.84422,0.80416,0.49291,0.25536,0.25926,0.09916,0.0231,1.63557,7.3334,0.35355,0.99833,1.94309,0.000273694,0.000273694,0.000273694
64,131.43,1.10524,6.87932,0.38251,0.5451,1.38508,0.81106,0.81481,0.82722,0.49156,0.28794,0.25926,0.13014,0.02588,1.65715,7.4391,0.35588,1.09901,1.98247,0.00027327,0.00027327,0.00027327
65,133.18,1.12125,7.267,0.39884,0.54362,1.36369,0.81466,0.85185,0.79182,0.48156,0.33071,0.2963,0.15237,0.03499,1.67174,7.1751,0.35453,1.13743,2.04001,0.000272846,0.000272846,0.000272846
66,134.932,1.17359,7.17561,0.37351,0.5863,1.32555,0.78171,0.85185,0.8186,0.47508,0.31754,0.25926,0.12907,0.03368,1.63853,7.09501,0.35371,1.06967,2.07608,0.000272421,0.000272421,0.000272421
67,136.668,1.06673,6.45424,0.37672,0.51299,1.40235,0.70965,0.85185,0.8211,0.48902,0.20641,0.14815,0.04539,0.01013,1.62059,7.46498,0.35573,0.94514,2.19128,0.000271997,0.000271997,0.000271997
68,138.41,1.26122,6.87833,0.3811,0.54615,1.33105,0.82682,0.70746,0.83836,0.49939,0.25779,0.18519,0.09876,0.02699,1.62208,7.21335,0.35689,0.9107,2.14922,0.000271573,0.000271573,0.000271573
69,140.169,1.10887,6.66064,0.36052,0.5275,1.3066,0.77641,0.77778,0.81569,0.51109,0.18471,0.18519,0.08192,0.03307,1.627,6.8306,0.35219,1.03926,2.07804,0.000271149,0.000271149,0.000271149
70,141.941,1.015,6.85308,0.38196,0.51912,1.32636,0.7935,0.81481,0.84687,0.51062,0.28766,0.2963,0.15282,0.03586,1.58784,6.70027,0.35145,1.03514,2.00068,0.000270724,0.000270724,0.000270724
71,143.68,1.17687,6.38642,0.37191,0.53618,1.28841,0.85139,0.84884,0.90563,0.55088,0.25239,0.22222,0.12276,0.02691,1.47696,6.84641,0.34082,0.96907,1.92107,0.0002703,0.0002703,0.0002703
72,145.872,1.09711,6.99985,0.35756,0.54737,1.32685,0.85569,0.87873,0.88814,0.54212,0.22961,0.22222,0.13929,0.0341,1.47751,6.97669,0.33846,0.90644,1.96026,0.000269876,0.000269876,0.000269876
73,147.651,1.0532,6.87111,0.38468,0.50636,1.25429,0.8506,0.88889,0.86113,0.53649,0.39354,0.2963,0.25607,0.05992,1.45207,6.70614,0.34673,0.89735,1.97348,0.000269451,0.000269451,0.000269451
74,149.823,1.2844,6.76294,0.38889,0.54495,1.2512,0.85117,0.88889,0.85318,0.52733,0.42556,0.2963,0.24662,0.06411,1.50647,6.58933,0.34789,0.88371,1.97901,0.000269027,0.000269027,0.000269027
75,151.595,1.1455,6.62345,0.36938,0.51801,1.16872,0.85175,0.85118,0.81839,0.50822,0.60088,0.33464,0.31991,0.12418,1.60988,6.71024,0.35919,0.85815,1.9778,0.000268603,0.000268603,0.000268603
76,153.769,1.13293,6.46903,0.36875,0.51564,1.2728,0.82787,0.89073,0.86468,0.51458,0.57149,0.2963,0.28205,0.12374,1.62144,6.88018,0.36216,0.93395,1.94804,0.000268179,0.000268179,0.000268179
77,155.923,1.11026,6.38568,0.34766,0.52312,1.31699,0.79442,0.88889,0.90446,0.5398,0.58789,0.37037,0.301,0.13025,1.63412,6.73636,0.36108,0.8539,1.97573,0.000267754,0.000267754,0.000267754
78,158.09,1.1371,6.37905,0.36562,0.49672,1.21192,0.77683,0.92593,0.9071,0.54726,0.62386,0.33333,0.30125,0.13049,1.57816,6.61613,0.35914,0.78975,1.94119,0.00026733,0.00026733,0.00026733
79,160.276,1.03907,6.45773,0.36538,0.4949,1.31635,0.90194,0.81481,0.91582,0.53755,0.60307,0.2963,0.3027,0.07612,1.53565,6.61107,0.35436,0.77819,2.02313,0.000266906,0.000266906,0.000266906
80,161.98,1.12885,6.03314,0.35604,0.50426,1.29839,0.94894,0.81481,0.92723,0.54051,0.36126,0.14815,0.14409,0.04866,1.5847,6.75513,0.35501,0.76099,2.06792,0.000266481,0.000266481,0.000266481
81,163.745,1.12501,6.21947,0.36544,0.50079,1.35499,0.95292,0.88889,0.93864,0.54296,0.48073,0.33333,0.3094,0.1158,1.5937,6.54109,0.36235,0.74941,2.0316,0.000266057,0.000266057,0.000266057
82,165.475,1.08849,6.18215,0.37322,0.49873,1.27165,0.8925,0.92255,0.93444,0.52788,0.46099,0.25926,0.27269,0.13788,1.62885,6.5893,0.367,0.76113,2.02982,0.000265633,0.000265633,0.000265633
83,167.256,1.14433,5.95987,0.36492,0.51187,1.35916,0.91517,0.88889,0.93876,0.53955,0.50249,0.33333,0.27643,0.15951,1.64241,6.7212,0.36367,0.84819,1.96401,0.000265209,0.000265209,0.000265209
84,169.41,1.06216,5.78001,0.37784,0.5047,1.27436,0.92133,0.88889,0.94684,0.5335,0.38713,0.33333,0.26727,0.12031,1.61511,6.51228,0.36117,0.84341,1.92987,0.000264784,0.000264784,0.000264784
85,171.185,1.0847,5.97366,0.37259,0.52175,1.3095,0.94759,0.88889,0.94248,0.56722,0.42808,0.37037,0.29379,0.13738,1.50713,6.14778,0.35966,0.72916,1.85499,0.00026436,0.00026436,0.00026436
86,173.353,1.11996,6.2374,0.36967,0.50224,1.25366,0.92194,0.87519,0.92957,0.5623,0.49665,0.44444,0.33225,0.12026,1.49538,6.27052,0.35738,0.73578,1.91024,0.000263936,0.000263936,0.000263936
87,175.109,1.09765,6.17683,0.37055,0.60647,1.32634,0.87814,0.81481,0.88612,0.5508,0.34775,0.2963,0.19079,0.06311,1.55922,6.48139,0.35799,0.73042,2.11568,0.000263511,0.000263511,0.000263511
88,176.861,1.03871,5.95016,0.36638,0.49865,1.23519,0.8736,0.85185,0.88581,0.54946,0.38388,0.37037,0.23243,0.05778,1.52956,6.6277,0.36228,0.80021,2.03073,0.000263087,0.000263087,0.000263087
89,178.603,1.08024,5.65489,0.36714,0.5073,1.27024,0.87456,0.85185,0.90954,0.55312,0.20537,0.14815,0.06131,0.03299,1.48733,6.62404,0.3662,0.74409,1.90728,0.000262663,0.000262663,0.000262663
90,180.315,1.0581,6.10287,0.36906,0.50536,1.22262,0.90586,0.81481,0.91811,0.57728,0.31144,0.22222,0.13401,0.04173,1.44714,6.53894,0.36786,0.75654,1.83766,0.000262239,0.000262239,0.000262239
91,182.115,1.00888,5.99644,0.37796,0.49784,1.16206,0.79781,0.87712,0.90548,0.58372,0.42379,0.2963,0.19728,0.06729,1.49206,6.19513,0.36928,0.74913,1.95645,0.000261814,0.000261814,0.000261814
92,183.883,1.00387,5.78315,0.37915,0.48463,1.24092,0.86461,0.81481,0.89246,0.55792,0.42684,0.2963,0.174,0.05205,1.54424,6.23826,0.36761,0.75172,2.04423,0.00026139,0.00026139,0.00026139
93,185.637,1.04747,5.63763,0.36678,0.49088,1.18287,0.91084,0.77778,0.90797,0.54921,0.27904,0.2963,0.15685,0.02729,1.58468,6.3944,0.36322,0.73173,2.12192,0.000260966,0.000260966,0.000260966
94,187.387,1.03248,5.91697,0.36702,0.4894,1.24792,0.88161,0.82777,0.90591,0.55771,0.34467,0.2963,0.19824,0.03933,1.53284,6.35141,0.35924,0.71502,2.02568,0.000260541,0.000260541,0.000260541
95,189.1,1.07008,5.59491,0.3678,0.49208,1.19248,0.87344,0.81481,0.87731,0.56244,0.35943,0.33333,0.20882,0.10784,1.49808,6.10349,0.36186,0.71244,1.9167,0.000260117,0.000260117,0.000260117
96,190.829,1.0743,5.66722,0.37214,0.50435,1.33953,0.88316,0.84017,0.88688,0.55162,0.45404,0.40741,0.28763,0.11198,1.49645,6.18502,0.36366,0.71821,1.89355,0.000259693,0.000259693,0.000259693
97,192.589,0.96795,6.02512,0.36723,0.49166,1.25099,0.88397,0.84664,0.90214,0.55941,0.47769,0.44444,0.33789,0.12772,1.5086,6.06872,0.36981,0.75258,1.97636,0.000259269,0.000259269,0.000259269
98,194.299,0.95086,5.47204,0.35231,0.44192,1.14615,0.95635,0.81165,0.90164,0.56779,0.5767,0.40741,0.33143,0.11573,1.52116,6.06873,0.37214,0.83806,2.01747,0.000258844,0.000258844,0.000258844
99,196.055,0.96279,5.30961,0.38117,0.44751,1.20681,0.92851,0.85185,0.90483,0.55258,0.58735,0.48148,0.34519,0.12089,1.54612,5.87921,0.36969,0.99016,2.02982,0.00025842,0.00025842,0.00025842
100,197.801,0.90045,5.16308,0.36997,0.45651,1.34645,0.92213,0.88889,0.90883,0.55396,0.69787,0.51353,0.39188,0.13233,1.5422,5.78565,0.36603,0.97979,2.04373,0.000257996,0.000257996,0.000257996
101,199.518,1.01283,5.62681,0.37161,0.48083,1.29641,0.92097,0.88889,0.9618,0.58961,0.59401,0.55556,0.3946,0.13065,1.44259,5.58441,0.36147,0.78826,1.89219,0.000257571,0.000257571,0.000257571
102,201.673,1.02651,5.5743,0.37441,0.46045,1.13258,0.92296,0.88751,0.964,0.60523,0.6754,0.62963,0.56049,0.16193,1.38426,5.57297,0.35983,0.70465,1.81404,0.000257147,0.000257147,0.000257147
103,203.857,1.00088,5.33805,0.36181,0.461,1.14742,0.88647,0.88889,0.94877,0.62072,0.55168,0.48148,0.36744,0.1695,1.33136,5.54517,0.36323,0.68586,1.74168,0.000256723,0.000256723,0.000256723
104,206.034,1.00155,5.42221,0.36084,0.46064,1.21126,0.94093,0.85185,0.95771,0.60872,0.48893,0.44444,0.34805,0.15978,1.36076,5.68779,0.36421,0.70359,1.7617,0.000256299,0.000256299,0.000256299
105,207.79,1.11343,5.53717,0.37106,0.51818,1.3737,1,0.85052,0.96078,0.58744,0.60226,0.51852,0.40976,0.13267,1.39059,5.84484,0.36567,0.73584,1.78731,0.000255874,0.000255874,0.000255874
106,209.556,0.96837,5.28148,0.36003,0.4594,1.24704,0.99011,0.85185,0.96135,0.59885,0.60131,0.51852,0.44004,0.14086,1.40474,5.7472,0.36635,0.75683,1.78629,0.00025545,0.00025545,0.00025545
107,211.31,1.01284,5.29869,0.36347,0.45486,1.14789,1,0.88763,0.96465,0.59447,0.55995,0.48148,0.36007,0.1057,1.42283,5.70895,0.36329,0.81099,1.84335,0.000255026,0.000255026,0.000255026
108,213.019,1.00502,5.3319,0.3654,0.45924,1.07627,0.9958,0.88889,0.96807,0.59577,0.63595,0.44444,0.38283,0.12972,1.44059,5.7047,0.3614,0.81038,1.8737,0.000254601,0.000254601,0.000254601
109,214.791,1.08275,5.47485,0.36109,0.46248,1.15117,0.99834,0.88889,0.97224,0.5974,0.64096,0.40741,0.3426,0.13382,1.4512,5.66876,0.35938,0.80441,1.88326,0.000254177,0.000254177,0.000254177
110,216.558,0.96882,5.53412,0.34947,0.46377,1.1692,1,0.88386,0.96784,0.59489,0.71734,0.47042,0.37917,0.13447,1.46711,5.67256,0.35811,0.80833,1.89825,0.000253753,0.000253753,0.000253753
111,218.295,0.90647,5.02366,0.35078,0.42787,1.19739,0.92269,0.92593,0.94813,0.5721,0.59363,0.44444,0.29467,0.11728,1.45404,5.72468,0.35711,0.79951,1.85062,0.000253329,0.000253329,0.000253329
112,220.065,1.06394,5.43062,0.36187,0.45923,1.16502,1,0.84694,0.91841,0.57719,0.63628,0.48148,0.33044,0.12161,1.4013,5.6308,0.35664,0.78684,1.78926,0.000252904,0.000252904,0.000252904
113,221.792,1.05519,5.71531,0.3574,0.46217,1.13294,0.95114,0.85185,0.94321,0.59587,0.58366,0.51852,0.3895,0.1401,1.40245,5.58086,0.36228,0.74751,1.83943,0.00025248,0.00025248,0.00025248
114,223.527,0.95231,5.318,0.36896,0.43503,1.17067,0.92271,0.88447,0.94436,0.60741,0.62226,0.55556,0.44679,0.15514,1.41563,5.63748,0.36796,0.73882,1.88378,0.000252056,0.000252056,0.000252056
115,225.258,0.90424,5.08564,0.35426,0.42886,1.13033,0.95997,0.88823,0.91273,0.60046,0.45272,0.40741,0.27106,0.123,1.51435,6.00411,0.37146,1.02678,1.94885,0.000251631,0.000251631,0.000251631
116,227.001,0.90107,5.24505,0.34435,0.45865,1.1597,0.9596,0.87996,0.90846,0.59466,0.4269,0.37037,0.24136,0.12005,1.4854,6.06303,0.36784,1.04844,1.91412,0.000251207,0.000251207,0.000251207
117,228.754,0.84492,5.11977,0.33601,0.42589,1.13472,0.95261,0.85185,0.90926,0.59011,0.57978,0.51852,0.36683,0.16838,1.48551,5.85664,0.36232,0.97509,1.96701,0.000250783,0.000250783,0.000250783
118,230.506,0.94507,4.97918,0.35838,0.43371,1.10665,0.95978,0.88409,0.91511,0.59158,0.58042,0.51852,0.37401,0.18325,1.48863,5.80126,0.36197,0.96384,1.96835,0.000250359,0.000250359,0.000250359
119,232.261,0.97037,4.94826,0.36555,0.42826,1.07891,0.92264,0.8836,0.91815,0.59587,0.70686,0.59259,0.45082,0.16546,1.47551,5.66172,0.3619,0.95949,1.88508,0.000249934,0.000249934,0.000249934
120,233.997,0.90731,4.96869,0.35826,0.42136,1.10754,0.92457,0.90826,0.94532,0.58947,0.71592,0.66667,0.56965,0.17703,1.43506,5.58336,0.36317,0.90859,1.83348,0.00024951,0.00024951,0.00024951
121,235.768,1.0111,5.38155,0.38439,0.45116,1.16277,0.96268,0.95567,0.95241,0.58147,0.57644,0.51852,0.43515,0.10644,1.45061,5.69238,0.36769,0.89153,1.86039,0.000249086,0.000249086,0.000249086
122,237.497,1.0189,4.8942,0.37697,0.45179,1.1354,0.95141,0.96296,0.94722,0.58217,0.49385,0.44444,0.31761,0.08471,1.45104,5.77527,0.36747,0.86402,1.88663,0.000248661,0.000248661,0.000248661
123,239.216,0.80335,5.15789,0.36218,0.43333,1.1121,0.9598,0.88443,0.90164,0.58193,0.53887,0.48148,0.35981,0.12329,1.45306,5.68105,0.36377,0.86065,1.91462,0.000248237,0.000248237,0.000248237
124,240.936,1.00332,5.4793,0.3748,0.44446,1.17329,0.92242,0.88103,0.89966,0.59327,0.64344,0.55556,0.44647,0.15918,1.42742,5.56138,0.36164,0.84904,1.87496,0.000247813,0.000247813,0.000247813
125,242.702,0.97757,5.18015,0.37383,0.43776,1.14664,0.92377,0.89792,0.91207,0.60707,0.65031,0.5512,0.47237,0.18612,1.40906,5.42982,0.3592,0.84805,1.86805,0.000247389,0.000247389,0.000247389
126,244.872,1.02489,4.95302,0.37234,0.45276,1.10246,0.9177,0.92593,0.91071,0.60301,0.7877,0.55556,0.53822,0.20026,1.42226,5.40796,0.35916,0.80422,1.89215,0.000246964,0.000246964,0.000246964
127,247.028,0.87935,4.91972,0.35656,0.41266,1.11894,0.87316,0.88889,0.93583,0.59524,0.83381,0.59259,0.57016,0.20619,1.46956,5.48758,0.3615,0.76187,2.00193,0.00024654,0.00024654,0.00024654
128,248.756,0.9998,5.28717,0.36033,0.44237,1.11168,0.90325,0.85185,0.96256,0.58661,0.78469,0.51852,0.53615,0.17428,1.48189,5.67127,0.3635,0.75274,2.02008,0.000246116,0.000246116,0.000246116
129,250.488,1.02883,5.05259,0.3771,0.45073,1.11391,0.89008,0.96296,0.97298,0.60402,0.63572,0.40741,0.34346,0.1264,1.45019,5.6915,0.36474,0.70512,2.01318,0.000245691,0.000245691,0.000245691
130,252.236,0.91826,4.93631,0.35298,0.41949,1.09937,0.96088,0.91015,0.96882,0.6206,0.63952,0.40741,0.37912,0.15163,1.40814,5.5873,0.36643,0.6765,1.95073,0.000245267,0.000245267,0.000245267
131,254.02,0.87218,5.14207,0.35501,0.42498,1.12815,0.88533,0.92593,0.95963,0.6235,0.74631,0.48148,0.49812,0.1948,1.3832,5.53377,0.3693,0.67383,1.87976,0.000244843,0.000244843,0.000244843
132,256.175,0.86783,5.08874,0.35013,0.41141,1.11246,0.85143,0.92593,0.95607,0.62335,0.77551,0.48148,0.49471,0.17926,1.38227,5.58664,0.37024,0.68037,1.84939,0.000244419,0.000244419,0.000244419
133,257.926,0.90214,4.89572,0.3625,0.44822,1.18979,0.88804,0.88156,0.93581,0.61254,0.77567,0.55556,0.51958,0.22354,1.39711,5.47004,0.36825,0.67403,1.88066,0.000243994,0.000243994,0.000243994
134,260.112,0.94193,4.73586,0.35568,0.41474,1.10296,0.91795,0.88889,0.9376,0.61062,0.7935,0.55556,0.50992,0.22313,1.39192,5.46632,0.3683,0.68028,1.87344,0.00024357,0.00024357,0.00024357
135,261.905,0.85358,4.90363,0.36125,0.39504,1.13079,0.92296,0.88742,0.9406,0.60264,0.74592,0.55556,0.50264,0.21594,1.43777,5.47596,0.35524,0.78498,1.93073,0.000243146,0.000243146,0.000243146
136,263.673,0.93569,5.01477,0.35118,0.42661,1.13804,0.92206,0.87667,0.94079,0.61579,0.75164,0.55556,0.49408,0.20537,1.46367,5.46983,0.35042,0.82353,1.93657,0.000242721,0.000242721,0.000242721
137,265.455,0.98131,5.09264,0.36124,0.41951,1.08493,0.99845,0.81481,0.94377,0.60219,0.88031,0.55556,0.54269,0.21666,1.429,5.60867,0.34994,0.91626,1.8345,0.000242297,0.000242297,0.000242297
138,267.204,0.94836,5.22732,0.35026,0.42308,1.12469,1,0.84393,0.94652,0.59938,0.82146,0.51155,0.48421,0.22183,1.43964,5.5984,0.34829,0.93928,1.85698,0.000241873,0.000241873,0.000241873
139,268.954,0.93695,4.98816,0.34373,0.46002,1.10459,0.95978,0.88394,0.94763,0.61071,0.70885,0.55556,0.48483,0.22464,1.43129,5.45263,0.34985,0.83603,1.9082,0.000241449,0.000241449,0.000241449
140,270.688,0.89996,4.76797,0.35708,0.41632,1.08481,0.95948,0.87728,0.91393,0.6089,0.76527,0.55556,0.48501,0.21966,1.39018,5.48312,0.35195,0.85651,1.89389,0.000241024,0.000241024,0.000241024
141,272.47,1.00572,5.02956,0.35114,0.42517,1.06572,0.91069,0.85185,0.92756,0.62072,0.66262,0.51852,0.42565,0.19296,1.41965,5.68305,0.35762,0.89605,1.89283,0.0002406,0.0002406,0.0002406
142,274.247,0.88766,4.59793,0.35178,0.42151,1.12103,0.91981,0.84973,0.92604,0.60025,0.67387,0.55556,0.4727,0.20903,1.45373,5.686,0.36034,0.89332,1.8918,0.000240176,0.000240176,0.000240176
143,276.025,1.00423,4.76712,0.36279,0.43388,1.05409,0.91573,0.8052,0.89917,0.5682,0.71337,0.40741,0.38022,0.17854,1.50899,5.74059,0.35888,0.91567,1.93575,0.000239751,0.000239751,0.000239751
144,277.775,0.84913,4.99525,0.35665,0.42342,1.18598,0.95714,0.82736,0.92437,0.57136,0.71488,0.40741,0.36796,0.17597,1.52883,5.71742,0.35652,0.90215,1.98623,0.000239327,0.000239327,0.000239327
145,279.516,0.99335,5.0455,0.3547,0.45061,1.07431,0.92232,0.87982,0.93473,0.5538,0.66665,0.40741,0.34815,0.14429,1.55212,5.79907,0.35525,0.83889,2.11555,0.000238903,0.000238903,0.000238903
146,281.271,0.92778,4.82847,0.33053,0.40998,1.13994,0.95987,0.8859,0.93713,0.55729,0.6179,0.37037,0.29198,0.13843,1.515,5.74394,0.35512,0.83396,2.11795,0.000238479,0.000238479,0.000238479
147,283.052,0.91728,4.62779,0.35757,0.4148,1.06819,0.95999,0.88876,0.93858,0.60846,0.74106,0.48148,0.44821,0.21908,1.41855,5.55745,0.35409,0.8322,1.89157,0.000238054,0.000238054,0.000238054
148,284.798,0.89114,4.52638,0.34592,0.3993,1.02595,0.95522,0.88889,0.94277,0.61851,0.83039,0.55556,0.51898,0.21738,1.40679,5.52028,0.35363,0.8233,1.85985,0.00023763,0.00023763,0.00023763
149,286.585,0.98412,4.69273,0.34918,0.41799,1.0941,0.96125,0.91906,0.97143,0.61592,0.77182,0.51852,0.46454,0.23891,1.39947,5.3289,0.35279,0.82338,1.84014,0.000237206,0.000237206,0.000237206
150,288.741,0.95484,4.60364,0.35412,0.40106,1.04062,0.96216,0.94218,0.95389,0.62218,0.70489,0.48148,0.43245,0.23409,1.39828,5.25026,0.35052,0.84992,1.84267,0.000236781,0.000236781,0.000236781
151,290.956,0.84152,4.86649,0.36158,0.39732,1.08341,0.89586,0.95606,0.9507,0.59487,0.75136,0.55979,0.52848,0.22785,1.41869,5.22596,0.34456,0.84987,1.94172,0.000236357,0.000236357,0.000236357
152,292.701,0.87138,4.50793,0.33763,0.40034,1.06272,0.89601,0.95754,0.94737,0.58598,0.69138,0.51852,0.47629,0.2341,1.39538,5.2098,0.34249,0.87307,1.93176,0.000235933,0.000235933,0.000235933
153,294.453,0.85936,4.94537,0.34266,0.40051,1.16924,0.9239,0.96296,0.94756,0.59059,0.8527,0.51852,0.551,0.2335,1.36902,5.29488,0.33986,0.86407,1.87438,0.000235509,0.000235509,0.000235509
154,296.152,0.89401,4.63083,0.34031,0.39579,1.11007,0.92691,0.9397,0.94945,0.60311,0.77815,0.59259,0.55433,0.24022,1.34817,5.28385,0.33879,0.87717,1.83755,0.000235084,0.000235084,0.000235084
155,297.877,0.82466,4.69618,0.33853,0.40083,1.08572,0.92546,0.92593,0.97275,0.61402,0.94066,0.5874,0.61653,0.24652,1.32007,5.21946,0.33803,0.81448,1.79382,0.00023466,0.00023466,0.00023466
156,300.018,0.83934,4.6336,0.33722,0.40129,1.06293,0.92784,0.95273,0.97299,0.60413,0.85694,0.55556,0.57226,0.23464,1.30349,5.29816,0.33802,0.81022,1.80612,0.000234236,0.000234236,0.000234236
157,301.781,0.90206,5.03527,0.3463,0.38893,1.06194,0.92814,0.95697,0.97821,0.60656,0.77827,0.52009,0.51833,0.22663,1.29392,5.22239,0.34269,0.80734,1.79792,0.000233811,0.000233811,0.000233811
158,303.529,0.87335,4.38577,0.34932,0.39619,1.03869,0.92794,0.95413,0.97943,0.61193,0.71734,0.44444,0.4248,0.21993,1.29177,5.23532,0.34598,0.88762,1.79906,0.000233387,0.000233387,0.000233387
159,305.297,0.842,4.57146,0.34848,0.39108,1.02986,0.96109,0.91507,0.95932,0.59966,0.68316,0.51852,0.44061,0.20686,1.2994,5.26035,0.34956,0.92066,1.74562,0.000232963,0.000232963,0.000232963
160,307.034,0.93463,4.54603,0.33962,0.40754,1.03434,1,0.91821,0.96214,0.5983,0.73831,0.48148,0.41533,0.1977,1.31808,5.31001,0.34923,0.90489,1.76119,0.000232539,0.000232539,0.000232539
161,308.805,0.83979,4.6402,0.34426,0.39079,1.12905,0.96153,0.92567,0.98122,0.59162,0.81676,0.49577,0.50371,0.20665,1.3604,5.30856,0.3448,0.82729,1.84985,0.000232114,0.000232114,0.000232114
162,310.552,0.9645,4.77649,0.3467,0.40176,1.03475,0.99657,0.88889,0.9831,0.61074,0.83023,0.54383,0.55384,0.22134,1.35861,5.28742,0.34389,0.80451,1.85227,0.00023169,0.00023169,0.00023169
163,312.331,0.91839,4.66469,0.35847,0.41698,1.11567,1,0.95672,0.98955,0.6032,0.74295,0.55556,0.54447,0.20371,1.34116,5.29647,0.3412,0.77752,1.82365,0.000231266,0.000231266,0.000231266
164,314.092,0.93247,4.60277,0.35128,0.40491,1.1768,1,0.94154,0.965,0.59166,0.7458,0.51852,0.4943,0.21712,1.35132,5.21895,0.3392,0.7778,1.84639,0.000230841,0.000230841,0.000230841
165,315.828,0.88805,4.44428,0.33028,0.40568,1.04725,1,0.91748,0.9575,0.59859,0.69019,0.51852,0.48917,0.2344,1.3582,5.10832,0.3404,0.77537,1.83327,0.000230417,0.000230417,0.000230417
166,317.561,0.92668,4.73461,0.34267,0.42478,1.11734,1,0.91819,0.925,0.58768,0.69437,0.51852,0.49775,0.23626,1.3842,5.17217,0.34366,0.81608,1.84781,0.000229993,0.000229993,0.000229993
167,319.315,0.94754,4.74746,0.33838,0.40892,1.02259,0.98962,0.92593,0.925,0.58865,0.82421,0.48148,0.48266,0.18606,1.43014,5.46152,0.34647,0.90004,1.89406,0.000229569,0.000229569,0.000229569
168,321.067,0.88901,5.06467,0.35063,0.40939,1.12532,1,0.88434,0.92204,0.57121,0.71592,0.59259,0.54516,0.19455,1.47787,5.52162,0.34841,0.91069,1.9542,0.000229144,0.000229144,0.000229144
169,322.81,0.95308,4.92974,0.33949,0.48439,1.12215,0.91668,0.85185,0.89515,0.54561,0.80479,0.51852,0.5188,0.2169,1.52118,5.51212,0.35,0.79546,2.10856,0.00022872,0.00022872,0.00022872
170,324.575,0.87625,4.91208,0.33646,0.40519,1.03256,0.95763,0.83753,0.8948,0.55158,0.862,0.55556,0.56277,0.22549,1.53568,5.54707,0.35075,0.81081,2.13767,0.000228296,0.000228296,0.000228296
171,326.339,0.77992,4.6218,0.3452,0.39647,1.0828,0.91804,0.88889,0.93111,0.55129,0.78563,0.48148,0.47917,0.2238,1.53033,5.52523,0.35044,0.84623,2.14114,0.000227871,0.000227871,0.000227871
172,328.066,0.85889,4.93994,0.35765,0.40175,1.0841,0.95257,0.88889,0.93309,0.56332,0.79249,0.48148,0.50873,0.22228,1.46619,5.48564,0.35284,0.86525,2.07997,0.000227447,0.000227447,0.000227447
173,329.779,0.96261,4.60739,0.32419,0.41238,1.00736,0.94774,0.81481,0.89566,0.5497,0.68686,0.59259,0.51338,0.23651,1.43255,5.29635,0.34873,0.87424,2.02685,0.000227023,0.000227023,0.000227023
174,331.5,0.98234,4.72567,0.33639,0.41924,1.04917,0.90945,0.81481,0.89558,0.54139,0.83706,0.51852,0.5114,0.22967,1.42206,5.32264,0.351,0.91368,1.98923,0.000226599,0.000226599,0.000226599
175,333.291,0.91694,4.2759,0.33169,0.40555,0.94657,0.95611,0.80716,0.8852,0.5415,0.62561,0.55556,0.45817,0.18801,1.41424,5.58503,0.35495,1.00633,1.90571,0.000226174,0.000226174,0.000226174
176,335.03,1.01324,4.63873,0.34251,0.42315,1.03805,0.95782,0.84142,0.89608,0.53803,0.6517,0.55556,0.45918,0.18827,1.4221,5.65003,0.35221,1.07625,1.86767,0.00022575,0.00022575,0.00022575
177,336.811,0.71013,4.4885,0.3207,0.3745,1.03647,0.9597,0.8822,0.9506,0.56831,0.69279,0.58492,0.49639,0.2311,1.38946,5.38127,0.34655,0.92457,1.79396,0.000225326,0.000225326,0.000225326
178,338.579,0.89974,4.68829,0.34606,0.38757,1.01439,0.95256,0.85185,0.91767,0.5562,0.70267,0.62963,0.55144,0.23576,1.41121,5.28301,0.3436,0.896,1.83064,0.000224901,0.000224901,0.000224901
179,340.332,0.94373,4.54189,0.33491,0.41461,1.00526,0.95776,0.84015,0.89507,0.58281,0.70784,0.62819,0.55749,0.25054,1.41986,5.37746,0.33981,0.95035,1.88516,0.000224477,0.000224477,0.000224477
180,342.072,1.00704,4.74167,0.3338,0.46852,1.09674,0.95629,0.81038,0.89353,0.57953,0.72298,0.59259,0.56892,0.23406,1.40445,5.4508,0.3393,1.03354,1.88829,0.000224053,0.000224053,0.000224053
181,343.813,0.83413,4.47768,0.33571,0.40214,1.07494,0.95283,0.81481,0.88846,0.57784,0.69119,0.59259,0.52675,0.23244,1.39545,5.42148,0.34006,0.98539,1.80767,0.000223629,0.000223629,0.000223629
182,345.513,0.95686,4.49863,0.33114,0.41211,0.99674,0.95255,0.81481,0.91383,0.59235,0.69264,0.59259,0.52958,0.24278,1.4104,5.39754,0.34113,0.92302,1.78758,0.000223204,0.000223204,0.000223204
183,347.247,0.88975,4.56276,0.34963,0.39678,0.99846,0.95278,0.81481,0.95283,0.60042,0.76871,0.49281,0.53126,0.24497,1.39846,5.30085,0.34091,0.92875,1.79362,0.00022278,0.00022278,0.00022278
184,348.961,0.99742,4.58166,0.35011,0.40585,1.01254,0.95813,0.84764,0.95948,0.61463,0.86352,0.55556,0.57898,0.25008,1.38794,5.18855,0.34336,0.83984,1.82366,0.000222356,0.000222356,0.000222356
185,351.136,0.89964,4.43141,0.33646,0.38773,1.03764,0.92218,0.92593,0.96683,0.59605,0.70386,0.62963,0.58377,0.26315,1.39013,4.94151,0.34594,0.75769,1.85758,0.000221931,0.000221931,0.000221931
186,352.898,0.88966,4.51958,0.36283,0.40459,1.05913,0.91808,0.92593,0.94839,0.58928,0.73656,0.59259,0.54746,0.25236,1.40066,5.02989,0.34981,0.78019,1.84586,0.000221507,0.000221507,0.000221507
187,354.641,0.90243,4.30702,0.32394,0.389,1.12394,0.96153,0.92577,0.94701,0.60175,0.73577,0.61915,0.55953,0.2462,1.3865,5.13021,0.35192,0.84564,1.7868,0.000221083,0.000221083,0.000221083
188,356.374,0.92012,4.2985,0.34482,0.39929,1.00641,0.92019,0.92593,0.94839,0.605,0.71951,0.6651,0.60852,0.23779,1.35785,5.16721,0.34853,0.8366,1.76744,0.000220659,0.000220659,0.000220659
189,358.11,0.83599,4.38788,0.3561,0.37394,1.03733,0.92101,0.92593,0.95133,0.6299,0.81369,0.66667,0.62866,0.24652,1.3229,5.18256,0.34377,0.79894,1.874,0.000220234,0.000220234,0.000220234
190,360.27,0.95478,4.28783,0.33391,0.39061,1.0182,0.91447,0.92593,0.95231,0.6029,0.63189,0.51852,0.48311,0.23035,1.33288,5.21988,0.34118,0.7936,1.93424,0.00021981,0.00021981,0.00021981
191,362.047,0.77547,4.48717,0.33875,0.37181,1.0362,0.92545,0.91972,0.9504,0.60453,0.74153,0.51852,0.53633,0.22627,1.33943,5.13002,0.33894,0.83843,1.95473,0.000219386,0.000219386,0.000219386
192,363.81,0.74792,4.22693,0.32657,0.3565,1.02935,0.92558,0.92149,0.91981,0.59616,0.82806,0.51852,0.57723,0.24579,1.36224,5.04861,0.33706,0.8876,1.92186,0.000218961,0.000218961,0.000218961
193,365.551,0.81056,4.22351,0.33849,0.36178,1.02949,0.92994,0.88889,0.91668,0.5937,0.73944,0.48148,0.5279,0.21206,1.38201,5.18508,0.3382,0.90007,1.88722,0.000218537,0.000218537,0.000218537
194,367.296,0.8992,4.6175,0.33065,0.38671,1.01862,0.91412,0.88889,0.93932,0.59099,0.73778,0.48148,0.49704,0.19307,1.40172,5.3279,0.34275,0.91982,1.90012,0.000218113,0.000218113,0.000218113
195,369.022,0.85597,4.49044,0.33029,0.39898,1.0162,0.88577,0.88889,0.94192,0.59479,0.81853,0.51852,0.57031,0.22147,1.38953,5.33812,0.34415,0.94333,1.90581,0.000217689,0.000217689,0.000217689
196,370.749,0.80689,4.26717,0.33286,0.35938,1.04877,0.91489,0.88889,0.94721,0.59194,0.85199,0.55556,0.58952,0.24693,1.36396,5.20091,0.34262,0.89143,1.88498,0.000217264,0.000217264,0.000217264
197,372.482,0.7936,4.4313,0.33633,0.37982,1.00399,0.94926,0.88889,0.95306,0.60362,0.62516,0.51852,0.4478,0.2231,1.31795,5.26987,0.34255,0.86643,1.86843,0.00021684,0.00021684,0.00021684
198,374.22,0.84847,4.22712,0.32659,0.38714,1.05426,1,0.85023,0.95418,0.6089,0.76645,0.62963,0.60917,0.25262,1.31431,5.25019,0.34222,0.87613,1.90464,0.000216416,0.000216416,0.000216416
199,375.952,0.9258,4.27131,0.32407,0.38536,1.01716,0.99754,0.85185,0.94652,0.61843,0.7051,0.62963,0.57353,0.24798,1.30106,5.19748,0.34074,0.82269,1.94581,0.000215991,0.000215991,0.000215991
200,377.652,0.94848,4.57063,0.32542,0.39904,1.01706,0.95975,0.88324,0.97393,0.62453,0.80689,0.55556,0.5945,0.25624,1.29394,5.14822,0.34113,0.76978,1.92433,0.000215567,0.000215567,0.000215567
201,379.8,0.82165,4.22782,0.34597,0.3847,0.9825,0.99692,0.85185,0.95817,0.61418,0.80817,0.62963,0.60521,0.24626,1.30401,5.23889,0.34053,0.75049,1.87669,0.000215143,0.000215143,0.000215143
202,381.518,0.87617,4.47576,0.35408,0.37853,1.02499,0.99644,0.85185,0.95306,0.6213,0.71425,0.55556,0.52107,0.23426,1.3225,5.3078,0.34169,0.74971,1.84941,0.000214719,0.000214719,0.000214719
203,383.284,0.86617,4.08184,0.32125,0.37831,0.94657,0.99569,0.85185,0.96908,0.63723,0.83322,0.55511,0.53083,0.22725,1.31023,5.37891,0.34281,0.68434,1.83803,0.000214294,0.000214294,0.000214294
204,385.033,0.83088,4.67108,0.34579,0.39236,1.03872,0.99391,0.85185,0.94661,0.62298,0.85774,0.51852,0.4975,0.22271,1.31112,5.35586,0.34243,0.68241,1.85798,0.00021387,0.00021387,0.00021387
205,386.78,0.79079,4.00779,0.3177,0.38096,1.00871,0.9825,0.81481,0.94266,0.60595,0.81938,0.50457,0.47993,0.23521,1.35358,5.3559,0.34234,0.80777,1.90229,0.000213446,0.000213446,0.000213446
206,388.528,0.81628,4.12088,0.34549,0.37878,1.0001,0.99382,0.81481,0.91214,0.60803,0.807,0.51852,0.47904,0.22782,1.37326,5.41598,0.34004,0.89333,1.8835,0.000213021,0.000213021,0.000213021
207,390.3,0.95878,4.42339,0.34687,0.38736,1.01124,0.92054,0.85838,0.91511,0.60786,0.72797,0.51852,0.45517,0.21582,1.38968,5.62245,0.33697,1.00391,1.8136,0.000212597,0.000212597,0.000212597
208,392.056,0.93759,4.35409,0.35093,0.39868,0.94002,0.91696,0.81481,0.91381,0.59817,0.71049,0.48148,0.43248,0.20641,1.38986,5.69339,0.33696,1.04391,1.81905,0.000212173,0.000212173,0.000212173
209,393.811,0.95346,4.15045,0.33068,0.39124,0.96912,0.95454,0.81481,0.87483,0.58816,0.66998,0.55556,0.49623,0.20308,1.36036,5.82018,0.345,1.12359,1.81279,0.000211749,0.000211749,0.000211749
210,395.518,0.90358,4.23871,0.33059,0.37535,0.92911,0.95138,0.85185,0.90769,0.58988,0.62083,0.55556,0.4625,0.20105,1.3454,5.76603,0.34726,1.0643,1.82482,0.000211324,0.000211324,0.000211324
211,397.271,0.83962,4.36123,0.35715,0.38617,1.01688,1,0.84675,0.91013,0.59479,0.63193,0.55556,0.4701,0.21294,1.41485,5.64623,0.353,1.03312,1.91554,0.0002109,0.0002109,0.0002109
212,398.998,0.87288,4.37701,0.32874,0.39496,0.99305,0.99472,0.85185,0.87983,0.58651,0.6485,0.55556,0.45059,0.22856,1.43159,5.63296,0.35485,1.01802,1.87048,0.000210476,0.000210476,0.000210476
213,400.762,0.88829,4.15298,0.3527,0.36453,0.92175,0.98357,0.85185,0.90607,0.58562,0.67804,0.59259,0.53035,0.20649,1.42606,5.84233,0.35426,1.10408,1.74951,0.000210051,0.000210051,0.000210051
214,402.496,0.81215,4.17187,0.32047,0.38909,1.02095,0.88075,0.8208,0.89187,0.57682,0.70948,0.44444,0.4392,0.17325,1.40235,5.93955,0.35233,1.11964,1.68703,0.000209627,0.000209627,0.000209627
215,404.242,0.8533,4.12647,0.32121,0.38023,1.05765,0.88721,0.8743,0.90167,0.60198,0.73725,0.48148,0.44382,0.20107,1.33245,5.80231,0.34975,1.02799,1.64317,0.000209203,0.000209203,0.000209203
216,406.027,0.82538,4.19899,0.31724,0.36954,0.97396,0.91975,0.84904,0.89875,0.59953,0.66424,0.59259,0.53485,0.21829,1.29717,5.72108,0.34933,0.93329,1.62651,0.000208779,0.000208779,0.000208779
217,407.777,0.81665,4.13032,0.33051,0.3687,0.96737,0.95975,0.8833,0.91668,0.59485,0.66051,0.59259,0.55222,0.25896,1.32286,5.48418,0.34547,0.90408,1.76009,0.000208354,0.000208354,0.000208354
218,409.524,0.86595,4.02333,0.34618,0.38128,0.95246,0.95986,0.88573,0.94394,0.59695,0.73897,0.62913,0.62412,0.27115,1.31293,5.30116,0.3406,0.82944,1.76494,0.00020793,0.00020793,0.00020793
219,411.31,0.8271,3.91176,0.3302,0.36903,0.96165,1,0.88291,0.91441,0.61924,0.79709,0.59259,0.60585,0.29416,1.2921,5.1269,0.33707,0.82236,1.7557,0.000207506,0.000207506,0.000207506
220,413.48,0.88436,3.98471,0.3186,0.37606,0.97573,0.98963,0.85185,0.91126,0.60018,0.91109,0.55556,0.5786,0.30954,1.3038,5.15108,0.33459,0.89715,1.75701,0.000207081,0.000207081,0.000207081
221,415.23,0.79238,4.2808,0.32477,0.36429,0.99941,1,0.80739,0.90935,0.59069,0.82921,0.59259,0.58181,0.29759,1.31506,5.31174,0.3328,1.03466,1.72398,0.000206657,0.000206657,0.000206657
222,416.99,0.82029,4.05352,0.32131,0.36456,0.97809,1,0.80485,0.89975,0.59179,0.83516,0.59259,0.57243,0.30568,1.31578,5.25536,0.33132,1.0169,1.71227,0.000206233,0.000206233,0.000206233
223,418.739,0.86002,4.30148,0.31846,0.37441,0.96477,0.92208,0.81481,0.83989,0.58662,0.83537,0.59259,0.58521,0.28877,1.32357,5.19469,0.33066,1.10286,1.72902,0.000205809,0.000205809,0.000205809
224,420.49,0.9218,4.2671,0.35263,0.41126,1.01964,0.90928,0.81481,0.80848,0.58869,0.80832,0.62493,0.58465,0.28066,1.31241,5.18383,0.331,1.13764,1.73652,0.000205384,0.000205384,0.000205384
225,422.234,0.78231,4.09041,0.31073,0.35622,0.96629,0.95218,0.77778,0.80848,0.58405,0.76986,0.62963,0.5724,0.29316,1.23118,5.10916,0.33079,1.15282,1.62717,0.00020496,0.00020496,0.00020496
226,423.971,0.82768,4.12151,0.32621,0.3716,1.01527,0.95442,0.77565,0.87206,0.5876,0.77229,0.62812,0.57169,0.30676,1.2229,5.07996,0.33163,1.11357,1.61835,0.000204536,0.000204536,0.000204536
227,425.712,0.91524,4.23109,0.33701,0.39449,1.01903,0.83333,0.92593,0.9016,0.57876,0.80606,0.62963,0.56958,0.29631,1.26262,5.04371,0.33211,1.08804,1.71911,0.000204111,0.000204111,0.000204111
228,427.467,0.68189,3.94382,0.32335,0.33751,1.04307,0.86667,0.96296,0.94461,0.58039,0.80896,0.62963,0.56329,0.27444,1.29263,5.13931,0.33197,1.21247,1.76546,0.000203687,0.000203687,0.000203687
229,429.245,0.88669,3.93822,0.31905,0.36803,0.87493,0.91965,0.848,0.90756,0.56795,0.82726,0.62963,0.59612,0.25625,1.36592,5.19723,0.33467,1.0715,1.86057,0.000203263,0.000203263,0.000203263
230,431.016,0.81489,3.97422,0.32505,0.36041,0.95989,0.88658,0.86886,0.90073,0.54743,0.79948,0.62963,0.5979,0.26919,1.39304,5.18004,0.33442,1.00078,1.91208,0.000202839,0.000202839,0.000202839
231,432.765,0.86664,3.9376,0.32102,0.36869,0.96849,0.94418,0.77778,0.89176,0.54243,0.71238,0.59259,0.55724,0.24899,1.44102,5.37418,0.33709,1.08861,1.98157,0.000202414,0.000202414,0.000202414
232,434.506,0.89143,3.91866,0.3299,0.37084,0.93131,0.94032,0.77778,0.89412,0.53824,0.80106,0.51852,0.52684,0.23218,1.46031,5.49091,0.33566,1.14576,2.02817,0.00020199,0.00020199,0.00020199
233,436.242,0.83515,3.9302,0.32828,0.36082,0.96785,0.91088,0.81481,0.88998,0.52517,0.65939,0.59259,0.53462,0.25947,1.46283,5.40381,0.33037,1.15998,2.04068,0.000201566,0.000201566,0.000201566
234,437.98,0.81351,3.99292,0.33494,0.35478,0.97022,0.91569,0.8048,0.90708,0.52889,0.70657,0.62448,0.54811,0.24801,1.45271,5.35934,0.32976,1.12282,2.01643,0.000201141,0.000201141,0.000201141
235,439.766,0.82022,3.73982,0.31865,0.35134,0.91839,0.9118,0.76615,0.89079,0.52187,0.69156,0.58165,0.50663,0.22033,1.45992,5.35446,0.3268,1.23147,1.98891,0.000200717,0.000200717,0.000200717
236,441.526,0.80286,4.36499,0.32043,0.36598,1.03452,0.94718,0.74074,0.89215,0.52594,0.70912,0.55556,0.50135,0.20631,1.45915,5.3645,0.32696,1.24197,1.97078,0.000200293,0.000200293,0.000200293
237,443.305,0.76386,3.82251,0.32089,0.34319,0.97597,0.88358,0.74074,0.84868,0.53943,0.77188,0.51852,0.51068,0.22752,1.45066,5.25269,0.32676,1.14593,1.92443,0.000199869,0.000199869,0.000199869
238,445.059,0.76032,3.77458,0.30982,0.35234,0.98327,0.89841,0.77778,0.85079,0.54218,0.68022,0.55165,0.50461,0.23535,1.43598,5.27638,0.32586,1.16723,1.90219,0.000199444,0.000199444,0.000199444
239,446.821,0.88521,4.15831,0.30836,0.37333,1.00784,0.87874,0.80547,0.86749,0.5607,0.67689,0.621,0.5562,0.24011,1.40504,5.29013,0.32568,1.14314,1.83365,0.00019902,0.00019902,0.00019902
240,448.592,0.80892,3.86434,0.32041,0.36112,0.88134,0.84167,0.77778,0.87524,0.56634,0.72393,0.58307,0.56097,0.23261,1.38489,5.27553,0.32528,1.08453,1.80727,0.000198596,0.000198596,0.000198596
241,450.36,0.84077,3.97198,0.31531,0.37145,0.98602,0.85455,0.92593,0.93664,0.58994,0.69362,0.58716,0.54519,0.21742,1.35016,5.20712,0.32042,0.87031,1.78303,0.000198171,0.000198171,0.000198171
242,452.124,0.85445,4.03041,0.32331,0.3664,0.89208,0.91079,0.88889,0.93308,0.58522,0.77244,0.48148,0.51637,0.22138,1.32748,5.29306,0.32054,0.85089,1.76582,0.000197747,0.000197747,0.000197747
243,453.852,0.81008,3.95519,0.33068,0.35876,0.91563,0.90432,0.81481,0.92227,0.59434,0.65717,0.51852,0.48233,0.18836,1.32021,5.51757,0.31894,0.88995,1.74729,0.000197323,0.000197323,0.000197323
244,455.578,0.81438,3.94423,0.33454,0.36461,0.94713,0.87803,0.77778,0.92029,0.58214,0.7423,0.55556,0.52725,0.19478,1.33666,5.61542,0.31973,0.95518,1.75893,0.000196899,0.000196899,0.000196899
245,457.331,0.79268,4.0162,0.33102,0.37099,0.95991,0.86994,0.85185,0.93389,0.60395,0.7827,0.55556,0.54628,0.21397,1.33787,5.48518,0.32203,0.86184,1.81404,0.000196474,0.000196474,0.000196474
246,459.068,0.82182,3.88234,0.32288,0.35502,0.983,0.94408,0.85185,0.96311,0.61757,0.76453,0.62963,0.59422,0.24737,1.31495,5.39334,0.3225,0.83137,1.81028,0.00019605,0.00019605,0.00019605
247,460.859,0.82879,3.83506,0.32216,0.37238,1.02997,0.92167,0.87192,0.93596,0.61955,0.83254,0.59259,0.59006,0.2458,1.27068,5.43407,0.32906,0.95489,1.76907,0.000195626,0.000195626,0.000195626
248,462.58,0.87057,3.80101,0.32775,0.37366,0.93088,0.93131,0.85185,0.90434,0.60437,0.83597,0.59259,0.58638,0.23506,1.26514,5.52951,0.3326,1.02867,1.74821,0.000195201,0.000195201,0.000195201
249,464.29,0.79703,3.72312,0.33198,0.34641,0.93128,0.95769,0.83862,0.90083,0.60465,0.75845,0.58185,0.53054,0.22478,1.26096,5.48749,0.33424,0.98815,1.71592,0.000194777,0.000194777,0.000194777
250,466.018,0.81576,3.86544,0.32181,0.3577,0.91569,0.93718,0.81481,0.89705,0.59668,0.78227,0.55556,0.53054,0.26206,1.25898,5.32497,0.33503,0.92399,1.70553,0.000194353,0.000194353,0.000194353
251,467.779,0.82986,4.0761,0.33695,0.3706,0.95799,0.90422,0.88889,0.90169,0.60704,0.84789,0.61972,0.58558,0.28065,1.26458,5.26012,0.33519,0.91964,1.72256,0.000193929,0.000193929,0.000193929
252,469.515,0.81991,3.83981,0.31483,0.35813,0.98341,0.92133,0.86786,0.90186,0.59664,0.8399,0.58328,0.57962,0.26789,1.28795,5.30689,0.33723,1.01302,1.726,0.000193504,0.000193504,0.000193504
253,471.288,0.87938,4.1525,0.32429,0.37879,0.99482,0.83333,0.92593,0.89206,0.5731,0.7365,0.51852,0.55487,0.22844,1.32102,5.41822,0.33561,1.17452,1.7508,0.00019308,0.00019308,0.00019308
254,473.032,0.81009,4.11454,0.31746,0.37194,0.91759,0.8125,0.96296,0.92163,0.59207,0.85143,0.48148,0.55717,0.22478,1.30626,5.46235,0.3325,1.1425,1.73221,0.000192656,0.000192656,0.000192656
255,474.817,0.7867,3.67043,0.3111,0.35436,0.92038,0.78788,0.96296,0.92995,0.61327,0.85069,0.51852,0.5648,0.27125,1.3158,5.19382,0.32709,1.02587,1.79113,0.000192231,0.000192231,0.000192231
256,476.574,0.6785,3.59563,0.31296,0.33505,0.99674,0.92271,0.88444,0.94339,0.61287,0.69903,0.62963,0.56659,0.28277,1.30178,5.09533,0.32731,0.94946,1.81942,0.000191807,0.000191807,0.000191807
257,478.334,0.77813,3.97701,0.34014,0.35108,0.98733,1,0.84139,0.94953,0.61616,0.70447,0.55556,0.5285,0.27875,1.2977,5.07741,0.32444,0.76458,1.87773,0.000191383,0.000191383,0.000191383
258,480.074,0.79709,3.63104,0.31564,0.35466,0.89942,1,0.8485,0.94953,0.59763,0.66578,0.51852,0.49169,0.25963,1.30205,5.06971,0.32456,0.7521,1.86285,0.000190959,0.000190959,0.000190959
259,481.8,0.8281,3.78134,0.31909,0.3794,0.92256,0.99159,0.81481,0.93736,0.61054,0.68132,0.55556,0.52212,0.2491,1.30584,5.15448,0.32742,0.80226,1.83121,0.000190534,0.000190534,0.000190534
260,483.582,0.79531,3.69504,0.3164,0.34511,0.96736,0.98895,0.81481,0.9333,0.61255,0.67823,0.55556,0.51599,0.23702,1.33208,5.17449,0.32632,0.85638,1.88886,0.00019011,0.00019011,0.00019011
261,485.278,0.81263,3.54935,0.33432,0.35596,1.00187,0.95288,0.81481,0.93137,0.61218,0.68953,0.48148,0.45485,0.23312,1.34863,5.09714,0.32647,0.83874,1.96124,0.000189686,0.000189686,0.000189686
262,487.035,0.78465,3.71621,0.30945,0.33843,0.89942,0.95098,0.81481,0.92838,0.61818,0.66434,0.55556,0.50645,0.23599,1.35832,5.09492,0.32629,0.84909,2.00027,0.000189261,0.000189261,0.000189261
263,488.805,0.75073,3.75763,0.34395,0.34173,0.92003,0.94444,0.81481,0.93408,0.60277,0.73763,0.62963,0.61438,0.24988,1.33863,5.04443,0.32523,0.8359,1.97151,0.000188837,0.000188837,0.000188837
264,490.529,0.80764,3.49864,0.29729,0.34542,0.88764,0.86118,0.88889,0.94258,0.62373,0.80851,0.6257,0.61618,0.25837,1.32941,5.01727,0.3252,0.81866,1.93157,0.000188413,0.000188413,0.000188413
265,492.277,0.75571,3.45709,0.32165,0.33543,0.91345,0.88861,0.88651,0.94676,0.63405,0.83297,0.59259,0.6183,0.25885,1.29809,5.01635,0.32467,0.90893,1.84922,0.000187989,0.000187989,0.000187989
266,494.099,0.79988,3.56426,0.31377,0.34811,0.96562,1,0.84113,0.95105,0.6371,0.7806,0.65915,0.62034,0.27599,1.29044,5.04594,0.3254,1.00943,1.81326,0.000187564,0.000187564,0.000187564
267,495.838,0.73769,3.46731,0.3119,0.34049,0.895,1,0.84777,0.95033,0.62343,0.71343,0.59259,0.51068,0.25984,1.26912,5.08258,0.32416,1.06257,1.74439,0.00018714,0.00018714,0.00018714
268,497.537,0.83882,3.84258,0.32102,0.36796,0.91252,1,0.84657,0.95033,0.6305,0.72173,0.59259,0.51695,0.26012,1.25288,5.06866,0.32464,1.02434,1.71317,0.000186716,0.000186716,0.000186716
269,499.235,0.69818,3.59622,0.30397,0.3332,0.93646,0.97059,0.85185,0.9497,0.64187,0.67248,0.59259,0.51052,0.24846,1.24122,5.04673,0.32271,0.98306,1.69301,0.000186291,0.000186291,0.000186291
270,500.933,0.81247,3.68332,0.30736,0.35237,0.90092,0.98978,0.85185,0.9497,0.63264,0.72966,0.62963,0.53118,0.23433,1.24806,5.08877,0.32226,0.9788,1.70654,0.000185867,0.000185867,0.000185867
271,502.664,0.80997,3.72878,0.30593,0.34543,0.90224,1,0.84716,0.95217,0.62032,0.73894,0.62904,0.53069,0.2307,1.2688,5.19165,0.32257,0.9478,1.76094,0.000185443,0.000185443,0.000185443
272,504.388,0.75468,3.43102,0.30942,0.34008,0.95888,0.98987,0.85185,0.95105,0.6051,0.73131,0.62963,0.55948,0.2408,1.2733,5.1441,0.32475,0.92302,1.78871,0.000185019,0.000185019,0.000185019
273,506.149,0.9438,3.72509,0.31838,0.37626,0.90228,1,0.84423,0.91981,0.57605,0.7361,0.62963,0.51742,0.24269,1.29881,5.12629,0.32935,0.95878,1.83606,0.000184594,0.000184594,0.000184594
274,507.894,0.82162,3.76913,0.32124,0.35586,0.9289,0.95095,0.85185,0.91674,0.58156,0.70276,0.62963,0.52333,0.23327,1.31806,5.13387,0.3292,0.96771,1.89773,0.00018417,0.00018417,0.00018417
275,509.621,0.7411,3.82415,0.31307,0.35924,0.91466,0.95981,0.88462,0.95586,0.62512,0.73129,0.62963,0.52452,0.22697,1.29131,5.00363,0.325,0.98193,1.87209,0.000183746,0.000183746,0.000183746
276,511.347,0.8527,3.57622,0.34604,0.36062,0.91741,0.98974,0.85185,0.95105,0.62247,0.73139,0.62963,0.52886,0.22084,1.28963,4.98211,0.32496,0.98404,1.87337,0.000183321,0.000183321,0.000183321
277,513.148,0.78266,3.34757,0.31816,0.34063,0.88381,1,0.84936,0.95568,0.62276,0.77011,0.62963,0.57314,0.22636,1.3091,5.08861,0.32784,1.04264,1.84185,0.000182897,0.000182897,0.000182897
278,514.882,0.84677,3.60453,0.31538,0.35361,0.8974,0.99438,0.85185,0.95336,0.6117,0.7247,0.59259,0.54891,0.20989,1.32985,5.18061,0.3316,1.09403,1.81599,0.000182473,0.000182473,0.000182473
279,516.626,0.8207,3.58639,0.32497,0.35237,0.95535,1,0.80862,0.9478,0.61472,0.6699,0.62963,0.57425,0.21949,1.33289,5.17181,0.33018,0.98722,1.79233,0.000182049,0.000182049,0.000182049
280,518.335,0.71081,3.59766,0.32791,0.33938,0.96902,0.89663,0.88889,0.9496,0.61407,0.78162,0.51852,0.57248,0.2285,1.32215,5.13431,0.3286,0.92751,1.77917,0.000181624,0.000181624,0.000181624
281,520.103,0.7685,3.76568,0.30855,0.34635,0.93887,0.9528,0.85185,0.94129,0.60826,0.76822,0.55556,0.56032,0.22099,1.31997,5.21294,0.32814,0.90601,1.81381,0.0001812,0.0001812,0.0001812
282,521.834,0.87897,3.54341,0.33407,0.36324,0.86017,0.92226,0.87904,0.91093,0.59699,0.72074,0.51852,0.48239,0.21069,1.3317,5.25903,0.33273,0.97559,1.83521,0.000180776,0.000180776,0.000180776
283,523.555,0.70188,3.48279,0.29673,0.32965,0.93629,0.92284,0.88602,0.90976,0.59017,0.57519,0.55176,0.44426,0.21293,1.28807,5.23069,0.33034,0.94674,1.80127,0.000180351,0.000180351,0.000180351
284,525.276,0.75035,3.49063,0.31206,0.33105,0.91611,0.92305,0.88859,0.90566,0.60791,0.7616,0.55556,0.56563,0.25623,1.26126,5.17125,0.32649,0.96481,1.74202,0.000179927,0.000179927,0.000179927
285,527.017,0.77671,3.36445,0.32426,0.34409,0.91843,0.88013,0.88889,0.90724,0.62648,0.83333,0.59259,0.62191,0.28053,1.2353,5.12387,0.32727,1.00086,1.65127,0.000179503,0.000179503,0.000179503
286,528.758,0.78097,3.45974,0.31376,0.34337,0.91904,1,0.81186,0.91321,0.6351,0.80661,0.62963,0.62131,0.28841,1.24707,5.14513,0.329,1.02772,1.6375,0.000179079,0.000179079,0.000179079
287,530.907,0.83057,3.28383,0.31587,0.33769,0.89255,0.95825,0.85007,0.91791,0.6101,0.80779,0.62288,0.61289,0.28391,1.29935,5.08796,0.33368,1.16077,1.66682,0.000178654,0.000178654,0.000178654
288,532.664,0.80555,3.41287,0.29933,0.33574,0.88242,0.96033,0.89695,0.92077,0.61233,0.74327,0.66667,0.62003,0.29215,1.3101,5.01767,0.33402,1.1293,1.68874,0.00017823,0.00017823,0.00017823
289,534.408,0.72695,3.42,0.29807,0.31915,0.88886,1,0.91761,0.95855,0.63427,0.79417,0.59259,0.59071,0.29378,1.31167,5.00243,0.33588,1.01155,1.70318,0.000177806,0.000177806,0.000177806
290,536.538,0.73033,3.40347,0.32716,0.32856,0.9145,1,0.90844,0.95855,0.6318,0.75852,0.59259,0.58251,0.29498,1.32582,4.99809,0.33807,1.05871,1.71006,0.000177381,0.000177381,0.000177381
291,538.298,0.82026,3.68201,0.33202,0.35778,0.91252,0.89655,0.96296,0.95714,0.63179,0.73262,0.62963,0.59599,0.25755,1.33313,5.07553,0.33953,1.09874,1.70231,0.000176957,0.000176957,0.000176957
292,540.047,0.79195,3.4912,0.33673,0.33327,0.90188,0.92857,0.96296,0.95714,0.63474,0.73208,0.62963,0.60265,0.267,1.33241,5.03544,0.33885,1.07593,1.69958,0.000176533,0.000176533,0.000176533
293,541.85,0.89242,3.64918,0.3354,0.34648,0.86537,0.98874,0.88889,0.9606,0.61753,0.78137,0.66201,0.62067,0.27287,1.30756,4.9087,0.33443,0.90817,1.70005,0.000176109,0.000176109,0.000176109
294,543.578,0.76443,3.74125,0.31025,0.34255,0.89218,0.89655,0.96296,0.95945,0.61678,0.77713,0.66667,0.62106,0.24161,1.32453,4.95124,0.33327,0.90521,1.75528,0.000175684,0.000175684,0.000175684
295,545.297,0.78088,3.57365,0.3103,0.35037,0.90209,0.95793,0.92593,0.92231,0.60408,0.7734,0.66667,0.61563,0.19068,1.33396,5.00756,0.32805,0.87221,1.80135,0.00017526,0.00017526,0.00017526
296,547.01,0.80491,3.72254,0.32376,0.35001,0.91226,0.96088,0.90996,0.92231,0.6216,0.77469,0.66667,0.61462,0.2353,1.30515,4.92478,0.32772,0.85052,1.75236,0.000174836,0.000174836,0.000174836
297,548.761,0.74156,3.15408,0.30737,0.31562,0.89507,1,0.84843,0.95306,0.63888,0.76946,0.62963,0.58772,0.28216,1.28699,4.81401,0.33103,0.86656,1.7087,0.000174411,0.000174411,0.000174411
298,550.541,0.80837,3.35423,0.32908,0.33751,0.86884,1,0.81008,0.94224,0.61691,0.77148,0.62537,0.59792,0.28454,1.30278,4.86352,0.33314,0.92819,1.73977,0.000173987,0.000173987,0.000173987
299,552.282,0.71273,3.62224,0.30831,0.32207,0.89121,0.88416,0.84818,0.90149,0.60023,0.7224,0.59259,0.55942,0.24279,1.32694,4.93797,0.33326,0.98281,1.81064,0.000173563,0.000173563,0.000173563
300,554.042,0.68148,3.22595,0.29512,0.3092,0.87053,0.87841,0.85185,0.90048,0.59733,0.66678,0.51879,0.53731,0.23388,1.34175,4.92498,0.33075,0.96801,1.86792,0.000173139,0.000173139,0.000173139
301,555.83,0.84428,3.39568,0.31911,0.34645,0.85918,0.88823,0.88315,0.91056,0.60609,0.7018,0.59259,0.5524,0.25949,1.31275,4.79761,0.33202,0.84825,1.87579,0.000172714,0.000172714,0.000172714
302,557.562,0.82943,3.41769,0.31487,0.35314,0.89217,0.9485,0.81481,0.90769,0.61432,0.73266,0.62963,0.6122,0.2853,1.29454,4.78109,0.33155,0.87229,1.82683,0.00017229,0.00017229,0.00017229
303,559.305,0.86321,3.36174,0.30833,0.33995,0.84904,0.91798,0.85185,0.9091,0.59515,0.71712,0.66667,0.59596,0.26169,1.27809,4.98398,0.33526,1.00352,1.77754,0.000171866,0.000171866,0.000171866
304,561.063,0.70171,3.57356,0.33317,0.33098,0.89766,0.91965,0.84792,0.9043,0.56695,0.71897,0.66341,0.58345,0.24438,1.29188,5.04401,0.33707,1.00252,1.7877,0.000171441,0.000171441,0.000171441
305,562.791,0.64882,3.39038,0.31075,0.31793,0.93046,0.91956,0.84696,0.87657,0.5583,0.75815,0.69685,0.62602,0.27138,1.29831,5.03271,0.33834,1.04018,1.81071,0.000171017,0.000171017,0.000171017
306,564.482,0.78567,3.19045,0.30677,0.32881,0.8724,0.91959,0.84732,0.87483,0.55398,0.75853,0.69827,0.61935,0.252,1.31839,5.0633,0.34038,1.07487,1.82827,0.000170593,0.000170593,0.000170593
307,566.222,0.7491,3.60974,0.32387,0.34358,0.94347,0.88889,0.88889,0.86758,0.54249,0.74656,0.66667,0.61362,0.23944,1.34849,5.14453,0.34322,1.15156,1.88253,0.000170169,0.000170169,0.000170169
308,567.982,0.81088,3.53907,0.31332,0.35475,0.87577,0.88889,0.88889,0.86845,0.5414,0.75717,0.69321,0.60467,0.23051,1.35067,5.21664,0.34465,1.20382,1.88616,0.000169744,0.000169744,0.000169744
309,569.72,0.70034,3.31102,0.3088,0.32259,0.875,0.91989,0.85185,0.86527,0.55407,0.71766,0.66667,0.54365,0.24722,1.31007,5.13004,0.34371,1.2327,1.8546,0.00016932,0.00016932,0.00016932
310,571.458,0.77642,3.24427,0.315,0.32196,0.85135,0.92299,0.88786,0.86831,0.5576,0.67879,0.62628,0.50835,0.25813,1.30844,5.13661,0.3413,1.23033,1.8637,0.000168896,0.000168896,0.000168896
311,573.221,0.77005,3.2133,0.31838,0.33367,0.84569,0.92254,0.88241,0.86439,0.53854,0.65206,0.62485,0.50917,0.26373,1.34492,5.17539,0.34415,1.18711,1.96125,0.000168471,0.000168471,0.000168471
312,574.937,0.76802,3.27881,0.31027,0.32966,0.88486,0.92258,0.88291,0.86333,0.53876,0.65277,0.62676,0.50098,0.22551,1.37286,5.27645,0.35024,1.18694,2.02128,0.000168047,0.000168047,0.000168047
313,576.685,0.84388,3.45837,0.32734,0.35215,0.89068,0.92252,0.88218,0.90033,0.57071,0.65171,0.62391,0.52026,0.21898,1.37303,5.25739,0.35301,1.08985,2.05929,0.000167623,0.000167623,0.000167623
314,578.455,0.72273,3.29705,0.3025,0.32267,0.86646,0.92259,0.88308,0.90256,0.57653,0.65172,0.62394,0.52795,0.23733,1.35333,5.09968,0.34972,1.04067,2.03038,0.000167199,0.000167199,0.000167199
315,580.186,0.77874,3.43283,0.30731,0.34049,0.93663,0.92286,0.88631,0.90725,0.59589,0.91586,0.55556,0.60692,0.27634,1.29153,4.87689,0.34273,0.98776,1.88897,0.000166774,0.000166774,0.000166774
316,581.958,0.7674,3.25683,0.29371,0.33247,0.95389,0.92276,0.88503,0.903,0.58656,0.85264,0.51852,0.55337,0.27993,1.27961,4.88024,0.34306,0.97162,1.85558,0.00016635,0.00016635,0.00016635
317,583.7,0.68828,3.46231,0.31849,0.32522,0.95091,0.91013,0.88889,0.90164,0.59976,0.84484,0.51852,0.55015,0.25327,1.27738,4.94641,0.34205,0.98494,1.85013,0.000165926,0.000165926,0.000165926
318,585.372,0.81434,3.1739,0.28909,0.33703,0.83327,0.862,0.92541,0.903,0.60605,0.63808,0.58784,0.46526,0.2448,1.27804,4.91473,0.33927,1.01377,1.86088,0.000165501,0.000165501,0.000165501
319,587.09,0.69992,3.33637,0.31313,0.31921,0.88781,0.92061,0.85916,0.90543,0.61482,0.67891,0.62659,0.54992,0.27188,1.24613,4.71724,0.33206,0.93389,1.82465,0.000165077,0.000165077,0.000165077
320,588.777,0.82661,3.26465,0.33988,0.32852,0.89795,0.92092,0.86298,0.91071,0.60984,0.67917,0.62732,0.55492,0.27723,1.2427,4.72197,0.3259,0.91573,1.80984,0.000164653,0.000164653,0.000164653
321,590.586,0.67557,3.23973,0.30757,0.3167,0.88981,0.91949,0.84615,0.84702,0.57495,0.67826,0.62478,0.5383,0.25179,1.25742,4.8271,0.32805,1.02629,1.78199,0.000164229,0.000164229,0.000164229
322,592.315,0.77285,3.22193,0.31166,0.33305,0.88587,0.91928,0.84386,0.84702,0.57667,0.71773,0.65945,0.59959,0.2645,1.2695,4.83315,0.3289,1.05442,1.78578,0.000163804,0.000163804,0.000163804
323,594.05,0.76806,3.23992,0.31449,0.32424,0.89878,0.95806,0.84622,0.87524,0.60955,0.74868,0.66218,0.61438,0.29591,1.26582,4.72826,0.3304,1.01513,1.77818,0.00016338,0.00016338,0.00016338
324,595.794,0.73209,3.06483,0.30287,0.32319,0.88495,0.95223,0.85185,0.87833,0.61022,0.74522,0.66667,0.61735,0.31137,1.26929,4.68506,0.32965,0.9181,1.7714,0.000162956,0.000162956,0.000162956
325,597.548,0.73925,3.38413,0.30518,0.34458,0.91051,0.99631,0.85185,0.91713,0.63763,0.73614,0.62963,0.55415,0.29107,1.26777,4.74306,0.32784,0.83083,1.74613,0.000162531,0.000162531,0.000162531
326,599.665,0.82028,3.44223,0.32294,0.33062,0.8174,1,0.88532,0.925,0.63723,0.73641,0.62963,0.55207,0.26076,1.28721,4.83146,0.32921,0.8323,1.76171,0.000162107,0.000162107,0.000162107
327,601.428,0.70826,3.13121,0.29599,0.31299,0.86895,1,0.88612,0.925,0.62282,0.73656,0.62963,0.56321,0.27038,1.30229,4.888,0.32978,0.83681,1.78725,0.000161683,0.000161683,0.000161683
328,603.181,0.69132,2.91639,0.30537,0.32319,0.88656,1,0.88635,0.925,0.61097,0.73667,0.62963,0.56564,0.30767,1.29858,4.8198,0.329,0.81914,1.79063,0.000161259,0.000161259,0.000161259
329,604.922,0.80641,3.28118,0.31653,0.33382,0.84071,1,0.88853,0.925,0.59809,0.752,0.62963,0.54902,0.30191,1.31055,4.82894,0.32546,0.85428,1.82216,0.000160834,0.000160834,0.000160834
330,606.646,0.69639,2.99107,0.30316,0.33012,0.84306,1,0.88826,0.925,0.59231,0.77234,0.6283,0.548,0.30805,1.31626,4.89834,0.32597,0.88646,1.85777,0.00016041,0.00016041,0.00016041
331,608.439,0.79001,3.11076,0.31072,0.32841,0.83942,1,0.88876,0.925,0.60295,0.75473,0.62963,0.54276,0.29301,1.30307,4.90536,0.32881,0.91068,1.83319,0.000159986,0.000159986,0.000159986
332,610.168,0.67915,2.89575,0.29595,0.31362,0.86225,1,0.915,0.925,0.60885,0.8083,0.62486,0.54533,0.30373,1.28487,4.86219,0.32584,0.84356,1.78689,0.000159561,0.000159561,0.000159561
333,611.898,0.71946,3.27611,0.30777,0.33056,0.84358,1,0.8878,0.925,0.62118,0.73561,0.62963,0.53661,0.26509,1.27349,4.94178,0.32707,0.83777,1.70318,0.000159137,0.000159137,0.000159137
334,613.567,0.80191,3.07927,0.32171,0.32472,0.85244,1,0.87842,0.92204,0.61258,0.73028,0.62963,0.53041,0.24351,1.27516,5.04184,0.33012,0.89919,1.67964,0.000158713,0.000158713,0.000158713
335,615.323,0.71455,3.02175,0.29944,0.30955,0.84577,0.95737,0.83216,0.8806,0.58526,0.69856,0.60107,0.49226,0.22206,1.29259,5.14035,0.33157,0.97679,1.71862,0.000158289,0.000158289,0.000158289
336,616.991,0.75212,3.05711,0.3004,0.32433,0.82331,0.95648,0.81398,0.8806,0.58042,0.69526,0.59154,0.47626,0.21163,1.30602,5.12511,0.33037,1.0031,1.75311,0.000157864,0.000157864,0.000157864
337,618.748,0.74256,2.92554,0.29028,0.32989,0.8607,0.95652,0.81474,0.8806,0.59155,0.67618,0.61901,0.48217,0.1919,1.29483,5.08724,0.32666,0.957,1.75521,0.00015744,0.00015744,0.00015744
338,620.439,0.71439,2.88512,0.31708,0.32315,0.84471,0.95652,0.81474,0.87936,0.58701,0.70379,0.55556,0.45278,0.19092,1.29804,5.13722,0.32745,1.02378,1.73775,0.000157016,0.000157016,0.000157016
339,622.17,0.80537,3.06621,0.30915,0.35596,0.88109,0.95617,0.80829,0.8806,0.57895,0.69118,0.58061,0.45097,0.21229,1.27339,5.06231,0.32945,1.11388,1.70696,0.000156591,0.000156591,0.000156591
340,623.865,0.74099,2.98696,0.30275,0.31319,0.85204,1,0.84328,0.8838,0.57966,0.71005,0.59259,0.48995,0.21539,1.24576,4.93473,0.3267,1.04736,1.68222,0.000156167,0.000156167,0.000156167
341,625.625,0.86448,3.21655,0.30702,0.34333,0.80037,1,0.88104,0.885,0.60004,0.72431,0.62963,0.51551,0.24709,1.23751,4.7403,0.32387,0.92931,1.6892,0.000155743,0.000155743,0.000155743
342,627.341,0.76018,2.95319,0.29598,0.32714,0.89167,1,0.88068,0.885,0.60051,0.7593,0.62963,0.51348,0.25088,1.24547,4.72903,0.32498,0.93909,1.71082,0.000155319,0.000155319,0.000155319
343,629.079,0.8388,3.0357,0.31258,0.33945,0.86091,1,0.82917,0.8838,0.59513,0.73121,0.6049,0.48924,0.21994,1.27506,4.911,0.32883,1.05751,1.72323,0.000154894,0.000154894,0.000154894
344,630.806,0.7344,2.88209,0.31278,0.31923,0.88947,0.88889,0.88889,0.8806,0.57656,0.62963,0.62963,0.50065,0.20842,1.28647,4.99789,0.32997,1.11302,1.71809,0.00015447,0.00015447,0.00015447
345,632.602,0.7793,3.03196,0.30952,0.32706,0.84387,0.99412,0.85185,0.88269,0.58062,0.73426,0.62963,0.51495,0.24234,1.2905,4.9264,0.33127,1.07481,1.74022,0.000154046,0.000154046,0.000154046
346,634.356,0.80155,3.23212,0.31372,0.34968,0.88507,0.99868,0.85185,0.88167,0.57631,0.73493,0.62963,0.5183,0.24521,1.28035,4.90532,0.33212,1.0229,1.74863,0.000153621,0.000153621,0.000153621
347,636.088,0.73044,3.14764,0.30236,0.32999,0.88168,0.99873,0.85185,0.88167,0.56696,0.73543,0.62963,0.5042,0.22838,1.3021,5.02226,0.33647,1.05666,1.80614,0.000153197,0.000153197,0.000153197
348,637.822,0.71401,3.28617,0.31752,0.32887,0.84039,0.99657,0.85185,0.855,0.53771,0.73298,0.62963,0.50344,0.22511,1.31213,5.12389,0.33833,1.109,1.80112,0.000152773,0.000152773,0.000152773
349,639.574,0.76173,3.16809,0.32171,0.32553,0.86283,0.99359,0.85185,0.855,0.55525,0.73418,0.62963,0.49177,0.20694,1.27245,5.07457,0.33495,1.0387,1.72344,0.000152349,0.000152349,0.000152349
350,641.358,0.80673,2.97286,0.31984,0.34571,0.83535,0.99467,0.85185,0.88167,0.58038,0.77844,0.66667,0.57873,0.23428,1.25434,4.9762,0.33328,0.99571,1.69262,0.000151924,0.000151924,0.000151924
351,643.119,0.79745,3.13575,0.30768,0.33286,0.83762,0.91038,0.81481,0.83922,0.57666,0.7742,0.66667,0.57097,0.25212,1.24922,4.88255,0.33429,0.99977,1.67834,0.0001515,0.0001515,0.0001515
352,644.868,0.82238,2.98044,0.33138,0.3306,0.82361,0.91728,0.82162,0.83876,0.57768,0.81576,0.65631,0.57073,0.25144,1.25428,4.9062,0.34043,1.02474,1.68826,0.000151076,0.000151076,0.000151076
353,646.609,0.70773,3.28951,0.30615,0.31293,0.85856,0.82143,0.85185,0.82738,0.57567,0.82283,0.59259,0.57203,0.27533,1.28022,4.86202,0.34149,1.07485,1.73818,0.000150651,0.000150651,0.000150651
354,648.374,0.75601,3.13417,0.31672,0.32478,0.82068,0.91904,0.84118,0.87483,0.58317,0.83007,0.59259,0.58286,0.27304,1.28419,4.78819,0.34001,1.01909,1.75772,0.000150227,0.000150227,0.000150227
355,650.131,0.81523,3.10846,0.30589,0.33389,0.79817,0.93944,0.88889,0.91191,0.60952,0.72721,0.59242,0.52449,0.28359,1.26344,4.6606,0.33167,0.88358,1.7337,0.000149803,0.000149803,0.000149803
356,651.876,0.71298,2.92519,0.30955,0.32237,0.90134,0.95715,0.88889,0.91351,0.60585,0.80068,0.55556,0.52449,0.27416,1.2523,4.71762,0.32998,0.88584,1.71529,0.000149379,0.000149379,0.000149379
357,653.656,0.74804,2.89969,0.29995,0.31844,0.87956,0.91653,0.88889,0.90098,0.60455,0.64678,0.62963,0.5026,0.23767,1.25372,4.8131,0.33108,0.92985,1.69038,0.000148954,0.000148954,0.000148954
358,655.399,0.75751,2.7829,0.29743,0.3146,0.85189,0.91186,0.88889,0.9042,0.62674,0.7388,0.55556,0.50186,0.24305,1.25719,4.7944,0.33248,0.94309,1.68996,0.00014853,0.00014853,0.00014853
359,657.188,0.77644,2.75463,0.30978,0.31873,0.82214,0.89286,0.92593,0.9067,0.63067,0.66599,0.59086,0.4827,0.26212,1.24005,4.68551,0.33325,0.91281,1.69217,0.000148106,0.000148106,0.000148106
360,658.961,0.6599,2.98797,0.29773,0.30661,0.86538,0.86207,0.92593,0.90843,0.62769,0.73793,0.62587,0.55778,0.27553,1.23213,4.66278,0.33363,0.88903,1.67812,0.000147681,0.000147681,0.000147681
361,660.713,0.76133,2.86198,0.30407,0.32287,0.85811,0.83871,0.96296,0.94102,0.63277,0.6745,0.66667,0.58713,0.27928,1.24481,4.72502,0.33263,0.8923,1.66105,0.000147257,0.000147257,0.000147257
362,662.447,0.84443,2.75708,0.31164,0.32945,0.81272,0.86207,0.92593,0.90292,0.60753,0.65294,0.62963,0.51072,0.26622,1.25989,4.80556,0.33309,0.95647,1.65854,0.000146833,0.000146833,0.000146833
363,664.176,0.84092,2.87791,0.33209,0.33348,0.80401,0.89286,0.92593,0.90251,0.60015,0.64935,0.62963,0.50493,0.25837,1.28532,4.90045,0.33374,1.04616,1.68425,0.000146409,0.000146409,0.000146409
364,665.902,0.74958,2.86207,0.31455,0.31983,0.8122,0.86207,0.92593,0.90061,0.60342,0.64953,0.62963,0.50339,0.25631,1.28539,4.86189,0.33116,1.04961,1.70421,0.000145984,0.000145984,0.000145984
365,667.63,0.74204,2.97284,0.31954,0.31845,0.82183,0.9254,0.91914,0.91071,0.60165,0.71444,0.66667,0.58826,0.28959,1.28674,4.80366,0.33221,1.02994,1.76058,0.00014556,0.00014556,0.00014556
366,669.362,0.73882,2.75926,0.30115,0.33041,0.90528,0.92518,0.91628,0.91071,0.59934,0.68884,0.66667,0.58632,0.28305,1.29883,4.84842,0.33536,1.01424,1.77649,0.000145136,0.000145136,0.000145136
367,671.062,0.72433,2.84387,0.31245,0.31218,0.84087,0.86207,0.92593,0.89808,0.57624,0.65517,0.7037,0.58676,0.25775,1.31609,4.9788,0.33977,1.09,1.75916,0.000144711,0.000144711,0.000144711
368,672.798,0.69071,2.97003,0.3077,0.30599,0.83478,0.92315,0.88986,0.91071,0.5856,0.69574,0.67781,0.60242,0.2666,1.30772,4.96067,0.33966,1.0727,1.74376,0.000144287,0.000144287,0.000144287
369,674.502,0.67336,2.79385,0.30222,0.30467,0.85962,0.91507,0.92593,0.91981,0.60561,0.75868,0.66667,0.60613,0.28711,1.28503,4.87088,0.33309,0.95164,1.74252,0.000143863,0.000143863,0.000143863
370,676.223,0.83771,2.79511,0.29797,0.33475,0.81192,0.92589,0.9254,0.91981,0.60647,0.80689,0.66667,0.61791,0.28107,1.28567,4.90609,0.3322,0.9332,1.77062,0.000143439,0.000143439,0.000143439
371,677.94,0.78663,2.86238,0.30353,0.33262,0.80706,0.98523,0.85185,0.91981,0.60585,0.80463,0.62963,0.55165,0.25679,1.30555,4.94668,0.33634,0.88797,1.8649,0.000143014,0.000143014,0.000143014
372,679.647,0.7663,2.84928,0.30404,0.31886,0.87371,0.98723,0.85185,0.91841,0.59934,0.80422,0.62963,0.54665,0.24899,1.30372,4.98609,0.3403,0.86538,1.87457,0.00014259,0.00014259,0.00014259
373,681.343,0.70892,2.68686,0.30817,0.32025,0.85225,0.97656,0.85185,0.94968,0.63228,0.83344,0.62963,0.55332,0.28187,1.27724,4.88378,0.33931,0.81659,1.81409,0.000142166,0.000142166,0.000142166
374,683.036,0.82211,2.68888,0.2936,0.33546,0.80804,0.99682,0.85185,0.94979,0.63043,0.84137,0.62963,0.55332,0.28837,1.26004,4.86552,0.33701,0.81442,1.74329,0.000141741,0.000141741,0.000141741
375,684.765,0.81821,2.80036,0.30986,0.32112,0.8718,1,0.84801,0.88167,0.59559,0.89868,0.66667,0.6215,0.29197,1.25387,4.91453,0.33716,0.91339,1.66675,0.000141317,0.000141317,0.000141317
376,686.509,0.76995,3.02659,0.31379,0.34397,0.85005,0.9904,0.81481,0.87905,0.59148,0.85017,0.66667,0.61942,0.27997,1.26957,4.91621,0.33644,1.00104,1.67526,0.000140893,0.000140893,0.000140893
377,688.301,0.74698,3.00038,0.30067,0.32112,0.80152,1,0.83385,0.88071,0.60747,0.7544,0.59259,0.49091,0.27134,1.29338,4.85716,0.33543,1.08158,1.7133,0.000140469,0.000140469,0.000140469
378,690.005,0.79593,2.70752,0.304,0.32053,0.83728,1,0.83396,0.88167,0.61206,0.80377,0.62963,0.53703,0.27032,1.27796,4.75568,0.3318,1.02692,1.70934,0.000140044,0.000140044,0.000140044
379,691.809,0.75135,2.91457,0.32625,0.32068,0.80903,0.99702,0.85185,0.91951,0.6337,0.87529,0.66667,0.61486,0.29344,1.26903,4.60364,0.32996,0.8973,1.68372,0.00013962,0.00013962,0.00013962
380,693.577,0.74242,3.00927,0.3198,0.31741,0.83757,0.99069,0.85185,0.91981,0.63659,0.85308,0.66667,0.60813,0.2791,1.27515,4.62029,0.33002,0.9057,1.67519,0.000139196,0.000139196,0.000139196
381,695.341,0.74107,2.7356,0.30027,0.31136,0.85808,1,0.84741,0.8838,0.60618,0.85627,0.66212,0.60944,0.29582,1.2874,4.70003,0.33377,0.95787,1.71065,0.000138771,0.000138771,0.000138771
382,697.078,0.74411,2.76329,0.30208,0.31031,0.79305,1,0.84625,0.8838,0.60839,0.80691,0.66667,0.60971,0.29197,1.29276,4.69428,0.33369,0.95767,1.75284,0.000138347,0.000138347,0.000138347
383,698.833,0.69734,2.77922,0.29022,0.30894,0.79087,0.99155,0.85185,0.92231,0.64171,0.84576,0.62963,0.62018,0.28324,1.27913,4.65979,0.33044,0.83844,1.8073,0.000137923,0.000137923,0.000137923
384,700.632,0.73056,2.86531,0.29016,0.31538,0.77931,0.99223,0.85185,0.91981,0.63358,0.84362,0.62963,0.62173,0.29712,1.27231,4.60546,0.32946,0.79796,1.81609,0.000137499,0.000137499,0.000137499
385,702.812,0.73386,2.56617,0.30406,0.31781,0.83262,0.99921,0.85185,0.91981,0.64213,0.77852,0.66667,0.6149,0.29648,1.28233,4.64965,0.32764,0.84378,1.79459,0.000137074,0.000137074,0.000137074
386,704.921,0.68058,2.6333,0.30374,0.29959,0.82767,1,0.83582,0.91981,0.64115,0.77934,0.6544,0.61596,0.29075,1.29459,4.65955,0.3268,0.89082,1.79476,0.00013665,0.00013665,0.00013665
387,706.687,0.71797,2.65152,0.29813,0.31055,0.80293,0.9827,0.85185,0.92084,0.64152,0.7726,0.6292,0.56117,0.28978,1.28505,4.64393,0.32244,0.93787,1.77405,0.000136226,0.000136226,0.000136226
388,708.445,0.75676,2.87981,0.28839,0.32011,0.78298,0.99292,0.85185,0.91828,0.63935,0.80291,0.66667,0.6222,0.29913,1.27293,4.64165,0.32017,0.99881,1.78492,0.000135801,0.000135801,0.000135801
389,710.175,0.75916,2.75229,0.29044,0.31327,0.83324,1,0.88533,0.91833,0.64787,0.81245,0.66667,0.62128,0.29527,1.2452,4.6055,0.31372,0.99108,1.77063,0.000135377,0.000135377,0.000135377
390,712.34,0.7419,2.94152,0.30609,0.32058,0.83613,0.9596,0.88011,0.90566,0.63466,0.77989,0.66667,0.60845,0.28199,1.24328,4.6542,0.31394,1.00567,1.77042,0.000134953,0.000134953,0.000134953
391,714.08,0.81781,2.60334,0.30926,0.32256,0.81895,1,0.8864,0.885,0.63085,0.76805,0.66667,0.60869,0.27727,1.21202,4.77973,0.31795,1.02707,1.7073,0.000134529,0.000134529,0.000134529
392,715.824,0.76811,2.92111,0.29067,0.30916,0.82048,0.95974,0.8831,0.8794,0.62947,0.74768,0.65876,0.60881,0.28405,1.19877,4.77133,0.31731,1.04779,1.66608,0.000134104,0.000134104,0.000134104
393,717.558,0.7669,2.65885,0.30195,0.31978,0.8139,1,0.87843,0.91833,0.65161,0.77671,0.66667,0.62173,0.2954,1.17396,4.6843,0.31888,1.05019,1.63137,0.00013368,0.00013368,0.00013368
394,719.707,0.67891,2.90716,0.30902,0.31208,0.85425,1,0.88209,0.925,0.66053,0.85291,0.66667,0.63201,0.29077,1.16644,4.59465,0.31881,0.98829,1.63936,0.000133256,0.000133256,0.000133256
395,721.88,0.65193,2.9139,0.30021,0.30968,0.86005,1,0.885,0.925,0.63589,0.89585,0.66667,0.63388,0.28109,1.18939,4.57908,0.32048,0.93099,1.76075,0.000132831,0.000132831,0.000132831
396,723.575,0.65795,2.99942,0.30374,0.31255,0.86761,1,0.89402,0.925,0.62479,0.89597,0.66667,0.63388,0.26379,1.21387,4.6264,0.32134,0.93635,1.81138,0.000132407,0.000132407,0.000132407
397,725.342,0.71714,3.02303,0.29908,0.31886,0.85901,1,0.8777,0.925,0.63677,0.89469,0.66667,0.628,0.2734,1.2274,4.59426,0.32128,0.99918,1.7587,0.000131983,0.000131983,0.000131983
398,727.073,0.79934,2.66151,0.30096,0.33075,0.85254,1,0.87478,0.92204,0.62944,0.89495,0.66667,0.62557,0.28803,1.21552,4.57446,0.32089,1.0661,1.68143,0.000131559,0.000131559,0.000131559
399,728.794,0.73779,2.57018,0.30301,0.31647,0.84134,0.95703,0.82517,0.85167,0.61371,0.86902,0.66667,0.61236,0.27724,1.21304,4.72514,0.32421,1.24581,1.5727,0.000131134,0.000131134,0.000131134
400,730.536,0.74369,2.5178,0.30273,0.31655,0.82987,0.91834,0.83343,0.8486,0.60923,0.85682,0.66499,0.60206,0.24813,1.22467,4.81548,0.32634,1.31347,1.57103,0.00013071,0.00013071,0.00013071
401,732.287,0.79711,2.77188,0.31334,0.33241,0.85137,0.95077,0.85185,0.85167,0.60264,0.84948,0.66667,0.61196,0.26452,1.22366,4.84479,0.32454,1.30214,1.59185,0.000130286,0.000130286,0.000130286
402,734.082,0.72432,2.91596,0.3219,0.31371,0.86565,0.99591,0.85185,0.855,0.61335,0.80634,0.62963,0.57328,0.26237,1.2328,4.81033,0.32421,1.21417,1.63985,0.000129861,0.000129861,0.000129861
403,735.861,0.63224,2.77833,0.30455,0.29695,0.88616,0.98338,0.85185,0.879,0.6313,0.80465,0.62963,0.5857,0.28803,1.20499,4.69016,0.32246,1.00323,1.66727,0.000129437,0.000129437,0.000129437
404,737.619,0.74028,2.57975,0.2902,0.31015,0.81045,1,0.8786,0.91948,0.63683,0.85221,0.66667,0.62135,0.29713,1.17974,4.6302,0.32242,0.95964,1.63511,0.000129013,0.000129013,0.000129013
405,739.375,0.77921,2.71144,0.30811,0.32786,0.81077,1,0.86644,0.885,0.62785,0.85128,0.66667,0.61096,0.31782,1.1998,4.62797,0.32803,0.98936,1.62182,0.000128589,0.000128589,0.000128589
406,741.136,0.82691,2.5909,0.30556,0.32822,0.83404,1,0.85119,0.885,0.62661,0.81259,0.66667,0.60331,0.30615,1.23657,4.72481,0.33195,1.11632,1.64549,0.000128164,0.000128164,0.000128164
407,742.897,0.76978,2.64599,0.29649,0.31795,0.8233,0.95794,0.84376,0.91553,0.61544,0.81773,0.66474,0.60319,0.30263,1.24979,4.65088,0.33732,1.09158,1.6743,0.00012774,0.00012774,0.00012774
408,744.666,0.6876,2.6526,0.30229,0.30302,0.87169,0.95883,0.86295,0.91508,0.61207,0.76999,0.66667,0.61286,0.33096,1.24256,4.55913,0.33707,1.00455,1.70115,0.000127316,0.000127316,0.000127316
409,746.415,0.73121,2.44029,0.29762,0.31392,0.82724,0.95817,0.84858,0.94869,0.63929,0.82349,0.7037,0.6696,0.37125,1.21697,4.35211,0.33419,0.84438,1.75205,0.000126891,0.000126891,0.000126891
410,748.57,0.67543,2.60035,0.30717,0.29284,0.87893,0.95812,0.84741,0.94758,0.63534,0.82314,0.7037,0.66281,0.36107,1.22526,4.3039,0.3325,0.83526,1.79119,0.000126467,0.000126467,0.000126467
411,750.252,0.77031,2.46959,0.2952,0.32059,0.8413,0.95811,0.8473,0.9448,0.63729,0.82152,0.7037,0.66146,0.32914,1.25134,4.32661,0.32999,0.87846,1.82329,0.000126043,0.000126043,0.000126043
412,751.942,0.79663,2.39037,0.30118,0.30909,0.79316,0.9583,0.85107,0.90839,0.63684,0.77888,0.66667,0.61971,0.32827,1.25427,4.34584,0.32835,0.9002,1.80764,0.000125619,0.000125619,0.000125619
413,753.683,0.72549,2.38421,0.30816,0.31036,0.81509,0.95398,0.81481,0.87578,0.62467,0.77928,0.66667,0.62235,0.3625,1.24451,4.27023,0.32683,0.89194,1.77864,0.000125194,0.000125194,0.000125194
414,755.407,0.74606,2.52992,0.30126,0.31277,0.80321,0.88671,0.87005,0.87418,0.62377,0.78216,0.66498,0.62357,0.3761,1.25275,4.2467,0.32742,0.88346,1.8057,0.00012477,0.00012477,0.00012477
415,757.163,0.84061,2.32129,0.30733,0.32391,0.796,0.87908,0.80803,0.83317,0.62378,0.83551,0.62963,0.62387,0.37775,1.26377,4.23234,0.32906,0.89227,1.84157,0.000124346,0.000124346,0.000124346
416,758.901,0.71141,2.26938,0.28782,0.31567,0.85121,0.87889,0.80657,0.83219,0.61973,0.83833,0.62963,0.62543,0.37623,1.27077,4.24199,0.32986,0.89463,1.85663,0.000123921,0.000123921,0.000123921
417,760.639,0.64049,2.18034,0.32022,0.28839,0.84588,0.90991,0.77778,0.83362,0.61505,0.82295,0.55556,0.51033,0.34748,1.29739,4.24185,0.32638,0.91115,1.8723,0.000123497,0.000123497,0.000123497
418,762.391,0.72766,2.52994,0.3116,0.30532,0.82177,0.91629,0.81093,0.86665,0.63485,0.84973,0.62963,0.60565,0.35155,1.28672,4.24723,0.32527,0.8925,1.83384,0.000123073,0.000123073,0.000123073
419,764.116,0.76686,2.20327,0.30012,0.31085,0.8155,0.95816,0.84828,0.91791,0.64652,0.80654,0.66667,0.60778,0.3381,1.27091,4.31218,0.3212,0.85082,1.78137,0.000122649,0.000122649,0.000122649
420,765.825,0.78397,2.07534,0.29115,0.30898,0.771,0.95826,0.85026,0.91668,0.63292,0.8629,0.6995,0.66721,0.33611,1.27603,4.30592,0.31943,0.83994,1.77993,0.000122224,0.000122224,0.000122224
421,767.605,0.71967,2.259,0.29666,0.30697,0.78451,0.91877,0.83813,0.87042,0.64483,0.89975,0.66491,0.66571,0.36078,1.28471,4.26182,0.31929,0.82613,1.82764,0.0001218,0.0001218,0.0001218
422,769.357,0.63687,2.5366,0.29541,0.28801,0.83952,0.9206,0.85904,0.87042,0.63948,0.84876,0.62379,0.62357,0.35311,1.28602,4.24752,0.31898,0.81461,1.85638,0.000121376,0.000121376,0.000121376
423,771.121,0.64678,2.29469,0.29608,0.29479,0.86232,0.91949,0.84613,0.86852,0.64094,0.84338,0.62963,0.62226,0.34228,1.27992,4.22446,0.32333,0.82333,1.88963,0.000120951,0.000120951,0.000120951
424,772.899,0.7259,2.24032,0.28511,0.30556,0.89046,0.92034,0.85594,0.86709,0.63101,0.8413,0.62963,0.61856,0.33931,1.27576,4.22573,0.32339,0.84414,1.86986,0.000120527,0.000120527,0.000120527
425,774.691,0.76736,2.36164,0.30671,0.32988,0.83762,0.91945,0.84578,0.87042,0.64765,0.84257,0.62963,0.62518,0.36669,1.27289,4.17478,0.32456,0.88872,1.81077,0.000120103,0.000120103,0.000120103
426,776.833,0.72903,2.36116,0.29018,0.31321,0.80819,0.91583,0.80626,0.87154,0.64011,0.79213,0.59259,0.56459,0.3694,1.28401,4.11869,0.32499,0.89209,1.80299,0.000119679,0.000119679,0.000119679
427,778.587,0.63024,2.53164,0.29388,0.2992,0.85287,1,0.85043,0.925,0.64413,0.81767,0.66449,0.6052,0.35959,1.29427,4.13717,0.3234,0.87258,1.80474,0.000119254,0.000119254,0.000119254
428,780.345,0.75573,2.21013,0.30066,0.31146,0.80154,1,0.85036,0.925,0.63668,0.88145,0.62963,0.6104,0.35209,1.31026,4.21024,0.32047,0.87722,1.81751,0.00011883,0.00011883,0.00011883
429,782.104,0.72318,2.28636,0.30359,0.30351,0.83928,1,0.85123,0.925,0.64527,0.81871,0.62963,0.57852,0.36123,1.30581,4.26231,0.31961,0.93337,1.80189,0.000118406,0.000118406,0.000118406
430,783.825,0.77162,2.50443,0.30152,0.32216,0.77299,1,0.84904,0.925,0.65088,0.80206,0.62963,0.57552,0.36712,1.27442,4.34073,0.32084,0.96357,1.74791,0.000117981,0.000117981,0.000117981
431,785.996,0.84903,2.24933,0.29891,0.31923,0.79799,1,0.84931,0.8838,0.6167,0.85237,0.66667,0.63054,0.37919,1.26457,4.46394,0.32582,1.06539,1.7061,0.000117557,0.000117557,0.000117557
432,787.745,0.73744,2.08418,0.30099,0.3148,0.8498,0.99944,0.85185,0.88269,0.62007,0.85374,0.66667,0.63054,0.38476,1.25409,4.49812,0.32735,1.08571,1.69825,0.000117133,0.000117133,0.000117133
433,789.515,0.7246,2.4274,0.30652,0.31042,0.83182,0.99743,0.85185,0.855,0.59321,0.85677,0.66472,0.63735,0.38598,1.23731,4.44863,0.33116,1.05938,1.70576,0.000116709,0.000116709,0.000116709
434,791.261,0.65689,2.39211,0.29073,0.3047,0.83595,0.99873,0.85185,0.88269,0.62194,0.80613,0.66667,0.63558,0.40625,1.24233,4.35911,0.33168,1.08259,1.72991,0.000116284,0.000116284,0.000116284
435,793.423,0.75105,2.27385,0.2886,0.31268,0.78812,0.97665,0.85185,0.8838,0.62616,0.89322,0.66667,0.67793,0.41378,1.2639,4.30004,0.3364,1.20252,1.7501,0.00011586,0.00011586,0.00011586
436,795.59,0.71235,2.24698,0.30066,0.3082,0.86572,0.98176,0.85185,0.88269,0.62268,0.89507,0.66667,0.68278,0.39539,1.27121,4.31634,0.336,1.21088,1.74121,0.000115436,0.000115436,0.000115436
437,797.329,0.81102,2.43347,0.29119,0.32075,0.80917,1,0.81177,0.8518,0.57403,0.83327,0.62963,0.61649,0.32734,1.28925,4.51334,0.34017,1.31876,1.72824,0.000115011,0.000115011,0.000115011
438,799.052,0.62447,2.27307,0.29473,0.28659,0.80652,1,0.81118,0.815,0.54526,0.83934,0.62963,0.58769,0.3043,1.29035,4.51762,0.33867,1.31663,1.73151,0.000114587,0.000114587,0.000114587
439,800.783,0.69394,2.23139,0.28937,0.30162,0.80024,0.96,0.88889,0.885,0.61477,0.84493,0.62963,0.62293,0.33222,1.28606,4.45114,0.33366,1.1862,1.76118,0.000114163,0.000114163,0.000114163
440,802.522,0.67878,2.34712,0.30116,0.2983,0.82888,0.96,0.88889,0.885,0.61537,0.86284,0.62963,0.62451,0.33805,1.25661,4.41505,0.33205,1.08387,1.75036,0.000113739,0.000113739,0.000113739
441,804.277,0.70783,2.3479,0.29808,0.29646,0.81517,1,0.88889,0.885,0.61367,0.85659,0.66382,0.63484,0.33602,1.23274,4.41791,0.33133,0.95943,1.74375,0.000113314,0.000113314,0.000113314
442,805.997,0.65955,2.32055,0.30928,0.29761,0.85291,1,0.88889,0.885,0.62818,0.85693,0.66558,0.63201,0.3266,1.23295,4.42698,0.33127,0.97889,1.74291,0.00011289,0.00011289,0.00011289
443,807.75,0.71711,2.46566,0.31935,0.31001,0.85629,0.97491,0.88889,0.885,0.61751,0.85237,0.66667,0.62571,0.31288,1.2237,4.46327,0.331,1.01787,1.70714,0.000112466,0.000112466,0.000112466
444,809.472,0.66135,2.14879,0.29159,0.3122,0.88493,0.98384,0.88889,0.885,0.62525,0.85109,0.66667,0.62571,0.32711,1.21523,4.39625,0.32898,0.95841,1.67626,0.000112041,0.000112041,0.000112041
445,811.213,0.71891,2.14533,0.31053,0.29282,0.79884,0.98893,0.88889,0.92204,0.65168,0.85118,0.66667,0.63262,0.35397,1.19583,4.29596,0.32457,0.81172,1.64554,0.000111617,0.000111617,0.000111617
446,812.972,0.78459,2.1737,0.29409,0.3107,0.82209,1,0.9111,0.925,0.65589,0.85485,0.66667,0.62976,0.3486,1.21007,4.26389,0.32533,0.81649,1.66268,0.000111193,0.000111193,0.000111193
447,814.701,0.74882,2.00894,0.29593,0.30093,0.76699,1,0.89828,0.925,0.66257,0.80645,0.62963,0.5585,0.32624,1.22893,4.30471,0.32685,0.82343,1.69854,0.000110769,0.000110769,0.000110769
448,816.51,0.71856,2.21355,0.28868,0.30826,0.84504,1,0.89897,0.925,0.65133,0.80653,0.62963,0.56274,0.32479,1.24176,4.28382,0.32592,0.8125,1.73367,0.000110344,0.000110344,0.000110344
449,818.272,0.63622,2.15422,0.29028,0.28895,0.85416,1,0.91166,0.925,0.65207,0.84707,0.66667,0.5987,0.3365,1.25314,4.24862,0.3251,0.79139,1.7961,0.00010992,0.00010992,0.00010992
450,820.039,0.72306,2.1212,0.29532,0.30259,0.81549,0.97969,0.88889,0.92346,0.64582,0.80368,0.62963,0.56662,0.34258,1.24403,4.20647,0.32422,0.78678,1.7766,0.000109496,0.000109496,0.000109496
451,821.771,0.67997,2.2889,0.30187,0.29625,0.85387,0.92593,0.92593,0.92231,0.64188,0.81524,0.66667,0.5987,0.35862,1.25961,4.28017,0.32857,0.90244,1.75176,0.000109071,0.000109071,0.000109071
452,823.519,0.60391,2.27644,0.28541,0.28759,0.84618,1,0.84834,0.8838,0.60337,0.81516,0.66667,0.59302,0.36313,1.28439,4.33483,0.32976,1.01533,1.74994,0.000108647,0.000108647,0.000108647
453,825.256,0.65985,2.38577,0.28815,0.28585,0.78786,0.99589,0.81481,0.88103,0.59696,0.86009,0.7037,0.66051,0.37623,1.29723,4.52715,0.33131,1.07658,1.75412,0.000108223,0.000108223,0.000108223
454,827.008,0.79084,2.09836,0.2924,0.31411,0.76113,0.99613,0.81481,0.87905,0.59494,0.86021,0.7037,0.65034,0.36458,1.28757,4.52445,0.32952,1.06815,1.73594,0.000107799,0.000107799,0.000107799
455,828.728,0.70309,2.1545,0.2876,0.2994,0.82298,0.95825,0.85021,0.8822,0.6061,0.81482,0.66667,0.62034,0.36947,1.25366,4.53452,0.3276,0.94786,1.68978,0.000107374,0.000107374,0.000107374
456,830.464,0.6882,2.21792,0.27068,0.29666,0.79895,0.99613,0.81481,0.88103,0.61154,0.81502,0.66667,0.62034,0.37005,1.2591,4.51895,0.32802,0.94095,1.70355,0.00010695,0.00010695,0.00010695
457,832.254,0.67126,2.10851,0.29646,0.29866,0.83143,0.99636,0.81481,0.88103,0.61386,0.8605,0.7037,0.66512,0.38426,1.26646,4.45823,0.33044,0.93519,1.72301,0.000106526,0.000106526,0.000106526
458,833.961,0.75361,2.11841,0.30785,0.30016,0.80266,0.99645,0.81481,0.88103,0.60775,0.86164,0.7037,0.66562,0.38364,1.2846,4.4204,0.33113,0.94986,1.75824,0.000106101,0.000106101,0.000106101
459,835.701,0.74108,2.16931,0.28466,0.28639,0.79878,0.99643,0.81481,0.91791,0.62898,0.81526,0.66667,0.61958,0.35849,1.29389,4.28466,0.33064,0.9016,1.80229,0.000105677,0.000105677,0.000105677
460,837.445,0.72165,1.91643,0.28829,0.29286,0.79938,0.99673,0.81481,0.91924,0.62011,0.8153,0.66667,0.61756,0.36269,1.29383,4.29479,0.33006,0.89165,1.80439,0.000105253,0.000105253,0.000105253
461,839.192,0.84336,2.15478,0.28814,0.31474,0.71826,1,0.84868,0.92071,0.62447,0.81488,0.66667,0.61089,0.34,1.30097,4.39576,0.33069,0.95269,1.78574,0.000104829,0.000104829,0.000104829
462,840.909,0.63584,2.05716,0.30789,0.29514,0.85101,1,0.84585,0.885,0.60949,0.76958,0.62963,0.54048,0.31849,1.30148,4.50104,0.33303,1.01688,1.76792,0.000104404,0.000104404,0.000104404
463,842.67,0.70774,2.08814,0.29755,0.299,0.81175,0.99571,0.81481,0.8822,0.59656,0.81328,0.66667,0.56286,0.306,1.29567,4.62742,0.33592,1.116,1.71226,0.00010398,0.00010398,0.00010398
464,844.449,0.65846,1.94321,0.27822,0.29013,0.79267,0.99271,0.81481,0.8822,0.60838,0.81122,0.66667,0.56286,0.29501,1.2759,4.58633,0.33551,1.10448,1.67419,0.000103556,0.000103556,0.000103556
465,846.211,0.72963,1.95673,0.27985,0.2914,0.79636,1,0.81269,0.8822,0.6183,0.81792,0.66553,0.56857,0.32663,1.24512,4.44117,0.33242,1.06908,1.64603,0.000103131,0.000103131,0.000103131
466,847.967,0.68642,2.27603,0.31735,0.28925,0.82726,1,0.84744,0.8838,0.62749,0.81791,0.66552,0.57429,0.33459,1.24601,4.37495,0.33378,1.02763,1.66988,0.000102707,0.000102707,0.000102707
467,849.715,0.70116,2.24773,0.29416,0.3155,0.84747,1,0.8485,0.8838,0.60839,0.86352,0.70302,0.64523,0.33794,1.26125,4.34768,0.33359,0.95536,1.73999,0.000102283,0.000102283,0.000102283
468,851.463,0.68658,2.06,0.30226,0.29312,0.80353,1,0.84738,0.91828,0.61069,0.86359,0.70341,0.64857,0.35782,1.259,4.3408,0.33339,0.9503,1.73333,0.000101859,0.000101859,0.000101859
469,853.235,0.85876,2.07361,0.28951,0.33222,0.75831,1,0.8447,0.92084,0.61289,0.85986,0.7037,0.64306,0.34834,1.26716,4.38745,0.33745,1.06044,1.73042,0.000101434,0.000101434,0.000101434
470,854.968,0.65799,1.93483,0.28828,0.2864,0.79692,1,0.84595,0.8838,0.59938,0.85794,0.7037,0.64306,0.36818,1.28029,4.41326,0.33842,1.12844,1.7468,0.00010101,0.00010101,0.00010101
471,856.742,0.64374,2.0195,0.27519,0.29479,0.82646,1,0.84494,0.8838,0.59504,0.86132,0.7037,0.65034,0.37396,1.29528,4.36392,0.33639,1.16688,1.81225,0.000100586,0.000100586,0.000100586
472,858.496,0.70596,2.02025,0.29725,0.29473,0.78416,1,0.84511,0.8838,0.58517,0.86167,0.7037,0.6519,0.38178,1.29901,4.38585,0.33625,1.17408,1.83823,0.000100161,0.000100161,0.000100161
473,860.219,0.65526,2.02863,0.30074,0.28806,0.81857,0.99596,0.81481,0.85333,0.58882,0.86007,0.7037,0.65855,0.37599,1.28801,4.43495,0.33279,1.18869,1.80789,9.97371e-05,9.97371e-05,9.97371e-05
474,861.959,0.70745,1.86788,0.28264,0.28837,0.76473,0.99609,0.81481,0.85333,0.59814,0.86257,0.7037,0.66143,0.38264,1.29042,4.44697,0.33284,1.23221,1.7876,9.93129e-05,9.93129e-05,9.93129e-05
475,863.67,0.6749,2.14695,0.28468,0.28121,0.80342,0.99517,0.81481,0.85333,0.59255,0.85938,0.7037,0.65414,0.37727,1.26328,4.53905,0.3351,1.22313,1.72949,9.88886e-05,9.88886e-05,9.88886e-05
476,865.383,0.67496,2.27111,0.28874,0.28974,0.79611,0.99533,0.81481,0.85333,0.58135,0.85941,0.7037,0.65691,0.36678,1.26965,4.55706,0.3399,1.23609,1.73969,9.84643e-05,9.84643e-05,9.84643e-05
477,867.141,0.73169,1.99672,0.30697,0.30559,0.80851,0.99638,0.81481,0.85333,0.59403,0.88685,0.7037,0.66332,0.39129,1.29682,4.44493,0.33947,1.28125,1.78154,9.804e-05,9.804e-05,9.804e-05
478,868.88,0.64786,2.19983,0.30821,0.284,0.83429,0.9973,0.81481,0.85333,0.59224,0.89375,0.7037,0.66548,0.40928,1.30868,4.35927,0.34175,1.2582,1.81993,9.76157e-05,9.76157e-05,9.76157e-05
479,870.647,0.72229,1.96621,0.29349,0.29865,0.79753,1,0.84678,0.855,0.58951,0.89769,0.7037,0.67516,0.42886,1.32426,4.22789,0.3405,1.27486,1.86189,9.71914e-05,9.71914e-05,9.71914e-05
480,872.398,0.761,2.22453,0.30471,0.29757,0.78684,0.99846,0.81481,0.815,0.58094,0.85082,0.66667,0.63129,0.41483,1.34025,4.2148,0.33971,1.29945,1.88611,9.67671e-05,9.67671e-05,9.67671e-05
481,874.133,0.71049,2.04823,0.27926,0.30355,0.80685,0.99617,0.81481,0.815,0.53941,0.86337,0.7037,0.67516,0.40263,1.35709,4.24532,0.3397,1.35026,1.91863,9.63429e-05,9.63429e-05,9.63429e-05
482,875.843,0.76842,2.15322,0.29394,0.31088,0.77838,0.99581,0.81481,0.815,0.54183,0.86002,0.7037,0.67187,0.3902,1.36072,4.27477,0.34017,1.34567,1.93235,9.59186e-05,9.59186e-05,9.59186e-05
483,877.583,0.63132,2.03942,0.27739,0.28488,0.81978,0.99687,0.81481,0.85333,0.55709,0.86087,0.7037,0.67354,0.39462,1.34608,4.20891,0.33746,1.23243,1.95267,9.54943e-05,9.54943e-05,9.54943e-05
484,879.345,0.76403,2.41477,0.30106,0.31248,0.80023,1,0.84911,0.855,0.55514,0.86088,0.7037,0.67093,0.40251,1.3403,4.1737,0.33759,1.20586,1.94681,9.507e-05,9.507e-05,9.507e-05
485,881.085,0.71321,2.08848,0.28248,0.29603,0.79944,1,0.85185,0.855,0.57148,0.86085,0.7037,0.6516,0.36366,1.31902,4.22668,0.33654,1.15258,1.89804,9.46457e-05,9.46457e-05,9.46457e-05
486,882.82,0.7119,2.31522,0.2808,0.30242,0.80928,1,0.84911,0.855,0.5695,0.86073,0.7037,0.64576,0.36935,1.30794,4.25994,0.33762,1.16906,1.85769,9.42214e-05,9.42214e-05,9.42214e-05
487,884.578,0.75049,2.12193,0.31248,0.30944,0.80107,0.99798,0.85185,0.855,0.56231,0.81171,0.66667,0.59136,0.34094,1.32089,4.36371,0.33754,1.28837,1.7816,9.37971e-05,9.37971e-05,9.37971e-05
488,886.323,0.74126,2.05021,0.29547,0.30602,0.81214,0.99492,0.85185,0.855,0.5603,0.81305,0.66667,0.585,0.33174,1.32734,4.41736,0.33478,1.33,1.75896,9.33729e-05,9.33729e-05,9.33729e-05
489,888.057,0.632,1.92404,0.27873,0.28286,0.79946,0.99518,0.85185,0.855,0.58021,0.84197,0.7037,0.63636,0.33994,1.29982,4.42543,0.32987,1.34241,1.71294,9.29486e-05,9.29486e-05,9.29486e-05
490,889.785,0.63327,1.91993,0.29244,0.27527,0.78498,0.99501,0.85185,0.855,0.58019,0.85443,0.7037,0.63992,0.3415,1.28347,4.38579,0.32815,1.32985,1.71261,9.25243e-05,9.25243e-05,9.25243e-05
491,891.487,0.64147,2.37687,0.30094,0.28878,0.88214,0.99492,0.85185,0.855,0.57158,0.86207,0.69476,0.64242,0.34075,1.2899,4.336,0.33067,1.2356,1.77347,9.21e-05,9.21e-05,9.21e-05
492,893.224,0.75712,2.02137,0.27092,0.31032,0.80623,0.99569,0.85185,0.855,0.5722,0.82225,0.7037,0.63673,0.35478,1.28684,4.32904,0.33219,1.18049,1.78973,9.16757e-05,9.16757e-05,9.16757e-05
493,894.975,0.7198,1.99314,0.28473,0.30178,0.74456,0.99818,0.85185,0.855,0.58007,0.82374,0.7037,0.6319,0.36374,1.30281,4.34348,0.33362,1.18892,1.82306,9.12514e-05,9.12514e-05,9.12514e-05
494,896.737,0.75312,2.0504,0.2857,0.30286,0.76316,0.99917,0.85185,0.855,0.58969,0.82436,0.7037,0.6319,0.37646,1.29522,4.34597,0.33241,1.22181,1.82047,9.08271e-05,9.08271e-05,9.08271e-05
495,898.473,0.78226,2.06793,0.29718,0.30632,0.74733,0.9974,0.85185,0.855,0.59531,0.82308,0.7037,0.64655,0.38541,1.28015,4.27002,0.32976,1.21823,1.80465,9.04029e-05,9.04029e-05,9.04029e-05
496,900.244,0.65927,2.02194,0.30017,0.29616,0.79194,0.95196,0.81481,0.80196,0.59437,0.82159,0.7037,0.64655,0.38363,1.27738,4.27134,0.32727,1.1906,1.7974,8.99786e-05,8.99786e-05,8.99786e-05
497,902.027,0.6864,2.15282,0.30527,0.28997,0.8161,0.95467,0.81481,0.8037,0.60494,0.82304,0.7037,0.65121,0.37323,1.27031,4.27847,0.32754,1.13877,1.78337,8.95543e-05,8.95543e-05,8.95543e-05
498,903.775,0.61161,2.1928,0.27705,0.28935,0.83821,0.95458,0.81481,0.80196,0.5949,0.82261,0.7037,0.65294,0.36903,1.26202,4.3055,0.32757,1.08983,1.77243,8.913e-05,8.913e-05,8.913e-05
499,905.516,0.72594,2.16434,0.29911,0.2908,0.80996,0.99675,0.85185,0.855,0.60981,0.85424,0.7037,0.66051,0.37876,1.23147,4.27896,0.32805,0.98259,1.71731,8.87057e-05,8.87057e-05,8.87057e-05
500,907.273,0.75682,2.37898,0.29339,0.29461,0.77466,1,0.85028,0.88167,0.63216,0.8595,0.7037,0.66178,0.39762,1.22646,4.28797,0.32849,0.96186,1.69837,8.82814e-05,8.82814e-05,8.82814e-05
501,909.044,0.75234,2.01643,0.29294,0.29983,0.79055,0.99779,0.85185,0.88167,0.62369,0.86353,0.70307,0.66142,0.39328,1.24796,4.36438,0.32798,1.01941,1.7021,8.78571e-05,8.78571e-05,8.78571e-05
502,910.832,0.79081,2.19768,0.27655,0.30139,0.78491,0.99529,0.85185,0.88269,0.62176,0.86327,0.70161,0.65784,0.37332,1.27495,4.47085,0.32796,1.05582,1.72421,8.74329e-05,8.74329e-05,8.74329e-05
503,912.674,0.76683,2.20272,0.29786,0.29496,0.79434,0.98379,0.85185,0.88269,0.62337,0.86297,0.69989,0.66318,0.34467,1.27795,4.61943,0.3295,1.05338,1.72137,8.70086e-05,8.70086e-05,8.70086e-05
504,914.476,0.62104,1.8569,0.30415,0.27359,0.79782,1,0.83902,0.88167,0.62028,0.86336,0.70213,0.66518,0.35424,1.28763,4.65674,0.33011,1.08885,1.72906,8.65843e-05,8.65843e-05,8.65843e-05
505,916.34,0.74642,2.02348,0.30287,0.30953,0.78921,0.99548,0.81481,0.85333,0.59317,0.85899,0.7037,0.6698,0.37695,1.2837,4.59783,0.33209,1.13722,1.72304,8.616e-05,8.616e-05,8.616e-05
506,918.132,0.71302,1.89547,0.29155,0.28478,0.78376,0.99376,0.81481,0.85333,0.59432,0.90376,0.69591,0.67446,0.39055,1.27032,4.57457,0.33212,1.15266,1.71731,8.57357e-05,8.57357e-05,8.57357e-05
507,919.875,0.69204,2.34876,0.28853,0.28311,0.77026,0.99592,0.81481,0.85333,0.59607,0.90219,0.7037,0.67688,0.38169,1.26884,4.52093,0.33151,1.26591,1.71828,8.53114e-05,8.53114e-05,8.53114e-05
508,921.579,0.74498,1.99712,0.30066,0.30014,0.78721,0.99511,0.81481,0.85038,0.60302,0.9041,0.69857,0.67452,0.38439,1.25123,4.50869,0.33141,1.22801,1.70348,8.48871e-05,8.48871e-05,8.48871e-05
509,923.32,0.81778,1.93497,0.29138,0.30923,0.78616,0.99611,0.81481,0.85333,0.59285,0.8839,0.7037,0.67196,0.38459,1.23625,4.51279,0.33194,1.14782,1.69664,8.44629e-05,8.44629e-05,8.44629e-05
510,925.043,0.68088,2.15069,0.2892,0.28377,0.82286,0.99635,0.81481,0.85333,0.58453,0.87348,0.7037,0.66762,0.38191,1.24167,4.46896,0.33273,1.15921,1.70496,8.40386e-05,8.40386e-05,8.40386e-05
511,926.764,0.69632,1.85005,0.28024,0.27933,0.79397,0.95633,0.81116,0.79891,0.58896,0.86006,0.7037,0.65593,0.35842,1.24531,4.53563,0.33531,1.13779,1.68181,8.36143e-05,8.36143e-05,8.36143e-05
512,928.503,0.72337,2.06501,0.28737,0.29635,0.77276,0.95632,0.81101,0.79891,0.5869,0.85974,0.7037,0.65843,0.36578,1.25619,4.57398,0.33751,1.15471,1.68795,8.319e-05,8.319e-05,8.319e-05
513,930.281,0.74824,2.22335,0.2795,0.28872,0.79002,0.9564,0.81244,0.79891,0.60293,0.85883,0.7037,0.66177,0.36569,1.24928,4.5738,0.33936,1.08822,1.67117,8.27657e-05,8.27657e-05,8.27657e-05
514,932.044,0.70724,1.94896,0.29468,0.29712,0.8113,0.95644,0.81328,0.79891,0.60143,0.81319,0.66667,0.61507,0.35819,1.24773,4.54998,0.33913,1.04975,1.67976,8.23414e-05,8.23414e-05,8.23414e-05
515,933.837,0.69441,1.9377,0.29156,0.29112,0.77687,0.95248,0.81481,0.8343,0.59964,0.81808,0.66623,0.61507,0.35987,1.25388,4.49203,0.33962,1.01463,1.72279,8.19171e-05,8.19171e-05,8.19171e-05
516,935.608,0.71008,2.08507,0.2923,0.29173,0.81012,0.95184,0.81481,0.83571,0.58852,0.7785,0.66667,0.60812,0.3616,1.2611,4.51395,0.33953,1.01289,1.73319,8.14929e-05,8.14929e-05,8.14929e-05
517,937.38,0.64062,1.95473,0.28851,0.27112,0.82237,0.95295,0.81481,0.83397,0.60585,0.79351,0.66667,0.60773,0.35649,1.27614,4.49883,0.33805,1.03677,1.7327,8.10686e-05,8.10686e-05,8.10686e-05
518,939.155,0.70334,1.88046,0.26203,0.29565,0.77766,0.95251,0.81481,0.83267,0.60401,0.77906,0.66667,0.59563,0.3457,1.27897,4.52563,0.33778,1.07354,1.71875,8.06443e-05,8.06443e-05,8.06443e-05
519,940.933,0.65487,2.00498,0.28031,0.28103,0.75284,0.95785,0.84205,0.83333,0.60413,0.77874,0.66667,0.58607,0.33135,1.29665,4.59305,0.33576,1.10307,1.72037,8.022e-05,8.022e-05,8.022e-05
520,942.73,0.66249,1.99249,0.28342,0.28052,0.7659,0.95776,0.84006,0.835,0.59588,0.82288,0.7037,0.63959,0.35082,1.30009,4.57054,0.33434,1.11842,1.72987,7.97957e-05,7.97957e-05,7.97957e-05
521,944.518,0.69221,1.91543,0.29874,0.28779,0.77638,0.95468,0.81481,0.82952,0.59189,0.82314,0.7037,0.63296,0.3524,1.30413,4.49231,0.33515,1.1691,1.79611,7.93714e-05,7.93714e-05,7.93714e-05
522,946.297,0.67642,2.1615,0.27298,0.28059,0.75292,0.94943,0.81481,0.79413,0.5626,0.81862,0.7037,0.63689,0.3581,1.3155,4.44632,0.33707,1.18874,1.84583,7.89471e-05,7.89471e-05,7.89471e-05
523,948.059,0.67363,1.91093,0.2865,0.2817,0.80708,0.94061,0.81481,0.79587,0.55984,0.86248,0.69709,0.64456,0.36493,1.33323,4.34213,0.33589,1.18927,1.90124,7.85229e-05,7.85229e-05,7.85229e-05
524,949.868,0.6719,2.09321,0.29147,0.28357,0.79167,0.94703,0.81481,0.79587,0.56006,0.86294,0.69971,0.64456,0.38508,1.32324,4.32755,0.33591,1.18123,1.89894,7.80986e-05,7.80986e-05,7.80986e-05
525,951.651,0.66039,1.87392,0.29472,0.28454,0.80687,1,0.84241,0.855,0.57445,0.86347,0.70276,0.64755,0.35118,1.30622,4.33029,0.3338,1.17466,1.87264,7.76743e-05,7.76743e-05,7.76743e-05
526,953.398,0.83909,2.03288,0.2924,0.31199,0.75172,1,0.84272,0.855,0.56539,0.86354,0.70316,0.65155,0.33659,1.30549,4.34826,0.33403,1.16425,1.86953,7.725e-05,7.725e-05,7.725e-05
527,955.152,0.64264,2.27748,0.30168,0.28059,0.80391,1,0.84403,0.88269,0.57638,0.85637,0.7037,0.65555,0.34485,1.3075,4.35006,0.3376,1.16425,1.90449,7.68257e-05,7.68257e-05,7.68257e-05
528,956.882,0.65334,1.93854,0.29834,0.28355,0.84034,1,0.84901,0.885,0.5686,0.90414,0.69891,0.6663,0.35414,1.31344,4.32259,0.33782,1.15774,1.93391,7.64014e-05,7.64014e-05,7.64014e-05
529,958.638,0.64186,1.89163,0.28843,0.27783,0.84038,1,0.87211,0.885,0.56933,0.90401,0.69783,0.66266,0.38424,1.31435,4.32343,0.34085,1.13772,1.94709,7.59771e-05,7.59771e-05,7.59771e-05
530,960.37,0.77151,2.08835,0.28991,0.30526,0.77382,1,0.87777,0.885,0.57257,0.85725,0.7037,0.65964,0.3713,1.30697,4.36604,0.34054,1.14383,1.91298,7.55529e-05,7.55529e-05,7.55529e-05
531,962.124,0.59479,2.0724,0.28196,0.2716,0.79716,1,0.87883,0.885,0.5836,0.85927,0.7037,0.66327,0.37624,1.31015,4.45103,0.3382,1.14771,1.8669,7.51286e-05,7.51286e-05,7.51286e-05
532,963.879,0.71299,1.9594,0.28915,0.2932,0.7823,1,0.88889,0.885,0.58794,0.85863,0.7037,0.65843,0.36755,1.31224,4.49348,0.33691,1.11917,1.85957,7.47043e-05,7.47043e-05,7.47043e-05
533,965.616,0.68719,1.96405,0.28698,0.28198,0.82281,1,0.92593,0.925,0.62018,0.85963,0.7037,0.67178,0.35814,1.3046,4.40803,0.32973,1.05987,1.87464,7.428e-05,7.428e-05,7.428e-05
534,967.444,0.76604,2.10857,0.28845,0.2978,0.7847,1,0.92593,0.925,0.61796,0.87601,0.7037,0.67619,0.36792,1.29367,4.36648,0.327,0.98914,1.8834,7.38557e-05,7.38557e-05,7.38557e-05
535,969.237,0.57903,1.85049,0.27784,0.26228,0.80206,1,0.92593,0.925,0.62026,0.89335,0.7037,0.68335,0.37626,1.2536,4.25969,0.32313,0.88266,1.90897,7.34314e-05,7.34314e-05,7.34314e-05
536,970.996,0.68154,1.91795,0.27489,0.28089,0.81491,1,0.92593,0.925,0.60956,0.89637,0.7037,0.68516,0.37186,1.24961,4.23525,0.32292,0.85526,1.923,7.30071e-05,7.30071e-05,7.30071e-05
537,972.776,0.7068,1.96997,0.28441,0.29513,0.79456,0.96154,0.92593,0.925,0.62453,0.89683,0.7037,0.67905,0.38201,1.24824,4.22651,0.32367,0.82421,1.91311,7.25829e-05,7.25829e-05,7.25829e-05
538,974.557,0.71623,1.8291,0.29043,0.28797,0.78741,0.96154,0.92593,0.925,0.64081,0.89566,0.7037,0.67905,0.38538,1.23912,4.24183,0.32443,0.82313,1.8772,7.21586e-05,7.21586e-05,7.21586e-05
539,976.329,0.71057,1.83706,0.2941,0.28493,0.74681,0.95804,0.84591,0.84708,0.61538,0.89799,0.7037,0.67905,0.38244,1.21115,4.28652,0.32419,0.83611,1.78979,7.17343e-05,7.17343e-05,7.17343e-05
540,978.071,0.66481,1.93034,0.29808,0.27676,0.7551,0.95833,0.85185,0.84875,0.61982,0.9044,0.70085,0.67961,0.37528,1.19929,4.33826,0.32594,0.86495,1.75356,7.131e-05,7.131e-05,7.131e-05
541,979.839,0.70249,1.95829,0.28405,0.29671,0.80996,0.95808,0.84662,0.84708,0.61361,0.84958,0.7037,0.67332,0.35215,1.22406,4.44004,0.33004,0.90682,1.75558,7.08857e-05,7.08857e-05,7.08857e-05
542,981.587,0.68906,1.81625,0.28774,0.29779,0.77558,0.9581,0.84704,0.84542,0.608,0.90411,0.69864,0.67276,0.34375,1.23885,4.46165,0.33215,0.92064,1.78068,7.04614e-05,7.04614e-05,7.04614e-05
543,983.351,0.59872,1.79915,0.28231,0.26696,0.78753,0.95296,0.81481,0.84082,0.59878,0.852,0.7037,0.6698,0.36078,1.23867,4.44601,0.33254,0.92715,1.81676,7.00371e-05,7.00371e-05,7.00371e-05
544,985.082,0.66977,1.76917,0.28508,0.28174,0.78774,0.99768,0.85185,0.855,0.59517,0.85291,0.7037,0.67499,0.36869,1.23094,4.41897,0.33295,0.92829,1.81248,6.96129e-05,6.96129e-05,6.96129e-05
545,986.853,0.57215,1.81083,0.28866,0.26638,0.78897,0.95317,0.81481,0.80848,0.59022,0.85819,0.7037,0.67499,0.36443,1.22233,4.4098,0.33261,0.96378,1.7811,6.91886e-05,6.91886e-05,6.91886e-05
546,988.604,0.58976,1.89629,0.28855,0.27611,0.81432,0.95222,0.81481,0.80848,0.59061,0.85954,0.7037,0.67499,0.36597,1.22836,4.43141,0.334,0.99803,1.7726,6.87643e-05,6.87643e-05,6.87643e-05
547,990.355,0.69038,1.73118,0.26773,0.28406,0.7452,0.94902,0.81481,0.80848,0.58893,0.86314,0.70088,0.67499,0.36268,1.25677,4.46478,0.33701,1.02842,1.78997,6.834e-05,6.834e-05,6.834e-05
548,992.11,0.65826,2.28498,0.27119,0.27518,0.76221,0.99031,0.85185,0.855,0.59393,0.86283,0.69911,0.6749,0.36426,1.26782,4.49705,0.3391,1.02333,1.80609,6.79157e-05,6.79157e-05,6.79157e-05
549,993.896,0.75911,1.89003,0.30014,0.28944,0.77228,0.99513,0.85185,0.91981,0.64501,0.86352,0.70304,0.67078,0.35488,1.26945,4.44937,0.34029,0.96869,1.81061,6.74914e-05,6.74914e-05,6.74914e-05
550,995.621,0.67449,1.84425,0.29704,0.28102,0.79723,0.99572,0.85185,0.91981,0.65179,0.86352,0.7037,0.67078,0.36918,1.25387,4.39369,0.34008,0.94375,1.79771,6.70671e-05,6.70671e-05,6.70671e-05
551,997.4,0.59982,1.86597,0.2972,0.26896,0.81228,0.92857,0.96296,0.95809,0.65009,0.85874,0.7037,0.67499,0.39093,1.27317,4.26742,0.33688,0.87899,1.83957,6.66429e-05,6.66429e-05,6.66429e-05
552,999.596,0.71552,2.1975,0.28197,0.29346,0.78944,0.92857,0.96296,0.95809,0.64796,0.8605,0.7037,0.67683,0.38374,1.28885,4.23043,0.3356,0.89113,1.85731,6.62186e-05,6.62186e-05,6.62186e-05
553,1001.38,0.67888,1.72587,0.27292,0.27783,0.8005,0.92857,0.96296,0.95714,0.64482,0.85922,0.7037,0.67332,0.35986,1.26659,4.20865,0.33334,0.86248,1.82636,6.57943e-05,6.57943e-05,6.57943e-05
554,1003.15,0.63608,1.97828,0.28218,0.27422,0.76702,1,0.85057,0.95714,0.64833,0.85883,0.7037,0.66843,0.36526,1.25192,4.23029,0.33356,0.86105,1.79078,6.537e-05,6.537e-05,6.537e-05
555,1004.9,0.77138,1.84789,0.28775,0.29258,0.75204,0.99972,0.85185,0.95714,0.65187,0.85959,0.7037,0.67009,0.37795,1.23939,4.23371,0.33227,0.8194,1.76341,6.49457e-05,6.49457e-05,6.49457e-05
556,1006.64,0.67051,1.83662,0.28747,0.27823,0.76428,0.99946,0.85185,0.95809,0.64942,0.85931,0.7037,0.67196,0.3726,1.23325,4.22556,0.33162,0.81302,1.75725,6.45214e-05,6.45214e-05,6.45214e-05
557,1008.37,0.78437,1.86845,0.29096,0.30767,0.74204,0.86207,0.92593,0.89995,0.64441,0.8591,0.7037,0.66053,0.36125,1.25641,4.25036,0.33029,0.83768,1.79841,6.40971e-05,6.40971e-05,6.40971e-05
558,1010.12,0.75363,2.09218,0.32346,0.29183,0.73567,0.95804,0.84593,0.90208,0.64531,0.86127,0.7037,0.66053,0.3687,1.27305,4.29486,0.33404,0.84744,1.82694,6.36729e-05,6.36729e-05,6.36729e-05
559,1011.94,0.67508,1.77083,0.28023,0.26931,0.7484,0.95804,0.84584,0.86728,0.61684,0.86289,0.69942,0.65822,0.37723,1.29826,4.3325,0.33671,0.88898,1.8778,6.32486e-05,6.32486e-05,6.32486e-05
560,1013.69,0.66637,1.99018,0.28014,0.2775,0.76815,0.95804,0.84581,0.86625,0.60846,0.86313,0.70083,0.65822,0.38264,1.29805,4.29893,0.33755,0.89728,1.88274,6.28243e-05,6.28243e-05,6.28243e-05
561,1015.51,0.66008,1.88931,0.2744,0.27837,0.79731,0.95794,0.84391,0.83625,0.58453,0.86325,0.70149,0.65687,0.3815,1.29575,4.28946,0.34189,0.93724,1.87191,6.24e-05,6.24e-05,6.24e-05
562,1017.23,0.66502,1.93896,0.29385,0.27564,0.78619,0.95785,0.8419,0.83625,0.58453,0.86264,0.69804,0.65465,0.37448,1.3038,4.32504,0.34176,0.97669,1.85931,6.19757e-05,6.19757e-05,6.19757e-05
563,1018.99,0.74565,1.83692,0.28619,0.29831,0.74715,0.95783,0.84159,0.83792,0.57709,0.81806,0.7037,0.6475,0.36649,1.29652,4.36466,0.34314,1.02046,1.81561,6.15514e-05,6.15514e-05,6.15514e-05
564,1020.8,0.74202,1.82913,0.28617,0.29001,0.75227,0.95781,0.84109,0.83792,0.58117,0.82054,0.7037,0.65038,0.36421,1.29825,4.37756,0.34035,1.02523,1.80292,6.11271e-05,6.11271e-05,6.11271e-05
565,1022.6,0.74267,1.86637,0.29107,0.29702,0.76552,0.95783,0.84158,0.83792,0.57844,0.88416,0.66667,0.65038,0.40122,1.28565,4.38691,0.33789,1.04886,1.75363,6.07029e-05,6.07029e-05,6.07029e-05
566,1024.37,0.68622,1.79748,0.27078,0.27912,0.76675,0.95787,0.84243,0.83792,0.58879,0.87911,0.66667,0.65038,0.4025,1.28301,4.37149,0.33675,1.06443,1.7486,6.02786e-05,6.02786e-05,6.02786e-05
567,1026.15,0.70129,1.95497,0.28023,0.28359,0.7608,0.95793,0.84359,0.83958,0.58244,0.90356,0.69438,0.65716,0.40346,1.29894,4.32833,0.33546,1.11044,1.78071,5.98543e-05,5.98543e-05,5.98543e-05
568,1027.89,0.72812,1.9315,0.30126,0.29013,0.7335,0.95796,0.84425,0.84083,0.58797,0.9047,0.70325,0.66262,0.41509,1.29751,4.30631,0.33378,1.10031,1.79437,5.943e-05,5.943e-05,5.943e-05
569,1029.65,0.68997,1.73734,0.29117,0.28966,0.76986,0.95798,0.84463,0.83792,0.59829,0.86115,0.7037,0.65188,0.38537,1.30362,4.3147,0.33475,1.1103,1.82753,5.90057e-05,5.90057e-05,5.90057e-05
570,1031.4,0.64084,1.81372,0.27998,0.27906,0.79262,0.95793,0.84367,0.83958,0.59926,0.86139,0.7037,0.65447,0.38351,1.30146,4.26633,0.33538,1.14881,1.82305,5.85814e-05,5.85814e-05,5.85814e-05
571,1033.18,0.71349,1.72343,0.28847,0.28142,0.72246,1,0.8783,0.885,0.59771,0.90405,0.7037,0.66224,0.398,1.2786,4.28452,0.33389,1.16475,1.77729,5.81571e-05,5.81571e-05,5.81571e-05
572,1034.91,0.62042,1.74687,0.27438,0.26384,0.75354,1,0.8766,0.885,0.60037,0.90471,0.70332,0.6649,0.40058,1.26628,4.30016,0.33454,1.16571,1.75382,5.77329e-05,5.77329e-05,5.77329e-05
573,1036.69,0.66763,1.93363,0.29705,0.28784,0.76196,1,0.87554,0.885,0.59444,0.90402,0.69796,0.66224,0.39434,1.26037,4.31158,0.33648,1.18387,1.74791,5.73086e-05,5.73086e-05,5.73086e-05
574,1038.46,0.67968,1.91909,0.28934,0.28209,0.76207,1,0.87472,0.885,0.59867,0.90389,0.69696,0.66509,0.39388,1.2671,4.29582,0.33677,1.22473,1.76067,5.68843e-05,5.68843e-05,5.68843e-05
575,1040.18,0.57678,1.92084,0.2782,0.26695,0.78285,1,0.85185,0.855,0.59217,0.8314,0.7037,0.66542,0.3966,1.30713,4.26839,0.33554,1.30431,1.81283,5.646e-05,5.646e-05,5.646e-05
576,1041.91,0.64336,1.9627,0.2806,0.27769,0.78199,1,0.85185,0.855,0.59866,0.83727,0.7037,0.66542,0.39809,1.3028,4.26795,0.33605,1.32182,1.81072,5.60357e-05,5.60357e-05,5.60357e-05
577,1043.65,0.54194,1.68111,0.27254,0.24906,0.80966,0.95833,0.85185,0.84417,0.60415,0.84854,0.7037,0.66105,0.38427,1.28169,4.29094,0.33605,1.32622,1.77255,5.56114e-05,5.56114e-05,5.56114e-05
578,1045.38,0.6408,2.12949,0.27196,0.29156,0.77536,0.95652,0.81481,0.8037,0.5841,0.8628,0.7037,0.65788,0.39504,1.27988,4.32869,0.33667,1.3696,1.75626,5.51871e-05,5.51871e-05,5.51871e-05
579,1047.15,0.64641,1.722,0.27876,0.26668,0.74759,0.95652,0.81481,0.8037,0.57679,0.82609,0.7037,0.65444,0.39369,1.29178,4.37208,0.33843,1.43811,1.72865,5.47629e-05,5.47629e-05,5.47629e-05
580,1048.88,0.65822,1.81889,0.28447,0.27387,0.7548,0.95652,0.81481,0.8037,0.5747,0.82609,0.7037,0.65249,0.39279,1.29794,4.41731,0.33934,1.46889,1.71855,5.43386e-05,5.43386e-05,5.43386e-05
581,1050.62,0.63795,1.70404,0.27564,0.27355,0.78648,0.94658,0.81481,0.80196,0.56726,0.82149,0.7037,0.65135,0.39933,1.28372,4.36024,0.33833,1.36528,1.70323,5.39143e-05,5.39143e-05,5.39143e-05
582,1052.38,0.6811,1.98032,0.29046,0.27511,0.76266,0.94954,0.81481,0.80196,0.56466,0.83505,0.7037,0.65135,0.38582,1.28885,4.3033,0.33582,1.2831,1.7237,5.349e-05,5.349e-05,5.349e-05
583,1054.14,0.65198,1.84102,0.28864,0.28201,0.7541,0.95196,0.81481,0.80065,0.56964,0.8502,0.7037,0.64976,0.38138,1.30105,4.27707,0.33549,1.22872,1.77313,5.30657e-05,5.30657e-05,5.30657e-05
584,1055.9,0.67065,1.72754,0.28569,0.26942,0.76426,0.95169,0.81481,0.80065,0.56701,0.85094,0.7037,0.64976,0.37773,1.31014,4.28213,0.33483,1.22602,1.79736,5.26414e-05,5.26414e-05,5.26414e-05
585,1057.65,0.64065,1.70592,0.28021,0.26632,0.75063,0.94933,0.81481,0.79891,0.56069,0.8526,0.7037,0.64927,0.38436,1.31763,4.29979,0.33628,1.23208,1.82336,5.22171e-05,5.22171e-05,5.22171e-05
586,1059.39,0.62921,1.99521,0.29161,0.26955,0.77942,0.94912,0.81481,0.79891,0.56668,0.85866,0.7037,0.64927,0.38124,1.31618,4.32555,0.33779,1.23759,1.82319,5.17929e-05,5.17929e-05,5.17929e-05
587,1061.18,0.73354,1.85855,0.29559,0.28446,0.74274,0.94925,0.81481,0.79587,0.57251,0.88498,0.66667,0.64604,0.39311,1.323,4.34209,0.33614,1.27588,1.82462,5.13686e-05,5.13686e-05,5.13686e-05
588,1062.93,0.68205,1.76142,0.26941,0.27957,0.75965,0.94762,0.81481,0.79587,0.5681,0.88391,0.66667,0.64604,0.38264,1.32129,4.32445,0.33393,1.27684,1.82356,5.09443e-05,5.09443e-05,5.09443e-05
589,1064.67,0.63731,1.95235,0.2855,0.27811,0.75978,0.94486,0.81481,0.79587,0.57112,0.81554,0.7037,0.64304,0.37716,1.31407,4.35088,0.3328,1.25872,1.82074,5.052e-05,5.052e-05,5.052e-05
590,1066.42,0.6379,1.66561,0.28115,0.27836,0.77132,0.94388,0.81481,0.79587,0.5679,0.81494,0.7037,0.64304,0.37963,1.32383,4.35995,0.33352,1.2309,1.83736,5.00957e-05,5.00957e-05,5.00957e-05
591,1068.16,0.64654,1.86043,0.27437,0.27615,0.75722,0.95799,0.84478,0.83792,0.57377,0.88656,0.66667,0.64788,0.37877,1.30918,4.3114,0.33285,1.10452,1.8597,4.96714e-05,4.96714e-05,4.96714e-05
592,1069.88,0.72248,1.67593,0.27211,0.27975,0.77529,0.95804,0.84594,0.83792,0.57885,0.90332,0.69246,0.65226,0.38525,1.3059,4.28439,0.33231,1.08308,1.86995,4.92471e-05,4.92471e-05,4.92471e-05
593,1071.65,0.63454,1.65713,0.28423,0.26398,0.80389,0.95804,0.84583,0.83792,0.58584,0.90445,0.70127,0.65226,0.39431,1.28059,4.21024,0.33069,1.04631,1.85112,4.88229e-05,4.88229e-05,4.88229e-05
594,1073.42,0.76015,1.91176,0.29745,0.29879,0.7256,0.9581,0.84699,0.83792,0.57233,0.90397,0.69755,0.65226,0.39839,1.27215,4.20124,0.33125,1.05371,1.84098,4.83986e-05,4.83986e-05,4.83986e-05
595,1075.16,0.65222,1.72934,0.2793,0.26917,0.75401,0.98822,0.88889,0.885,0.58482,0.86243,0.69682,0.64691,0.39433,1.24525,4.17294,0.3316,1.02069,1.81922,4.79743e-05,4.79743e-05,4.79743e-05
596,1076.91,0.73248,1.80439,0.28998,0.28404,0.74983,0.98746,0.88889,0.885,0.58712,0.89533,0.66667,0.64604,0.39229,1.23733,4.16741,0.33235,1.03329,1.80732,4.755e-05,4.755e-05,4.755e-05
597,1078.66,0.74968,1.79302,0.27869,0.30151,0.73717,0.96,0.88889,0.885,0.58788,0.89972,0.66467,0.64604,0.38537,1.23207,4.18203,0.33188,1.04228,1.80515,4.71257e-05,4.71257e-05,4.71257e-05
598,1080.44,0.59269,2.02761,0.28844,0.26559,0.79534,0.96,0.88889,0.885,0.58393,0.89985,0.66563,0.649,0.39202,1.23878,4.18711,0.33127,1.06305,1.81141,4.67014e-05,4.67014e-05,4.67014e-05
599,1082.21,0.70107,1.85883,0.30045,0.2723,0.75529,0.95355,0.85185,0.83792,0.59735,0.8977,0.66667,0.649,0.38082,1.26256,4.18158,0.33196,1.07552,1.84253,4.62771e-05,4.62771e-05,4.62771e-05
600,1083.98,0.6229,1.69168,0.29863,0.26289,0.77592,0.93396,0.85185,0.83792,0.59065,0.8918,0.66667,0.65038,0.38231,1.23872,4.16208,0.32926,0.99677,1.82882,4.58529e-05,4.58529e-05,4.58529e-05
601,1085.71,0.59957,1.75504,0.28694,0.2681,0.78589,0.92,0.85185,0.8425,0.5983,0.86289,0.69947,0.65988,0.38699,1.20464,4.1004,0.32606,0.93477,1.78668,4.54286e-05,4.54286e-05,4.54286e-05
602,1087.45,0.69159,1.81523,0.28122,0.27607,0.75846,0.92687,0.85185,0.84417,0.58278,0.86304,0.70033,0.66292,0.39793,1.19921,4.06585,0.32536,0.93969,1.77084,4.50043e-05,4.50043e-05,4.50043e-05
603,1089.2,0.68218,1.61399,0.28531,0.28262,0.74994,0.88462,0.85185,0.84542,0.58405,0.86303,0.70027,0.66607,0.39814,1.19788,4.09906,0.32753,0.97724,1.75905,4.458e-05,4.458e-05,4.458e-05
604,1090.93,0.65952,1.67554,0.27598,0.28127,0.73207,0.88462,0.85185,0.84417,0.58331,0.86303,0.70023,0.66292,0.39313,1.20386,4.13637,0.32858,1.00352,1.75799,4.41557e-05,4.41557e-05,4.41557e-05
605,1092.68,0.821,1.98479,0.30186,0.3015,0.7192,0.92,0.85185,0.84178,0.60147,0.86303,0.70023,0.66607,0.37932,1.21093,4.19996,0.32855,1.07375,1.7574,4.37314e-05,4.37314e-05,4.37314e-05
606,1094.47,0.65496,1.71214,0.29144,0.27375,0.74103,0.92,0.85185,0.84178,0.59886,0.86316,0.701,0.66607,0.37748,1.21928,4.21769,0.32829,1.09587,1.76764,4.33071e-05,4.33071e-05,4.33071e-05
607,1096.21,0.66507,1.82533,0.27755,0.2752,0.7214,0.92,0.85185,0.84542,0.60099,0.86359,0.70343,0.66843,0.36847,1.24599,4.21984,0.32759,1.14221,1.79601,4.28829e-05,4.28829e-05,4.28829e-05
608,1097.93,0.69787,1.98381,0.28691,0.28197,0.75857,0.95613,0.80747,0.84354,0.59886,0.86032,0.7037,0.66843,0.36411,1.23768,4.21264,0.32872,1.11178,1.79607,4.24586e-05,4.24586e-05,4.24586e-05
609,1099.72,0.74985,1.97427,0.28668,0.28238,0.74692,0.95611,0.80713,0.80674,0.58408,0.90396,0.69749,0.67041,0.3879,1.24592,4.19396,0.32953,1.09089,1.81593,4.20343e-05,4.20343e-05,4.20343e-05
610,1101.49,0.61846,1.70286,0.28385,0.26578,0.75572,0.95609,0.80663,0.80543,0.57726,0.90431,0.70019,0.66759,0.37229,1.24722,4.19487,0.33037,1.09727,1.81479,4.161e-05,4.161e-05,4.161e-05
611,1103.28,0.68754,1.92777,0.27182,0.28376,0.7569,0.95609,0.80678,0.80543,0.58271,0.90466,0.70289,0.66759,0.36965,1.24829,4.20114,0.33203,1.08385,1.81685,4.11857e-05,4.11857e-05,4.11857e-05
612,1105.05,0.68346,1.65647,0.29326,0.27584,0.70184,0.95613,0.80752,0.80543,0.58271,0.9046,0.70243,0.66759,0.36965,1.25102,4.1991,0.33199,1.08189,1.82063,4.07614e-05,4.07614e-05,4.07614e-05
613,1106.82,0.6602,1.72029,0.2946,0.27334,0.76196,0.9562,0.80869,0.80543,0.58377,0.90471,0.7037,0.66759,0.37528,1.26278,4.20966,0.33202,1.0706,1.84778,4.03371e-05,4.03371e-05,4.03371e-05
614,1108.58,0.73235,1.79866,0.27736,0.28473,0.75231,0.95624,0.80959,0.83951,0.59944,0.9037,0.7037,0.66759,0.37073,1.26806,4.21345,0.3314,1.03238,1.8664,3.99129e-05,3.99129e-05,3.99129e-05
615,1110.31,0.70026,1.97231,0.27936,0.27463,0.73774,0.95644,0.81333,0.84417,0.58887,0.90026,0.7037,0.66759,0.37183,1.27191,4.22532,0.33203,0.99868,1.87216,3.94886e-05,3.94886e-05,3.94886e-05
616,1112.08,0.78163,1.81549,0.30161,0.2869,0.73015,0.95648,0.81405,0.8425,0.5868,0.90456,0.7021,0.6649,0.37191,1.27743,4.22945,0.33177,1.00257,1.87321,3.90643e-05,3.90643e-05,3.90643e-05
617,1113.82,0.58081,1.72817,0.2772,0.2546,0.76926,0.95635,0.81152,0.83908,0.59157,0.9042,0.69933,0.6649,0.38597,1.26612,4.22892,0.33397,1.00405,1.84235,3.864e-05,3.864e-05,3.864e-05
618,1115.57,0.65323,1.63352,0.27391,0.26281,0.75501,0.95639,0.81232,0.83908,0.58839,0.90397,0.69755,0.6649,0.38874,1.26992,4.22343,0.33499,1.03519,1.83732,3.82157e-05,3.82157e-05,3.82157e-05
619,1117.36,0.73831,1.87515,0.2745,0.27909,0.74416,0.9565,0.81434,0.83734,0.58907,0.90382,0.69639,0.65976,0.38857,1.2596,4.20607,0.33675,1.03862,1.8195,3.77914e-05,3.77914e-05,3.77914e-05
620,1119.11,0.62983,1.84516,0.27955,0.26878,0.73767,1,0.87829,0.885,0.59482,0.90375,0.69585,0.65976,0.39767,1.25924,4.20227,0.33698,1.03485,1.82099,3.73671e-05,3.73671e-05,3.73671e-05
621,1120.88,0.6645,1.75816,0.26762,0.2667,0.73896,1,0.88109,0.885,0.5946,0.90392,0.69716,0.65976,0.40107,1.24457,4.2114,0.33736,1.00921,1.79964,3.69429e-05,3.69429e-05,3.69429e-05
622,1122.64,0.7687,1.80779,0.29302,0.28888,0.74487,1,0.88139,0.885,0.58817,0.90381,0.69627,0.65716,0.39709,1.24699,4.22125,0.33781,1.00204,1.80737,3.65186e-05,3.65186e-05,3.65186e-05
623,1124.38,0.73669,1.66684,0.30117,0.2905,0.72282,0.95791,0.84328,0.83958,0.59046,0.85808,0.7037,0.65216,0.38341,1.25523,4.26412,0.33655,0.98549,1.81103,3.60943e-05,3.60943e-05,3.60943e-05
624,1126.15,0.65483,1.73984,0.28426,0.27448,0.78221,0.9578,0.84103,0.83792,0.58875,0.85968,0.7037,0.64938,0.38571,1.25234,4.29225,0.33632,1.00374,1.80496,3.567e-05,3.567e-05,3.567e-05
625,1127.9,0.6712,1.94004,0.29786,0.27462,0.77417,0.95799,0.84478,0.83958,0.59309,0.85797,0.7037,0.65216,0.37886,1.25398,4.27658,0.3366,0.988,1.81297,3.52457e-05,3.52457e-05,3.52457e-05
626,1129.64,0.69236,1.63141,0.2797,0.27675,0.751,0.95809,0.84697,0.84083,0.5947,0.85875,0.7037,0.65512,0.38058,1.25238,4.26233,0.33612,0.97342,1.81434,3.48214e-05,3.48214e-05,3.48214e-05
627,1131.35,0.6578,1.57802,0.28499,0.26016,0.73276,0.94962,0.85185,0.83958,0.59167,0.85848,0.7037,0.65216,0.37648,1.25194,4.22497,0.33566,0.97434,1.8154,3.43971e-05,3.43971e-05,3.43971e-05
628,1133.07,0.64845,1.74299,0.28915,0.26833,0.75431,0.94423,0.85185,0.83958,0.59218,0.85833,0.7037,0.65216,0.38024,1.25738,4.23246,0.3364,0.98802,1.82379,3.39729e-05,3.39729e-05,3.39729e-05
629,1134.81,0.71508,1.68846,0.27886,0.28767,0.72106,0.932,0.85185,0.83958,0.60194,0.86106,0.7037,0.65216,0.38922,1.26345,4.25355,0.33706,0.98272,1.8234,3.35486e-05,3.35486e-05,3.35486e-05
630,1136.53,0.69523,1.701,0.27817,0.27812,0.7647,0.93904,0.85185,0.83958,0.60626,0.86262,0.7037,0.64976,0.38778,1.25927,4.2629,0.33666,0.96268,1.81407,3.31243e-05,3.31243e-05,3.31243e-05
631,1138.29,0.66105,1.68187,0.27924,0.26904,0.77876,0.94432,0.85185,0.83958,0.60112,0.86196,0.7037,0.64976,0.37146,1.24285,4.25151,0.33453,0.96157,1.77738,3.27e-05,3.27e-05,3.27e-05
632,1140.06,0.60966,1.74923,0.28261,0.2656,0.77841,0.94797,0.85185,0.83958,0.60167,0.86088,0.7037,0.64976,0.36055,1.23787,4.25436,0.3338,0.95728,1.76821,3.22757e-05,3.22757e-05,3.22757e-05
633,1141.86,0.677,1.65446,0.27401,0.26803,0.76702,0.92308,0.88889,0.86561,0.61969,0.86096,0.7037,0.64677,0.36263,1.21673,4.22277,0.33037,0.9708,1.73159,3.18514e-05,3.18514e-05,3.18514e-05
634,1143.61,0.62997,1.90358,0.26884,0.26879,0.7159,0.92308,0.88889,0.86728,0.62087,0.86057,0.7037,0.64976,0.35918,1.21317,4.20906,0.32912,0.96183,1.72998,3.14271e-05,3.14271e-05,3.14271e-05
635,1145.37,0.67193,1.77819,0.28525,0.26261,0.73432,0.92308,0.88889,0.86561,0.61715,0.86298,0.7037,0.64677,0.36626,1.22122,4.21786,0.32908,0.96332,1.73936,3.10029e-05,3.10029e-05,3.10029e-05
636,1147.14,0.716,1.81263,0.2947,0.28565,0.74964,0.88889,0.88889,0.86458,0.61248,0.86351,0.70298,0.64677,0.36754,1.23222,4.26912,0.33012,0.979,1.74243,3.05786e-05,3.05786e-05,3.05786e-05
637,1148.96,0.5837,1.71058,0.29275,0.25693,0.79838,0.95743,0.83334,0.835,0.58974,0.86299,0.70002,0.64455,0.3547,1.26322,4.30447,0.33331,1.05331,1.76952,3.01543e-05,3.01543e-05,3.01543e-05
638,1150.75,0.75052,1.9863,0.2723,0.29196,0.7662,0.95759,0.83669,0.83333,0.58733,0.86299,0.70002,0.64455,0.35116,1.26701,4.30274,0.33417,1.07234,1.77275,2.973e-05,2.973e-05,2.973e-05
639,1152.52,0.5655,1.9352,0.26684,0.25061,0.77899,0.95733,0.83125,0.83333,0.58691,0.86298,0.69996,0.64455,0.3574,1.27223,4.27916,0.3339,1.08116,1.77762,2.93057e-05,2.93057e-05,2.93057e-05
640,1154.23,0.72847,1.95226,0.27049,0.27611,0.71003,0.95727,0.83018,0.83333,0.58965,0.86312,0.70076,0.64755,0.36355,1.27152,4.24836,0.33339,1.07018,1.7792,2.88814e-05,2.88814e-05,2.88814e-05
641,1155.99,0.61782,1.76527,0.29471,0.26231,0.75348,0.95728,0.83022,0.83625,0.59511,0.86321,0.70124,0.64964,0.3717,1.25901,4.22277,0.33237,1.07017,1.76689,2.84571e-05,2.84571e-05,2.84571e-05
642,1157.72,0.59023,1.85851,0.29603,0.26319,0.7526,0.95757,0.83619,0.83625,0.59607,0.86284,0.69917,0.64964,0.3805,1.25692,4.22455,0.33257,1.07163,1.76564,2.80329e-05,2.80329e-05,2.80329e-05
643,1159.45,0.61908,1.59055,0.27548,0.25664,0.72413,0.95001,0.85185,0.83792,0.59945,0.86275,0.69862,0.65188,0.40109,1.23897,4.23314,0.33182,1.05772,1.74315,2.76086e-05,2.76086e-05,2.76086e-05
644,1161.22,0.62046,1.71043,0.28024,0.26322,0.76786,0.92865,0.85185,0.83792,0.59715,0.86249,0.69719,0.65188,0.38023,1.23567,4.25143,0.33277,1.07073,1.74393,2.71843e-05,2.71843e-05,2.71843e-05
645,1162.96,0.66758,1.72092,0.29541,0.26668,0.75409,0.94854,0.85185,0.84083,0.597,0.86154,0.69175,0.65726,0.36759,1.2322,4.23949,0.33262,1.05566,1.75251,2.676e-05,2.676e-05,2.676e-05
646,1164.71,0.57626,1.88285,0.28436,0.25778,0.73609,0.951,0.85185,0.84083,0.59991,0.89781,0.66667,0.65576,0.36928,1.22851,4.23114,0.33165,1.03928,1.75341,2.63357e-05,2.63357e-05,2.63357e-05
647,1166.51,0.73217,1.92422,0.29781,0.28384,0.71652,0.95825,0.85006,0.84417,0.59732,0.89808,0.66667,0.66142,0.3663,1.21939,4.24734,0.3307,1.01666,1.74739,2.59114e-05,2.59114e-05,2.59114e-05
648,1168.28,0.60222,1.63592,0.28338,0.26547,0.74965,0.95805,0.84604,0.84417,0.59804,0.8994,0.66667,0.66142,0.36761,1.21852,4.25967,0.33103,1.02557,1.74707,2.54871e-05,2.54871e-05,2.54871e-05
649,1170.07,0.71572,1.78448,0.27654,0.27432,0.73382,0.95804,0.84577,0.84417,0.60025,0.89859,0.66667,0.66142,0.37162,1.2297,4.27818,0.33163,1.03742,1.76538,2.50629e-05,2.50629e-05,2.50629e-05
650,1171.79,0.63131,1.56948,0.27804,0.26626,0.75379,0.95813,0.84771,0.84417,0.60559,0.89766,0.66667,0.66142,0.37277,1.23393,4.28696,0.33265,1.06106,1.76832,2.46386e-05,2.46386e-05,2.46386e-05
651,1173.53,0.61916,1.80223,0.28247,0.25923,0.79607,0.95806,0.84629,0.84417,0.60675,0.89708,0.66667,0.66142,0.38839,1.24968,4.28535,0.33443,1.0698,1.78987,2.42143e-05,2.42143e-05,2.42143e-05
652,1175.25,0.59407,1.57242,0.27152,0.25424,0.76038,0.95776,0.84019,0.84417,0.61007,0.89668,0.66667,0.66142,0.38077,1.24739,4.28735,0.33479,1.06695,1.78602,2.379e-05,2.379e-05,2.379e-05
653,1176.97,0.69035,1.66434,0.28185,0.27106,0.69122,0.95244,0.85185,0.84417,0.60488,0.86182,0.69335,0.66292,0.38158,1.23839,4.28821,0.33405,1.03395,1.77288,2.33657e-05,2.33657e-05,2.33657e-05
654,1178.66,0.61267,1.57259,0.27125,0.25264,0.72274,0.95576,0.85185,0.8425,0.60089,0.86243,0.69685,0.65988,0.37986,1.24316,4.29382,0.33421,1.04773,1.77398,2.29414e-05,2.29414e-05,2.29414e-05
655,1180.45,0.62775,1.66973,0.25826,0.26333,0.74059,0.95534,0.79269,0.8425,0.59947,0.86311,0.70071,0.65988,0.37202,1.24103,4.30198,0.33535,1.05825,1.76944,2.25171e-05,2.25171e-05,2.25171e-05
656,1182.24,0.61937,1.70249,0.2696,0.25976,0.7564,0.9552,0.79004,0.84083,0.59034,0.86311,0.70069,0.65726,0.36872,1.2473,4.2997,0.33527,1.07278,1.7767,2.20929e-05,2.20929e-05,2.20929e-05
657,1184,0.61148,1.89919,0.29444,0.25869,0.71662,0.93667,0.85185,0.8425,0.58671,0.86356,0.70328,0.65988,0.36506,1.26996,4.3101,0.33512,1.05672,1.81119,2.16686e-05,2.16686e-05,2.16686e-05
658,1185.82,0.64112,1.65727,0.28832,0.2692,0.74832,0.88462,0.85185,0.84083,0.58629,0.86334,0.702,0.65726,0.35532,1.27765,4.32464,0.33501,1.05756,1.82741,2.12443e-05,2.12443e-05,2.12443e-05
659,1187.63,0.60583,1.54781,0.26905,0.2646,0.7519,0.88462,0.85185,0.84083,0.59667,0.86318,0.7011,0.65726,0.35559,1.29378,4.31319,0.33551,1.07421,1.86864,2.082e-05,2.082e-05,2.082e-05
660,1189.38,0.60628,1.69614,0.28005,0.25739,0.7611,0.88889,0.88889,0.87083,0.61931,0.86309,0.70061,0.66292,0.3543,1.29551,4.31552,0.3356,1.05078,1.88168,2.03957e-05,2.03957e-05,2.03957e-05
661,1191.16,0.54893,1.45088,0.27288,0.24324,0.75332,0.92308,0.88889,0.8734,0.62569,0.86343,0.70252,0.66542,0.36017,1.30333,4.29354,0.33481,1.0523,1.89463,1.99714e-05,1.99714e-05,1.99714e-05
662,1192.89,0.64527,1.72031,0.28587,0.26793,0.72555,0.92308,0.88889,0.8734,0.62706,0.8634,0.70233,0.66542,0.36226,1.30023,4.27563,0.33471,1.03775,1.89361,1.95471e-05,1.95471e-05,1.95471e-05
663,1194.63,0.67533,1.65219,0.29248,0.27032,0.75881,0.96,0.88889,0.8734,0.63008,0.86294,0.69971,0.66292,0.35738,1.27211,4.26382,0.33415,0.9991,1.85869,1.91229e-05,1.91229e-05,1.91229e-05
664,1196.4,0.74417,1.65805,0.28571,0.27235,0.72491,0.96,0.88889,0.8734,0.62833,0.86283,0.69908,0.66292,0.35851,1.26674,4.26132,0.33483,0.9875,1.85504,1.86986e-05,1.86986e-05,1.86986e-05
665,1198.2,0.65132,1.59928,0.29069,0.26488,0.746,0.96,0.88889,0.8746,0.63245,0.86263,0.69799,0.66607,0.36464,1.2601,4.253,0.33569,0.98655,1.8552,1.82743e-05,1.82743e-05,1.82743e-05
666,1199.95,0.65002,1.62119,0.27635,0.26633,0.72676,0.96,0.88889,0.8746,0.62989,0.86252,0.69735,0.66607,0.36464,1.25217,4.24678,0.33615,0.97709,1.84516,1.785e-05,1.785e-05,1.785e-05
667,1201.7,0.67304,1.80738,0.28302,0.27098,0.72203,0.96,0.88889,0.8746,0.62627,0.86249,0.69718,0.66607,0.36121,1.23929,4.24587,0.33639,0.9898,1.81931,1.74257e-05,1.74257e-05,1.74257e-05
668,1203.52,0.66474,1.81493,0.27953,0.26255,0.75852,0.96,0.88889,0.8746,0.6238,0.86243,0.6968,0.66607,0.36008,1.22717,4.24306,0.33605,0.97495,1.80258,1.70014e-05,1.70014e-05,1.70014e-05
669,1205.31,0.64175,1.786,0.28814,0.26922,0.7331,0.96,0.88889,0.8718,0.62639,0.86339,0.70232,0.65988,0.37272,1.2313,4.23116,0.337,0.98534,1.8038,1.65771e-05,1.65771e-05,1.65771e-05
670,1207.11,0.55502,1.75993,0.29394,0.24939,0.74231,0.96,0.88889,0.8702,0.6224,0.85476,0.7037,0.65726,0.37732,1.23383,4.22746,0.33734,0.99214,1.80696,1.61529e-05,1.61529e-05,1.61529e-05
671,1208.89,0.61189,1.63099,0.28078,0.2624,0.72333,0.95833,0.85185,0.83958,0.59479,0.8561,0.7037,0.65447,0.37386,1.24158,4.24314,0.33764,1.01703,1.80122,1.57286e-05,1.57286e-05,1.57286e-05
672,1210.65,0.7466,1.90296,0.28227,0.29471,0.76573,0.95833,0.85185,0.83958,0.59709,0.85906,0.7037,0.65447,0.38113,1.24445,4.25317,0.33816,1.01272,1.80068,1.53043e-05,1.53043e-05,1.53043e-05
673,1212.42,0.67932,1.68563,0.27346,0.2716,0.76324,0.95833,0.85185,0.83792,0.59268,0.86333,0.70193,0.65188,0.36764,1.24647,4.27755,0.33832,0.99782,1.80099,1.488e-05,1.488e-05,1.488e-05
674,1214.17,0.71391,1.67181,0.28325,0.26639,0.74949,0.92,0.85185,0.83792,0.59429,0.86344,0.70257,0.65188,0.36096,1.24898,4.28479,0.33836,0.99802,1.80031,1.44557e-05,1.44557e-05,1.44557e-05
675,1215.94,0.64501,1.75801,0.27704,0.26403,0.75107,0.92,0.85185,0.83625,0.59361,0.86348,0.70282,0.64964,0.35636,1.24908,4.28776,0.33772,0.99616,1.79922,1.40314e-05,1.40314e-05,1.40314e-05
676,1217.7,0.61219,1.54018,0.26815,0.25552,0.76852,0.92,0.85185,0.83625,0.59368,0.86357,0.70335,0.64964,0.35672,1.2496,4.28209,0.33683,0.98535,1.80328,1.36071e-05,1.36071e-05,1.36071e-05
677,1219.46,0.63829,1.52552,0.27415,0.27085,0.76891,0.92,0.85185,0.83625,0.60097,0.86034,0.7037,0.64964,0.354,1.24838,4.30496,0.33747,0.98807,1.80304,1.31829e-05,1.31829e-05,1.31829e-05
678,1221.21,0.58924,1.84741,0.29138,0.25779,0.72647,0.92,0.85185,0.83625,0.60161,0.86119,0.7037,0.64964,0.35479,1.26009,4.29995,0.33743,1.0111,1.81287,1.27586e-05,1.27586e-05,1.27586e-05
679,1222.98,0.71994,1.73801,0.28536,0.26968,0.71519,0.92,0.85185,0.84083,0.59962,0.85793,0.7037,0.65726,0.35243,1.26683,4.27933,0.33671,0.9961,1.82625,1.23343e-05,1.23343e-05,1.23343e-05
680,1224.73,0.59418,1.55125,0.26777,0.2505,0.77197,0.92,0.85185,0.83958,0.60403,0.85846,0.7037,0.65447,0.3514,1.26529,4.27485,0.33645,0.98534,1.82632,1.191e-05,1.191e-05,1.191e-05
681,1226.53,0.69978,1.64364,0.27321,0.27247,0.74326,0.95833,0.85185,0.83958,0.59667,0.85772,0.7037,0.65447,0.3434,1.26881,4.26745,0.33592,1.00396,1.83532,1.14857e-05,1.14857e-05,1.14857e-05
682,1228.25,0.60464,1.77538,0.27948,0.24982,0.79373,0.92,0.85185,0.83958,0.59663,0.85789,0.7037,0.65447,0.34642,1.26717,4.26806,0.33601,1.00814,1.82949,1.10614e-05,1.10614e-05,1.10614e-05
683,1230.04,0.64863,1.60692,0.27961,0.26576,0.75329,0.95833,0.85185,0.84083,0.59764,0.85748,0.7037,0.65726,0.34667,1.26833,4.24387,0.33506,0.99458,1.83413,1.06371e-05,1.06371e-05,1.06371e-05
684,1231.78,0.63785,1.70432,0.27312,0.26535,0.74324,0.95833,0.85185,0.83958,0.60412,0.8599,0.7037,0.65447,0.35803,1.27401,4.24678,0.33549,1.01415,1.83545,1.02129e-05,1.02129e-05,1.02129e-05
685,1233.54,0.67549,1.78434,0.27805,0.27145,0.71731,0.95833,0.85185,0.83958,0.60376,0.86024,0.7037,0.65447,0.37331,1.26559,4.24297,0.33509,0.97374,1.82721,9.78857e-06,9.78857e-06,9.78857e-06
686,1235.3,0.62672,1.65476,0.27802,0.2569,0.76128,0.95833,0.85185,0.83958,0.60318,0.86104,0.7037,0.65447,0.37331,1.26436,4.23924,0.33489,0.96403,1.82447,9.36429e-06,9.36429e-06,9.36429e-06
687,1237.07,0.59632,1.66177,0.27776,0.25876,0.74632,0.95833,0.85185,0.83958,0.6034,0.86269,0.7037,0.65447,0.36434,1.27095,4.24145,0.33572,0.9986,1.8266,8.94e-06,8.94e-06,8.94e-06
688,1238.85,0.74636,1.60381,0.26304,0.27215,0.72864,0.95833,0.85185,0.83958,0.60368,0.86356,0.70326,0.65447,0.36203,1.27049,4.24554,0.3357,1.00526,1.82585,8.51571e-06,8.51571e-06,8.51571e-06
689,1240.63,0.6898,1.62271,0.28955,0.26916,0.73862,0.95833,0.85185,0.83958,0.60347,0.86299,0.70004,0.65447,0.3509,1.27549,4.26429,0.33637,1.00609,1.83364,8.09143e-06,8.09143e-06,8.09143e-06
690,1242.38,0.61546,1.60635,0.27102,0.26184,0.74882,0.95833,0.85185,0.83958,0.60157,0.86301,0.70012,0.65216,0.34845,1.27753,4.26356,0.33592,1.00794,1.83576,7.66714e-06,7.66714e-06,7.66714e-06
691,1245.54,0.65021,1.769,0.28765,0.27765,0.76684,0.95833,0.85185,0.83958,0.59896,0.86336,0.70215,0.65216,0.35398,1.27754,4.2721,0.33626,1.02754,1.83142,7.24286e-06,7.24286e-06,7.24286e-06
692,1247.3,0.62703,1.52941,0.27508,0.26436,0.76653,0.95833,0.85185,0.83958,0.59909,0.86337,0.70216,0.65216,0.35419,1.26959,4.27349,0.33596,1.0121,1.82464,6.81857e-06,6.81857e-06,6.81857e-06
693,1249.06,0.59766,1.56338,0.26429,0.2446,0.72574,0.95833,0.85185,0.83958,0.59989,0.86069,0.7037,0.65216,0.35309,1.27477,4.25329,0.33511,1.00027,1.83365,6.39429e-06,6.39429e-06,6.39429e-06
694,1250.79,0.57204,1.60818,0.29309,0.25009,0.75368,0.95833,0.85185,0.83958,0.59891,0.862,0.7037,0.65216,0.35309,1.27392,4.26493,0.33544,1.00876,1.83231,5.97e-06,5.97e-06,5.97e-06
695,1252.52,0.56111,1.6117,0.28622,0.25173,0.71677,0.95833,0.85185,0.83958,0.60198,0.85583,0.7037,0.65447,0.36,1.26301,4.24678,0.33569,0.97966,1.83106,5.54571e-06,5.54571e-06,5.54571e-06
696,1254.3,0.68963,1.79477,0.27425,0.27455,0.7197,0.95833,0.85185,0.83958,0.60174,0.85694,0.7037,0.65447,0.36427,1.26149,4.22492,0.33551,0.97676,1.82985,5.12143e-06,5.12143e-06,5.12143e-06
697,1256.07,0.68523,1.59336,0.27451,0.26633,0.74535,0.95833,0.85185,0.83958,0.59754,0.85947,0.7037,0.65447,0.36029,1.27391,4.23357,0.33557,1.02396,1.83966,4.69714e-06,4.69714e-06,4.69714e-06
698,1257.79,0.61952,1.61453,0.29386,0.26543,0.768,0.95833,0.85185,0.83958,0.59732,0.8626,0.7037,0.65447,0.3731,1.27356,4.23136,0.33584,1.0432,1.83432,4.27286e-06,4.27286e-06,4.27286e-06
699,1259.55,0.66535,1.51581,0.28465,0.26427,0.68581,0.95833,0.85185,0.83958,0.59769,0.86094,0.7037,0.65447,0.37243,1.26348,4.22642,0.33571,1.03374,1.81947,3.84857e-06,3.84857e-06,3.84857e-06
700,1261.28,0.62219,1.69595,0.27617,0.25738,0.76304,0.95833,0.85185,0.83958,0.60153,0.86152,0.7037,0.65447,0.3667,1.27101,4.22576,0.33549,1.03982,1.83084,3.42429e-06,3.42429e-06,3.42429e-06
