epoch,time,train/box_loss,train/pose_loss,train/kobj_loss,train/cls_loss,train/dfl_loss,metrics/precision(B),metrics/recall(B),metrics/mAP50(B),metrics/mAP50-95(B),metrics/precision(P),metrics/recall(P),metrics/mAP50(P),metrics/mAP50-95(P),val/box_loss,val/pose_loss,val/kobj_loss,val/cls_loss,val/dfl_loss,lr/pg0,lr/pg1,lr/pg2
1,12.5561,2.43515,11.4733,0.54023,1.13903,3.26009,0.51239,0.65906,0.58125,0.3253,0,0,0,0,2.04987,11.4855,0.47739,1.56466,2.66902,6.66667e-05,6.66667e-05,0.0778444
2,15.1683,2.32481,11.6996,0.36765,1.09022,3.01945,0.52566,0.69556,0.59268,0.33345,0,0,0,0,1.99446,11.5114,0.47599,1.57788,2.5807,0.000166431,0.000166431,0.0446109
3,17.7533,2.66667,11.5445,0.44572,1.47863,3.73484,0.52566,0.69556,0.59268,0.33345,0,0,0,0,1.99446,11.5114,0.47599,1.57788,2.5807,0.000265912,0.000265912,0.011377
4,20.3409,2.77394,11.7488,0.55097,1.29504,4.18658,0.79387,0.625,0.65533,0.34143,0,0,0,0,1.92206,11.5179,0.46482,1.55337,2.5005,0.000298727,0.000298727,0.000298727
5,22.9557,2.69634,11.5307,0.43753,1.43824,5.37778,0.79387,0.625,0.65533,0.34143,0,0,0,0,1.92206,11.5179,0.46482,1.55337,2.5005,0.000298303,0.000298303,0.000298303
6,25.5779,2.3721,11.7934,0.47237,1.13127,3.78547,0.588,0.75,0.621,0.34564,0,0,0,0,1.9226,11.506,0.45568,1.51762,2.50904,0.000297879,0.000297879,0.000297879
7,28.186,2.52258,11.6005,0.373,0.98261,3.11208,0.588,0.75,0.621,0.34564,0,0,0,0,1.9226,11.506,0.45568,1.51762,2.50904,0.000297454,0.000297454,0.000297454
8,30.8087,2.87506,11.4651,0.76419,1.65677,3.79106,0.588,0.75,0.621,0.34564,0,0,0,0,1.9226,11.506,0.45568,1.51762,2.50904,0.00029703,0.00029703,0.00029703
9,33.4254,2.35768,11.7398,0.4484,1.23496,4.1072,0.5888,0.75,0.62425,0.34909,0,0,0,0,1.93809,11.512,0.45423,1.49098,2.50955,0.000296606,0.000296606,0.000296606
10,36.0419,2.54404,11.5497,0.49214,1.34569,3.89864,0.5888,0.75,0.62425,0.34909,0,0,0,0,1.93809,11.512,0.45423,1.49098,2.50955,0.000296181,0.000296181,0.000296181
11,38.6689,2.57082,11.5548,0.50346,1.14508,3.72488,0.65795,0.75,0.63767,0.36446,0,0,0,0,1.94672,11.5358,0.45558,1.52861,2.49296,0.000295757,0.000295757,0.000295757
12,41.2737,2.30322,11.8164,0.42188,1.03713,3.87848,0.65795,0.75,0.63767,0.36446,0,0,0,0,1.94672,11.5358,0.45558,1.52861,2.49296,0.000295333,0.000295333,0.000295333
13,43.8797,2.43651,11.765,0.47596,1.17347,4.58895,0.72942,0.75,0.6825,0.37301,0,0,0,0,1.94443,11.5479,0.45504,1.54518,2.49208,0.000294909,0.000294909,0.000294909
14,46.485,2.62438,11.7782,0.44659,1.38394,4.53865,0.72942,0.75,0.6825,0.37301,0,0,0,0,1.94443,11.5479,0.45504,1.54518,2.49208,0.000294484,0.000294484,0.000294484
15,49.0944,2.8059,11.5372,0.58356,1.55033,3.63471,0.72942,0.75,0.6825,0.37301,0,0,0,0,1.94443,11.5479,0.45504,1.54518,2.49208,0.00029406,0.00029406,0.00029406
16,51.7792,1.95131,11.7372,0.38586,1.11041,2.93208,0.56444,0.5,0.40891,0.11444,0,0,0,0,2.78409,11.5031,0.44861,1.92646,4.18769,0.000293636,0.000293636,0.000293636
17,54.7063,3.04752,11.4622,0.3798,1.2661,4.11719,0.56444,0.5,0.40891,0.11444,0,0,0,0,2.78409,11.5031,0.44861,1.92646,4.18769,0.000293211,0.000293211,0.000293211
18,57.6627,2.72348,11.638,0.42046,1.131,2.85863,0.76539,0.625,0.65872,0.27614,0,0,0,0,2.39909,11.4983,0.46722,1.97053,3.68632,0.000292787,0.000292787,0.000292787
19,60.5971,2.17625,11.3951,0.36999,0.85547,2.39459,0.76539,0.625,0.65872,0.27614,0,0,0,0,2.39909,11.4983,0.46722,1.97053,3.68632,0.000292363,0.000292363,0.000292363
20,63.558,2.04015,11.2277,0.45335,1.04339,2.39811,0.68082,0.625,0.70139,0.34368,0,0,0,0,1.95236,11.4632,0.4934,1.35636,3.00341,0.000291939,0.000291939,0.000291939
21,66.4953,2.10134,11.4516,0.40641,0.85563,2.10141,0.68082,0.625,0.70139,0.34368,0,0,0,0,1.95236,11.4632,0.4934,1.35636,3.00341,0.000291514,0.000291514,0.000291514
22,69.4431,2.05417,11.5955,0.31749,0.92911,1.85904,0.68082,0.625,0.70139,0.34368,0,0,0,0,1.95236,11.4632,0.4934,1.35636,3.00341,0.00029109,0.00029109,0.00029109
23,72.3874,1.70732,11.6235,0.33225,0.77897,1.9003,0.53687,0.875,0.69682,0.33749,0,0,0,0,2.12999,11.321,0.44914,1.30778,3.3093,0.000290666,0.000290666,0.000290666
24,75.3217,2.16202,11.41,0.43093,1.10089,2.02133,0.53687,0.875,0.69682,0.33749,0,0,0,0,2.12999,11.321,0.44914,1.30778,3.3093,0.000290241,0.000290241,0.000290241
25,78.2561,1.61258,11.4566,0.30929,0.79334,1.82199,0.56292,0.875,0.69318,0.33766,0,0,0,0,2.08004,11.3248,0.4309,1.19729,3.02875,0.000289817,0.000289817,0.000289817
26,81.1934,1.81971,11.5299,0.30246,0.80467,1.82268,0.56292,0.875,0.69318,0.33766,0,0,0,0,2.08004,11.3248,0.4309,1.19729,3.02875,0.000289393,0.000289393,0.000289393
27,84.1287,1.83984,11.3553,0.36237,0.93884,1.95172,0.43438,0.875,0.6401,0.26864,0,0,0,0,2.36754,11.2715,0.41204,1.23371,3.38779,0.000288969,0.000288969,0.000288969
28,87.0536,2.04474,11.0429,0.33251,0.93276,1.90406,0.43438,0.875,0.6401,0.26864,0,0,0,0,2.36754,11.2715,0.41204,1.23371,3.38779,0.000288544,0.000288544,0.000288544
29,89.9861,1.60527,11.5188,0.35255,0.83176,1.76624,0.43438,0.875,0.6401,0.26864,0,0,0,0,2.36754,11.2715,0.41204,1.23371,3.38779,0.00028812,0.00028812,0.00028812
30,92.9195,1.66238,11.4177,0.34463,0.89558,1.7023,0.54011,0.625,0.56306,0.28705,0,0,0,0,2.04834,11.2946,0.42125,1.25901,2.68219,0.000287696,0.000287696,0.000287696
31,95.8438,1.87844,11.2312,0.32051,0.84267,1.95842,0.54011,0.625,0.56306,0.28705,0,0,0,0,2.04834,11.2946,0.42125,1.25901,2.68219,0.000287271,0.000287271,0.000287271
32,98.787,1.70036,11.6086,0.30746,0.85454,1.66352,0.61638,0.5,0.5859,0.36923,0,0,0,0,1.79126,11.3241,0.42728,1.34181,2.28073,0.000286847,0.000286847,0.000286847
33,101.706,1.51693,11.2327,0.36031,0.86159,1.53107,0.61638,0.5,0.5859,0.36923,0,0,0,0,1.79126,11.3241,0.42728,1.34181,2.28073,0.000286423,0.000286423,0.000286423
34,104.636,1.89694,11.3482,0.34015,0.82485,1.57991,0.7688,0.625,0.65408,0.41381,0,0,0,0,1.6053,11.4672,0.41517,1.08112,2.09842,0.000285999,0.000285999,0.000285999
35,107.964,1.57082,11.1453,0.34679,0.76331,1.81603,0.7688,0.625,0.65408,0.41381,0,0,0,0,1.6053,11.4672,0.41517,1.08112,2.09842,0.000285574,0.000285574,0.000285574
36,111.3,1.86299,10.9797,0.35169,0.80257,1.75753,0.7688,0.625,0.65408,0.41381,0,0,0,0,1.6053,11.4672,0.41517,1.08112,2.09842,0.00028515,0.00028515,0.00028515
37,114.659,1.57074,10.9397,0.33359,0.73934,1.67105,0.80362,0.625,0.6468,0.42798,0,0,0,0,1.47934,11.509,0.41147,1.01982,1.98368,0.000284726,0.000284726,0.000284726
38,117.994,1.29733,11.0701,0.32945,0.64776,1.86816,0.80362,0.625,0.6468,0.42798,0,0,0,0,1.47934,11.509,0.41147,1.01982,1.98368,0.000284301,0.000284301,0.000284301
39,121.343,1.82369,11.3034,0.3854,0.87443,1.5796,0.78209,0.625,0.61913,0.41737,0,0,0,0,1.40704,11.4852,0.40689,1.20127,1.79775,0.000283877,0.000283877,0.000283877
40,124.251,1.71788,11.1217,0.34042,0.79797,1.61,0.78209,0.625,0.61913,0.41737,0,0,0,0,1.40704,11.4852,0.40689,1.20127,1.79775,0.000283453,0.000283453,0.000283453
41,127.166,1.69189,11.1845,0.31557,0.67516,1.50953,0.65314,0.625,0.59324,0.3827,0,0,0,0,1.40735,11.3112,0.39988,1.35371,1.81873,0.000283029,0.000283029,0.000283029
42,129.975,1.46476,11.0585,0.3465,0.72496,1.80618,0.65314,0.625,0.59324,0.3827,0,0,0,0,1.40735,11.3112,0.39988,1.35371,1.81873,0.000282604,0.000282604,0.000282604
43,131.005,1.42949,10.9405,0.33839,0.67513,1.88234,0.65314,0.625,0.59324,0.3827,0,0,0,0,1.40735,11.3112,0.39988,1.35371,1.81873,0.00028218,0.00028218,0.00028218
44,132.046,1.48771,10.884,0.32372,0.72577,1.90861,0.68415,0.625,0.70852,0.41099,0,0,0,0,1.54907,11.2216,0.41659,1.34802,1.97303,0.000281756,0.000281756,0.000281756
45,133.079,1.45487,11.2397,0.31418,0.65733,1.55511,0.68415,0.625,0.70852,0.41099,0,0,0,0,1.54907,11.2216,0.41659,1.34802,1.97303,0.000281331,0.000281331,0.000281331
46,134.946,1.47034,11.2073,0.36206,0.66584,1.36542,0.67803,0.625,0.70684,0.41894,0,0,0,0,1.67942,11.2589,0.42742,1.04829,2.34479,0.000280907,0.000280907,0.000280907
47,138.146,1.3787,10.8046,0.3558,0.66549,1.50437,0.67803,0.625,0.70684,0.41894,0,0,0,0,1.67942,11.2589,0.42742,1.04829,2.34479,0.000280483,0.000280483,0.000280483
48,141.353,1.81464,11.0107,0.36547,0.70295,1.43421,0.58492,0.75,0.73786,0.39213,0,0,0,0,1.70228,11.2759,0.43358,0.92503,2.47796,0.000280059,0.000280059,0.000280059
49,144.547,1.40629,10.7884,0.42265,0.67314,1.48608,0.58492,0.75,0.73786,0.39213,0,0,0,0,1.70228,11.2759,0.43358,0.92503,2.47796,0.000279634,0.000279634,0.000279634
50,147.741,1.63218,10.985,0.36259,0.67158,1.52384,0.58492,0.75,0.73786,0.39213,0,0,0,0,1.70228,11.2759,0.43358,0.92503,2.47796,0.00027921,0.00027921,0.00027921
51,150.955,1.52485,10.775,0.35056,0.65552,1.9421,0.68083,0.80311,0.7735,0.41544,0,0,0,0,1.71357,11.1828,0.43802,0.88094,2.42937,0.000278786,0.000278786,0.000278786
52,154.138,1.22724,10.5916,0.36339,0.54952,1.84299,0.68083,0.80311,0.7735,0.41544,0,0,0,0,1.71357,11.1828,0.43802,0.88094,2.42937,0.000278361,0.000278361,0.000278361
53,157.147,1.30211,11.201,0.38025,0.60575,1.69227,0.77051,0.875,0.8104,0.42611,0,0,0,0,1.70948,11.1027,0.45035,0.87113,2.38092,0.000277937,0.000277937,0.000277937
54,160.079,1.3814,10.9079,0.33248,0.59495,1.67626,0.77051,0.875,0.8104,0.42611,0,0,0,0,1.70948,11.1027,0.45035,0.87113,2.38092,0.000277513,0.000277513,0.000277513
55,163.016,1.38028,11.0438,0.34668,0.61607,1.6248,0.73168,0.75,0.78433,0.43652,0,0,0,0,1.72217,11.1103,0.46743,0.92541,2.38204,0.000277089,0.000277089,0.000277089
56,166.369,1.28122,11.2548,0.38412,0.57446,1.40111,0.73168,0.75,0.78433,0.43652,0,0,0,0,1.72217,11.1103,0.46743,0.92541,2.38204,0.000276664,0.000276664,0.000276664
57,169.728,1.15187,10.3598,0.37114,0.57353,1.34489,0.73168,0.75,0.78433,0.43652,0,0,0,0,1.72217,11.1103,0.46743,0.92541,2.38204,0.00027624,0.00027624,0.00027624
58,173.088,1.86956,10.9211,0.40589,0.72761,1.64193,0.95686,0.5,0.72331,0.44368,0,0,0,0,1.72029,11.0554,0.47355,0.94098,2.44071,0.000275816,0.000275816,0.000275816
59,176.437,1.31807,10.8614,0.32756,0.68404,1.32,0.95686,0.5,0.72331,0.44368,0,0,0,0,1.72029,11.0554,0.47355,0.94098,2.44071,0.000275391,0.000275391,0.000275391
60,179.793,1.1446,11.057,0.38462,0.57118,1.43671,0.70176,0.625,0.64324,0.40165,0,0,0,0,1.70287,10.9917,0.46368,0.98035,2.51528,0.000274967,0.000274967,0.000274967
61,182.71,0.95675,10.7771,0.3361,0.49829,1.18685,0.70176,0.625,0.64324,0.40165,0,0,0,0,1.70287,10.9917,0.46368,0.98035,2.51528,0.000274543,0.000274543,0.000274543
62,185.646,1.26271,10.3472,0.36898,0.60296,1.43065,0.69517,0.625,0.60621,0.41489,0,0,0,0,1.71295,10.9712,0.45264,1.04738,2.39567,0.000274119,0.000274119,0.000274119
63,188.573,1.18895,10.9196,0.39198,0.58091,1.27451,0.69517,0.625,0.60621,0.41489,0,0,0,0,1.71295,10.9712,0.45264,1.04738,2.39567,0.000273694,0.000273694,0.000273694
64,191.49,1.27086,10.9196,0.45519,0.58121,1.27605,0.69517,0.625,0.60621,0.41489,0,0,0,0,1.71295,10.9712,0.45264,1.04738,2.39567,0.00027327,0.00027327,0.00027327
65,194.41,1.299,10.9283,0.35133,0.67845,1.36339,0.82591,0.59718,0.67613,0.39324,0,0,0,0,1.63273,10.9128,0.4336,1.12613,2.29454,0.000272846,0.000272846,0.000272846
66,197.333,1.0669,10.7318,0.3576,0.60584,1.50989,0.82591,0.59718,0.67613,0.39324,0,0,0,0,1.63273,10.9128,0.4336,1.12613,2.29454,0.000272421,0.000272421,0.000272421
67,200.261,1.48623,10.719,0.35948,0.62706,1.16582,0.83322,0.62459,0.73379,0.42695,0,0,0,0,1.73198,10.8452,0.42345,1.20381,2.27112,0.000271997,0.000271997,0.000271997
68,203.192,1.61168,10.6023,0.34951,0.69879,1.3252,0.83322,0.62459,0.73379,0.42695,0,0,0,0,1.73198,10.8452,0.42345,1.20381,2.27112,0.000271573,0.000271573,0.000271573
69,206.098,1.42569,10.5686,0.37381,0.75733,1.24509,0.98328,0.5,0.70012,0.44731,0,0,0,0,1.6647,10.8757,0.42175,1.15145,2.08454,0.000271149,0.000271149,0.000271149
70,209.421,1.18817,10.6776,0.37091,0.80238,1.33774,0.98328,0.5,0.70012,0.44731,0,0,0,0,1.6647,10.8757,0.42175,1.15145,2.08454,0.000270724,0.000270724,0.000270724
71,212.733,1.11052,10.9269,0.33721,0.57661,1.69107,0.98328,0.5,0.70012,0.44731,0,0,0,0,1.6647,10.8757,0.42175,1.15145,2.08454,0.0002703,0.0002703,0.0002703
72,215.32,1.37935,10.7863,0.40957,0.57171,1.19577,0.9835,0.5,0.65828,0.44598,0,0,0,0,1.55905,10.885,0.43922,1.20538,1.90237,0.000269876,0.000269876,0.000269876
73,218.516,0.92051,10.9021,0.32041,0.52199,1.42823,0.9835,0.5,0.65828,0.44598,0,0,0,0,1.55905,10.885,0.43922,1.20538,1.90237,0.000269451,0.000269451,0.000269451
74,221.727,1.18687,10.7228,0.34393,0.54497,1.42957,1,0.61549,0.79364,0.45222,0,0,0,0,1.4426,10.9281,0.44099,1.2667,1.77347,0.000269027,0.000269027,0.000269027
75,225.335,1.11732,10.9659,0.33928,0.53102,1.31853,1,0.61549,0.79364,0.45222,0,0,0,0,1.4426,10.9281,0.44099,1.2667,1.77347,0.000268603,0.000268603,0.000268603
76,228.968,1.24759,10.5081,0.37079,0.64567,1.68806,0.82834,0.60626,0.78333,0.48724,0,0,0,0,1.33488,10.8876,0.43779,1.25386,1.64581,0.000268179,0.000268179,0.000268179
77,232.587,1.18716,10.1351,0.35812,0.6461,1.07809,0.82834,0.60626,0.78333,0.48724,0,0,0,0,1.33488,10.8876,0.43779,1.25386,1.64581,0.000267754,0.000267754,0.000267754
78,236.082,1.30168,10.3913,0.32282,0.54359,1.24376,0.82834,0.60626,0.78333,0.48724,0,0,0,0,1.33488,10.8876,0.43779,1.25386,1.64581,0.00026733,0.00026733,0.00026733
79,239.464,1.14507,10.8134,0.34664,0.5317,1.27143,0.73702,0.70456,0.79195,0.48123,0,0,0,0,1.30312,10.8109,0.44266,1.27737,1.58816,0.000266906,0.000266906,0.000266906
80,242.399,1.23741,10.5581,0.32879,0.58555,1.44929,0.73702,0.70456,0.79195,0.48123,0,0,0,0,1.30312,10.8109,0.44266,1.27737,1.58816,0.000266481,0.000266481,0.000266481
81,245.335,1.09573,10.7997,0.34362,0.51747,1.34124,0.98373,0.5,0.70125,0.47391,0,0,0,0,1.23892,10.7533,0.44208,1.31538,1.58747,0.000266057,0.000266057,0.000266057
82,248.254,1.23877,10.2264,0.34017,0.53881,1.20574,0.98373,0.5,0.70125,0.47391,0,0,0,0,1.23892,10.7533,0.44208,1.31538,1.58747,0.000265633,0.000265633,0.000265633
83,250.477,1.20299,10.5995,0.34404,0.5741,1.21711,1,0.617,0.74167,0.51951,0,0,0,0,1.28958,10.6316,0.44245,1.22304,1.75595,0.000265209,0.000265209,0.000265209
84,252.76,1.00771,10.2841,0.39018,0.48059,1.19266,1,0.617,0.74167,0.51951,0,0,0,0,1.28958,10.6316,0.44245,1.22304,1.75595,0.000264784,0.000264784,0.000264784
85,256.386,1.40416,10.4911,0.3433,0.5385,1.00258,1,0.617,0.74167,0.51951,0,0,0,0,1.28958,10.6316,0.44245,1.22304,1.75595,0.00026436,0.00026436,0.00026436
86,260.006,1.01672,10.2183,0.32753,0.47841,1.12365,0.83228,0.62104,0.73879,0.49237,0,0,0,0,1.36519,10.563,0.44644,1.18462,1.87092,0.000263936,0.000263936,0.000263936
87,263.201,1.00378,10.282,0.36071,0.46142,1.36564,0.83228,0.62104,0.73879,0.49237,0,0,0,0,1.36519,10.563,0.44644,1.18462,1.87092,0.000263511,0.000263511,0.000263511
88,266.402,1.252,9.97655,0.33375,0.58155,1.31288,0.83029,0.61359,0.73379,0.46633,0,0,0,0,1.44441,10.6006,0.4399,1.31254,1.88032,0.000263087,0.000263087,0.000263087
89,269.591,1.07525,10.0742,0.2901,0.51068,1.58059,0.83029,0.61359,0.73379,0.46633,0,0,0,0,1.44441,10.6006,0.4399,1.31254,1.88032,0.000262663,0.000262663,0.000262663
90,272.795,1.32518,10.21,0.32444,0.52151,1.3379,1,0.61527,0.625,0.411,0,0,0,0,1.55022,10.5766,0.44188,1.60676,1.92448,0.000262239,0.000262239,0.000262239
91,275.714,1.30015,9.8647,0.33381,0.49246,1.00992,1,0.61527,0.625,0.411,0,0,0,0,1.55022,10.5766,0.44188,1.60676,1.92448,0.000261814,0.000261814,0.000261814
92,278.642,1.43052,10.3197,0.32826,0.54789,1.04973,1,0.61527,0.625,0.411,0,0,0,0,1.55022,10.5766,0.44188,1.60676,1.92448,0.00026139,0.00026139,0.00026139
93,281.571,1.20449,10.1726,0.33398,0.52169,1.38269,1,0.61663,0.625,0.424,0,0,0,0,1.69649,10.5871,0.43692,1.84172,2.001,0.000260966,0.000260966,0.000260966
94,284.489,1.18853,10.3449,0.37758,0.56744,1.39568,1,0.61663,0.625,0.424,0,0,0,0,1.69649,10.5871,0.43692,1.84172,2.001,0.000260541,0.000260541,0.000260541
95,287.42,1.09643,10.254,0.37578,0.48093,1.04803,1,0.61764,0.625,0.3966,0,0,0,0,1.84513,10.5436,0.42912,1.83155,2.14573,0.000260117,0.000260117,0.000260117
96,290.357,1.23475,10.1569,0.2921,0.50432,1.05015,1,0.61764,0.625,0.3966,0,0,0,0,1.84513,10.5436,0.42912,1.83155,2.14573,0.000259693,0.000259693,0.000259693
97,293.296,1.1616,10.135,0.33793,0.49999,1.07169,1,0.6199,0.625,0.4325,0,0,0,0,1.84189,10.4679,0.42063,1.54432,2.08746,0.000259269,0.000259269,0.000259269
98,296.209,1.33918,10.0572,0.38827,0.49318,1.03629,1,0.6199,0.625,0.4325,0,0,0,0,1.84189,10.4679,0.42063,1.54432,2.08746,0.000258844,0.000258844,0.000258844
99,299.109,0.99017,9.87962,0.35238,0.45953,1.14578,1,0.6199,0.625,0.4325,0,0,0,0,1.84189,10.4679,0.42063,1.54432,2.08746,0.00025842,0.00025842,0.00025842
100,302.025,0.93996,9.91495,0.33651,0.4555,1.35545,1,0.6228,0.625,0.46775,0,0,0,0,1.86597,10.3337,0.41553,1.17507,2.15526,0.000257996,0.000257996,0.000257996
101,304.932,0.91903,10.1652,0.37074,0.48059,1.02811,1,0.6228,0.625,0.46775,0,0,0,0,1.86597,10.3337,0.41553,1.17507,2.15526,0.000257571,0.000257571,0.000257571
102,307.815,1.22063,10.0824,0.35267,0.48842,1.10017,0.9949,0.625,0.625,0.46775,0,0,0,0,1.72312,10.2007,0.42145,0.92659,2.06663,0.000257147,0.000257147,0.000257147
103,310.692,1.22675,10.0069,0.36574,0.53526,0.99254,0.9949,0.625,0.625,0.46775,0,0,0,0,1.72312,10.2007,0.42145,0.92659,2.06663,0.000256723,0.000256723,0.000256723
104,313.572,1.05498,9.72665,0.33676,0.47986,1.43157,0.9925,0.625,0.625,0.492,0,0,0,0,1.56729,10.1366,0.42072,0.82537,1.88596,0.000256299,0.000256299,0.000256299
105,316.481,0.85013,9.90381,0.35482,0.45038,1.0947,0.9925,0.625,0.625,0.492,0,0,0,0,1.56729,10.1366,0.42072,0.82537,1.88596,0.000255874,0.000255874,0.000255874
106,319.352,0.86275,9.55945,0.33104,0.4609,1.34887,0.9925,0.625,0.625,0.492,0,0,0,0,1.56729,10.1366,0.42072,0.82537,1.88596,0.00025545,0.00025545,0.00025545
107,322.237,1.27248,9.82706,0.37815,0.53974,1.12504,0.98114,0.625,0.625,0.492,0,0,0,0,1.50309,10.1367,0.41923,0.76873,1.85555,0.000255026,0.000255026,0.000255026
108,325.103,1.11502,9.74743,0.33017,0.48198,1.17467,0.98114,0.625,0.625,0.492,0,0,0,0,1.50309,10.1367,0.41923,0.76873,1.85555,0.000254601,0.000254601,0.000254601
109,327.975,1.25405,9.41176,0.37563,0.48403,1.24336,0.98225,0.625,0.66735,0.48646,0,0,0,0,1.45195,10.1849,0.42181,0.74409,1.8444,0.000254177,0.000254177,0.000254177
110,330.845,0.89304,9.64502,0.38307,0.54037,1.38604,0.98225,0.625,0.66735,0.48646,0,0,0,0,1.45195,10.1849,0.42181,0.74409,1.8444,0.000253753,0.000253753,0.000253753
111,333.717,1.11097,9.80762,0.34614,0.47523,1.06698,1,0.62372,0.78,0.49929,0,0,0,0,1.60117,10.189,0.42663,0.7996,2.00313,0.000253329,0.000253329,0.000253329
112,336.566,1.19824,9.4404,0.34328,0.51302,1.01214,1,0.62372,0.78,0.49929,0,0,0,0,1.60117,10.189,0.42663,0.7996,2.00313,0.000252904,0.000252904,0.000252904
113,339.427,1.04351,9.65343,0.36517,0.48473,1.1711,1,0.62372,0.78,0.49929,0,0,0,0,1.60117,10.189,0.42663,0.7996,2.00313,0.00025248,0.00025248,0.00025248
114,342.292,1.1486,9.65757,0.43309,0.47578,1.18204,0.73788,0.75,0.69333,0.49033,0,0,0,0,1.66777,10.1252,0.43091,0.86566,2.10666,0.000252056,0.000252056,0.000252056
115,345.142,0.78559,9.51993,0.37164,0.46339,1.20359,0.73788,0.75,0.69333,0.49033,0,0,0,0,1.66777,10.1252,0.43091,0.86566,2.10666,0.000251631,0.000251631,0.000251631
116,348.004,1.47118,9.19615,0.38063,0.56831,0.89651,0.83709,0.75,0.70929,0.47069,0,0,0,0,1.60166,9.98734,0.44939,0.8797,2.03391,0.000251207,0.000251207,0.000251207
117,350.865,1.0059,9.53449,0.3805,0.47917,1.08351,0.83709,0.75,0.70929,0.47069,0,0,0,0,1.60166,9.98734,0.44939,0.8797,2.03391,0.000250783,0.000250783,0.000250783
118,353.712,0.96631,9.19283,0.36093,0.41887,1.03647,0.83624,0.75,0.70929,0.45214,0,0,0,0,1.57236,9.84384,0.45755,0.91501,2.01962,0.000250359,0.000250359,0.000250359
119,356.552,1.03301,9.59426,0.39689,0.50483,1.12837,0.83624,0.75,0.70929,0.45214,0,0,0,0,1.57236,9.84384,0.45755,0.91501,2.01962,0.000249934,0.000249934,0.000249934
120,359.397,1.38246,9.2368,0.41221,0.55025,1.01441,0.83624,0.75,0.70929,0.45214,0,0,0,0,1.57236,9.84384,0.45755,0.91501,2.01962,0.00024951,0.00024951,0.00024951
121,362.26,0.80439,9.42545,0.39647,0.43811,1.07539,0.85261,0.72618,0.70929,0.43964,0,0,0,0,1.57524,9.74084,0.45328,0.96387,1.97679,0.000249086,0.000249086,0.000249086
122,365.102,1.42273,9.48879,0.40983,0.54778,1.0455,0.85261,0.72618,0.70929,0.43964,0,0,0,0,1.57524,9.74084,0.45328,0.96387,1.97679,0.000248661,0.000248661,0.000248661
123,367.957,1.092,8.8955,0.43326,0.47671,0.96123,0.85045,0.71484,0.70929,0.43964,0,0,0,0,1.61429,9.66125,0.44529,1.15735,1.96072,0.000248237,0.000248237,0.000248237
124,370.812,0.78487,8.7364,0.35187,0.42126,1.12131,0.85045,0.71484,0.70929,0.43964,0,0,0,0,1.61429,9.66125,0.44529,1.15735,1.96072,0.000247813,0.000247813,0.000247813
125,373.662,1.13458,9.34374,0.38123,0.51586,1.1521,1,0.61653,0.785,0.44663,0,0,0,0,1.47405,9.57743,0.43057,1.15499,1.81274,0.000247389,0.000247389,0.000247389
126,376.553,1.13349,8.90063,0.3522,0.55026,1.05902,1,0.61653,0.785,0.44663,0,0,0,0,1.47405,9.57743,0.43057,1.15499,1.81274,0.000246964,0.000246964,0.000246964
127,379.391,0.94539,8.87038,0.40164,0.4499,1.04284,1,0.61653,0.785,0.44663,0,0,0,0,1.47405,9.57743,0.43057,1.15499,1.81274,0.00024654,0.00024654,0.00024654
128,382.259,1.20134,8.7521,0.35503,0.51098,0.9645,1,0.61751,0.715,0.45212,0,0,0,0,1.45636,9.5823,0.4222,1.15297,1.7584,0.000246116,0.000246116,0.000246116
129,385.109,0.90417,8.91766,0.33705,0.45445,0.93859,1,0.61751,0.715,0.45212,0,0,0,0,1.45636,9.5823,0.4222,1.15297,1.7584,0.000245691,0.000245691,0.000245691
130,387.967,1.09553,8.92551,0.3319,0.47989,1.35911,1,0.61744,0.705,0.46189,0,0,0,0,1.47116,9.65235,0.41521,1.18979,1.74618,0.000245267,0.000245267,0.000245267
131,390.508,0.94992,8.71354,0.36281,0.46339,1.34404,1,0.61744,0.705,0.46189,0,0,0,0,1.47116,9.65235,0.41521,1.18979,1.74618,0.000244843,0.000244843,0.000244843
132,393.705,1.2645,8.73606,0.36437,0.51037,1.11387,1,0.62103,0.75962,0.46138,0,0,0,0,1.61197,9.63078,0.41229,1.29897,2.00129,0.000244419,0.000244419,0.000244419
133,396.886,0.86338,8.65852,0.34925,0.4335,1.21905,1,0.62103,0.75962,0.46138,0,0,0,0,1.61197,9.63078,0.41229,1.29897,2.00129,0.000243994,0.000243994,0.000243994
134,400.081,1.1014,8.99127,0.36113,0.47172,0.98679,1,0.62103,0.75962,0.46138,0,0,0,0,1.61197,9.63078,0.41229,1.29897,2.00129,0.00024357,0.00024357,0.00024357
135,403.271,1.10632,9.07874,0.36187,0.51304,1.16941,0.79993,0.625,0.68333,0.4615,0,0,0,0,1.58391,9.64054,0.41141,1.22151,2.05505,0.000243146,0.000243146,0.000243146
136,406.45,1.01674,8.66903,0.37536,0.48152,0.97012,0.79993,0.625,0.68333,0.4615,0,0,0,0,1.58391,9.64054,0.41141,1.22151,2.05505,0.000242721,0.000242721,0.000242721
137,409.64,1.1626,8.85279,0.39051,0.4707,0.96964,0.73862,0.71017,0.69333,0.49594,0,0,0,0,1.4841,9.54153,0.3987,1.13244,1.93891,0.000242297,0.000242297,0.000242297
138,412.697,0.9026,8.31376,0.33156,0.4125,1.4276,0.73862,0.71017,0.69333,0.49594,0,0,0,0,1.4841,9.54153,0.3987,1.13244,1.93891,0.000241873,0.000241873,0.000241873
139,415.606,0.88264,8.60374,0.35573,0.49323,1.28026,0.7444,0.7304,0.754,0.5081,0,0,0,0,1.33394,9.41341,0.3889,1.04098,1.71858,0.000241449,0.000241449,0.000241449
140,418.506,1.02154,8.50944,0.30186,0.43647,0.98649,0.7444,0.7304,0.754,0.5081,0,0,0,0,1.33394,9.41341,0.3889,1.04098,1.71858,0.000241024,0.000241024,0.000241024
141,421.408,0.86552,8.46821,0.37415,0.4473,1.23999,0.7444,0.7304,0.754,0.5081,0,0,0,0,1.33394,9.41341,0.3889,1.04098,1.71858,0.0002406,0.0002406,0.0002406
142,423.996,1.05187,8.99274,0.35279,0.44469,1.03843,0.82029,0.625,0.74533,0.46957,0,0,0,0,1.35327,9.24169,0.3876,1.05047,1.74272,0.000240176,0.000240176,0.000240176
143,425.401,0.92288,8.59208,0.31341,0.42026,1.10881,0.82029,0.625,0.74533,0.46957,0,0,0,0,1.35327,9.24169,0.3876,1.05047,1.74272,0.000239751,0.000239751,0.000239751
144,428.586,0.84002,8.54841,0.34824,0.48086,1.15402,0.61742,0.75,0.81226,0.4628,0,0,0,0,1.43176,9.12791,0.38497,1.06707,1.77219,0.000239327,0.000239327,0.000239327
145,431.756,1.25554,8.70995,0.36337,0.48169,0.83008,0.61742,0.75,0.81226,0.4628,0,0,0,0,1.43176,9.12791,0.38497,1.06707,1.77219,0.000238903,0.000238903,0.000238903
146,434.946,1.15838,8.82131,0.3461,0.45756,0.90823,0.98421,0.5,0.63268,0.44942,0,0,0,0,1.57288,9.00847,0.3884,1.17343,1.85007,0.000238479,0.000238479,0.000238479
147,438.124,0.99186,8.27175,0.32625,0.42335,0.9229,0.98421,0.5,0.63268,0.44942,0,0,0,0,1.57288,9.00847,0.3884,1.17343,1.85007,0.000238054,0.000238054,0.000238054
148,441.301,0.91897,8.4538,0.34998,0.46168,1.15203,0.98421,0.5,0.63268,0.44942,0,0,0,0,1.57288,9.00847,0.3884,1.17343,1.85007,0.00023763,0.00023763,0.00023763
149,444.497,0.85488,8.49346,0.32621,0.4983,1.12856,0.98291,0.5,0.6825,0.42629,0,0,0,0,1.55368,8.96027,0.38907,1.20514,1.86852,0.000237206,0.000237206,0.000237206
150,447.562,0.83729,8.45169,0.34944,0.39983,0.96041,0.98291,0.5,0.6825,0.42629,0,0,0,0,1.55368,8.96027,0.38907,1.20514,1.86852,0.000236781,0.000236781,0.000236781
151,450.436,1.19921,8.20697,0.30963,0.51591,1.10602,0.97997,0.5,0.64825,0.4354,0,0,0,0,1.55966,8.85317,0.38727,1.23247,1.87012,0.000236357,0.000236357,0.000236357
152,453.301,1.09821,8.24014,0.29892,0.45605,0.97333,0.97997,0.5,0.64825,0.4354,0,0,0,0,1.55966,8.85317,0.38727,1.23247,1.87012,0.000235933,0.000235933,0.000235933
153,456.187,0.79681,8.68813,0.29954,0.43349,1.13766,0.97616,0.5,0.57625,0.4145,0,0,0,0,1.47664,8.7727,0.38645,1.15987,1.80533,0.000235509,0.000235509,0.000235509
154,459.053,0.92599,7.90054,0.30294,0.41417,1.09984,0.97616,0.5,0.57625,0.4145,0,0,0,0,1.47664,8.7727,0.38645,1.15987,1.80533,0.000235084,0.000235084,0.000235084
155,461.924,0.95748,7.91818,0.30031,0.43128,0.94444,0.97616,0.5,0.57625,0.4145,0,0,0,0,1.47664,8.7727,0.38645,1.15987,1.80533,0.00023466,0.00023466,0.00023466
156,464.789,0.84863,7.83025,0.30588,0.42618,1.07954,0.97539,0.5,0.57625,0.4145,0,0,0,0,1.41406,8.73194,0.38286,1.18799,1.77235,0.000234236,0.000234236,0.000234236
157,467.635,0.78571,8.0042,0.32628,0.4175,1.12692,0.97539,0.5,0.57625,0.4145,0,0,0,0,1.41406,8.73194,0.38286,1.18799,1.77235,0.000233811,0.000233811,0.000233811
158,470.503,1.24706,8.0883,0.30379,0.48982,0.88497,0.97566,0.5,0.58786,0.41857,0,0,0,0,1.44232,8.73932,0.37788,1.31931,1.78736,0.000233387,0.000233387,0.000233387
159,473.343,1.08242,7.88867,0.30237,0.43391,1.09105,0.97566,0.5,0.58786,0.41857,0,0,0,0,1.44232,8.73932,0.37788,1.31931,1.78736,0.000232963,0.000232963,0.000232963
160,476.204,0.87968,8.26771,0.30126,0.44711,1.01817,0.82966,0.61122,0.60333,0.42167,0,0,0,0,1.45144,8.79501,0.37328,1.32693,1.83748,0.000232539,0.000232539,0.000232539
161,479.043,1.00923,8.40971,0.342,0.44316,1.23038,0.82966,0.61122,0.60333,0.42167,0,0,0,0,1.45144,8.79501,0.37328,1.32693,1.83748,0.000232114,0.000232114,0.000232114
162,481.967,0.66319,7.87411,0.33773,0.40517,1.03761,0.82966,0.61122,0.60333,0.42167,0,0,0,0,1.45144,8.79501,0.37328,1.32693,1.83748,0.00023169,0.00023169,0.00023169
163,484.907,1.34745,8.16013,0.2703,0.51407,1.17713,0.83015,0.61308,0.60333,0.42167,0,0,0,0,1.47384,8.77939,0.36746,1.19083,1.90135,0.000231266,0.000231266,0.000231266
164,487.791,1.24905,8.01731,0.32213,0.47951,0.96916,0.83015,0.61308,0.60333,0.42167,0,0,0,0,1.47384,8.77939,0.36746,1.19083,1.90135,0.000230841,0.000230841,0.000230841
165,490.7,0.81726,7.68596,0.28409,0.40995,1.00709,0.83014,0.61303,0.60333,0.40917,0,0,0,0,1.58724,8.77806,0.36714,1.23684,2.07404,0.000230417,0.000230417,0.000230417
166,493.665,0.95072,7.87053,0.28547,0.43579,1.12914,0.83014,0.61303,0.60333,0.40917,0,0,0,0,1.58724,8.77806,0.36714,1.23684,2.07404,0.000229993,0.000229993,0.000229993
167,496.542,1.45773,7.89706,0.31295,0.53321,0.93188,0.94297,0.5,0.58786,0.40674,0,0,0,0,1.73777,8.73645,0.36114,1.41729,2.25388,0.000229569,0.000229569,0.000229569
168,499.378,1.25507,8.34335,0.28902,0.5037,0.85102,0.94297,0.5,0.58786,0.40674,0,0,0,0,1.73777,8.73645,0.36114,1.41729,2.25388,0.000229144,0.000229144,0.000229144
169,502.213,0.91087,7.99621,0.30889,0.44455,1.02529,0.94297,0.5,0.58786,0.40674,0,0,0,0,1.73777,8.73645,0.36114,1.41729,2.25388,0.00022872,0.00022872,0.00022872
170,505.062,1.31817,7.74647,0.27563,0.47512,0.93601,0.86772,0.5,0.57625,0.43275,0.20949,0.125,0.03125,0.00313,1.69529,8.62304,0.35464,1.35917,2.20531,0.000228296,0.000228296,0.000228296
171,507.905,0.89684,7.89418,0.30132,0.43348,1.11247,0.86772,0.5,0.57625,0.43275,0.20949,0.125,0.03125,0.00313,1.69529,8.62304,0.35464,1.35917,2.20531,0.000227871,0.000227871,0.000227871
172,510.745,0.78919,7.63952,0.28339,0.39997,1.05349,0.82433,0.5,0.58786,0.41682,0.19988,0.125,0.03125,0.00625,1.59111,8.49688,0.35257,1.19157,2.12285,0.000227447,0.000227447,0.000227447
173,513.574,1.20208,7.55756,0.2639,0.4709,1.0304,0.82433,0.5,0.58786,0.41682,0.19988,0.125,0.03125,0.00625,1.59111,8.49688,0.35257,1.19157,2.12285,0.000227023,0.000227023,0.000227023
174,516.421,1.15583,7.93186,0.35564,0.48227,0.90743,0.69612,0.57731,0.58786,0.42932,0.19947,0.125,0.03125,0.00625,1.67427,8.46996,0.35361,1.15669,2.16573,0.000226599,0.000226599,0.000226599
175,519.269,0.96594,7.30185,0.28524,0.44461,1.19185,0.69612,0.57731,0.58786,0.42932,0.19947,0.125,0.03125,0.00625,1.67427,8.46996,0.35361,1.15669,2.16573,0.000226174,0.000226174,0.000226174
176,522.116,0.7728,7.63187,0.30295,0.40157,1.11099,0.69612,0.57731,0.58786,0.42932,0.19947,0.125,0.03125,0.00625,1.67427,8.46996,0.35361,1.15669,2.16573,0.00022575,0.00022575,0.00022575
177,524.949,0.82782,7.70137,0.27119,0.40146,1.2326,0.71273,0.62091,0.58786,0.42932,0.39873,0.25,0.1225,0.01537,1.63718,8.42934,0.35129,1.10802,2.14553,0.000225326,0.000225326,0.000225326
178,527.782,0.94299,7.77897,0.30653,0.42101,0.98862,0.71273,0.62091,0.58786,0.42932,0.39873,0.25,0.1225,0.01537,1.63718,8.42934,0.35129,1.10802,2.14553,0.000224901,0.000224901,0.000224901
179,530.636,1.31597,7.78573,0.28904,0.45957,0.97941,0.63388,0.625,0.58786,0.44007,0.20448,0.125,0.04167,0.00417,1.59355,8.44404,0.34712,1.10577,2.11954,0.000224477,0.000224477,0.000224477
180,533.458,0.96694,7.61736,0.28644,0.39686,1.02764,0.63388,0.625,0.58786,0.44007,0.20448,0.125,0.04167,0.00417,1.59355,8.44404,0.34712,1.10577,2.11954,0.000224053,0.000224053,0.000224053
181,536.284,1.03533,7.74774,0.33575,0.4235,1.00112,0.70744,0.60702,0.58786,0.42757,0.20614,0.125,0.04167,0.00417,1.74894,8.53507,0.34233,1.17165,2.25041,0.000223629,0.000223629,0.000223629
182,539.106,0.77784,7.13003,0.25605,0.38062,0.95466,0.70744,0.60702,0.58786,0.42757,0.20614,0.125,0.04167,0.00417,1.74894,8.53507,0.34233,1.17165,2.25041,0.000223204,0.000223204,0.000223204
183,541.934,0.93686,7.3332,0.34168,0.41253,0.9298,0.70744,0.60702,0.58786,0.42757,0.20614,0.125,0.04167,0.00417,1.74894,8.53507,0.34233,1.17165,2.25041,0.00022278,0.00022278,0.00022278
184,544.494,1.055,7.65039,0.29574,0.41459,0.8573,0.79606,0.5,0.645,0.40414,0.39734,0.25,0.1225,0.01537,1.88514,8.48182,0.34308,1.28184,2.40646,0.000222356,0.000222356,0.000222356
185,547.643,1.12002,7.63338,0.27363,0.49677,0.92192,0.79606,0.5,0.645,0.40414,0.39734,0.25,0.1225,0.01537,1.88514,8.48182,0.34308,1.28184,2.40646,0.000221931,0.000221931,0.000221931
186,550.808,0.91698,7.41251,0.2911,0.45449,0.93015,0.79648,0.5,0.645,0.40414,0.39745,0.25,0.1225,0.0185,1.75367,8.43139,0.33939,1.20211,2.28715,0.000221507,0.000221507,0.000221507
187,553.973,1.07759,7.62858,0.26602,0.41923,1.25676,0.79648,0.5,0.645,0.40414,0.39745,0.25,0.1225,0.0185,1.75367,8.43139,0.33939,1.20211,2.28715,0.000221083,0.000221083,0.000221083
188,557.145,0.84386,7.70476,0.26763,0.3924,0.98388,0.79572,0.5,0.56722,0.41269,0.39709,0.25,0.1225,0.0185,1.69521,8.48196,0.33832,1.25677,2.19366,0.000220659,0.000220659,0.000220659
189,560.31,0.99967,7.61832,0.32089,0.44576,0.92248,0.79572,0.5,0.56722,0.41269,0.39709,0.25,0.1225,0.0185,1.69521,8.48196,0.33832,1.25677,2.19366,0.000220234,0.000220234,0.000220234
190,563.474,0.81938,7.25134,0.2522,0.38672,1.01237,0.79572,0.5,0.56722,0.41269,0.39709,0.25,0.1225,0.0185,1.69521,8.48196,0.33832,1.25677,2.19366,0.00021981,0.00021981,0.00021981
191,566.51,1.19575,7.75999,0.29055,0.43194,0.87379,0.79653,0.5,0.495,0.39825,0.39754,0.25,0.1225,0.0185,1.69007,8.51055,0.33781,1.41607,2.14687,0.000219386,0.000219386,0.000219386
192,569.373,1.12043,6.84759,0.30132,0.4091,0.93635,0.79653,0.5,0.495,0.39825,0.39754,0.25,0.1225,0.0185,1.69007,8.51055,0.33781,1.41607,2.14687,0.000218961,0.000218961,0.000218961
193,572.247,1.19087,7.55105,0.31189,0.52722,1.38453,0.79912,0.5,0.495,0.39825,0.399,0.25,0.1225,0.01537,1.68728,8.5587,0.33673,1.37203,2.10813,0.000218537,0.000218537,0.000218537
194,575.102,0.81314,7.11033,0.24764,0.42241,0.89792,0.79912,0.5,0.495,0.39825,0.399,0.25,0.1225,0.01537,1.68728,8.5587,0.33673,1.37203,2.10813,0.000218113,0.000218113,0.000218113
195,577.975,0.87354,7.08989,0.25865,0.39723,1.13434,0.79949,0.5,0.56,0.423,0.39918,0.25,0.1225,0.01537,1.71743,8.57443,0.33367,1.21831,2.1091,0.000217689,0.000217689,0.000217689
196,580.816,0.98299,7.78292,0.29129,0.41234,0.97061,0.79949,0.5,0.56,0.423,0.39918,0.25,0.1225,0.01537,1.71743,8.57443,0.33367,1.21831,2.1091,0.000217264,0.000217264,0.000217264
197,583.677,0.95139,7.00328,0.30168,0.40338,0.97711,0.79949,0.5,0.56,0.423,0.39918,0.25,0.1225,0.01537,1.71743,8.57443,0.33367,1.21831,2.1091,0.00021684,0.00021684,0.00021684
198,586.517,0.73763,7.70476,0.28502,0.37612,0.93974,0.79663,0.5,0.57625,0.42462,0.59664,0.375,0.28125,0.03438,1.70825,8.55234,0.33613,1.16406,2.11844,0.000216416,0.000216416,0.000216416
199,589.368,1.30172,7.55402,0.30907,0.5332,1.15134,0.79663,0.5,0.57625,0.42462,0.59664,0.375,0.28125,0.03438,1.70825,8.55234,0.33613,1.16406,2.11844,0.000215991,0.000215991,0.000215991
200,592.225,0.63513,6.81447,0.26927,0.35407,1.074,0.79482,0.5,0.57625,0.40637,0.19741,0.125,0.03125,0.0125,1.69857,8.52143,0.33803,1.07727,2.13911,0.000215567,0.000215567,0.000215567
201,595.072,1.04666,7.10735,0.3231,0.41502,1.00782,0.79482,0.5,0.57625,0.40637,0.19741,0.125,0.03125,0.0125,1.69857,8.52143,0.33803,1.07727,2.13911,0.000215143,0.000215143,0.000215143
202,597.921,0.93837,7.58604,0.32644,0.45637,1.19904,0.79411,0.5,0.56722,0.41269,0.19672,0.125,0.03125,0.00937,1.70859,8.55825,0.34011,1.06428,2.1417,0.000214719,0.000214719,0.000214719
203,600.76,0.70606,6.95935,0.25818,0.37803,1.04796,0.79411,0.5,0.56722,0.41269,0.19672,0.125,0.03125,0.00937,1.70859,8.55825,0.34011,1.06428,2.1417,0.000214294,0.000214294,0.000214294
204,603.593,0.84848,6.90298,0.29639,0.39228,0.99418,0.79411,0.5,0.56722,0.41269,0.19672,0.125,0.03125,0.00937,1.70859,8.55825,0.34011,1.06428,2.1417,0.00021387,0.00021387,0.00021387
205,606.451,1.21403,7.06033,0.28638,0.45339,0.87889,0.79517,0.5,0.55409,0.41007,0.39378,0.25,0.1225,0.01225,1.72195,8.61834,0.34022,1.09969,2.15327,0.000213446,0.000213446,0.000213446
206,609.333,0.77691,6.62035,0.27977,0.3849,1.01561,0.79517,0.5,0.55409,0.41007,0.39378,0.25,0.1225,0.01225,1.72195,8.61834,0.34022,1.09969,2.15327,0.000213021,0.000213021,0.000213021
207,612.199,0.66626,7.2906,0.29004,0.36949,1.32432,0.84229,0.5,0.55409,0.42257,0.19909,0.125,0.03125,0.00313,1.77242,8.5722,0.34541,1.2297,2.23626,0.000212597,0.000212597,0.000212597
208,615.04,0.87561,7.21524,0.32323,0.45228,1.03703,0.84229,0.5,0.55409,0.42257,0.19909,0.125,0.03125,0.00313,1.77242,8.5722,0.34541,1.2297,2.23626,0.000212173,0.000212173,0.000212173
209,617.896,1.01673,7.43665,0.32054,0.50774,0.95175,0.79716,0.5,0.54143,0.40179,0.19782,0.125,0.03125,0.00625,1.86623,8.41794,0.34552,1.26487,2.39331,0.000211749,0.000211749,0.000211749
210,620.74,0.83977,6.85158,0.31356,0.37335,0.9094,0.79716,0.5,0.54143,0.40179,0.19782,0.125,0.03125,0.00625,1.86623,8.41794,0.34552,1.26487,2.39331,0.000211324,0.000211324,0.000211324
211,623.57,0.82424,6.60041,0.27461,0.41138,1.02939,0.79716,0.5,0.54143,0.40179,0.19782,0.125,0.03125,0.00625,1.86623,8.41794,0.34552,1.26487,2.39331,0.0002109,0.0002109,0.0002109
212,626.406,0.85297,6.97895,0.29042,0.39455,1.02673,0.79421,0.5,0.495,0.39825,0.19738,0.125,0.03125,0.00937,1.89927,8.31562,0.34564,1.43645,2.45755,0.000210476,0.000210476,0.000210476
213,629.237,1.1828,6.94206,0.31432,0.45258,0.88907,0.79421,0.5,0.495,0.39825,0.19738,0.125,0.03125,0.00937,1.89927,8.31562,0.34564,1.43645,2.45755,0.000210051,0.000210051,0.000210051
214,632.078,0.76272,6.91686,0.31466,0.38978,1.02492,0.79056,0.5,0.471,0.35437,0.19764,0.125,0.025,0.0075,1.93382,8.29523,0.34925,1.5094,2.51664,0.000209627,0.000209627,0.000209627
215,634.892,0.91086,7.12365,0.30778,0.38214,0.96068,0.79056,0.5,0.471,0.35437,0.19764,0.125,0.025,0.0075,1.93382,8.29523,0.34925,1.5094,2.51664,0.000209203,0.000209203,0.000209203
216,637.718,0.88902,6.98507,0.31309,0.42852,0.9591,0.79311,0.5,0.495,0.37117,0.19671,0.125,0.03125,0.00625,1.8684,8.28582,0.34797,1.34728,2.41269,0.000208779,0.000208779,0.000208779
217,640.562,0.93427,6.61059,0.29717,0.43227,1.11875,0.79311,0.5,0.495,0.37117,0.19671,0.125,0.03125,0.00625,1.8684,8.28582,0.34797,1.34728,2.41269,0.000208354,0.000208354,0.000208354
218,643.414,0.97932,7.32735,0.28483,0.44441,1.19571,0.79311,0.5,0.495,0.37117,0.19671,0.125,0.03125,0.00625,1.8684,8.28582,0.34797,1.34728,2.41269,0.00020793,0.00020793,0.00020793
219,646.263,1.17273,6.73145,0.27193,0.43954,0.91826,0.7925,0.5,0.495,0.3875,0.19283,0.125,0.03125,0.00625,1.87216,8.25037,0.34954,1.29584,2.42587,0.000207506,0.000207506,0.000207506
220,649.109,0.99498,6.85723,0.26398,0.42297,1.15856,0.7925,0.5,0.495,0.3875,0.19283,0.125,0.03125,0.00625,1.87216,8.25037,0.34954,1.29584,2.42587,0.000207081,0.000207081,0.000207081
221,651.953,0.95684,7.34946,0.29193,0.413,1.04136,0.8032,0.5,0.495,0.38025,0.19014,0.125,0.03125,0.00937,1.88604,8.1764,0.34855,1.29277,2.53154,0.000206657,0.000206657,0.000206657
222,654.794,0.69424,6.17376,0.25778,0.36098,0.91349,0.8032,0.5,0.495,0.38025,0.19014,0.125,0.03125,0.00937,1.88604,8.1764,0.34855,1.29277,2.53154,0.000206233,0.000206233,0.000206233
223,657.643,1.02355,7.26314,0.29571,0.49445,0.9567,0.79429,0.5,0.495,0.4025,0.38112,0.25,0.1225,0.02162,1.85185,8.21907,0.34571,1.29673,2.45458,0.000205809,0.000205809,0.000205809
224,660.477,0.6983,6.49769,0.27698,0.34356,0.98754,0.79429,0.5,0.495,0.4025,0.38112,0.25,0.1225,0.02162,1.85185,8.21907,0.34571,1.29673,2.45458,0.000205384,0.000205384,0.000205384
225,663.322,0.98132,6.46507,0.30216,0.39854,0.96549,0.79429,0.5,0.495,0.4025,0.38112,0.25,0.1225,0.02162,1.85185,8.21907,0.34571,1.29673,2.45458,0.00020496,0.00020496,0.00020496
226,666.185,0.99524,6.36887,0.26699,0.41834,0.96736,0.79716,0.5,0.495,0.4025,0.58523,0.375,0.28125,0.0375,1.83888,8.25814,0.34241,1.26198,2.44805,0.000204536,0.000204536,0.000204536
227,669.015,1.24613,7.21645,0.30932,0.46762,0.7979,0.79716,0.5,0.495,0.4025,0.58523,0.375,0.28125,0.0375,1.83888,8.25814,0.34241,1.26198,2.44805,0.000204111,0.000204111,0.000204111
228,671.853,0.87271,6.73164,0.31507,0.3993,1.00511,0.79356,0.5,0.495,0.4025,0.58547,0.375,0.28125,0.04662,1.88854,8.23237,0.33566,1.28838,2.53763,0.000203687,0.000203687,0.000203687
229,674.685,1.00583,7.20359,0.32749,0.45955,1.14186,0.79356,0.5,0.495,0.4025,0.58547,0.375,0.28125,0.04662,1.88854,8.23237,0.33566,1.28838,2.53763,0.000203263,0.000203263,0.000203263
230,677.522,1.06764,6.87222,0.30567,0.41208,0.88512,0.79557,0.5,0.495,0.3925,0.38828,0.25,0.1225,0.03675,1.94748,8.19138,0.32785,1.44363,2.61958,0.000202839,0.000202839,0.000202839
231,680.353,0.78136,6.92361,0.26491,0.38274,1.00104,0.79557,0.5,0.495,0.3925,0.38828,0.25,0.1225,0.03675,1.94748,8.19138,0.32785,1.44363,2.61958,0.000202414,0.000202414,0.000202414
232,683.172,1.04723,7.1053,0.28335,0.45003,1.00904,0.79557,0.5,0.495,0.3925,0.38828,0.25,0.1225,0.03675,1.94748,8.19138,0.32785,1.44363,2.61958,0.00020199,0.00020199,0.00020199
233,685.359,0.83365,6.47707,0.25493,0.37464,0.88049,0.80541,0.5,0.495,0.38,0.39303,0.25,0.1225,0.03988,1.87558,8.12299,0.32714,1.51956,2.63142,0.000201566,0.000201566,0.000201566
234,686.911,0.7547,6.07968,0.23476,0.3766,0.82547,0.80541,0.5,0.495,0.38,0.39303,0.25,0.1225,0.03988,1.87558,8.12299,0.32714,1.51956,2.63142,0.000201141,0.000201141,0.000201141
235,690.056,0.89344,6.90854,0.28271,0.40566,1.26594,0.80202,0.5,0.545,0.39,0.3943,0.25,0.1225,0.03988,1.90242,8.14009,0.33094,1.49368,2.67702,0.000200717,0.000200717,0.000200717
236,693.192,0.81581,6.78577,0.27051,0.37902,1.00333,0.80202,0.5,0.545,0.39,0.3943,0.25,0.1225,0.03988,1.90242,8.14009,0.33094,1.49368,2.67702,0.000200293,0.000200293,0.000200293
237,696.33,1.04429,6.30596,0.2785,0.40186,0.99153,0.82326,0.5,0.545,0.4025,0.5996,0.375,0.28125,0.05575,1.83016,8.16203,0.33447,1.50205,2.49563,0.000199869,0.000199869,0.000199869
238,699.466,0.90945,7.08673,0.34668,0.43798,0.95207,0.82326,0.5,0.545,0.4025,0.5996,0.375,0.28125,0.05575,1.83016,8.16203,0.33447,1.50205,2.49563,0.000199444,0.000199444,0.000199444
239,702.634,1.0555,6.48697,0.28197,0.42919,0.77264,0.82326,0.5,0.545,0.4025,0.5996,0.375,0.28125,0.05575,1.83016,8.16203,0.33447,1.50205,2.49563,0.00019902,0.00019902,0.00019902
240,705.783,0.90308,6.54149,0.2915,0.41318,0.93745,0.8169,0.5,0.55409,0.40896,0.59771,0.375,0.28125,0.04662,1.88332,8.09138,0.33654,1.34247,2.60441,0.000198596,0.000198596,0.000198596
241,708.883,1.08925,5.96664,0.24885,0.42556,0.84266,0.8169,0.5,0.55409,0.40896,0.59771,0.375,0.28125,0.04662,1.88332,8.09138,0.33654,1.34247,2.60441,0.000198171,0.000198171,0.000198171
242,711.69,0.98277,6.43413,0.26382,0.42707,0.91115,0.80084,0.5,0.56722,0.40775,0.59107,0.375,0.28125,0.04662,1.82389,8.03813,0.33966,1.23575,2.56536,0.000197747,0.000197747,0.000197747
243,714.482,1.17133,6.47543,0.27201,0.43816,0.97761,0.80084,0.5,0.56722,0.40775,0.59107,0.375,0.28125,0.04662,1.82389,8.03813,0.33966,1.23575,2.56536,0.000197323,0.000197323,0.000197323
244,717.282,1.11572,6.69195,0.30742,0.46385,0.9946,0.8088,0.5,0.56,0.398,0.59084,0.375,0.28125,0.04662,1.7839,8.06637,0.33906,1.30374,2.49576,0.000196899,0.000196899,0.000196899
245,720.078,0.6958,6.40521,0.29964,0.36142,0.97616,0.8088,0.5,0.56,0.398,0.59084,0.375,0.28125,0.04662,1.7839,8.06637,0.33906,1.30374,2.49576,0.000196474,0.000196474,0.000196474
246,722.873,0.95024,6.17229,0.30081,0.40426,0.99052,0.8088,0.5,0.56,0.398,0.59084,0.375,0.28125,0.04662,1.7839,8.06637,0.33906,1.30374,2.49576,0.00019605,0.00019605,0.00019605
247,725.674,0.77961,6.48757,0.28702,0.36304,1.06897,0.86146,0.5,0.55409,0.39773,0.23757,0.125,0.04167,0.00833,1.75921,8.14044,0.33821,1.43577,2.40946,0.000195626,0.000195626,0.000195626
248,728.466,0.73932,6.8925,0.31738,0.38929,1.16455,0.86146,0.5,0.55409,0.39773,0.23757,0.125,0.04167,0.00833,1.75921,8.14044,0.33821,1.43577,2.40946,0.000195201,0.000195201,0.000195201
249,731.262,0.75911,6.28995,0.2538,0.37577,0.88884,0.90404,0.5,0.495,0.39825,0.41388,0.25,0.1225,0.02763,1.72103,8.18105,0.33768,1.37403,2.34212,0.000194777,0.000194777,0.000194777
250,734.044,1.03471,6.28322,0.27911,0.42601,0.96931,0.90404,0.5,0.495,0.39825,0.41388,0.25,0.1225,0.02763,1.72103,8.18105,0.33768,1.37403,2.34212,0.000194353,0.000194353,0.000194353
251,736.841,0.73104,6.99606,0.27616,0.36431,1.04593,0.90811,0.5,0.495,0.38,0.43982,0.25,0.1225,0.02867,1.65737,8.14213,0.34305,1.2866,2.23651,0.000193929,0.000193929,0.000193929
252,739.615,0.78267,6.66071,0.25509,0.35509,1.05921,0.90811,0.5,0.495,0.38,0.43982,0.25,0.1225,0.02867,1.65737,8.14213,0.34305,1.2866,2.23651,0.000193504,0.000193504,0.000193504
253,742.439,0.68671,6.71211,0.2978,0.35811,0.98332,0.90811,0.5,0.495,0.38,0.43982,0.25,0.1225,0.02867,1.65737,8.14213,0.34305,1.2866,2.23651,0.00019308,0.00019308,0.00019308
254,745.265,0.82399,5.91901,0.27566,0.36475,0.9089,0.90618,0.5,0.495,0.3925,0.44455,0.25,0.1225,0.03675,1.65144,8.08705,0.3457,1.29761,2.20331,0.000192656,0.000192656,0.000192656
255,748.074,1.35128,6.57365,0.31496,0.4288,0.82555,0.90618,0.5,0.495,0.3925,0.44455,0.25,0.1225,0.03675,1.65144,8.08705,0.3457,1.29761,2.20331,0.000192231,0.000192231,0.000192231
256,750.916,0.99963,6.51514,0.27265,0.39865,0.99996,0.90752,0.5,0.495,0.3925,0.44532,0.25,0.1225,0.03675,1.74943,7.99739,0.34752,1.3464,2.27663,0.000191807,0.000191807,0.000191807
257,753.735,1.03186,6.29666,0.29468,0.44092,0.99334,0.90752,0.5,0.495,0.3925,0.44532,0.25,0.1225,0.03675,1.74943,7.99739,0.34752,1.3464,2.27663,0.000191383,0.000191383,0.000191383
258,756.555,0.80403,6.42803,0.24591,0.35924,1.11019,0.91163,0.5,0.495,0.38,0.44622,0.25,0.1225,0.03988,1.61901,7.93243,0.35113,1.43,2.18554,0.000190959,0.000190959,0.000190959
259,759.358,0.92967,6.89955,0.26806,0.38795,0.74835,0.91163,0.5,0.495,0.38,0.44622,0.25,0.1225,0.03988,1.61901,7.93243,0.35113,1.43,2.18554,0.000190534,0.000190534,0.000190534
260,762.164,1.23554,7.24586,0.28871,0.43079,0.88743,0.91163,0.5,0.495,0.38,0.44622,0.25,0.1225,0.03988,1.61901,7.93243,0.35113,1.43,2.18554,0.00019011,0.00019011,0.00019011
261,764.981,1.28871,6.47183,0.28436,0.44543,0.86289,0.91522,0.5,0.495,0.38,0.44701,0.25,0.1225,0.043,1.63485,7.94676,0.3511,1.49131,2.20114,0.000189686,0.000189686,0.000189686
262,767.767,1.15895,6.49971,0.23054,0.40849,0.78605,0.91522,0.5,0.495,0.38,0.44701,0.25,0.1225,0.043,1.63485,7.94676,0.3511,1.49131,2.20114,0.000189261,0.000189261,0.000189261
263,770.601,1.25962,6.54489,0.32788,0.4456,0.9395,0.90737,0.5,0.57625,0.42062,0.43993,0.25,0.1225,0.043,1.69827,7.97694,0.34888,1.47792,2.21503,0.000188837,0.000188837,0.000188837
264,773.428,1.24647,6.85994,0.30804,0.45331,1.09968,0.90737,0.5,0.57625,0.42062,0.43993,0.25,0.1225,0.043,1.69827,7.97694,0.34888,1.47792,2.21503,0.000188413,0.000188413,0.000188413
265,776.246,0.83776,6.00101,0.24381,0.3747,0.93636,0.89405,0.5,0.58786,0.42643,0.42869,0.25,0.1225,0.03388,1.65172,7.93287,0.34879,1.35764,2.19214,0.000187989,0.000187989,0.000187989
266,779.047,1.16316,6.14178,0.26136,0.39709,0.92191,0.89405,0.5,0.58786,0.42643,0.42869,0.25,0.1225,0.03388,1.65172,7.93287,0.34879,1.35764,2.19214,0.000187564,0.000187564,0.000187564
267,781.857,1.09477,6.54448,0.29146,0.42876,0.86248,0.89405,0.5,0.58786,0.42643,0.42869,0.25,0.1225,0.03388,1.65172,7.93287,0.34879,1.35764,2.19214,0.00018714,0.00018714,0.00018714
268,784.689,0.98408,6.4878,0.26602,0.41625,0.91489,0.66667,0.75,0.66786,0.46164,0.42474,0.25,0.1225,0.03388,1.58434,7.83183,0.34815,1.26117,2.17167,0.000186716,0.000186716,0.000186716
269,787.503,1.35367,6.51276,0.286,0.46891,0.80953,0.66667,0.75,0.66786,0.46164,0.42474,0.25,0.1225,0.03388,1.58434,7.83183,0.34815,1.26117,2.17167,0.000186291,0.000186291,0.000186291
270,790.356,0.79188,6.37761,0.27514,0.38559,0.94876,0.83154,0.61828,0.68333,0.45622,0.42561,0.25,0.1225,0.03388,1.55652,7.70134,0.35135,1.20641,2.20063,0.000185867,0.000185867,0.000185867
271,793.182,0.75305,6.68137,0.26879,0.37849,0.88386,0.83154,0.61828,0.68333,0.45622,0.42561,0.25,0.1225,0.03388,1.55652,7.70134,0.35135,1.20641,2.20063,0.000185443,0.000185443,0.000185443
272,796.026,0.70316,6.30201,0.2443,0.35063,0.96053,0.83279,0.62298,0.69333,0.46825,0.42067,0.25,0.1225,0.03388,1.53082,7.6305,0.34983,1.11651,2.24521,0.000185019,0.000185019,0.000185019
273,798.851,0.66034,6.06253,0.24391,0.31345,1.05459,0.83279,0.62298,0.69333,0.46825,0.42067,0.25,0.1225,0.03388,1.53082,7.6305,0.34983,1.11651,2.24521,0.000184594,0.000184594,0.000184594
274,801.688,1.10351,6.14062,0.23772,0.41542,0.88238,0.83279,0.62298,0.69333,0.46825,0.42067,0.25,0.1225,0.03388,1.53082,7.6305,0.34983,1.11651,2.24521,0.00018417,0.00018417,0.00018417
275,804.525,1.02237,6.56928,0.30447,0.43702,1.02816,0.85336,0.73015,0.70929,0.47536,0.41582,0.25,0.1225,0.03988,1.49591,7.6144,0.34984,1.04076,2.25815,0.000183746,0.000183746,0.000183746
276,807.35,1.03783,5.91371,0.27754,0.44285,0.87703,0.85336,0.73015,0.70929,0.47536,0.41582,0.25,0.1225,0.03988,1.49591,7.6144,0.34984,1.04076,2.25815,0.000183321,0.000183321,0.000183321
277,810.186,0.7502,5.93965,0.26414,0.39293,1.0879,0.85421,0.73458,0.70929,0.46286,0.41259,0.25,0.1225,0.03075,1.51178,7.60634,0.35025,1.04275,2.26033,0.000182897,0.000182897,0.000182897
278,813.023,1.14348,6.49844,0.28594,0.40117,0.82259,0.85421,0.73458,0.70929,0.46286,0.41259,0.25,0.1225,0.03075,1.51178,7.60634,0.35025,1.04275,2.26033,0.000182473,0.000182473,0.000182473
279,815.863,0.75252,6.24666,0.31592,0.38994,0.97421,0.85469,0.73711,0.70929,0.46286,0.40362,0.25,0.1225,0.03075,1.52215,7.56153,0.34477,0.96944,2.27157,0.000182049,0.000182049,0.000182049
280,818.692,0.89928,6.07438,0.26739,0.39211,1.00919,0.85469,0.73711,0.70929,0.46286,0.40362,0.25,0.1225,0.03075,1.52215,7.56153,0.34477,0.96944,2.27157,0.000181624,0.000181624,0.000181624
281,821.524,1.06201,6.2424,0.29617,0.4102,1.01718,0.85469,0.73711,0.70929,0.46286,0.40362,0.25,0.1225,0.03075,1.52215,7.56153,0.34477,0.96944,2.27157,0.0001812,0.0001812,0.0001812
282,824.377,0.98994,6.38127,0.24491,0.39572,0.82204,0.85527,0.74015,0.70929,0.46286,0.61604,0.375,0.28125,0.05887,1.5192,7.48551,0.33797,0.93327,2.27748,0.000180776,0.000180776,0.000180776
283,827.642,0.87509,5.8983,0.24391,0.41626,0.89005,0.85527,0.74015,0.70929,0.46286,0.61604,0.375,0.28125,0.05887,1.5192,7.48551,0.33797,0.93327,2.27748,0.000180351,0.000180351,0.000180351
284,830.908,0.81777,6.57185,0.24873,0.37014,1.04647,0.85558,0.74179,0.70929,0.47286,0.59986,0.375,0.28125,0.0875,1.48387,7.50057,0.33649,1.03076,2.22953,0.000179927,0.000179927,0.000179927
285,834.166,0.88421,6.24546,0.29091,0.36968,0.87146,0.85558,0.74179,0.70929,0.47286,0.59986,0.375,0.28125,0.0875,1.48387,7.50057,0.33649,1.03076,2.22953,0.000179503,0.000179503,0.000179503
286,837.433,0.94291,6.24692,0.29436,0.3805,0.72199,0.84229,0.75,0.70929,0.46975,0.39895,0.25,0.1225,0.03675,1.49458,7.60384,0.33487,1.12271,2.17068,0.000179079,0.000179079,0.000179079
287,840.257,0.90096,6.46054,0.23885,0.39049,0.87675,0.84229,0.75,0.70929,0.46975,0.39895,0.25,0.1225,0.03675,1.49458,7.60384,0.33487,1.12271,2.17068,0.000178654,0.000178654,0.000178654
288,843.087,0.79295,6.01522,0.30161,0.33431,0.90553,0.84229,0.75,0.70929,0.46975,0.39895,0.25,0.1225,0.03675,1.49458,7.60384,0.33487,1.12271,2.17068,0.00017823,0.00017823,0.00017823
289,845.936,1.08958,6.31468,0.31773,0.3918,0.81039,0.84611,0.69208,0.70929,0.46975,0.39892,0.25,0.1225,0.03075,1.59441,7.80905,0.33268,1.18336,2.25612,0.000177806,0.000177806,0.000177806
290,848.777,0.71352,5.42939,0.22349,0.33403,0.92538,0.84611,0.69208,0.70929,0.46975,0.39892,0.25,0.1225,0.03075,1.59441,7.80905,0.33268,1.18336,2.25612,0.000177381,0.000177381,0.000177381
291,851.626,1.26321,6.5458,0.25838,0.48582,0.72103,0.84765,0.70018,0.70929,0.46046,0.39842,0.25,0.1225,0.02475,1.64358,7.94471,0.33153,1.16751,2.32658,0.000176957,0.000176957,0.000176957
292,854.47,0.74706,6.35275,0.27899,0.35044,1.23182,0.84765,0.70018,0.70929,0.46046,0.39842,0.25,0.1225,0.02475,1.64358,7.94471,0.33153,1.16751,2.32658,0.000176533,0.000176533,0.000176533
293,857.317,0.98604,6.0801,0.2645,0.38877,0.91627,0.83228,0.62104,0.69333,0.45408,0.39782,0.25,0.1225,0.02475,1.65124,8.01057,0.33149,1.03035,2.35717,0.000176109,0.000176109,0.000176109
294,860.159,0.6407,6.39304,0.24338,0.34654,1.01829,0.83228,0.62104,0.69333,0.45408,0.39782,0.25,0.1225,0.02475,1.65124,8.01057,0.33149,1.03035,2.35717,0.000175684,0.000175684,0.000175684
295,863.001,0.95036,6.53387,0.31141,0.38973,0.85929,0.83228,0.62104,0.69333,0.45408,0.39782,0.25,0.1225,0.02475,1.65124,8.01057,0.33149,1.03035,2.35717,0.00017526,0.00017526,0.00017526
296,865.846,1.04517,6.21302,0.23056,0.43008,0.85927,0.83227,0.62103,0.69333,0.48183,0.59669,0.375,0.28125,0.0625,1.66515,7.97091,0.33145,1.02212,2.39137,0.000174836,0.000174836,0.000174836
297,868.691,0.62479,5.9938,0.22067,0.33084,0.83321,0.83227,0.62103,0.69333,0.48183,0.59669,0.375,0.28125,0.0625,1.66515,7.97091,0.33145,1.02212,2.39137,0.000174411,0.000174411,0.000174411
298,871.538,0.89753,6.30433,0.27084,0.39634,0.96177,0.83241,0.62155,0.69333,0.48183,0.59662,0.375,0.28125,0.0685,1.67149,7.86439,0.33328,1.04202,2.37549,0.000173987,0.000173987,0.000173987
299,874.382,0.92154,5.78707,0.23309,0.35334,0.83021,0.83241,0.62155,0.69333,0.48183,0.59662,0.375,0.28125,0.0685,1.67149,7.86439,0.33328,1.04202,2.37549,0.000173563,0.000173563,0.000173563
300,877.23,0.86749,6.20515,0.25386,0.37258,1.03354,0.84948,0.70977,0.70929,0.48821,0.59637,0.375,0.28125,0.07163,1.64927,7.75185,0.33369,0.99476,2.35081,0.000173139,0.000173139,0.000173139
301,880.064,0.94421,5.64719,0.27691,0.40288,0.91562,0.84948,0.70977,0.70929,0.48821,0.59637,0.375,0.28125,0.07163,1.64927,7.75185,0.33369,0.99476,2.35081,0.000172714,0.000172714,0.000172714
302,882.909,0.77337,6.41757,0.26578,0.3518,0.96002,0.84948,0.70977,0.70929,0.48821,0.59637,0.375,0.28125,0.07163,1.64927,7.75185,0.33369,0.99476,2.35081,0.00017229,0.00017229,0.00017229
303,885.756,1.09337,6.55987,0.29919,0.42973,1.02014,0.84069,0.75,0.70929,0.48821,0.59601,0.375,0.28125,0.05696,1.62137,7.58172,0.33256,1.02014,2.32636,0.000171866,0.000171866,0.000171866
304,888.592,1.26936,6.05474,0.2644,0.45364,0.94595,0.84069,0.75,0.70929,0.48821,0.59601,0.375,0.28125,0.05696,1.62137,7.58172,0.33256,1.02014,2.32636,0.000171441,0.000171441,0.000171441
305,891.449,1.06665,5.98074,0.25653,0.42936,0.78805,0.82659,0.75,0.70929,0.47571,0.59587,0.375,0.28125,0.0685,1.59802,7.41127,0.33517,1.11703,2.30507,0.000171017,0.000171017,0.000171017
306,894.294,0.72391,5.65458,0.26485,0.33264,0.93486,0.82659,0.75,0.70929,0.47571,0.59587,0.375,0.28125,0.0685,1.59802,7.41127,0.33517,1.11703,2.30507,0.000170593,0.000170593,0.000170593
307,897.141,1.00002,6.25653,0.27997,0.41262,0.86753,0.83428,0.75,0.69214,0.44816,0.59219,0.375,0.24133,0.05077,1.66001,7.32567,0.33374,1.14609,2.37031,0.000170169,0.000170169,0.000170169
308,899.975,0.94289,5.62379,0.25649,0.36669,0.79617,0.83428,0.75,0.69214,0.44816,0.59219,0.375,0.24133,0.05077,1.66001,7.32567,0.33374,1.14609,2.37031,0.000169744,0.000169744,0.000169744
309,902.811,0.94659,5.98871,0.27872,0.37877,0.80952,0.83428,0.75,0.69214,0.44816,0.59219,0.375,0.24133,0.05077,1.66001,7.32567,0.33374,1.14609,2.37031,0.00016932,0.00016932,0.00016932
310,905.653,0.9683,5.92119,0.32538,0.39369,0.96575,0.81789,0.75,0.69214,0.44816,0.59249,0.375,0.24133,0.04623,1.74633,7.42592,0.33016,1.16047,2.44733,0.000168896,0.000168896,0.000168896
311,908.489,0.88092,5.48895,0.27282,0.36615,0.85122,0.81789,0.75,0.69214,0.44816,0.59249,0.375,0.24133,0.04623,1.74633,7.42592,0.33016,1.16047,2.44733,0.000168471,0.000168471,0.000168471
312,911.326,1.00579,6.46534,0.30168,0.38615,0.91668,0.85333,0.75,0.69214,0.42604,0.39518,0.25,0.1105,0.0321,1.78232,7.51362,0.3279,1.21457,2.48441,0.000168047,0.000168047,0.000168047
313,914.166,0.86701,6.12949,0.28683,0.35424,0.79967,0.85333,0.75,0.69214,0.42604,0.39518,0.25,0.1105,0.0321,1.78232,7.51362,0.3279,1.21457,2.48441,0.000167623,0.000167623,0.000167623
314,917.011,0.8539,6.35481,0.25369,0.39582,0.9816,0.83314,0.62426,0.69214,0.42604,0.39542,0.25,0.1105,0.0296,1.74669,7.47458,0.33165,1.22573,2.45312,0.000167199,0.000167199,0.000167199
315,919.848,0.78559,5.88562,0.27799,0.35296,0.97023,0.83314,0.62426,0.69214,0.42604,0.39542,0.25,0.1105,0.0296,1.74669,7.47458,0.33165,1.22573,2.45312,0.000166774,0.000166774,0.000166774
316,922.687,0.9036,5.72315,0.24658,0.3681,0.8784,0.83314,0.62426,0.69214,0.42604,0.39542,0.25,0.1105,0.0296,1.74669,7.47458,0.33165,1.22573,2.45312,0.00016635,0.00016635,0.00016635
317,925.553,0.87668,5.83567,0.2987,0.36489,0.93515,0.83258,0.62218,0.69214,0.42604,0.59343,0.375,0.24133,0.05577,1.65854,7.45164,0.33232,1.2418,2.35404,0.000165926,0.000165926,0.000165926
318,928.392,0.78525,5.73818,0.23914,0.36292,0.97177,0.83258,0.62218,0.69214,0.42604,0.59343,0.375,0.24133,0.05577,1.65854,7.45164,0.33232,1.2418,2.35404,0.000165501,0.000165501,0.000165501
319,931.241,1.04944,6.15697,0.27856,0.40292,0.90296,0.83253,0.62199,0.69214,0.42604,0.59363,0.375,0.24133,0.05807,1.61275,7.45179,0.33447,1.28645,2.27651,0.000165077,0.000165077,0.000165077
320,934.079,0.89041,5.6091,0.23281,0.35743,0.96912,0.83253,0.62199,0.69214,0.42604,0.59363,0.375,0.24133,0.05807,1.61275,7.45179,0.33447,1.28645,2.27651,0.000164653,0.000164653,0.000164653
321,936.911,0.87496,6.28457,0.27439,0.35816,0.88884,0.75,0.75,0.67333,0.4204,0.59349,0.375,0.24133,0.0646,1.56973,7.49265,0.33577,1.28641,2.22666,0.000164229,0.000164229,0.000164229
322,939.736,0.79693,5.87888,0.26814,0.3522,0.96422,0.75,0.75,0.67333,0.4204,0.59349,0.375,0.24133,0.0646,1.56973,7.49265,0.33577,1.28641,2.22666,0.000163804,0.000163804,0.000163804
323,942.565,0.96792,5.59462,0.28347,0.36765,0.93706,0.75,0.75,0.67333,0.4204,0.59349,0.375,0.24133,0.0646,1.56973,7.49265,0.33577,1.28641,2.22666,0.00016338,0.00016338,0.00016338
324,945.392,0.65948,5.72919,0.26012,0.35493,1.09664,0.75,0.75,0.67333,0.4449,0.59306,0.375,0.24133,0.0646,1.55349,7.59999,0.33438,1.27489,2.21449,0.000162956,0.000162956,0.000162956
325,948.22,0.76006,5.93006,0.23908,0.33473,0.99113,0.75,0.75,0.67333,0.4449,0.59306,0.375,0.24133,0.0646,1.55349,7.59999,0.33438,1.27489,2.21449,0.000162531,0.000162531,0.000162531
326,951.061,0.84951,5.40561,0.26235,0.36883,0.88837,0.75,0.75,0.67333,0.4449,0.59303,0.375,0.24133,0.06877,1.5324,7.58804,0.33574,1.27701,2.1962,0.000162107,0.000162107,0.000162107
327,953.901,0.75941,5.96354,0.2929,0.36782,0.95755,0.75,0.75,0.67333,0.4449,0.59303,0.375,0.24133,0.06877,1.5324,7.58804,0.33574,1.27701,2.1962,0.000161683,0.000161683,0.000161683
328,956.738,0.99272,5.34107,0.28434,0.36996,0.83634,0.75,0.75,0.67333,0.46856,0.59338,0.375,0.24133,0.06077,1.52395,7.57117,0.33616,1.30344,2.17513,0.000161259,0.000161259,0.000161259
329,959.561,0.86659,6.17163,0.25656,0.35272,0.92984,0.75,0.75,0.67333,0.46856,0.59338,0.375,0.24133,0.06077,1.52395,7.57117,0.33616,1.30344,2.17513,0.000160834,0.000160834,0.000160834
330,962.398,0.7255,5.48551,0.26253,0.35072,1.0803,0.75,0.75,0.67333,0.46856,0.59338,0.375,0.24133,0.06077,1.52395,7.57117,0.33616,1.30344,2.17513,0.00016041,0.00016041,0.00016041
331,965.241,1.00988,5.42249,0.22425,0.38616,0.8464,0.85714,0.75,0.69214,0.46514,0.59352,0.375,0.24133,0.05932,1.47948,7.51496,0.33601,1.32511,2.14031,0.000159986,0.000159986,0.000159986
332,968.081,0.81646,5.27632,0.23981,0.34827,0.89307,0.85714,0.75,0.69214,0.46514,0.59352,0.375,0.24133,0.05932,1.47948,7.51496,0.33601,1.32511,2.14031,0.000159561,0.000159561,0.000159561
333,970.911,0.97377,5.33557,0.24683,0.36233,0.72181,0.83125,0.61718,0.58333,0.4325,0.59375,0.375,0.24133,0.05452,1.44271,7.47619,0.33618,1.39127,2.11593,0.000159137,0.000159137,0.000159137
334,973.734,0.80964,5.76858,0.23724,0.3424,0.89897,0.83125,0.61718,0.58333,0.4325,0.59375,0.375,0.24133,0.05452,1.44271,7.47619,0.33618,1.39127,2.11593,0.000158713,0.000158713,0.000158713
335,976.563,0.93637,5.95021,0.2862,0.39782,1.05401,0.83122,0.61707,0.58333,0.4325,0.59372,0.375,0.24133,0.05452,1.40335,7.41215,0.33632,1.42235,2.05748,0.000158289,0.000158289,0.000158289
336,979.374,1.17115,5.80355,0.27163,0.3843,0.79868,0.83122,0.61707,0.58333,0.4325,0.59372,0.375,0.24133,0.05452,1.40335,7.41215,0.33632,1.42235,2.05748,0.000157864,0.000157864,0.000157864
337,982.195,0.70267,5.29408,0.23882,0.32926,0.92086,0.83122,0.61707,0.58333,0.4325,0.59372,0.375,0.24133,0.05452,1.40335,7.41215,0.33632,1.42235,2.05748,0.00015744,0.00015744,0.00015744
338,985.013,1.09023,6.00398,0.28188,0.39583,0.90995,0.71429,0.625,0.56386,0.42666,0.59366,0.375,0.24133,0.07085,1.36555,7.44617,0.3342,1.40209,2.0051,0.000157016,0.000157016,0.000157016
339,987.846,0.95087,6.11584,0.23957,0.38036,0.83541,0.71429,0.625,0.56386,0.42666,0.59366,0.375,0.24133,0.07085,1.36555,7.44617,0.3342,1.40209,2.0051,0.000156591,0.000156591,0.000156591
340,990.663,0.95024,5.67909,0.33189,0.37682,0.93143,0.71429,0.625,0.56386,0.42344,0.59363,0.375,0.24133,0.0724,1.37296,7.43663,0.33404,1.41342,2.00961,0.000156167,0.000156167,0.000156167
341,993.489,0.90701,6.02451,0.28963,0.42851,1.02097,0.71429,0.625,0.56386,0.42344,0.59363,0.375,0.24133,0.0724,1.37296,7.43663,0.33404,1.41342,2.00961,0.000155743,0.000155743,0.000155743
342,996.322,0.77581,5.27112,0.23609,0.36394,0.93527,0.8312,0.61701,0.58333,0.43123,0.5936,0.375,0.24133,0.0724,1.3997,7.43776,0.33462,1.40274,2.01876,0.000155319,0.000155319,0.000155319
343,999.138,0.93135,6.3501,0.26752,0.38897,0.98909,0.8312,0.61701,0.58333,0.43123,0.5936,0.375,0.24133,0.0724,1.3997,7.43776,0.33462,1.40274,2.01876,0.000154894,0.000154894,0.000154894
344,1001.96,0.84265,6.51317,0.26506,0.40167,1.01138,0.8312,0.61701,0.58333,0.43123,0.5936,0.375,0.24133,0.0724,1.3997,7.43776,0.33462,1.40274,2.01876,0.00015447,0.00015447,0.00015447
345,1004.79,0.86011,5.63036,0.23333,0.35573,0.85595,0.83132,0.61744,0.58333,0.43123,0.59335,0.375,0.24133,0.05807,1.43014,7.42185,0.33501,1.40283,2.06005,0.000154046,0.000154046,0.000154046
346,1007.6,0.81474,5.85243,0.24576,0.35496,0.82317,0.83132,0.61744,0.58333,0.43123,0.59335,0.375,0.24133,0.05807,1.43014,7.42185,0.33501,1.40283,2.06005,0.000153621,0.000153621,0.000153621
347,1010.43,0.95206,5.74115,0.30459,0.37519,0.87599,0.83156,0.61835,0.58333,0.43123,0.59312,0.375,0.24133,0.05807,1.44323,7.44153,0.33553,1.41134,2.05872,0.000153197,0.000153197,0.000153197
348,1013.26,0.8819,5.18712,0.29747,0.37041,0.87726,0.83156,0.61835,0.58333,0.43123,0.59312,0.375,0.24133,0.05807,1.44323,7.44153,0.33553,1.41134,2.05872,0.000152773,0.000152773,0.000152773
349,1016.09,0.95263,5.90424,0.32549,0.37089,0.94996,0.83171,0.61893,0.58333,0.44373,0.593,0.375,0.24133,0.07657,1.47503,7.41536,0.3333,1.43343,2.09285,0.000152349,0.000152349,0.000152349
350,1018.91,0.82332,5.02944,0.23074,0.39603,0.82238,0.83171,0.61893,0.58333,0.44373,0.593,0.375,0.24133,0.07657,1.47503,7.41536,0.3333,1.43343,2.09285,0.000151924,0.000151924,0.000151924
351,1021.74,0.75815,5.26768,0.2491,0.33676,0.87353,0.83171,0.61893,0.58333,0.44373,0.593,0.375,0.24133,0.07657,1.47503,7.41536,0.3333,1.43343,2.09285,0.0001515,0.0001515,0.0001515
352,1024.58,0.8784,5.66468,0.27952,0.4137,1.02366,0.83177,0.61914,0.58333,0.42493,0.59288,0.375,0.24133,0.08873,1.49251,7.39118,0.33166,1.29919,2.0967,0.000151076,0.000151076,0.000151076
353,1027.41,0.99876,5.89915,0.2489,0.37183,0.77787,0.83177,0.61914,0.58333,0.42493,0.59288,0.375,0.24133,0.08873,1.49251,7.39118,0.33166,1.29919,2.0967,0.000150651,0.000150651,0.000150651
354,1030.25,1.01136,6.34925,0.25703,0.43934,0.80644,0.8319,0.61961,0.58333,0.41713,0.59283,0.375,0.24133,0.07313,1.49203,7.36434,0.3296,1.16088,2.08864,0.000150227,0.000150227,0.000150227
355,1033.09,0.79812,5.52253,0.24049,0.34453,0.97596,0.8319,0.61961,0.58333,0.41713,0.59283,0.375,0.24133,0.07313,1.49203,7.36434,0.3296,1.16088,2.08864,0.000149803,0.000149803,0.000149803
356,1035.94,0.78673,5.49434,0.26763,0.31388,0.88666,0.83169,0.61885,0.58333,0.41713,0.59312,0.375,0.24133,0.0646,1.4783,7.40221,0.32791,1.0574,2.05584,0.000149379,0.000149379,0.000149379
357,1038.77,0.71865,5.44575,0.2417,0.33432,0.80271,0.83169,0.61885,0.58333,0.41713,0.59312,0.375,0.24133,0.0646,1.4783,7.40221,0.32791,1.0574,2.05584,0.000148954,0.000148954,0.000148954
358,1041.61,0.96748,5.36233,0.26319,0.36616,0.83851,0.83169,0.61885,0.58333,0.41713,0.59312,0.375,0.24133,0.0646,1.4783,7.40221,0.32791,1.0574,2.05584,0.00014853,0.00014853,0.00014853
359,1044.45,0.9101,5.63485,0.25861,0.38706,0.81322,0.83182,0.61934,0.58333,0.4122,0.59292,0.375,0.24133,0.0646,1.49257,7.49164,0.3272,1.02592,2.05718,0.000148106,0.000148106,0.000148106
360,1047.29,0.73489,5.26354,0.25232,0.33093,0.82872,0.83182,0.61934,0.58333,0.4122,0.59292,0.375,0.24133,0.0646,1.49257,7.49164,0.3272,1.02592,2.05718,0.000147681,0.000147681,0.000147681
361,1050.1,0.93915,5.82365,0.24343,0.35203,0.91353,0.83149,0.6181,0.58333,0.42343,0.59313,0.375,0.24133,0.04463,1.51332,7.60364,0.32757,1.04444,2.07521,0.000147257,0.000147257,0.000147257
362,1052.91,0.89824,5.254,0.22571,0.36564,0.81417,0.83149,0.6181,0.58333,0.42343,0.59313,0.375,0.24133,0.04463,1.51332,7.60364,0.32757,1.04444,2.07521,0.000146833,0.000146833,0.000146833
363,1055.73,1.18021,5.80976,0.24027,0.41928,0.82839,0.831,0.61623,0.58333,0.42343,0.49994,0.25,0.16333,0.041,1.49644,7.67545,0.32861,1.05642,2.06424,0.000146409,0.000146409,0.000146409
364,1058.54,0.88566,5.65212,0.23633,0.35945,0.82654,0.831,0.61623,0.58333,0.42343,0.49994,0.25,0.16333,0.041,1.49644,7.67545,0.32861,1.05642,2.06424,0.000145984,0.000145984,0.000145984
365,1061.36,0.94225,5.22798,0.29586,0.37604,1.02919,0.831,0.61623,0.58333,0.42343,0.49994,0.25,0.16333,0.041,1.49644,7.67545,0.32861,1.05642,2.06424,0.00014556,0.00014556,0.00014556
366,1064.19,0.73781,5.5827,0.26338,0.34134,0.83872,0.79093,0.5,0.56386,0.41564,0.49842,0.25,0.16333,0.05317,1.54531,7.6716,0.32952,1.19882,2.13214,0.000145136,0.000145136,0.000145136
367,1067.01,0.85478,5.48538,0.24834,0.36933,0.94841,0.79093,0.5,0.56386,0.41564,0.49842,0.25,0.16333,0.05317,1.54531,7.6716,0.32952,1.19882,2.13214,0.000144711,0.000144711,0.000144711
368,1069.84,0.7132,5.93991,0.25604,0.3417,0.86967,0.79081,0.5,0.56386,0.41564,0.50025,0.25,0.16333,0.05317,1.53952,7.62096,0.33424,1.25865,2.14685,0.000144287,0.000144287,0.000144287
369,1072.64,0.59297,5.1573,0.21663,0.29037,0.90671,0.79081,0.5,0.56386,0.41564,0.50025,0.25,0.16333,0.05317,1.53952,7.62096,0.33424,1.25865,2.14685,0.000143863,0.000143863,0.000143863
370,1075.45,0.87608,5.51451,0.25373,0.39784,0.93196,0.70901,0.61114,0.56386,0.41564,0.51329,0.25,0.16333,0.049,1.50628,7.57754,0.33107,1.18913,2.15122,0.000143439,0.000143439,0.000143439
371,1078.28,0.90226,5.19206,0.22556,0.35203,0.74175,0.70901,0.61114,0.56386,0.41564,0.51329,0.25,0.16333,0.049,1.50628,7.57754,0.33107,1.18913,2.15122,0.000143014,0.000143014,0.000143014
372,1081.13,0.96224,5.54889,0.26588,0.37045,0.8387,0.70901,0.61114,0.56386,0.41564,0.51329,0.25,0.16333,0.049,1.50628,7.57754,0.33107,1.18913,2.15122,0.00014259,0.00014259,0.00014259
373,1083.98,0.74139,5.41398,0.26329,0.33103,0.86089,0.78896,0.5,0.55225,0.411,0.52255,0.25,0.16333,0.049,1.53191,7.59634,0.33198,1.20884,2.1941,0.000142166,0.000142166,0.000142166
374,1086.85,1.05189,5.35037,0.23057,0.39669,0.84124,0.78896,0.5,0.55225,0.411,0.52255,0.25,0.16333,0.049,1.53191,7.59634,0.33198,1.20884,2.1941,0.000141741,0.000141741,0.000141741
375,1089.71,1.02898,5.45581,0.2566,0.37676,0.7471,0.78933,0.5,0.55225,0.4235,0.80432,0.375,0.375,0.08333,1.56041,7.59199,0.33372,1.20716,2.22745,0.000141317,0.000141317,0.000141317
376,1092.57,0.95865,5.25852,0.2512,0.36093,0.83516,0.78933,0.5,0.55225,0.4235,0.80432,0.375,0.375,0.08333,1.56041,7.59199,0.33372,1.20716,2.22745,0.000140893,0.000140893,0.000140893
377,1095.42,0.97174,5.11884,0.22607,0.36342,0.86174,0.78878,0.5,0.55225,0.4235,0.81438,0.375,0.375,0.07917,1.6112,7.70662,0.3366,1.19484,2.29487,0.000140469,0.000140469,0.000140469
378,1098.25,0.97102,5.75212,0.259,0.38478,0.88376,0.78878,0.5,0.55225,0.4235,0.81438,0.375,0.375,0.07917,1.6112,7.70662,0.3366,1.19484,2.29487,0.000140044,0.000140044,0.000140044
379,1101.09,0.87417,5.28855,0.23373,0.36864,0.77816,0.78878,0.5,0.55225,0.4235,0.81438,0.375,0.375,0.07917,1.6112,7.70662,0.3366,1.19484,2.29487,0.00013962,0.00013962,0.00013962
380,1103.94,1.04356,6.38112,0.25137,0.49324,1.08015,0.78908,0.5,0.55225,0.4235,0.82939,0.375,0.375,0.06217,1.62818,7.67985,0.34096,1.20263,2.28419,0.000139196,0.000139196,0.000139196
381,1106.79,0.6567,4.78852,0.23444,0.33271,0.97135,0.78908,0.5,0.55225,0.4235,0.82939,0.375,0.375,0.06217,1.62818,7.67985,0.34096,1.20263,2.28419,0.000138771,0.000138771,0.000138771
382,1109.65,0.84109,5.18599,0.22467,0.3533,0.83894,0.78748,0.5,0.55225,0.4235,0.78748,0.5,0.471,0.07957,1.6097,7.56187,0.33964,1.15342,2.23745,0.000138347,0.000138347,0.000138347
383,1112.49,0.7614,4.59205,0.24476,0.3139,0.92336,0.78748,0.5,0.55225,0.4235,0.78748,0.5,0.471,0.07957,1.6097,7.56187,0.33964,1.15342,2.23745,0.000137923,0.000137923,0.000137923
384,1115.35,1.04771,5.22051,0.25143,0.40068,0.84064,0.7078,0.625,0.56386,0.42814,0.7857,0.5,0.471,0.07957,1.6249,7.4745,0.33924,1.11808,2.2707,0.000137499,0.000137499,0.000137499
385,1118.19,0.81265,5.40415,0.25097,0.34225,0.90388,0.7078,0.625,0.56386,0.42814,0.7857,0.5,0.471,0.07957,1.6249,7.4745,0.33924,1.11808,2.2707,0.000137074,0.000137074,0.000137074
386,1121.02,0.84709,5.6165,0.284,0.35986,0.91235,0.7078,0.625,0.56386,0.42814,0.7857,0.5,0.471,0.07957,1.6249,7.4745,0.33924,1.11808,2.2707,0.00013665,0.00013665,0.00013665
387,1123.88,0.71713,4.90117,0.25426,0.32102,0.82706,0.70312,0.625,0.62931,0.42219,0.78681,0.5,0.471,0.104,1.60198,7.3105,0.33856,1.09432,2.22686,0.000136226,0.000136226,0.000136226
388,1126.72,1.25429,5.04076,0.24264,0.43616,0.78637,0.70312,0.625,0.62931,0.42219,0.78681,0.5,0.471,0.104,1.60198,7.3105,0.33856,1.09432,2.22686,0.000135801,0.000135801,0.000135801
389,1129.57,0.75315,5.05732,0.28004,0.3381,0.88543,0.70635,0.625,0.62931,0.42219,0.78683,0.5,0.471,0.10817,1.59116,7.25681,0.33752,1.07982,2.21024,0.000135377,0.000135377,0.000135377
390,1132.42,0.82081,5.86432,0.24778,0.35981,0.88522,0.70635,0.625,0.62931,0.42219,0.78683,0.5,0.471,0.10817,1.59116,7.25681,0.33752,1.07982,2.21024,0.000134953,0.000134953,0.000134953
391,1135.27,0.645,5.28997,0.28931,0.32456,0.8912,0.68881,0.625,0.62931,0.42873,0.78841,0.5,0.471,0.10817,1.55478,7.13048,0.33562,1.07461,2.15447,0.000134529,0.000134529,0.000134529
392,1138.11,0.99459,5.75227,0.26256,0.35667,0.82072,0.68881,0.625,0.62931,0.42873,0.78841,0.5,0.471,0.10817,1.55478,7.13048,0.33562,1.07461,2.15447,0.000134104,0.000134104,0.000134104
393,1140.96,0.63197,4.79225,0.24458,0.33145,1.02113,0.68881,0.625,0.62931,0.42873,0.78841,0.5,0.471,0.10817,1.55478,7.13048,0.33562,1.07461,2.15447,0.00013368,0.00013368,0.00013368
394,1143.81,0.7246,5.14759,0.23716,0.35106,0.93412,0.68768,0.625,0.63586,0.42939,0.78829,0.5,0.471,0.1067,1.5298,7.1259,0.33451,1.0217,2.14988,0.000133256,0.000133256,0.000133256
395,1146.65,0.70527,4.72812,0.2098,0.30498,0.83628,0.68768,0.625,0.63586,0.42939,0.78829,0.5,0.471,0.1067,1.5298,7.1259,0.33451,1.0217,2.14988,0.000132831,0.000132831,0.000132831
396,1149.51,0.79194,5.14231,0.21248,0.33806,0.91589,0.6971,0.625,0.63586,0.42939,0.7861,0.5,0.471,0.1067,1.5118,7.14414,0.33304,0.96799,2.18121,0.000132407,0.000132407,0.000132407
397,1152.35,1.30864,5.57025,0.28236,0.41421,0.84456,0.6971,0.625,0.63586,0.42939,0.7861,0.5,0.471,0.1067,1.5118,7.14414,0.33304,0.96799,2.18121,0.000131983,0.000131983,0.000131983
398,1155.21,0.94416,5.61122,0.32063,0.37196,0.95001,0.8283,0.60613,0.66333,0.43943,0.78313,0.5,0.471,0.1067,1.45687,7.27116,0.33628,0.92642,2.15739,0.000131559,0.000131559,0.000131559
399,1158.06,0.93321,5.4381,0.27587,0.38131,0.85864,0.8283,0.60613,0.66333,0.43943,0.78313,0.5,0.471,0.1067,1.45687,7.27116,0.33628,0.92642,2.15739,0.000131134,0.000131134,0.000131134
400,1160.92,1.05199,4.86274,0.2753,0.39649,0.87992,0.8283,0.60613,0.66333,0.43943,0.78313,0.5,0.471,0.1067,1.45687,7.27116,0.33628,0.92642,2.15739,0.00013071,0.00013071,0.00013071
401,1163.77,0.86824,4.55648,0.23176,0.32194,0.84972,0.81469,0.625,0.66333,0.45193,0.58222,0.375,0.24133,0.06077,1.43473,7.29774,0.33628,0.93004,2.13493,0.000130286,0.000130286,0.000130286
402,1166.62,0.8596,4.46354,0.21782,0.35334,0.80488,0.81469,0.625,0.66333,0.45193,0.58222,0.375,0.24133,0.06077,1.43473,7.29774,0.33628,0.93004,2.13493,0.000129861,0.000129861,0.000129861
403,1169.48,0.81617,4.9959,0.22806,0.37791,0.84715,0.84777,0.75,0.69214,0.44681,0.58297,0.375,0.24133,0.05207,1.37055,7.26249,0.33451,0.92064,2.06582,0.000129437,0.000129437,0.000129437
404,1172.35,1.02273,5.78351,0.25866,0.41829,1.01588,0.84777,0.75,0.69214,0.44681,0.58297,0.375,0.24133,0.05207,1.37055,7.26249,0.33451,0.92064,2.06582,0.000129013,0.000129013,0.000129013
405,1175.22,0.74163,5.30402,0.23429,0.33315,0.84032,0.84781,0.75,0.69214,0.4577,0.57993,0.375,0.24133,0.05353,1.33521,7.1679,0.33,0.91939,2.03401,0.000128589,0.000128589,0.000128589
406,1178.07,1.26467,5.99104,0.28756,0.4337,0.90769,0.84781,0.75,0.69214,0.4577,0.57993,0.375,0.24133,0.05353,1.33521,7.1679,0.33,0.91939,2.03401,0.000128164,0.000128164,0.000128164
407,1180.92,1.14274,4.63801,0.2399,0.41177,0.7682,0.84781,0.75,0.69214,0.4577,0.57993,0.375,0.24133,0.05353,1.33521,7.1679,0.33,0.91939,2.03401,0.00012774,0.00012774,0.00012774
408,1183.78,0.80414,4.67943,0.24529,0.34248,0.8112,0.84842,0.75,0.69214,0.46858,0.38509,0.25,0.098,0.0392,1.36554,7.184,0.32736,0.91348,2.14257,0.000127316,0.000127316,0.000127316
409,1186.63,1.06264,4.84114,0.23727,0.39294,0.74836,0.84842,0.75,0.69214,0.46858,0.38509,0.25,0.098,0.0392,1.36554,7.184,0.32736,0.91348,2.14257,0.000126891,0.000126891,0.000126891
410,1189.49,1.31673,4.96908,0.31958,0.41965,0.80137,0.84931,0.75,0.69214,0.46858,0.38746,0.25,0.098,0.0392,1.30568,7.14765,0.32588,0.93965,1.98564,0.000126467,0.000126467,0.000126467
411,1192.34,0.91033,4.70906,0.24138,0.35182,0.85514,0.84931,0.75,0.69214,0.46858,0.38746,0.25,0.098,0.0392,1.30568,7.14765,0.32588,0.93965,1.98564,0.000126043,0.000126043,0.000126043
412,1195.17,0.82207,4.5658,0.23674,0.36933,0.79903,0.84418,0.75,0.69214,0.45734,0.58755,0.375,0.24133,0.0577,1.29727,7.12278,0.32096,0.97987,1.92997,0.000125619,0.000125619,0.000125619
413,1198,0.71059,4.87534,0.24647,0.34048,0.8201,0.84418,0.75,0.69214,0.45734,0.58755,0.375,0.24133,0.0577,1.29727,7.12278,0.32096,0.97987,1.92997,0.000125194,0.000125194,0.000125194
414,1200.81,1.2896,5.68047,0.33847,0.42583,0.89707,0.84418,0.75,0.69214,0.45734,0.58755,0.375,0.24133,0.0577,1.29727,7.12278,0.32096,0.97987,1.92997,0.00012477,0.00012477,0.00012477
415,1203.63,0.73902,5.22066,0.22493,0.33366,0.94178,0.82267,0.75,0.69214,0.46663,0.59123,0.375,0.24133,0.06333,1.28628,7.01147,0.32191,1.02598,1.86606,0.000124346,0.000124346,0.000124346
416,1206.5,1.10164,4.51742,0.26335,0.37516,0.77087,0.82267,0.75,0.69214,0.46663,0.59123,0.375,0.24133,0.06333,1.28628,7.01147,0.32191,1.02598,1.86606,0.000123921,0.000123921,0.000123921
417,1209.35,0.69916,4.94994,0.26883,0.41594,0.98228,0.83307,0.75,0.69214,0.45734,0.59153,0.375,0.24133,0.0675,1.28422,6.98674,0.32005,1.04289,1.82852,0.000123497,0.000123497,0.000123497
418,1212.2,0.7505,4.9433,0.25887,0.34341,0.87482,0.83307,0.75,0.69214,0.45734,0.59153,0.375,0.24133,0.0675,1.28422,6.98674,0.32005,1.04289,1.82852,0.000123073,0.000123073,0.000123073
419,1215.06,0.93447,4.97075,0.2696,0.38332,0.88299,0.85347,0.73073,0.69214,0.45734,0.59016,0.375,0.24133,0.08183,1.3119,6.91274,0.31963,1.07477,1.84315,0.000122649,0.000122649,0.000122649
420,1217.89,0.88503,4.31815,0.26674,0.36345,1.10087,0.85347,0.73073,0.69214,0.45734,0.59016,0.375,0.24133,0.08183,1.3119,6.91274,0.31963,1.07477,1.84315,0.000122224,0.000122224,0.000122224
421,1220.74,0.98952,4.54902,0.21231,0.37356,0.7674,0.85347,0.73073,0.69214,0.45734,0.59016,0.375,0.24133,0.08183,1.3119,6.91274,0.31963,1.07477,1.84315,0.0001218,0.0001218,0.0001218
422,1223.6,0.77494,4.30281,0.24836,0.33047,0.85775,0.85384,0.73269,0.69214,0.44451,0.58865,0.375,0.24133,0.05713,1.32487,6.93673,0.31762,1.07612,1.85295,0.000121376,0.000121376,0.000121376
423,1226.44,0.63981,4.73493,0.2292,0.32052,0.83233,0.85384,0.73269,0.69214,0.44451,0.58865,0.375,0.24133,0.05713,1.32487,6.93673,0.31762,1.07612,1.85295,0.000120951,0.000120951,0.000120951
424,1229.29,0.68909,4.64576,0.23574,0.33331,0.99034,0.82861,0.625,0.67333,0.45269,0.58821,0.375,0.24133,0.05713,1.3891,6.91815,0.31821,1.16658,1.9521,0.000120527,0.000120527,0.000120527
425,1232.14,0.929,4.87828,0.25907,0.37149,0.93919,0.82861,0.625,0.67333,0.45269,0.58821,0.375,0.24133,0.05713,1.3891,6.91815,0.31821,1.16658,1.9521,0.000120103,0.000120103,0.000120103
426,1234.99,0.89773,3.95328,0.22456,0.3367,0.69866,0.82805,0.625,0.69333,0.47204,0.5933,0.375,0.28125,0.05704,1.45549,6.92089,0.3179,1.16537,2.07138,0.000119679,0.000119679,0.000119679
427,1237.83,0.69519,5.27013,0.22568,0.34063,0.91717,0.82805,0.625,0.69333,0.47204,0.5933,0.375,0.28125,0.05704,1.45549,6.92089,0.3179,1.16537,2.07138,0.000119254,0.000119254,0.000119254
428,1240.68,1.19862,5.3477,0.3263,0.40728,0.91231,0.82805,0.625,0.69333,0.47204,0.5933,0.375,0.28125,0.05704,1.45549,6.92089,0.3179,1.16537,2.07138,0.00011883,0.00011883,0.00011883
429,1243.54,0.8614,5.12053,0.25744,0.37005,0.84646,0.83132,0.625,0.67333,0.45269,0.58989,0.375,0.24133,0.0506,1.47166,6.91788,0.31935,1.15058,2.13898,0.000118406,0.000118406,0.000118406
430,1246.37,0.85553,4.59482,0.22405,0.34201,0.78363,0.83132,0.625,0.67333,0.45269,0.58989,0.375,0.24133,0.0506,1.47166,6.91788,0.31935,1.15058,2.13898,0.000117981,0.000117981,0.000117981
431,1249.22,0.72358,4.07265,0.25362,0.31539,0.80918,0.75,0.75,0.67333,0.44373,0.59132,0.375,0.24133,0.04643,1.42435,6.96197,0.32093,1.1246,2.07421,0.000117557,0.000117557,0.000117557
432,1252.07,0.87845,4.33679,0.22374,0.36472,0.99803,0.75,0.75,0.67333,0.44373,0.59132,0.375,0.24133,0.04643,1.42435,6.96197,0.32093,1.1246,2.07421,0.000117133,0.000117133,0.000117133
433,1254.92,0.74067,4.84718,0.27594,0.33808,0.89031,0.75,0.75,0.67333,0.44373,0.39488,0.25,0.098,0.049,1.41636,7.03901,0.32208,1.1184,2.06531,0.000116709,0.000116709,0.000116709
434,1257.77,0.8808,4.45395,0.23373,0.33764,0.83528,0.75,0.75,0.67333,0.44373,0.39488,0.25,0.098,0.049,1.41636,7.03901,0.32208,1.1184,2.06531,0.000116284,0.000116284,0.000116284
435,1260.61,0.79774,4.54418,0.26125,0.33163,0.93943,0.75,0.75,0.67333,0.44373,0.39488,0.25,0.098,0.049,1.41636,7.03901,0.32208,1.1184,2.06531,0.00011586,0.00011586,0.00011586
436,1263.48,1.07803,4.24971,0.26359,0.37045,0.80487,0.79013,0.5,0.55225,0.43162,0.39496,0.25,0.098,0.05317,1.42929,7.09712,0.32277,1.07502,2.10144,0.000115436,0.000115436,0.000115436
437,1266.29,1.03048,4.58432,0.25062,0.40631,0.82953,0.79013,0.5,0.55225,0.43162,0.39496,0.25,0.098,0.05317,1.42929,7.09712,0.32277,1.07502,2.10144,0.000115011,0.000115011,0.000115011
438,1269.1,1.08311,4.27867,0.2047,0.39468,0.81116,0.83139,0.61773,0.58333,0.40223,0.39553,0.25,0.098,0.03627,1.41253,7.13332,0.32513,1.11312,2.06585,0.000114587,0.000114587,0.000114587
439,1271.9,0.80403,4.80582,0.23369,0.3253,0.78386,0.83139,0.61773,0.58333,0.40223,0.39553,0.25,0.098,0.03627,1.41253,7.13332,0.32513,1.11312,2.06585,0.000114163,0.000114163,0.000114163
440,1274.71,0.62312,4.30426,0.27777,0.31383,0.8962,0.83121,0.61703,0.60333,0.42158,0.59749,0.375,0.28125,0.06929,1.40778,7.07414,0.32416,1.12271,2.02756,0.000113739,0.000113739,0.000113739
441,1277.51,0.93112,4.32353,0.24406,0.37629,0.96308,0.83121,0.61703,0.60333,0.42158,0.59749,0.375,0.28125,0.06929,1.40778,7.07414,0.32416,1.12271,2.02756,0.000113314,0.000113314,0.000113314
442,1280.31,0.88766,4.58103,0.2489,0.34445,0.79273,0.83121,0.61703,0.60333,0.42158,0.59749,0.375,0.28125,0.06929,1.40778,7.07414,0.32416,1.12271,2.02756,0.00011289,0.00011289,0.00011289
443,1281.32,0.93092,4.78562,0.25032,0.39435,0.94518,0.75,0.75,0.69333,0.46667,0.59788,0.375,0.28125,0.06929,1.4331,7.06416,0.32553,1.11959,2.05219,0.000112466,0.000112466,0.000112466
444,1282.31,0.87149,4.58712,0.24362,0.349,0.91097,0.75,0.75,0.69333,0.46667,0.59788,0.375,0.28125,0.06929,1.4331,7.06416,0.32553,1.11959,2.05219,0.000112041,0.000112041,0.000112041
445,1283.32,0.73127,4.51557,0.25158,0.34916,0.92142,0.71429,0.625,0.58786,0.39857,0.59738,0.375,0.28125,0.06929,1.45637,7.0538,0.32796,1.21836,2.06594,0.000111617,0.000111617,0.000111617
446,1285,1.0877,4.53616,0.22069,0.38433,0.73988,0.71429,0.625,0.58786,0.39857,0.59738,0.375,0.28125,0.06929,1.45637,7.0538,0.32796,1.21836,2.06594,0.000111193,0.000111193,0.000111193
447,1287.87,0.91153,4.21671,0.23593,0.34964,0.86759,0.75,0.75,0.69333,0.43671,0.59585,0.375,0.28125,0.06929,1.47216,7.05969,0.32886,1.10102,2.08275,0.000110769,0.000110769,0.000110769
448,1290.73,0.7742,4.39499,0.26381,0.36638,0.84367,0.75,0.75,0.69333,0.43671,0.59585,0.375,0.28125,0.06929,1.47216,7.05969,0.32886,1.10102,2.08275,0.000110344,0.000110344,0.000110344
449,1293.6,0.79922,4.37399,0.22933,0.33995,0.83744,0.75,0.75,0.69333,0.43671,0.59585,0.375,0.28125,0.06929,1.47216,7.05969,0.32886,1.10102,2.08275,0.00010992,0.00010992,0.00010992
450,1296.48,0.783,4.52679,0.27552,0.40596,0.98705,0.79097,0.5,0.55225,0.4047,0.59322,0.375,0.24133,0.05477,1.48043,7.0248,0.32822,1.07333,2.0732,0.000109496,0.000109496,0.000109496
451,1298.75,0.77752,4.29595,0.26144,0.33473,0.81975,0.79097,0.5,0.55225,0.4047,0.59322,0.375,0.24133,0.05477,1.48043,7.0248,0.32822,1.07333,2.0732,0.000109071,0.000109071,0.000109071
452,1299.76,0.9009,3.65198,0.24139,0.34789,0.81681,0.66667,0.75,0.63767,0.42942,0.5927,0.375,0.24133,0.04913,1.50208,7.00279,0.32937,1.08197,2.07559,0.000108647,0.000108647,0.000108647
453,1300.77,0.89623,4.31983,0.26991,0.35872,0.88117,0.66667,0.75,0.63767,0.42942,0.5927,0.375,0.24133,0.04913,1.50208,7.00279,0.32937,1.08197,2.07559,0.000108223,0.000108223,0.000108223
454,1301.79,1.18439,4.61049,0.29882,0.40667,0.79592,0.66667,0.75,0.64386,0.42844,0.59165,0.375,0.24133,0.06603,1.42089,7.10647,0.3295,1.06248,1.95068,0.000107799,0.000107799,0.000107799
455,1302.8,1.06411,4.88481,0.32773,0.37095,0.85974,0.66667,0.75,0.64386,0.42844,0.59165,0.375,0.24133,0.06603,1.42089,7.10647,0.3295,1.06248,1.95068,0.000107374,0.000107374,0.000107374
456,1303.81,0.65685,4.61774,0.22611,0.33954,0.83587,0.66667,0.75,0.64386,0.42844,0.59165,0.375,0.24133,0.06603,1.42089,7.10647,0.3295,1.06248,1.95068,0.00010695,0.00010695,0.00010695
457,1304.85,0.87012,4.8804,0.2622,0.36998,0.79759,0.70383,0.625,0.56386,0.38871,0.78853,0.5,0.471,0.089,1.39468,7.04375,0.33411,1.08645,1.89113,0.000106526,0.000106526,0.000106526
458,1305.89,0.6922,4.87042,0.23986,0.35913,1.00272,0.70383,0.625,0.56386,0.38871,0.78853,0.5,0.471,0.089,1.39468,7.04375,0.33411,1.08645,1.89113,0.000106101,0.000106101,0.000106101
459,1306.94,0.84052,4.2936,0.23643,0.33106,0.86569,0.78582,0.5,0.536,0.3982,0.78582,0.5,0.471,0.089,1.44542,6.95433,0.33281,1.0406,1.91395,0.000105677,0.000105677,0.000105677
460,1307.99,0.9084,4.32685,0.24238,0.4195,0.92519,0.78582,0.5,0.536,0.3982,0.78582,0.5,0.471,0.089,1.44542,6.95433,0.33281,1.0406,1.91395,0.000105253,0.000105253,0.000105253
461,1309.05,0.73352,3.85256,0.22921,0.3484,0.81666,0.78226,0.5,0.536,0.3982,0.78226,0.5,0.471,0.09463,1.473,6.88377,0.3311,1.03585,1.92549,0.000104829,0.000104829,0.000104829
462,1310.09,0.74066,4.68099,0.24267,0.35643,0.91558,0.78226,0.5,0.536,0.3982,0.78226,0.5,0.471,0.09463,1.473,6.88377,0.3311,1.03585,1.92549,0.000104404,0.000104404,0.000104404
463,1311.13,0.60663,4.77262,0.21315,0.30744,0.93035,0.78226,0.5,0.536,0.3982,0.78226,0.5,0.471,0.09463,1.473,6.88377,0.3311,1.03585,1.92549,0.00010398,0.00010398,0.00010398
464,1312.19,0.8688,4.83855,0.26705,0.34918,0.8185,0.78165,0.5,0.536,0.3857,0.78165,0.5,0.471,0.07773,1.53027,6.79219,0.32949,1.20842,2.01047,0.000103556,0.000103556,0.000103556
465,1313.24,0.93163,4.97488,0.23916,0.37415,0.72879,0.78165,0.5,0.536,0.3857,0.78165,0.5,0.471,0.07773,1.53027,6.79219,0.32949,1.20842,2.01047,0.000103131,0.000103131,0.000103131
466,1314.29,0.73742,4.94287,0.2588,0.32763,0.79181,0.78708,0.5,0.536,0.3857,0.78708,0.5,0.471,0.08337,1.61493,6.71267,0.329,1.3711,2.10443,0.000102707,0.000102707,0.000102707
467,1315.34,1.10617,4.06386,0.23016,0.38559,0.80707,0.78708,0.5,0.536,0.3857,0.78708,0.5,0.471,0.08337,1.61493,6.71267,0.329,1.3711,2.10443,0.000102283,0.000102283,0.000102283
468,1316.39,0.68908,3.94479,0.22978,0.32174,0.90341,0.78804,0.5,0.53009,0.37743,0.78804,0.5,0.471,0.08337,1.64472,6.76119,0.3303,1.34548,2.12325,0.000101859,0.000101859,0.000101859
469,1317.43,1.13607,4.29091,0.24794,0.40879,0.77351,0.78804,0.5,0.53009,0.37743,0.78804,0.5,0.471,0.08337,1.64472,6.76119,0.3303,1.34548,2.12325,0.000101434,0.000101434,0.000101434
470,1318.47,1.1733,4.51075,0.30738,0.39675,0.71909,0.78804,0.5,0.53009,0.37743,0.78804,0.5,0.471,0.08337,1.64472,6.76119,0.3303,1.34548,2.12325,0.00010101,0.00010101,0.00010101
471,1319.52,0.8888,4.62009,0.22125,0.34457,0.85304,0.79014,0.5,0.54322,0.37414,0.79014,0.5,0.471,0.08337,1.64498,6.87288,0.33174,1.28883,2.10791,0.000100586,0.000100586,0.000100586
472,1320.62,1.07896,3.93422,0.24905,0.36034,0.7015,0.79014,0.5,0.54322,0.37414,0.79014,0.5,0.471,0.08337,1.64498,6.87288,0.33174,1.28883,2.10791,0.000100161,0.000100161,0.000100161
473,1321.71,0.91867,3.98698,0.24259,0.36108,0.77682,0.79089,0.5,0.56386,0.38199,0.79089,0.5,0.471,0.07357,1.64441,6.99504,0.33288,1.296,2.09796,9.97371e-05,9.97371e-05,9.97371e-05
474,1322.76,1.23214,4.07931,0.22899,0.4005,0.71941,0.79089,0.5,0.56386,0.38199,0.79089,0.5,0.471,0.07357,1.64441,6.99504,0.33288,1.296,2.09796,9.93129e-05,9.93129e-05,9.93129e-05
475,1323.79,1.00066,4.32992,0.25128,0.3726,0.84746,0.78527,0.5,0.55225,0.37562,0.78527,0.5,0.471,0.0792,1.61685,7.15225,0.33505,1.28421,2.11565,9.88886e-05,9.88886e-05,9.88886e-05
476,1324.79,0.80186,3.70345,0.21079,0.32724,0.8189,0.78527,0.5,0.55225,0.37562,0.78527,0.5,0.471,0.0792,1.61685,7.15225,0.33505,1.28421,2.11565,9.84643e-05,9.84643e-05,9.84643e-05
477,1325.79,0.69155,4.54957,0.25089,0.32005,0.8381,0.78527,0.5,0.55225,0.37562,0.78527,0.5,0.471,0.0792,1.61685,7.15225,0.33505,1.28421,2.11565,9.804e-05,9.804e-05,9.804e-05
478,1326.81,0.76693,4.39088,0.25528,0.32765,0.93075,0.78598,0.5,0.55225,0.39625,0.78598,0.5,0.471,0.07357,1.56235,7.27466,0.33687,1.26545,2.07336,9.76157e-05,9.76157e-05,9.76157e-05
479,1327.81,0.92834,3.96078,0.2563,0.36785,0.80903,0.78598,0.5,0.55225,0.39625,0.78598,0.5,0.471,0.07357,1.56235,7.27466,0.33687,1.26545,2.07336,9.71914e-05,9.71914e-05,9.71914e-05
480,1328.82,0.71262,4.64014,0.2517,0.31606,0.80014,0.7854,0.5,0.55225,0.38845,0.7854,0.5,0.471,0.06793,1.45945,7.26296,0.33682,1.26956,1.8996,9.67671e-05,9.67671e-05,9.67671e-05
481,1329.82,0.89639,4.14508,0.25692,0.35482,0.88035,0.7854,0.5,0.55225,0.38845,0.7854,0.5,0.471,0.06793,1.45945,7.26296,0.33682,1.26956,1.8996,9.63429e-05,9.63429e-05,9.63429e-05
482,1330.83,0.83143,4.19592,0.26747,0.34935,0.83426,0.78871,0.5,0.55225,0.38682,0.78871,0.5,0.471,0.08337,1.45505,7.18982,0.33501,1.264,1.89472,9.59186e-05,9.59186e-05,9.59186e-05
483,1331.82,0.74813,3.49413,0.21584,0.29823,0.7862,0.78871,0.5,0.55225,0.38682,0.78871,0.5,0.471,0.08337,1.45505,7.18982,0.33501,1.264,1.89472,9.54943e-05,9.54943e-05,9.54943e-05
484,1332.82,0.9055,3.91435,0.27553,0.33484,0.83304,0.78871,0.5,0.55225,0.38682,0.78871,0.5,0.471,0.08337,1.45505,7.18982,0.33501,1.264,1.89472,9.507e-05,9.507e-05,9.507e-05
485,1333.82,0.81129,4.06062,0.23979,0.33795,0.82862,0.7968,0.5,0.63625,0.42996,0.7968,0.5,0.495,0.10158,1.47483,7.08325,0.33197,1.32822,1.92415,9.46457e-05,9.46457e-05,9.46457e-05
486,1334.82,0.82214,4.46132,0.25943,0.33467,0.88533,0.7968,0.5,0.63625,0.42996,0.7968,0.5,0.495,0.10158,1.47483,7.08325,0.33197,1.32822,1.92415,9.42214e-05,9.42214e-05,9.42214e-05
487,1335.84,0.71846,3.97762,0.25384,0.30742,0.90086,0.81688,0.5,0.63268,0.43448,0.81688,0.5,0.495,0.10967,1.48011,6.95747,0.33132,1.4016,1.92105,9.37971e-05,9.37971e-05,9.37971e-05
488,1336.85,0.80443,4.1621,0.23533,0.3405,0.82134,0.81688,0.5,0.63268,0.43448,0.81688,0.5,0.495,0.10967,1.48011,6.95747,0.33132,1.4016,1.92105,9.33729e-05,9.33729e-05,9.33729e-05
489,1337.88,0.77494,3.77378,0.2615,0.33392,1.05197,0.83965,0.5,0.6417,0.43809,0.83965,0.5,0.495,0.11383,1.50974,6.91619,0.32965,1.49389,1.96322,9.29486e-05,9.29486e-05,9.29486e-05
490,1338.93,0.78115,4.44399,0.24773,0.35435,0.89407,0.83965,0.5,0.6417,0.43809,0.83965,0.5,0.495,0.11383,1.50974,6.91619,0.32965,1.49389,1.96322,9.25243e-05,9.25243e-05,9.25243e-05
491,1339.98,0.81577,3.90413,0.26192,0.34822,0.8256,0.83965,0.5,0.6417,0.43809,0.83965,0.5,0.495,0.11383,1.50974,6.91619,0.32965,1.49389,1.96322,9.21e-05,9.21e-05,9.21e-05
492,1341.03,0.8412,4.45958,0.26097,0.34784,1.047,0.90435,0.5,0.6417,0.46447,0.90435,0.5,0.495,0.13283,1.49138,6.89865,0.3283,1.49806,1.91131,9.16757e-05,9.16757e-05,9.16757e-05
493,1342.5,0.93708,4.07332,0.23168,0.33402,1.00965,0.90435,0.5,0.6417,0.46447,0.90435,0.5,0.495,0.13283,1.49138,6.89865,0.3283,1.49806,1.91131,9.12514e-05,9.12514e-05,9.12514e-05
494,1343.98,0.87067,4.05966,0.25588,0.38047,0.94792,0.94642,0.5,0.57625,0.425,0.94642,0.5,0.495,0.12208,1.46587,7.06158,0.3281,1.49481,1.84499,9.08271e-05,9.08271e-05,9.08271e-05
495,1345.02,0.75807,4.13614,0.24249,0.3524,1.19339,0.94642,0.5,0.57625,0.425,0.94642,0.5,0.495,0.12208,1.46587,7.06158,0.3281,1.49481,1.84499,9.04029e-05,9.04029e-05,9.04029e-05
496,1346.07,0.78066,3.96989,0.23845,0.31397,0.78668,0.94987,0.5,0.63268,0.44523,0.94987,0.5,0.495,0.11133,1.41219,7.1801,0.32896,1.45201,1.79249,8.99786e-05,8.99786e-05,8.99786e-05
497,1347.11,0.84748,3.82294,0.26027,0.36552,0.89485,0.94987,0.5,0.63268,0.44523,0.94987,0.5,0.495,0.11133,1.41219,7.1801,0.32896,1.45201,1.79249,8.95543e-05,8.95543e-05,8.95543e-05
498,1348.15,0.60654,3.54989,0.22237,0.31187,0.86416,0.94987,0.5,0.63268,0.44523,0.94987,0.5,0.495,0.11133,1.41219,7.1801,0.32896,1.45201,1.79249,8.913e-05,8.913e-05,8.913e-05
499,1349.2,0.74344,4.77644,0.24394,0.31965,0.83762,0.95913,0.5,0.56722,0.43214,0.89574,0.375,0.375,0.09933,1.43419,7.30994,0.32972,1.54097,1.85157,8.87057e-05,8.87057e-05,8.87057e-05
500,1350.23,1.32357,4.05473,0.27722,0.42462,0.86695,0.95913,0.5,0.56722,0.43214,0.89574,0.375,0.375,0.09933,1.43419,7.30994,0.32972,1.54097,1.85157,8.82814e-05,8.82814e-05,8.82814e-05
501,1351.27,0.97251,3.94634,0.2568,0.36323,0.80712,0.96604,0.5,0.71667,0.45842,0.91081,0.375,0.375,0.09933,1.43867,7.41957,0.33065,1.53587,1.87176,8.78571e-05,8.78571e-05,8.78571e-05
502,1352.3,0.8997,4.19862,0.22176,0.35872,0.81502,0.96604,0.5,0.71667,0.45842,0.91081,0.375,0.375,0.09933,1.43867,7.41957,0.33065,1.53587,1.87176,8.74329e-05,8.74329e-05,8.74329e-05
503,1353.36,0.85253,4.29225,0.27136,0.38222,0.9449,0.97386,0.5,0.71667,0.42942,0.91929,0.375,0.375,0.09517,1.44295,7.48777,0.33053,1.44095,1.87711,8.70086e-05,8.70086e-05,8.70086e-05
504,1354.39,0.703,4.0115,0.26859,0.33584,0.93089,0.97386,0.5,0.71667,0.42942,0.91929,0.375,0.375,0.09517,1.44295,7.48777,0.33053,1.44095,1.87711,8.65843e-05,8.65843e-05,8.65843e-05
505,1355.42,1.13428,4.0966,0.24291,0.3849,0.77693,0.97386,0.5,0.71667,0.42942,0.91929,0.375,0.375,0.09517,1.44295,7.48777,0.33053,1.44095,1.87711,8.616e-05,8.616e-05,8.616e-05
506,1356.47,0.93861,4.02062,0.24932,0.36511,0.80804,0.82584,0.625,0.66333,0.41875,0.93043,0.375,0.375,0.09517,1.44637,7.55459,0.33396,1.44402,1.86791,8.57357e-05,8.57357e-05,8.57357e-05
507,1357.5,0.66506,4.17177,0.23034,0.3089,0.92961,0.82584,0.625,0.66333,0.41875,0.93043,0.375,0.375,0.09517,1.44637,7.55459,0.33396,1.44402,1.86791,8.53114e-05,8.53114e-05,8.53114e-05
508,1358.55,1.10394,3.85348,0.2512,0.37923,0.73176,0.82798,0.625,0.74917,0.45515,0.92703,0.375,0.375,0.1115,1.40031,7.49485,0.33258,1.39188,1.8124,8.48871e-05,8.48871e-05,8.48871e-05
509,1359.56,1.00337,3.61517,0.2424,0.37873,0.76523,0.82798,0.625,0.74917,0.45515,0.92703,0.375,0.375,0.1115,1.40031,7.49485,0.33258,1.39188,1.8124,8.44629e-05,8.44629e-05,8.44629e-05
510,1360.57,0.81923,4.1449,0.25475,0.33689,0.80359,0.83086,0.625,0.74917,0.46492,0.93524,0.375,0.375,0.1115,1.39785,7.48059,0.33269,1.39114,1.7881,8.40386e-05,8.40386e-05,8.40386e-05
511,1361.57,0.73297,4.49937,0.28018,0.36838,0.91619,0.83086,0.625,0.74917,0.46492,0.93524,0.375,0.375,0.1115,1.39785,7.48059,0.33269,1.39114,1.7881,8.36143e-05,8.36143e-05,8.36143e-05
512,1362.58,1.09224,3.55776,0.25002,0.38478,0.78268,0.83086,0.625,0.74917,0.46492,0.93524,0.375,0.375,0.1115,1.39785,7.48059,0.33269,1.39114,1.7881,8.319e-05,8.319e-05,8.319e-05
513,1363.59,0.6337,4.06348,0.2405,0.33785,0.89287,0.83319,0.62446,0.74917,0.4659,0.61781,0.25,0.205,0.0945,1.43341,7.4085,0.33225,1.46872,1.81128,8.27657e-05,8.27657e-05,8.27657e-05
514,1364.6,0.77992,3.84219,0.24787,0.34541,0.88553,0.83319,0.62446,0.74917,0.4659,0.61781,0.25,0.205,0.0945,1.43341,7.4085,0.33225,1.46872,1.81128,8.23414e-05,8.23414e-05,8.23414e-05
515,1365.61,1.09374,3.70693,0.22966,0.39474,0.74101,0.83309,0.6241,0.74917,0.4534,0.62055,0.25,0.205,0.0945,1.4677,7.38172,0.33228,1.52945,1.83402,8.19171e-05,8.19171e-05,8.19171e-05
516,1366.62,0.85365,3.65205,0.19477,0.33367,0.76422,0.83309,0.6241,0.74917,0.4534,0.62055,0.25,0.205,0.0945,1.4677,7.38172,0.33228,1.52945,1.83402,8.14929e-05,8.14929e-05,8.14929e-05
517,1367.62,0.76389,4.03922,0.24918,0.32428,0.81524,0.83318,0.62441,0.64879,0.40306,0.61532,0.25,0.205,0.0945,1.47976,7.39486,0.33344,1.56531,1.85465,8.10686e-05,8.10686e-05,8.10686e-05
518,1368.62,0.77316,4.65816,0.26416,0.32359,0.81279,0.83318,0.62441,0.64879,0.40306,0.61532,0.25,0.205,0.0945,1.47976,7.39486,0.33344,1.56531,1.85465,8.06443e-05,8.06443e-05,8.06443e-05
519,1369.63,0.84757,3.63243,0.23476,0.327,0.80776,0.83318,0.62441,0.64879,0.40306,0.61532,0.25,0.205,0.0945,1.47976,7.39486,0.33344,1.56531,1.85465,8.022e-05,8.022e-05,8.022e-05
520,1370.65,0.85219,4.37604,0.23751,0.35328,0.89989,0.83314,0.62427,0.58333,0.40247,0.61215,0.25,0.205,0.0945,1.47194,7.38825,0.33524,1.56949,1.85208,7.97957e-05,7.97957e-05,7.97957e-05
521,1371.66,0.53403,3.87467,0.20193,0.31306,0.97286,0.83314,0.62427,0.58333,0.40247,0.61215,0.25,0.205,0.0945,1.47194,7.38825,0.33524,1.56949,1.85208,7.93714e-05,7.93714e-05,7.93714e-05
522,1372.68,0.82129,3.91449,0.2746,0.36274,0.93084,0.83138,0.625,0.58333,0.40247,0.60888,0.25,0.205,0.09867,1.48185,7.37978,0.33511,1.56513,1.88285,7.89471e-05,7.89471e-05,7.89471e-05
523,1373.69,0.82296,3.74446,0.2573,0.32978,0.79663,0.83138,0.625,0.58333,0.40247,0.60888,0.25,0.205,0.09867,1.48185,7.37978,0.33511,1.56513,1.88285,7.85229e-05,7.85229e-05,7.85229e-05
524,1374.73,0.55442,4.26483,0.20831,0.3015,0.80951,0.82836,0.625,0.64879,0.40776,0.60351,0.25,0.205,0.09867,1.48915,7.39905,0.33746,1.56768,1.91011,7.80986e-05,7.80986e-05,7.80986e-05
525,1375.77,0.67474,3.88341,0.22577,0.3108,0.85597,0.82836,0.625,0.64879,0.40776,0.60351,0.25,0.205,0.09867,1.48915,7.39905,0.33746,1.56768,1.91011,7.76743e-05,7.76743e-05,7.76743e-05
526,1376.89,1.15375,4.19758,0.30219,0.41351,0.75816,0.82836,0.625,0.64879,0.40776,0.60351,0.25,0.205,0.09867,1.48915,7.39905,0.33746,1.56768,1.91011,7.725e-05,7.725e-05,7.725e-05
527,1377.98,0.97224,3.98841,0.22438,0.3796,0.78027,0.8299,0.625,0.65533,0.40187,0.60256,0.25,0.205,0.09867,1.50535,7.41638,0.3382,1.56137,1.93402,7.68257e-05,7.68257e-05,7.68257e-05
528,1379.03,0.86792,3.95432,0.23806,0.36122,0.80482,0.8299,0.625,0.65533,0.40187,0.60256,0.25,0.205,0.09867,1.50535,7.41638,0.3382,1.56137,1.93402,7.64014e-05,7.64014e-05,7.64014e-05
529,1380.05,0.69483,4.34219,0.24917,0.31207,0.90781,0.83317,0.62437,0.65533,0.40187,0.59126,0.25,0.205,0.09867,1.52091,7.42622,0.34005,1.52333,1.97226,7.59771e-05,7.59771e-05,7.59771e-05
530,1381.06,1.01537,4.56646,0.33396,0.37396,0.90894,0.83317,0.62437,0.65533,0.40187,0.59126,0.25,0.205,0.09867,1.52091,7.42622,0.34005,1.52333,1.97226,7.55529e-05,7.55529e-05,7.55529e-05
531,1382.09,0.76254,4.31486,0.23429,0.34226,0.90447,0.83191,0.61965,0.65533,0.40187,0.58897,0.375,0.283,0.1228,1.51951,7.36011,0.33728,1.49752,1.96292,7.51286e-05,7.51286e-05,7.51286e-05
532,1383.1,0.69375,3.43988,0.21628,0.30712,0.89736,0.83191,0.61965,0.65533,0.40187,0.58897,0.375,0.283,0.1228,1.51951,7.36011,0.33728,1.49752,1.96292,7.47043e-05,7.47043e-05,7.47043e-05
533,1384.19,0.72067,3.82218,0.23075,0.3313,0.83622,0.83191,0.61965,0.65533,0.40187,0.58897,0.375,0.283,0.1228,1.51951,7.36011,0.33728,1.49752,1.96292,7.428e-05,7.428e-05,7.428e-05
534,1385.23,1.17593,4.46793,0.22865,0.42552,0.78404,0.83073,0.61524,0.66333,0.40267,0.59054,0.375,0.283,0.13913,1.54238,7.29524,0.33757,1.46064,1.99752,7.38557e-05,7.38557e-05,7.38557e-05
535,1386.28,0.55654,3.63862,0.25013,0.2812,0.84234,0.83073,0.61524,0.66333,0.40267,0.59054,0.375,0.283,0.13913,1.54238,7.29524,0.33757,1.46064,1.99752,7.34314e-05,7.34314e-05,7.34314e-05
536,1387.34,1.09399,3.64198,0.22592,0.36285,0.7085,0.68589,0.625,0.63586,0.40577,0.5908,0.375,0.283,0.14693,1.50487,7.17906,0.33218,1.3772,1.97847,7.30071e-05,7.30071e-05,7.30071e-05
537,1388.37,0.71518,4.37953,0.22601,0.3279,0.94027,0.68589,0.625,0.63586,0.40577,0.5908,0.375,0.283,0.14693,1.50487,7.17906,0.33218,1.3772,1.97847,7.25829e-05,7.25829e-05,7.25829e-05
538,1389.4,0.74151,3.77887,0.25453,0.3178,0.81745,0.6,0.75,0.64386,0.39877,0.59085,0.375,0.283,0.1228,1.52465,7.13953,0.3317,1.36539,2.01966,7.21586e-05,7.21586e-05,7.21586e-05
539,1390.41,0.97113,4.04512,0.27374,0.39139,0.96513,0.6,0.75,0.64386,0.39877,0.59085,0.375,0.283,0.1228,1.52465,7.13953,0.3317,1.36539,2.01966,7.17343e-05,7.17343e-05,7.17343e-05
540,1391.42,0.83725,3.94075,0.25871,0.35771,0.96629,0.6,0.75,0.64386,0.39877,0.59085,0.375,0.283,0.1228,1.52465,7.13953,0.3317,1.36539,2.01966,7.131e-05,7.131e-05,7.131e-05
541,1392.43,0.66984,3.68145,0.23449,0.30977,0.80627,0.7009,0.625,0.63586,0.40517,0.59071,0.375,0.283,0.1306,1.48861,7.08833,0.32984,1.35502,1.93474,7.08857e-05,7.08857e-05,7.08857e-05
542,1393.44,1.04032,3.53975,0.26549,0.37576,0.77551,0.7009,0.625,0.63586,0.40517,0.59071,0.375,0.283,0.1306,1.48861,7.08833,0.32984,1.35502,1.93474,7.04614e-05,7.04614e-05,7.04614e-05
543,1394.46,0.81606,3.74756,0.30723,0.3389,0.8129,0.6,0.75,0.64386,0.38627,0.5909,0.375,0.283,0.11427,1.5259,7.11477,0.33026,1.37108,1.9833,7.00371e-05,7.00371e-05,7.00371e-05
544,1395.48,0.87008,4.10208,0.25612,0.34471,1.00016,0.6,0.75,0.64386,0.38627,0.5909,0.375,0.283,0.11427,1.5259,7.11477,0.33026,1.37108,1.9833,6.96129e-05,6.96129e-05,6.96129e-05
545,1396.54,0.92168,3.68141,0.2301,0.37482,0.79682,0.68819,0.625,0.63586,0.40517,0.59049,0.375,0.283,0.12207,1.49512,7.06681,0.3287,1.37588,1.93456,6.91886e-05,6.91886e-05,6.91886e-05
546,1397.59,1.29321,4.1571,0.33427,0.41731,0.86197,0.68819,0.625,0.63586,0.40517,0.59049,0.375,0.283,0.12207,1.49512,7.06681,0.3287,1.37588,1.93456,6.87643e-05,6.87643e-05,6.87643e-05
547,1398.63,0.78035,4.1582,0.29479,0.34031,0.87634,0.68819,0.625,0.63586,0.40517,0.59049,0.375,0.283,0.12207,1.49512,7.06681,0.3287,1.37588,1.93456,6.834e-05,6.834e-05,6.834e-05
548,1399.65,0.75484,3.93186,0.22314,0.34711,0.91409,0.83087,0.61576,0.68333,0.41856,0.597,0.375,0.3125,0.12675,1.47318,7.00955,0.32999,1.35318,1.88786,6.79157e-05,6.79157e-05,6.79157e-05
549,1400.67,1.30833,3.96567,0.22229,0.42714,0.78643,0.83087,0.61576,0.68333,0.41856,0.597,0.375,0.3125,0.12675,1.47318,7.00955,0.32999,1.35318,1.88786,6.74914e-05,6.74914e-05,6.74914e-05
550,1401.69,1.16328,3.69211,0.24971,0.40468,0.74351,0.90769,0.5,0.58786,0.40179,0.60534,0.375,0.3125,0.14308,1.45081,6.99535,0.32963,1.29367,1.87276,6.70671e-05,6.70671e-05,6.70671e-05
551,1402.7,0.88425,4.5021,0.23693,0.37074,0.83299,0.90769,0.5,0.58786,0.40179,0.60534,0.375,0.3125,0.14308,1.45081,6.99535,0.32963,1.29367,1.87276,6.66429e-05,6.66429e-05,6.66429e-05
552,1403.74,0.80226,4.50171,0.24226,0.33898,0.77783,0.9565,0.5,0.57625,0.40063,0.65758,0.375,0.3125,0.14308,1.44404,7.02899,0.33075,1.27279,1.86083,6.62186e-05,6.62186e-05,6.62186e-05
553,1404.77,1.08683,3.7418,0.26995,0.3769,0.73558,0.9565,0.5,0.57625,0.40063,0.65758,0.375,0.3125,0.14308,1.44404,7.02899,0.33075,1.27279,1.86083,6.57943e-05,6.57943e-05,6.57943e-05
554,1405.78,0.53145,4.5921,0.22186,0.30912,0.90048,0.9565,0.5,0.57625,0.40063,0.65758,0.375,0.3125,0.14308,1.44404,7.02899,0.33075,1.27279,1.86083,6.537e-05,6.537e-05,6.537e-05
555,1406.82,0.89503,3.74403,0.23028,0.35685,0.80155,0.97673,0.5,0.57625,0.40063,0.69667,0.375,0.3125,0.13892,1.46997,7.11345,0.33377,1.26578,1.89157,6.49457e-05,6.49457e-05,6.49457e-05
556,1407.86,0.88633,4.00704,0.23355,0.36843,0.81992,0.97673,0.5,0.57625,0.40063,0.69667,0.375,0.3125,0.13892,1.46997,7.11345,0.33377,1.26578,1.89157,6.45214e-05,6.45214e-05,6.45214e-05
557,1408.92,0.71366,4.59527,0.25868,0.41685,0.83881,0.96714,0.5,0.57625,0.40063,0.70898,0.375,0.3125,0.14308,1.47049,7.14346,0.33443,1.27972,1.88169,6.40971e-05,6.40971e-05,6.40971e-05
558,1409.92,0.66513,3.97449,0.26018,0.31827,0.98233,0.96714,0.5,0.57625,0.40063,0.70898,0.375,0.3125,0.14308,1.47049,7.14346,0.33443,1.27972,1.88169,6.36729e-05,6.36729e-05,6.36729e-05
559,1410.94,0.77572,3.8216,0.21243,0.30631,0.74007,0.95662,0.5,0.495,0.3925,0.70597,0.375,0.3125,0.14308,1.46969,7.10319,0.33293,1.22779,1.8814,6.32486e-05,6.32486e-05,6.32486e-05
560,1411.98,0.71901,3.04412,0.19987,0.31439,0.8163,0.95662,0.5,0.495,0.3925,0.70597,0.375,0.3125,0.14308,1.46969,7.10319,0.33293,1.22779,1.8814,6.28243e-05,6.28243e-05,6.28243e-05
561,1413.04,1.12355,3.68405,0.23271,0.374,0.63698,0.95662,0.5,0.495,0.3925,0.70597,0.375,0.3125,0.14308,1.46969,7.10319,0.33293,1.22779,1.8814,6.24e-05,6.24e-05,6.24e-05
562,1414.1,0.76594,4.42131,0.26802,0.33369,0.9006,0.97353,0.5,0.495,0.3925,0.71052,0.375,0.3125,0.1365,1.46077,7.14064,0.33454,1.23936,1.88523,6.19757e-05,6.19757e-05,6.19757e-05
563,1415.14,0.85961,3.3094,0.2804,0.35258,0.79612,0.97353,0.5,0.495,0.3925,0.71052,0.375,0.3125,0.1365,1.46077,7.14064,0.33454,1.23936,1.88523,6.15514e-05,6.15514e-05,6.15514e-05
564,1416.15,1.10007,4.51446,0.25998,0.37854,0.82264,0.97274,0.5,0.495,0.3925,0.71047,0.375,0.3125,0.1365,1.46685,7.13723,0.33736,1.25407,1.892,6.11271e-05,6.11271e-05,6.11271e-05
565,1417.15,1.11838,4.10895,0.3434,0.39966,0.83188,0.97274,0.5,0.495,0.3925,0.71047,0.375,0.3125,0.1365,1.46685,7.13723,0.33736,1.25407,1.892,6.07029e-05,6.07029e-05,6.07029e-05
566,1418.16,1.03958,4.74852,0.24521,0.34846,0.79917,0.96767,0.5,0.495,0.3925,0.70976,0.375,0.3125,0.1365,1.48383,7.10048,0.33686,1.26646,1.8801,6.02786e-05,6.02786e-05,6.02786e-05
567,1419.19,0.65167,3.74408,0.24948,0.31778,0.92926,0.96767,0.5,0.495,0.3925,0.70976,0.375,0.3125,0.1365,1.48383,7.10048,0.33686,1.26646,1.8801,5.98543e-05,5.98543e-05,5.98543e-05
568,1420.23,0.82151,3.35143,0.25239,0.34924,0.87796,0.96767,0.5,0.495,0.3925,0.70976,0.375,0.3125,0.1365,1.48383,7.10048,0.33686,1.26646,1.8801,5.943e-05,5.943e-05,5.943e-05
569,1421.27,0.84418,3.60769,0.23588,0.33845,0.79477,0.97308,0.5,0.495,0.38,0.7099,0.375,0.3125,0.1365,1.57519,7.09389,0.33622,1.294,1.98895,5.90057e-05,5.90057e-05,5.90057e-05
570,1422.31,1.02272,3.78148,0.27822,0.35277,0.73728,0.97308,0.5,0.495,0.38,0.7099,0.375,0.3125,0.1365,1.57519,7.09389,0.33622,1.294,1.98895,5.85814e-05,5.85814e-05,5.85814e-05
571,1423.36,0.77381,3.64874,0.24207,0.31278,0.77906,0.98839,0.5,0.58786,0.39857,0.71689,0.375,0.3125,0.1365,1.56531,7.10816,0.3361,1.29087,1.96707,5.81571e-05,5.81571e-05,5.81571e-05
572,1424.41,0.99642,4.30292,0.24701,0.36626,1.03368,0.98839,0.5,0.58786,0.39857,0.71689,0.375,0.3125,0.1365,1.56531,7.10816,0.3361,1.29087,1.96707,5.77329e-05,5.77329e-05,5.77329e-05
573,1425.44,0.71947,3.59778,0.21997,0.31062,0.81031,0.9874,0.5,0.58786,0.39857,0.71726,0.375,0.3125,0.13092,1.57225,7.0384,0.3354,1.31405,1.98739,5.73086e-05,5.73086e-05,5.73086e-05
574,1426.44,1.10143,3.98477,0.24367,0.38205,0.69377,0.9874,0.5,0.58786,0.39857,0.71726,0.375,0.3125,0.13092,1.57225,7.0384,0.3354,1.31405,1.98739,5.68843e-05,5.68843e-05,5.68843e-05
575,1427.44,0.83482,3.72642,0.24148,0.34409,0.79276,0.9874,0.5,0.58786,0.39857,0.71726,0.375,0.3125,0.13092,1.57225,7.0384,0.3354,1.31405,1.98739,5.646e-05,5.646e-05,5.646e-05
576,1428.47,0.83078,3.37172,0.26377,0.32173,0.73545,0.98083,0.5,0.58786,0.39857,0.71565,0.375,0.3125,0.13092,1.55179,7.05821,0.33492,1.33927,1.95937,5.60357e-05,5.60357e-05,5.60357e-05
577,1429.52,0.83832,3.16786,0.26707,0.33797,0.79138,0.98083,0.5,0.58786,0.39857,0.71565,0.375,0.3125,0.13092,1.55179,7.05821,0.33492,1.33927,1.95937,5.56114e-05,5.56114e-05,5.56114e-05
578,1430.57,0.7514,3.48719,0.2463,0.30627,0.89057,0.83045,0.61421,0.68333,0.40967,0.72105,0.375,0.3125,0.1365,1.50769,7.03439,0.33433,1.35942,1.94137,5.51871e-05,5.51871e-05,5.51871e-05
579,1431.61,0.83259,3.87868,0.21911,0.30854,0.77501,0.83045,0.61421,0.68333,0.40967,0.72105,0.375,0.3125,0.1365,1.50769,7.03439,0.33433,1.35942,1.94137,5.47629e-05,5.47629e-05,5.47629e-05
580,1432.66,0.99627,3.83663,0.37238,0.35339,0.86868,1,0.4936,0.495,0.3925,0.73825,0.375,0.3125,0.13233,1.53717,7.00949,0.33236,1.32353,1.98874,5.43386e-05,5.43386e-05,5.43386e-05
581,1433.7,0.86784,3.98436,0.26091,0.34141,0.85358,1,0.4936,0.495,0.3925,0.73825,0.375,0.3125,0.13233,1.53717,7.00949,0.33236,1.32353,1.98874,5.39143e-05,5.39143e-05,5.39143e-05
582,1434.73,0.8335,3.62042,0.23328,0.31099,0.74976,1,0.4936,0.495,0.3925,0.73825,0.375,0.3125,0.13233,1.53717,7.00949,0.33236,1.32353,1.98874,5.349e-05,5.349e-05,5.349e-05
583,1435.79,0.76958,3.95138,0.25431,0.32106,0.85603,1,0.47627,0.495,0.3925,0.74626,0.36939,0.3125,0.13233,1.50971,7.09511,0.33287,1.31291,1.97057,5.30657e-05,5.30657e-05,5.30657e-05
584,1436.84,0.76951,4.01629,0.27785,0.32808,0.84289,1,0.47627,0.495,0.3925,0.74626,0.36939,0.3125,0.13233,1.50971,7.09511,0.33287,1.31291,1.97057,5.26414e-05,5.26414e-05,5.26414e-05
585,1437.9,0.93888,3.43434,0.27099,0.32569,0.78845,0.78738,0.5,0.471,0.3722,0.59053,0.375,0.283,0.13497,1.51019,7.13679,0.33324,1.33677,1.95848,5.22171e-05,5.22171e-05,5.22171e-05
586,1438.97,0.77392,4.36794,0.25511,0.33762,0.91983,0.78738,0.5,0.471,0.3722,0.59053,0.375,0.283,0.13497,1.51019,7.13679,0.33324,1.33677,1.95848,5.17929e-05,5.17929e-05,5.17929e-05
587,1440.03,0.68475,3.25173,0.22512,0.29171,0.75373,0.78752,0.5,0.471,0.3722,0.63103,0.25,0.205,0.123,1.52983,7.25534,0.33372,1.37389,1.9958,5.13686e-05,5.13686e-05,5.13686e-05
588,1441.07,0.91606,4.2578,0.27428,0.36416,0.79185,0.78752,0.5,0.471,0.3722,0.63103,0.25,0.205,0.123,1.52983,7.25534,0.33372,1.37389,1.9958,5.09443e-05,5.09443e-05,5.09443e-05
589,1442.12,0.91976,3.89677,0.25281,0.34583,0.81156,0.78752,0.5,0.471,0.3722,0.63103,0.25,0.205,0.123,1.52983,7.25534,0.33372,1.37389,1.9958,5.052e-05,5.052e-05,5.052e-05
590,1443.16,0.76873,3.86109,0.27701,0.33592,0.79305,0.78748,0.5,0.471,0.3722,0.63244,0.25,0.205,0.123,1.48718,7.29591,0.33506,1.36231,1.93479,5.00957e-05,5.00957e-05,5.00957e-05
591,1444.2,0.88709,3.65307,0.24083,0.33535,0.79239,0.78748,0.5,0.471,0.3722,0.63244,0.25,0.205,0.123,1.48718,7.29591,0.33506,1.36231,1.93479,4.96714e-05,4.96714e-05,4.96714e-05
592,1445.24,0.55721,3.32413,0.20694,0.27748,0.80171,0.787,0.5,0.471,0.3722,0.63408,0.25,0.205,0.123,1.45917,7.27382,0.33251,1.32426,1.8974,4.92471e-05,4.92471e-05,4.92471e-05
593,1446.29,0.68273,3.47192,0.20952,0.31815,0.82893,0.787,0.5,0.471,0.3722,0.63408,0.25,0.205,0.123,1.45917,7.27382,0.33251,1.32426,1.8974,4.88229e-05,4.88229e-05,4.88229e-05
594,1447.33,1.04401,3.75512,0.25574,0.37507,0.7712,0.78664,0.5,0.471,0.3722,0.63633,0.25,0.205,0.123,1.46465,7.24964,0.33054,1.37198,1.89348,4.83986e-05,4.83986e-05,4.83986e-05
595,1448.37,0.67473,3.15386,0.25399,0.30685,0.95359,0.78664,0.5,0.471,0.3722,0.63633,0.25,0.205,0.123,1.46465,7.24964,0.33054,1.37198,1.89348,4.79743e-05,4.79743e-05,4.79743e-05
596,1449.41,0.65558,4.08817,0.21933,0.32776,0.87083,0.78664,0.5,0.471,0.3722,0.63633,0.25,0.205,0.123,1.46465,7.24964,0.33054,1.37198,1.89348,4.755e-05,4.755e-05,4.755e-05
597,1450.42,0.76769,3.91801,0.22331,0.3685,0.973,1,0.48575,0.58786,0.40179,0.74219,0.36329,0.3125,0.12158,1.44326,7.22589,0.33029,1.3821,1.85992,4.71257e-05,4.71257e-05,4.71257e-05
598,1451.43,0.79954,3.6726,0.26832,0.33265,0.83978,1,0.48575,0.58786,0.40179,0.74219,0.36329,0.3125,0.12158,1.44326,7.22589,0.33029,1.3821,1.85992,4.67014e-05,4.67014e-05,4.67014e-05
599,1452.45,0.85906,3.92065,0.25235,0.35505,0.86584,1,0.48707,0.57625,0.40063,0.6344,0.25,0.205,0.11083,1.45061,7.20017,0.3312,1.39247,1.85727,4.62771e-05,4.62771e-05,4.62771e-05
600,1453.47,0.80271,3.5297,0.22479,0.28653,0.76494,1,0.48707,0.57625,0.40063,0.6344,0.25,0.205,0.11083,1.45061,7.20017,0.3312,1.39247,1.85727,4.58529e-05,4.58529e-05,4.58529e-05
601,1454.52,0.7334,3.20537,0.26145,0.30975,0.85725,0.83276,0.62284,0.69333,0.42317,0.72419,0.375,0.3125,0.13792,1.40503,7.14586,0.32998,1.35336,1.81153,4.54286e-05,4.54286e-05,4.54286e-05
602,1455.53,0.76413,3.8182,0.24935,0.33532,0.94824,0.83276,0.62284,0.69333,0.42317,0.72419,0.375,0.3125,0.13792,1.40503,7.14586,0.32998,1.35336,1.81153,4.50043e-05,4.50043e-05,4.50043e-05
603,1456.61,0.8589,4.03376,0.30699,0.32284,0.80459,0.83276,0.62284,0.69333,0.42317,0.72419,0.375,0.3125,0.13792,1.40503,7.14586,0.32998,1.35336,1.81153,4.458e-05,4.458e-05,4.458e-05
604,1457.64,0.63199,3.17003,0.22642,0.27171,0.80563,0.83301,0.62379,0.69333,0.42317,0.72237,0.375,0.3125,0.14208,1.42811,7.07279,0.32822,1.37756,1.82582,4.41557e-05,4.41557e-05,4.41557e-05
605,1458.67,0.72554,3.40042,0.25997,0.31887,0.82733,0.83301,0.62379,0.69333,0.42317,0.72237,0.375,0.3125,0.14208,1.42811,7.07279,0.32822,1.37756,1.82582,4.37314e-05,4.37314e-05,4.37314e-05
606,1459.71,1.01889,3.98358,0.2357,0.35038,0.82867,0.83303,0.62387,0.60333,0.41417,0.72426,0.375,0.3125,0.14208,1.43113,7.0482,0.32883,1.34611,1.82236,4.33071e-05,4.33071e-05,4.33071e-05
607,1460.73,0.72965,3.6784,0.25458,0.31344,0.85467,0.83303,0.62387,0.60333,0.41417,0.72426,0.375,0.3125,0.14208,1.43113,7.0482,0.32883,1.34611,1.82236,4.28829e-05,4.28829e-05,4.28829e-05
608,1461.77,0.78172,3.40203,0.23903,0.33226,0.82596,0.83321,0.62455,0.60333,0.41417,0.72466,0.375,0.3125,0.14208,1.44613,7.11896,0.33009,1.36458,1.84747,4.24586e-05,4.24586e-05,4.24586e-05
609,1462.81,0.69135,3.40344,0.21777,0.32176,0.98631,0.83321,0.62455,0.60333,0.41417,0.72466,0.375,0.3125,0.14208,1.44613,7.11896,0.33009,1.36458,1.84747,4.20343e-05,4.20343e-05,4.20343e-05
610,1463.85,0.85257,3.63039,0.21618,0.32155,0.77844,0.83321,0.62455,0.60333,0.41417,0.72466,0.375,0.3125,0.14208,1.44613,7.11896,0.33009,1.36458,1.84747,4.161e-05,4.161e-05,4.161e-05
611,1464.89,0.68565,4.30716,0.26287,0.32236,0.93854,0.83183,0.625,0.60333,0.41417,0.7268,0.375,0.3125,0.14208,1.45738,7.18791,0.33115,1.38816,1.86156,4.11857e-05,4.11857e-05,4.11857e-05
612,1465.92,0.64847,3.4248,0.22316,0.30196,0.80741,0.83183,0.625,0.60333,0.41417,0.7268,0.375,0.3125,0.14208,1.45738,7.18791,0.33115,1.38816,1.86156,4.07614e-05,4.07614e-05,4.07614e-05
613,1466.95,1.18735,3.45528,0.34313,0.39258,0.79723,0.83015,0.625,0.60333,0.41417,0.72554,0.375,0.3125,0.13792,1.47221,7.16275,0.33153,1.4174,1.87441,4.03371e-05,4.03371e-05,4.03371e-05
614,1467.97,0.84141,4.03558,0.21915,0.32455,0.83514,0.83015,0.625,0.60333,0.41417,0.72554,0.375,0.3125,0.13792,1.47221,7.16275,0.33153,1.4174,1.87441,3.99129e-05,3.99129e-05,3.99129e-05
615,1469.01,0.97844,3.5175,0.25869,0.36111,0.78736,0.82662,0.625,0.69333,0.42317,0.72942,0.375,0.3125,0.13792,1.45615,7.21569,0.33206,1.48208,1.87002,3.94886e-05,3.94886e-05,3.94886e-05
616,1470.03,0.70946,3.32654,0.25153,0.31258,0.82735,0.82662,0.625,0.69333,0.42317,0.72942,0.375,0.3125,0.13792,1.45615,7.21569,0.33206,1.48208,1.87002,3.90643e-05,3.90643e-05,3.90643e-05
617,1471.03,0.73385,3.60143,0.27027,0.32654,0.78473,0.82662,0.625,0.69333,0.42317,0.72942,0.375,0.3125,0.13792,1.45615,7.21569,0.33206,1.48208,1.87002,3.864e-05,3.864e-05,3.864e-05
618,1472.02,0.77146,3.57978,0.27424,0.3212,0.89871,0.82537,0.625,0.68333,0.43017,0.7298,0.375,0.3125,0.14867,1.42254,7.20665,0.33404,1.46682,1.85371,3.82157e-05,3.82157e-05,3.82157e-05
619,1473.02,0.97463,3.41466,0.22753,0.32603,0.73299,0.82537,0.625,0.68333,0.43017,0.7298,0.375,0.3125,0.14867,1.42254,7.20665,0.33404,1.46682,1.85371,3.77914e-05,3.77914e-05,3.77914e-05
620,1474.02,0.82124,3.86937,0.24608,0.3326,0.8197,0.82487,0.625,0.68333,0.43017,0.6317,0.25,0.205,0.12717,1.40455,7.20967,0.33426,1.45293,1.86171,3.73671e-05,3.73671e-05,3.73671e-05
621,1475.02,0.70875,4.34168,0.23872,0.32663,0.84419,0.82487,0.625,0.68333,0.43017,0.6317,0.25,0.205,0.12717,1.40455,7.20967,0.33426,1.45293,1.86171,3.69429e-05,3.69429e-05,3.69429e-05
622,1476.02,0.88497,3.66472,0.27675,0.32538,0.76833,0.82373,0.625,0.67533,0.42857,0.72976,0.375,0.3125,0.14867,1.3806,7.16488,0.33337,1.43954,1.84502,3.65186e-05,3.65186e-05,3.65186e-05
623,1477.02,1.03639,3.37518,0.23967,0.37071,0.81647,0.82373,0.625,0.67533,0.42857,0.72976,0.375,0.3125,0.14867,1.3806,7.16488,0.33337,1.43954,1.84502,3.60943e-05,3.60943e-05,3.60943e-05
624,1478.06,0.84931,3.68534,0.26067,0.31661,0.80684,0.82373,0.625,0.67533,0.42857,0.72976,0.375,0.3125,0.14867,1.3806,7.16488,0.33337,1.43954,1.84502,3.567e-05,3.567e-05,3.567e-05
625,1479.07,0.63625,3.16168,0.23174,0.30988,0.82864,0.82446,0.625,0.67533,0.42857,0.62736,0.25,0.205,0.12717,1.40112,7.18015,0.33406,1.50664,1.87843,3.52457e-05,3.52457e-05,3.52457e-05
626,1480.08,1.01886,3.73702,0.27522,0.3558,0.7438,0.82446,0.625,0.67533,0.42857,0.62736,0.25,0.205,0.12717,1.40112,7.18015,0.33406,1.50664,1.87843,3.48214e-05,3.48214e-05,3.48214e-05
627,1481.1,0.62221,3.05282,0.25457,0.28943,0.74976,0.83287,0.62326,0.66879,0.42726,0.63052,0.25,0.205,0.12717,1.39302,7.1923,0.33251,1.50783,1.87759,3.43971e-05,3.43971e-05,3.43971e-05
628,1482.11,0.98206,3.43241,0.21434,0.36694,0.73798,0.83287,0.62326,0.66879,0.42726,0.63052,0.25,0.205,0.12717,1.39302,7.1923,0.33251,1.50783,1.87759,3.39729e-05,3.39729e-05,3.39729e-05
629,1483.12,0.93522,3.70144,0.2465,0.33537,0.75105,0.8332,0.625,0.60333,0.41417,0.63707,0.25,0.205,0.12717,1.40122,7.26996,0.33255,1.53103,1.88194,3.35486e-05,3.35486e-05,3.35486e-05
630,1484.13,0.94685,3.76721,0.33476,0.37346,0.7385,0.8332,0.625,0.60333,0.41417,0.63707,0.25,0.205,0.12717,1.40122,7.26996,0.33255,1.53103,1.88194,3.31243e-05,3.31243e-05,3.31243e-05
631,1485.14,0.77312,3.31365,0.2399,0.2957,0.78557,0.8332,0.625,0.60333,0.41417,0.63707,0.25,0.205,0.12717,1.40122,7.26996,0.33255,1.53103,1.88194,3.27e-05,3.27e-05,3.27e-05
632,1486.15,0.70056,4.26713,0.245,0.30179,0.86094,0.83327,0.62477,0.66879,0.42726,0.63946,0.25,0.205,0.12717,1.40026,7.27489,0.3312,1.52709,1.88284,3.22757e-05,3.22757e-05,3.22757e-05
633,1487.16,0.72392,3.49269,0.28723,0.31939,0.87598,0.83327,0.62477,0.66879,0.42726,0.63946,0.25,0.205,0.12717,1.40026,7.27489,0.3312,1.52709,1.88284,3.18514e-05,3.18514e-05,3.18514e-05
634,1488.18,0.66749,3.40838,0.2458,0.30591,1.03637,0.83237,0.62138,0.66879,0.42726,0.63464,0.25,0.205,0.12717,1.37423,7.22424,0.3313,1.46961,1.84869,3.14271e-05,3.14271e-05,3.14271e-05
635,1489.21,0.48657,3.6506,0.24014,0.29373,0.93321,0.83237,0.62138,0.66879,0.42726,0.63464,0.25,0.205,0.12717,1.37423,7.22424,0.3313,1.46961,1.84869,3.10029e-05,3.10029e-05,3.10029e-05
636,1490.27,0.82739,3.40869,0.26473,0.31331,0.73718,0.8315,0.61814,0.66879,0.42726,0.72736,0.375,0.3125,0.14208,1.33277,7.16321,0.3295,1.42012,1.81543,3.05786e-05,3.05786e-05,3.05786e-05
637,1491.32,0.91877,3.36345,0.22111,0.37195,0.71525,0.8315,0.61814,0.66879,0.42726,0.72736,0.375,0.3125,0.14208,1.33277,7.16321,0.3295,1.42012,1.81543,3.01543e-05,3.01543e-05,3.01543e-05
638,1492.37,0.86387,4.0616,0.24371,0.32524,0.90166,0.8315,0.61814,0.66879,0.42726,0.72736,0.375,0.3125,0.14208,1.33277,7.16321,0.3295,1.42012,1.81543,2.973e-05,2.973e-05,2.973e-05
639,1493.4,0.89335,3.68532,0.22203,0.37246,0.91221,0.831,0.61626,0.66879,0.42726,0.72522,0.375,0.3125,0.14208,1.33331,7.14319,0.32912,1.42488,1.81635,2.93057e-05,2.93057e-05,2.93057e-05
640,1494.42,0.62224,4.63856,0.237,0.31761,0.88569,0.831,0.61626,0.66879,0.42726,0.72522,0.375,0.3125,0.14208,1.33331,7.14319,0.32912,1.42488,1.81635,2.88814e-05,2.88814e-05,2.88814e-05
641,1495.47,1.11056,3.80964,0.23039,0.39431,0.80994,0.83301,0.62377,0.67533,0.42857,0.72344,0.375,0.3125,0.15283,1.31544,7.0518,0.32728,1.38865,1.79824,2.84571e-05,2.84571e-05,2.84571e-05
642,1496.52,0.76101,3.10655,0.2327,0.31273,0.74623,0.83301,0.62377,0.67533,0.42857,0.72344,0.375,0.3125,0.15283,1.31544,7.0518,0.32728,1.38865,1.79824,2.80329e-05,2.80329e-05,2.80329e-05
643,1497.58,0.61174,3.58108,0.23214,0.26268,0.82003,0.833,0.62374,0.67533,0.42857,0.7231,0.375,0.3125,0.15283,1.29666,7.03597,0.32667,1.3397,1.78032,2.76086e-05,2.76086e-05,2.76086e-05
644,1498.61,0.95436,3.85376,0.25429,0.35449,0.74436,0.833,0.62374,0.67533,0.42857,0.7231,0.375,0.3125,0.15283,1.29666,7.03597,0.32667,1.3397,1.78032,2.71843e-05,2.71843e-05,2.71843e-05
645,1499.67,1.1772,3.72508,0.30558,0.37684,0.76613,0.833,0.62374,0.67533,0.42857,0.7231,0.375,0.3125,0.15283,1.29666,7.03597,0.32667,1.3397,1.78032,2.676e-05,2.676e-05,2.676e-05
646,1500.75,1.24297,3.09158,0.21666,0.38208,0.67452,0.83297,0.62363,0.67533,0.42857,0.72462,0.375,0.3125,0.15283,1.3149,7.07736,0.32746,1.39076,1.78277,2.63357e-05,2.63357e-05,2.63357e-05
647,1501.8,0.77897,3.35715,0.24121,0.3222,0.80508,0.83297,0.62363,0.67533,0.42857,0.72462,0.375,0.3125,0.15283,1.3149,7.07736,0.32746,1.39076,1.78277,2.59114e-05,2.59114e-05,2.59114e-05
648,1502.85,0.79981,3.31889,0.24801,0.336,0.8253,0.83328,0.62481,0.68333,0.43017,0.724,0.375,0.3125,0.15283,1.31212,7.08858,0.32665,1.42672,1.78494,2.54871e-05,2.54871e-05,2.54871e-05
649,1503.9,0.78945,4.49175,0.35496,0.3358,0.80229,0.83328,0.62481,0.68333,0.43017,0.724,0.375,0.3125,0.15283,1.31212,7.08858,0.32665,1.42672,1.78494,2.50629e-05,2.50629e-05,2.50629e-05
650,1504.95,0.68389,3.28757,0.28156,0.31675,0.80586,0.83281,0.625,0.69333,0.43217,0.72184,0.375,0.3125,0.14867,1.30993,7.06221,0.32751,1.38052,1.777,2.46386e-05,2.46386e-05,2.46386e-05
651,1506.01,1.07507,3.27362,0.25183,0.37281,0.78867,0.83281,0.625,0.69333,0.43217,0.72184,0.375,0.3125,0.14867,1.30993,7.06221,0.32751,1.38052,1.777,2.42143e-05,2.42143e-05,2.42143e-05
652,1507.07,0.72044,3.32881,0.22716,0.29059,0.89784,0.83281,0.625,0.69333,0.43217,0.72184,0.375,0.3125,0.14867,1.30993,7.06221,0.32751,1.38052,1.777,2.379e-05,2.379e-05,2.379e-05
653,1508.13,1.00558,3.34285,0.2709,0.36656,0.76743,0.83329,0.62483,0.69333,0.43217,0.7226,0.375,0.3125,0.15283,1.29649,7.10404,0.32769,1.35572,1.75966,2.33657e-05,2.33657e-05,2.33657e-05
654,1509.17,0.79372,3.66917,0.25617,0.33918,0.75936,0.83329,0.62483,0.69333,0.43217,0.7226,0.375,0.3125,0.15283,1.29649,7.10404,0.32769,1.35572,1.75966,2.29414e-05,2.29414e-05,2.29414e-05
655,1510.23,0.91954,3.1913,0.23893,0.33668,0.71377,0.8313,0.625,0.69333,0.43217,0.72478,0.375,0.3125,0.14208,1.30795,7.14752,0.32777,1.37259,1.7679,2.25171e-05,2.25171e-05,2.25171e-05
656,1511.28,0.88055,3.37228,0.26905,0.31864,0.73792,0.8313,0.625,0.69333,0.43217,0.72478,0.375,0.3125,0.14208,1.30795,7.14752,0.32777,1.37259,1.7679,2.20929e-05,2.20929e-05,2.20929e-05
657,1512.33,0.74918,3.45267,0.23453,0.29852,0.76711,0.83279,0.62295,0.68333,0.43017,0.74878,0.37318,0.3125,0.13792,1.33064,7.20023,0.32883,1.39141,1.78883,2.16686e-05,2.16686e-05,2.16686e-05
658,1513.38,0.68245,3.07984,0.21651,0.30253,0.7669,0.83279,0.62295,0.68333,0.43017,0.74878,0.37318,0.3125,0.13792,1.33064,7.20023,0.32883,1.39141,1.78883,2.12443e-05,2.12443e-05,2.12443e-05
659,1514.43,0.88392,3.46979,0.25392,0.35436,0.78026,0.83279,0.62295,0.68333,0.43017,0.74878,0.37318,0.3125,0.13792,1.33064,7.20023,0.32883,1.39141,1.78883,2.082e-05,2.082e-05,2.082e-05
660,1515.48,0.91708,3.69713,0.36362,0.38272,0.87563,0.83299,0.625,0.66333,0.41067,0.63774,0.25,0.205,0.12717,1.37076,7.22004,0.33008,1.42385,1.83914,2.03957e-05,2.03957e-05,2.03957e-05
661,1516.52,0.68899,4.21794,0.28497,0.46379,0.87706,0.83299,0.625,0.66333,0.41067,0.63774,0.25,0.205,0.12717,1.37076,7.22004,0.33008,1.42385,1.83914,1.99714e-05,1.99714e-05,1.99714e-05
662,1517.58,0.90577,3.33365,0.23223,0.35331,0.87213,0.78679,0.5,0.55225,0.38033,0.63681,0.25,0.205,0.12717,1.40606,7.20492,0.32842,1.47815,1.87631,1.95471e-05,1.95471e-05,1.95471e-05
663,1518.62,0.58908,3.25195,0.24156,0.30283,0.826,0.78679,0.5,0.55225,0.38033,0.63681,0.25,0.205,0.12717,1.40606,7.20492,0.32842,1.47815,1.87631,1.91229e-05,1.91229e-05,1.91229e-05
664,1519.67,0.689,3.106,0.23697,0.30968,0.78889,0.78724,0.5,0.55225,0.38033,0.63498,0.25,0.205,0.13133,1.41959,7.20909,0.32932,1.47381,1.90025,1.86986e-05,1.86986e-05,1.86986e-05
665,1520.71,0.61302,3.12108,0.24767,0.29783,0.82607,0.78724,0.5,0.55225,0.38033,0.63498,0.25,0.205,0.13133,1.41959,7.20909,0.32932,1.47381,1.90025,1.82743e-05,1.82743e-05,1.82743e-05
666,1521.76,0.6616,3.56678,0.22777,0.30857,0.79261,0.78724,0.5,0.55225,0.38033,0.63498,0.25,0.205,0.13133,1.41959,7.20909,0.32932,1.47381,1.90025,1.785e-05,1.785e-05,1.785e-05
667,1522.8,0.70636,3.43352,0.23147,0.31924,0.81449,0.78645,0.5,0.55225,0.38845,0.63672,0.25,0.205,0.13133,1.37822,7.18211,0.32885,1.42619,1.86973,1.74257e-05,1.74257e-05,1.74257e-05
668,1523.85,0.80325,3.9844,0.26775,0.33243,0.78408,0.78645,0.5,0.55225,0.38845,0.63672,0.25,0.205,0.13133,1.37822,7.18211,0.32885,1.42619,1.86973,1.70014e-05,1.70014e-05,1.70014e-05
669,1524.93,1.0055,3.51157,0.24996,0.36929,0.70929,1,0.47954,0.57625,0.40875,0.6395,0.25,0.205,0.13133,1.37401,7.15291,0.32808,1.41155,1.86029,1.65771e-05,1.65771e-05,1.65771e-05
670,1525.97,0.67009,3.63023,0.22911,0.28607,0.86395,1,0.47954,0.57625,0.40875,0.6395,0.25,0.205,0.13133,1.37401,7.15291,0.32808,1.41155,1.86029,1.61529e-05,1.61529e-05,1.61529e-05
671,1527.03,0.58924,3.45157,0.27376,0.31456,0.77249,1,0.48956,0.57625,0.40875,0.63918,0.25,0.205,0.13133,1.37061,7.13212,0.32866,1.41436,1.85659,1.57286e-05,1.57286e-05,1.57286e-05
672,1528.08,0.8463,3.89888,0.28792,0.32192,0.77796,1,0.48956,0.57625,0.40875,0.63918,0.25,0.205,0.13133,1.37061,7.13212,0.32866,1.41436,1.85659,1.53043e-05,1.53043e-05,1.53043e-05
673,1529.13,0.62385,3.26383,0.24537,0.29635,0.80492,1,0.48956,0.57625,0.40875,0.63918,0.25,0.205,0.13133,1.37061,7.13212,0.32866,1.41436,1.85659,1.488e-05,1.488e-05,1.488e-05
674,1530.18,1.05554,4.17841,0.23842,0.359,0.6364,1,0.49345,0.57625,0.40875,0.64063,0.25,0.205,0.13133,1.37256,7.14948,0.32963,1.44229,1.85516,1.44557e-05,1.44557e-05,1.44557e-05
675,1531.22,0.7805,3.77417,0.27564,0.31964,0.85044,1,0.49345,0.57625,0.40875,0.64063,0.25,0.205,0.13133,1.37256,7.14948,0.32963,1.44229,1.85516,1.40314e-05,1.40314e-05,1.40314e-05
676,1532.27,0.8789,3.3613,0.3366,0.36225,0.80443,1,0.49548,0.57625,0.40875,0.64136,0.25,0.205,0.13133,1.42783,7.16488,0.3307,1.50264,1.89437,1.36071e-05,1.36071e-05,1.36071e-05
677,1533.3,0.61235,3.69218,0.22146,0.29847,0.89136,1,0.49548,0.57625,0.40875,0.64136,0.25,0.205,0.13133,1.42783,7.16488,0.3307,1.50264,1.89437,1.31829e-05,1.31829e-05,1.31829e-05
678,1534.35,0.70043,3.38428,0.23181,0.30894,0.7653,0.985,0.5,0.58786,0.41107,0.73033,0.375,0.3125,0.14208,1.395,7.11525,0.33015,1.45845,1.86403,1.27586e-05,1.27586e-05,1.27586e-05
679,1535.39,0.66818,3.44049,0.19819,0.29649,0.88138,0.985,0.5,0.58786,0.41107,0.73033,0.375,0.3125,0.14208,1.395,7.11525,0.33015,1.45845,1.86403,1.23343e-05,1.23343e-05,1.23343e-05
680,1536.44,0.55596,3.3616,0.27084,0.28002,0.8028,0.985,0.5,0.58786,0.41107,0.73033,0.375,0.3125,0.14208,1.395,7.11525,0.33015,1.45845,1.86403,1.191e-05,1.191e-05,1.191e-05
681,1537.48,1.00367,4.35109,0.24307,0.37648,0.83542,0.74697,0.73939,0.69333,0.43217,0.72985,0.375,0.3125,0.14208,1.37149,7.08772,0.32888,1.41628,1.85285,1.14857e-05,1.14857e-05,1.14857e-05
682,1538.51,0.60223,3.58183,0.25638,0.32754,0.91075,0.74697,0.73939,0.69333,0.43217,0.72985,0.375,0.3125,0.14208,1.37149,7.08772,0.32888,1.41628,1.85285,1.10614e-05,1.10614e-05,1.10614e-05
683,1539.55,0.86284,3.47565,0.2203,0.31944,0.71864,0.97809,0.5,0.58786,0.41107,0.72896,0.375,0.3125,0.15283,1.40235,7.03466,0.3287,1.4327,1.87496,1.06371e-05,1.06371e-05,1.06371e-05
684,1540.57,0.81252,3.33215,0.23268,0.30325,0.67756,0.97809,0.5,0.58786,0.41107,0.72896,0.375,0.3125,0.15283,1.40235,7.03466,0.3287,1.4327,1.87496,1.02129e-05,1.02129e-05,1.02129e-05
685,1541.58,0.82134,3.1361,0.24654,0.30315,0.7698,0.9764,0.5,0.58786,0.41107,0.72778,0.375,0.3125,0.15283,1.40488,7.0074,0.32912,1.42977,1.88937,9.78857e-06,9.78857e-06,9.78857e-06
686,1542.59,0.74876,4.73758,0.25039,0.32697,0.89526,0.9764,0.5,0.58786,0.41107,0.72778,0.375,0.3125,0.15283,1.40488,7.0074,0.32912,1.42977,1.88937,9.36429e-06,9.36429e-06,9.36429e-06
687,1543.61,0.73307,3.66798,0.22099,0.32486,0.82691,0.9764,0.5,0.58786,0.41107,0.72778,0.375,0.3125,0.15283,1.40488,7.0074,0.32912,1.42977,1.88937,8.94e-06,8.94e-06,8.94e-06
688,1544.64,1.23553,3.80525,0.27948,0.37788,0.70112,0.97611,0.5,0.58786,0.39857,0.72836,0.375,0.3125,0.15283,1.40963,7.03871,0.32892,1.41742,1.87776,8.51571e-06,8.51571e-06,8.51571e-06
689,1545.65,0.99697,3.19347,0.25541,0.35647,0.71026,0.97611,0.5,0.58786,0.39857,0.72836,0.375,0.3125,0.15283,1.40963,7.03871,0.32892,1.41742,1.87776,8.09143e-06,8.09143e-06,8.09143e-06
690,1546.68,0.69219,3.48953,0.25741,0.30561,0.79855,0.97797,0.5,0.58786,0.39857,0.72562,0.375,0.3125,0.15283,1.40902,7.09723,0.32987,1.41098,1.86847,7.66714e-06,7.66714e-06,7.66714e-06
691,1548.47,0.84084,3.04349,0.22625,0.33268,0.70287,0.97797,0.5,0.58786,0.39857,0.72562,0.375,0.3125,0.15283,1.40902,7.09723,0.32987,1.41098,1.86847,7.24286e-06,7.24286e-06,7.24286e-06
692,1549.57,0.95047,3.97482,0.24776,0.33884,0.77895,0.97675,0.5,0.58786,0.39857,0.72457,0.375,0.3125,0.15283,1.4031,7.08359,0.33235,1.4167,1.86135,6.81857e-06,6.81857e-06,6.81857e-06
693,1550.61,0.55725,3.649,0.23328,0.26503,0.83029,0.97675,0.5,0.58786,0.39857,0.72457,0.375,0.3125,0.15283,1.4031,7.08359,0.33235,1.4167,1.86135,6.39429e-06,6.39429e-06,6.39429e-06
694,1551.65,0.72208,4.19245,0.25448,0.36389,0.82157,0.97675,0.5,0.58786,0.39857,0.72457,0.375,0.3125,0.15283,1.4031,7.08359,0.33235,1.4167,1.86135,5.97e-06,5.97e-06,5.97e-06
695,1552.7,0.57346,3.21743,0.26539,0.29406,0.76442,0.97263,0.5,0.58786,0.41107,0.72166,0.375,0.3125,0.15283,1.40133,7.04997,0.33097,1.37522,1.86626,5.54571e-06,5.54571e-06,5.54571e-06
696,1553.74,0.75074,3.72832,0.23233,0.31135,0.77023,0.97263,0.5,0.58786,0.41107,0.72166,0.375,0.3125,0.15283,1.40133,7.04997,0.33097,1.37522,1.86626,5.12143e-06,5.12143e-06,5.12143e-06
697,1554.79,1.05967,4.15221,0.22292,0.35076,0.69223,0.97425,0.5,0.58786,0.41107,0.72243,0.375,0.3125,0.15283,1.41481,7.06188,0.33102,1.39218,1.88268,4.69714e-06,4.69714e-06,4.69714e-06
698,1555.83,0.77896,3.87372,0.23679,0.33897,0.80117,0.97425,0.5,0.58786,0.41107,0.72243,0.375,0.3125,0.15283,1.41481,7.06188,0.33102,1.39218,1.88268,4.27286e-06,4.27286e-06,4.27286e-06
699,1556.88,0.78734,3.87596,0.2133,0.31995,0.75121,0.97212,0.5,0.58786,0.41107,0.72089,0.375,0.3125,0.15283,1.42166,7.05557,0.32988,1.37621,1.89607,3.84857e-06,3.84857e-06,3.84857e-06
700,1557.92,1.17952,3.25885,0.20613,0.38882,0.67738,0.97212,0.5,0.58786,0.41107,0.72089,0.375,0.3125,0.15283,1.42166,7.05557,0.32988,1.37621,1.89607,3.42429e-06,3.42429e-06,3.42429e-06
