epoch,time,train/box_loss,train/pose_loss,train/kobj_loss,train/cls_loss,train/dfl_loss,metrics/precision(B),metrics/recall(B),metrics/mAP50(B),metrics/mAP50-95(B),metrics/precision(P),metrics/recall(P),metrics/mAP50(P),metrics/mAP50-95(P),val/box_loss,val/pose_loss,val/kobj_loss,val/cls_loss,val/dfl_loss,lr/pg0,lr/pg1,lr/pg2
1,15.6565,1.90147,11.7558,0.53195,1.04628,2.40398,0.45775,0.71429,0.59348,0.23891,0,0,0,0,1.88697,11.6197,0.44125,3.54544,3.16831,9.65517e-05,9.65517e-05,0.0679126
2,19.2297,1.6776,11.6106,0.35451,0.89904,1.83057,0.84643,0.80357,0.85139,0.53318,0,0,0,0,1.62246,11.4791,0.39227,1.03132,2.02266,0.000196274,0.000196274,0.034679
3,22.8593,1.60374,11.2424,0.37455,0.79578,1.62795,0.86683,0.82143,0.86728,0.53402,0,0,0,0,1.75795,10.9241,0.45297,0.95706,2.00561,0.000295713,0.000295713,0.00144514
4,26.5153,1.44722,10.7451,0.42818,0.70241,1.62377,0.8706,0.84106,0.93068,0.59224,0,0,0,0,1.5558,10.5647,0.47689,0.91743,1.83293,0.000298727,0.000298727,0.000298727
5,30.2062,1.38544,10.2301,0.44004,0.70301,1.57552,0.74532,0.85714,0.86742,0.53954,0,0,0,0,1.67445,10.1699,0.50794,1.03218,1.98487,0.000298303,0.000298303,0.000298303
6,33.431,1.32201,9.93595,0.42718,0.66894,1.66777,0.93469,0.80357,0.92422,0.60594,0,0,0,0,1.46917,9.73259,0.46696,0.89256,1.84555,0.000297879,0.000297879,0.000297879
7,37.099,1.32751,9.7044,0.39054,0.65486,1.46556,0.9244,0.87347,0.94803,0.63557,0,0,0,0,1.44704,9.58831,0.40883,0.8106,1.85086,0.000297454,0.000297454,0.000297454
8,40.7446,1.18485,9.47728,0.38138,0.60383,1.46396,0.89316,0.89578,0.93676,0.65382,0,0,0,0,1.37654,9.36131,0.3767,0.78529,1.70798,0.00029703,0.00029703,0.00029703
9,44.4007,1.21299,9.33905,0.3736,0.61138,1.40759,0.91119,0.83929,0.9284,0.64097,0,0,0,0,1.37436,9.6881,0.37004,0.80454,1.62591,0.000296606,0.000296606,0.000296606
10,47.6404,1.20317,9.20983,0.35312,0.59385,1.37276,0.89971,0.80103,0.91342,0.65035,0,0,0,0,1.31444,9.42042,0.35595,0.80577,1.59055,0.000296181,0.000296181,0.000296181
11,50.8183,1.14946,9.07018,0.34688,0.59219,1.37384,0.97253,0.875,0.9265,0.69053,0,0,0,0,1.2503,9.08429,0.34967,0.83299,1.54913,0.000295757,0.000295757,0.000295757
12,54.4217,1.22328,8.94278,0.36193,0.61878,1.44948,0.92031,0.89286,0.93372,0.66607,0,0,0,0,1.29809,8.78555,0.34794,0.7675,1.59619,0.000295333,0.000295333,0.000295333
13,57.5999,1.16924,8.63295,0.35789,0.58288,1.31453,0.90421,0.89286,0.93053,0.66378,0,0,0,0,1.2702,8.61657,0.34953,0.79687,1.5823,0.000294909,0.000294909,0.000294909
14,60.8459,1.13263,8.51751,0.35154,0.55862,1.3738,0.8586,0.82143,0.9163,0.65299,0,0,0,0,1.28149,8.69959,0.34547,0.8659,1.61482,0.000294484,0.000294484,0.000294484
15,64.0797,1.11016,8.44644,0.34059,0.52462,1.29983,0.9087,0.89286,0.95217,0.70155,0,0,0,0,1.26157,8.62783,0.3321,0.73824,1.56645,0.00029406,0.00029406,0.00029406
16,67.7006,1.0358,8.36969,0.3247,0.48194,1.20175,0.9615,0.89193,0.9555,0.73065,0,0,0,0,1.15966,8.46812,0.31641,0.64168,1.43233,0.000293636,0.000293636,0.000293636
17,71.3184,1.0592,8.3071,0.31164,0.4955,1.2424,1,0.77453,0.92851,0.68462,0,0,0,0,1.2838,8.48176,0.31537,0.73831,1.58118,0.000293211,0.000293211,0.000293211
18,74.5453,1.02939,8.14028,0.3185,0.4877,1.22242,0.8778,0.83929,0.89621,0.68446,0,0,0,0,1.20828,8.38708,0.31702,0.73367,1.43096,0.000292787,0.000292787,0.000292787
19,77.7969,1.12096,8.12466,0.32709,0.52777,1.23824,0.90288,0.83013,0.92559,0.67508,0,0,0,0,1.25463,8.15986,0.30847,0.75067,1.5549,0.000292363,0.000292363,0.000292363
20,81.0375,1.0695,7.69622,0.31726,0.49284,1.20173,0.9487,0.875,0.94618,0.68179,0,0,0,0,1.25782,7.97988,0.30902,0.72472,1.5582,0.000291939,0.000291939,0.000291939
21,84.3525,0.97265,7.45667,0.30937,0.48973,1.21868,0.92357,0.86324,0.9383,0.65727,0,0,0,0,1.33309,7.77762,0.30987,0.76591,1.65771,0.000291514,0.000291514,0.000291514
22,87.565,0.98763,7.21818,0.30766,0.47912,1.21687,0.95913,0.83824,0.9153,0.69811,0.21966,0.125,0.05735,0.00574,1.24819,7.34164,0.30841,0.76601,1.47994,0.00029109,0.00029109,0.00029109
23,90.7955,1.03474,7.09119,0.3085,0.48843,1.16884,0.94109,0.85577,0.92051,0.7157,0.13892,0.10714,0.01685,0.00173,1.18799,7.28172,0.30435,0.66877,1.41282,0.000290666,0.000290666,0.000290666
24,94.026,1.04723,6.91102,0.3156,0.50436,1.32525,0.94328,0.92857,0.95363,0.72529,0.49275,0.30357,0.24379,0.0249,1.1561,7.03339,0.30422,0.63024,1.42184,0.000290241,0.000290241,0.000290241
25,97.5904,0.93991,6.66337,0.3092,0.44565,1.08522,0.92517,0.91071,0.96035,0.6953,0.62427,0.38582,0.32934,0.05846,1.15012,6.92762,0.30705,0.66555,1.40213,0.000289817,0.000289817,0.000289817
26,101.245,1.00019,6.4487,0.30578,0.44781,1.1222,0.96079,0.87507,0.96199,0.73965,0.7914,0.51786,0.53356,0.07401,1.06774,6.86035,0.2987,0.60367,1.31311,0.000289393,0.000289393,0.000289393
27,104.87,0.96504,6.54299,0.29952,0.4569,1.16285,0.9212,0.91071,0.94211,0.70704,0.58421,0.375,0.33413,0.04079,1.1553,6.94319,0.29019,0.63312,1.35495,0.000288969,0.000288969,0.000288969
28,108.101,1.01207,6.36297,0.29417,0.45255,1.05078,0.97736,0.83929,0.91996,0.69855,0.65406,0.39286,0.3311,0.04195,1.16199,6.91454,0.28775,0.72324,1.35419,0.000288544,0.000288544,0.000288544
29,111.325,0.97342,6.32806,0.28788,0.45991,1.09712,0.98064,0.90471,0.94909,0.70451,0.68408,0.41071,0.35327,0.05168,1.14769,6.82112,0.28453,0.60254,1.41842,0.00028812,0.00028812,0.00028812
30,114.518,0.9475,6.27508,0.28499,0.45478,1.15124,0.94531,0.92601,0.94698,0.70103,0.5566,0.35714,0.28578,0.03932,1.23683,6.95179,0.28357,0.64412,1.52698,0.000287696,0.000287696,0.000287696
31,117.732,0.99456,6.2862,0.28616,0.45901,1.19025,0.97987,0.86936,0.95041,0.6911,0.28791,0.17857,0.05971,0.00606,1.32149,7.20075,0.27266,0.62977,1.65268,0.000287271,0.000287271,0.000287271
32,120.929,1.05269,6.27622,0.28556,0.47666,1.20877,0.93463,0.85714,0.92993,0.69529,0.62271,0.39286,0.29861,0.03639,1.18655,6.72058,0.27281,0.66804,1.47224,0.000286847,0.000286847,0.000286847
33,124.195,1.04644,6.16595,0.30038,0.46042,1.22053,0.91722,0.83929,0.92531,0.66881,0.37309,0.25,0.15162,0.01873,1.25668,6.9232,0.27286,0.69173,1.55374,0.000286423,0.000286423,0.000286423
34,127.423,1.00919,6.05165,0.28415,0.48244,1.12828,0.87425,0.85714,0.92741,0.67958,0.86661,0.58017,0.59396,0.11089,1.19572,6.53693,0.27489,0.66047,1.43981,0.000285999,0.000285999,0.000285999
35,130.679,0.93437,5.86857,0.28893,0.46925,1.09333,0.94599,0.82143,0.91249,0.68924,0.85482,0.55357,0.5696,0.12184,1.20523,6.4719,0.27564,0.65268,1.45157,0.000285574,0.000285574,0.000285574
36,133.88,0.96398,5.53768,0.28749,0.43653,1.04782,0.94785,0.83929,0.93471,0.70172,0.88809,0.53571,0.56221,0.11246,1.15373,6.25858,0.27312,0.7323,1.41516,0.00028515,0.00028515,0.00028515
37,137.524,0.88105,5.32413,0.28282,0.4136,1.06211,0.98256,0.875,0.95943,0.70859,0.89659,0.55357,0.58725,0.1689,1.13825,6.12082,0.27043,0.64556,1.39506,0.000284726,0.000284726,0.000284726
38,141.095,0.9081,5.34075,0.28146,0.42029,1.11081,0.96694,0.91071,0.95418,0.72158,0.91948,0.61186,0.65029,0.1634,1.1492,5.93691,0.26536,0.56768,1.41121,0.000284301,0.000284301,0.000284301
39,144.802,0.97529,5.19381,0.29129,0.44337,1.04286,0.96932,0.82143,0.919,0.68003,0.91408,0.56999,0.59916,0.1894,1.19243,6.20828,0.26487,0.66656,1.40205,0.000283877,0.000283877,0.000283877
40,148.05,0.89226,4.86925,0.28067,0.41022,1.06762,0.93095,0.96309,0.9514,0.72753,0.87975,0.58929,0.64241,0.27099,1.14209,5.60197,0.26336,0.61009,1.36954,0.000283453,0.000283453,0.000283453
41,151.7,0.93032,4.67203,0.2749,0.40426,1.03938,0.89346,0.92857,0.93042,0.70349,0.84145,0.625,0.64109,0.26902,1.19321,5.45703,0.26117,0.61069,1.43203,0.000283029,0.000283029,0.000283029
42,154.953,0.89911,4.67075,0.27863,0.40596,1.0446,0.9285,0.92756,0.93358,0.70664,0.8964,0.61813,0.65242,0.2411,1.09906,5.38239,0.26105,0.56697,1.36086,0.000282604,0.000282604,0.000282604
43,158.156,0.90678,4.52062,0.28057,0.41292,1.03939,0.90818,0.88317,0.94322,0.71561,0.85752,0.625,0.65285,0.22853,1.1514,5.59484,0.25948,0.62234,1.38345,0.00028218,0.00028218,0.00028218
44,161.349,0.91121,4.58511,0.28554,0.40504,1.05707,0.83512,0.90452,0.93829,0.71928,0.8389,0.625,0.63755,0.28038,1.14925,5.35427,0.25774,0.68097,1.42271,0.000281756,0.000281756,0.000281756
45,165.038,0.87809,4.66653,0.27996,0.40957,1.112,0.85865,0.86785,0.93465,0.72949,0.81803,0.60714,0.63237,0.31299,1.08609,5.17266,0.26022,0.6608,1.37641,0.000281331,0.000281331,0.000281331
46,168.732,0.89143,4.61193,0.28732,0.41341,1.05745,0.956,0.77612,0.93099,0.69661,0.89304,0.59648,0.61828,0.20954,1.21051,5.66152,0.26014,0.67609,1.472,0.000280907,0.000280907,0.000280907
47,171.945,0.89803,4.64475,0.27991,0.40274,1.07327,0.96143,0.89025,0.96762,0.74897,0.91456,0.625,0.66679,0.32241,1.15721,5.18807,0.25958,0.57066,1.38993,0.000280483,0.000280483,0.000280483
48,175.613,0.9286,4.78101,0.28211,0.41666,1.04431,0.94717,0.89286,0.96098,0.71347,0.8527,0.60714,0.60932,0.3024,1.18156,5.5556,0.26319,0.64419,1.40064,0.000280059,0.000280059,0.000280059
49,178.865,0.87917,4.4517,0.27825,0.40335,1.03224,0.92824,0.92403,0.96112,0.71512,0.81435,0.62667,0.64385,0.28064,1.09744,5.20733,0.26454,0.60168,1.36511,0.000279634,0.000279634,0.000279634
50,182.063,0.86533,4.49546,0.27403,0.39503,1.10613,0.92963,0.94369,0.95487,0.67988,0.8101,0.60946,0.63122,0.18026,1.2207,5.35712,0.26606,0.58758,1.5144,0.00027921,0.00027921,0.00027921
51,185.282,0.94679,4.31839,0.27576,0.39998,0.97934,0.92954,0.92857,0.95945,0.72103,0.87779,0.64136,0.64878,0.30651,1.15866,5.28655,0.26707,0.53349,1.40246,0.000278786,0.000278786,0.000278786
52,188.488,0.89474,4.28678,0.27391,0.38493,0.9577,0.86631,0.92575,0.92143,0.6903,0.88997,0.57784,0.64589,0.28361,1.23033,5.22833,0.26513,0.5922,1.53805,0.000278361,0.000278361,0.000278361
53,191.687,0.88881,4.39156,0.28045,0.40275,1.0543,0.89898,0.83929,0.89739,0.64103,0.71966,0.58929,0.53369,0.27321,1.22428,5.54455,0.27174,0.677,1.51848,0.000277937,0.000277937,0.000277937
54,194.982,0.86351,4.35062,0.27128,0.378,1.03157,0.94198,0.86987,0.92299,0.69433,0.90906,0.57143,0.60987,0.34419,1.12521,5.36879,0.26597,0.59445,1.38007,0.000277513,0.000277513,0.000277513
55,198.232,0.88665,4.36415,0.27454,0.39218,1.06015,0.93485,0.875,0.9114,0.66893,0.79616,0.55804,0.59275,0.267,1.25557,5.30026,0.26217,0.60791,1.57595,0.000277089,0.000277089,0.000277089
56,201.432,0.89197,4.08581,0.27885,0.39219,1.01986,0.89596,0.92277,0.9235,0.70677,0.86062,0.58929,0.64382,0.3605,1.11573,5.03059,0.26158,0.57967,1.36332,0.000276664,0.000276664,0.000276664
57,204.715,0.90659,4.15091,0.27496,0.39868,1.03401,0.93398,0.85714,0.92514,0.6836,0.86235,0.57143,0.6299,0.2641,1.16733,5.3567,0.26272,0.58202,1.41364,0.00027624,0.00027624,0.00027624
58,207.944,0.87288,4.0386,0.27025,0.38404,0.94964,0.86331,0.94643,0.9469,0.67934,0.82165,0.57594,0.62637,0.33744,1.17267,5.02029,0.26399,0.5864,1.40887,0.000275816,0.000275816,0.000275816
59,211.185,0.90669,4.08442,0.27108,0.39735,1.00164,0.90538,0.8544,0.92015,0.70813,0.90517,0.57143,0.63991,0.36094,1.14933,5.0317,0.26434,0.6131,1.36231,0.000275391,0.000275391,0.000275391
60,214.379,0.82721,3.90213,0.27086,0.37074,1.00499,0.92105,0.83338,0.9134,0.68549,0.86796,0.58929,0.62319,0.29504,1.1895,5.07855,0.26161,0.62244,1.53664,0.000274967,0.000274967,0.000274967
61,217.559,0.88913,3.81532,0.27593,0.38857,0.98748,0.98247,0.80357,0.95665,0.7111,0.84203,0.58929,0.6049,0.3699,1.14539,5.17151,0.26172,0.64981,1.45313,0.000274543,0.000274543,0.000274543
62,221.133,0.87139,3.82811,0.27603,0.38087,0.9692,0.9605,0.8686,0.96088,0.71857,0.85184,0.61611,0.64104,0.36135,1.15947,4.81321,0.26336,0.62324,1.53422,0.000274119,0.000274119,0.000274119
63,224.36,0.90277,3.66958,0.27964,0.40072,0.98854,0.92588,0.89225,0.96054,0.714,0.77566,0.6175,0.61689,0.34014,1.16167,4.95165,0.26365,0.64412,1.5108,0.000273694,0.000273694,0.000273694
64,227.587,0.86088,3.64066,0.28047,0.39287,0.96598,0.91697,0.80357,0.91033,0.69353,0.91661,0.58885,0.64644,0.30884,1.16693,4.70645,0.26262,0.59388,1.54899,0.00027327,0.00027327,0.00027327
65,230.81,0.87124,3.54061,0.27325,0.37826,0.94969,0.93438,0.85714,0.93411,0.71585,0.93874,0.67857,0.7123,0.41392,1.1156,4.2944,0.26091,0.58657,1.45278,0.000272846,0.000272846,0.000272846
66,234.466,0.84136,3.37254,0.26717,0.38058,0.95679,0.96343,0.94098,0.97415,0.72136,0.84936,0.625,0.66053,0.40339,1.10341,4.52567,0.25839,0.58872,1.43062,0.000272421,0.000272421,0.000272421
67,237.654,0.83457,3.32341,0.27439,0.37811,1.00879,0.91249,0.93099,0.96439,0.73069,0.85111,0.64286,0.70478,0.46583,1.08925,4.1876,0.25709,0.61266,1.39913,0.000271997,0.000271997,0.000271997
68,241.294,0.87996,3.25364,0.26494,0.39035,0.99249,0.91019,0.90492,0.95773,0.71461,0.85437,0.625,0.67079,0.4084,1.16845,4.20488,0.25641,0.61649,1.42079,0.000271573,0.000271573,0.000271573
69,244.523,0.83895,3.33674,0.26956,0.37702,0.97706,0.82432,0.94643,0.95713,0.74815,0.8466,0.66071,0.71213,0.45309,1.04805,4.2201,0.25787,0.61036,1.32481,0.000271149,0.000271149,0.000271149
70,248.182,0.84974,3.51902,0.27267,0.39349,0.96781,0.80875,0.9817,0.95354,0.73858,0.8579,0.625,0.66823,0.41438,1.06032,4.28215,0.25901,0.58587,1.30268,0.000270724,0.000270724,0.000270724
71,251.414,0.9004,3.31837,0.27066,0.38848,0.99674,0.89484,0.89286,0.94692,0.74762,0.80131,0.57143,0.63688,0.4188,1.01776,4.22506,0.25585,0.50064,1.27263,0.0002703,0.0002703,0.0002703
72,254.638,0.81841,3.40771,0.2714,0.37585,1.0132,0.87577,0.94643,0.95637,0.73794,0.80509,0.69643,0.70761,0.41373,1.06133,4.08567,0.25607,0.56381,1.30643,0.000269876,0.000269876,0.000269876
73,257.876,0.86571,3.40946,0.27675,0.39076,0.95252,0.89514,0.91465,0.94176,0.73099,0.75692,0.77855,0.75352,0.45453,1.08713,4.04609,0.25552,0.58128,1.33876,0.000269451,0.000269451,0.000269451
74,261.11,0.82958,3.17772,0.27369,0.37804,0.98021,0.92459,0.82143,0.93475,0.75103,0.77521,0.67857,0.70093,0.44137,0.98305,4.03069,0.25807,0.55349,1.23082,0.000269027,0.000269027,0.000269027
75,264.376,0.89271,3.17562,0.26407,0.39662,0.95808,0.85458,0.94448,0.95304,0.73253,0.76915,0.64286,0.68667,0.41545,1.06401,4.17644,0.25618,0.55143,1.28104,0.000268603,0.000268603,0.000268603
76,267.627,0.8351,3.3035,0.27112,0.39526,1.00136,0.85785,0.92857,0.95789,0.76509,0.83149,0.64286,0.67756,0.44505,0.98921,4.09215,0.25803,0.53546,1.25781,0.000268179,0.000268179,0.000268179
77,271.27,0.79137,3.15986,0.26765,0.3698,0.94547,0.87198,0.94643,0.96792,0.7558,0.85435,0.67857,0.72973,0.44892,0.97311,4.16521,0.25677,0.5281,1.24494,0.000267754,0.000267754,0.000267754
78,274.57,0.87557,3.16644,0.28238,0.3843,0.90767,0.8931,0.96429,0.97359,0.7457,0.81349,0.62314,0.66159,0.37413,1.04356,4.33337,0.25615,0.53532,1.33914,0.00026733,0.00026733,0.00026733
79,277.78,0.9268,3.09912,0.26673,0.38473,0.93996,0.88322,0.92857,0.96521,0.75613,0.86548,0.68945,0.71385,0.43005,1.0212,4.21866,0.25417,0.52916,1.31639,0.000266906,0.000266906,0.000266906
80,281.059,0.88105,3.14652,0.26657,0.37735,0.95762,0.91044,0.90766,0.94185,0.7165,0.8287,0.64286,0.65206,0.41506,1.12181,4.5061,0.25821,0.61779,1.44774,0.000266481,0.000266481,0.000266481
81,284.329,0.85091,3.1218,0.2682,0.37112,0.93957,0.91333,0.941,0.93665,0.72941,0.89024,0.66071,0.69517,0.43333,1.06905,4.21413,0.25615,0.57317,1.3788,0.000266057,0.000266057,0.000266057
82,287.629,0.82665,3.18976,0.26587,0.37299,0.93724,1,0.87141,0.94802,0.7583,0.8493,0.64286,0.66396,0.44436,1.00016,4.13686,0.25551,0.55114,1.25441,0.000265633,0.000265633,0.000265633
83,290.865,0.81277,2.99456,0.26711,0.36571,0.96899,0.88238,0.96429,0.96636,0.76249,0.86926,0.71238,0.73747,0.41579,0.97579,4.25541,0.25594,0.50747,1.27525,0.000265209,0.000265209,0.000265209
84,294.101,0.73978,3.03293,0.26577,0.34449,0.93324,0.88502,0.96213,0.96798,0.77027,0.80892,0.66071,0.69357,0.43779,0.93164,4.28742,0.25326,0.51791,1.25505,0.000264784,0.000264784,0.000264784
85,297.373,0.82402,3.06849,0.26281,0.36074,0.89573,0.9135,0.94299,0.96445,0.75339,0.88204,0.66773,0.7367,0.43767,0.95419,4.26242,0.25321,0.56963,1.27687,0.00026436,0.00026436,0.00026436
86,300.568,0.85421,3.10964,0.26435,0.35442,0.94201,0.8839,0.95174,0.95449,0.74439,0.70553,0.71429,0.6853,0.43708,0.99758,4.20092,0.25357,0.53989,1.33491,0.000263936,0.000263936,0.000263936
87,303.827,0.72627,3.02779,0.26331,0.34101,0.92492,0.94444,0.91063,0.94679,0.7533,0.72178,0.69643,0.69373,0.46688,1.00892,3.91401,0.2525,0.49253,1.36696,0.000263511,0.000263511,0.000263511
88,307.469,0.82123,3.11126,0.2649,0.34593,0.9095,0.92293,0.85538,0.93646,0.7546,0.77813,0.71429,0.72528,0.48407,1.00889,4.01107,0.25431,0.55801,1.30456,0.000263087,0.000263087,0.000263087
89,311.123,0.82257,2.99435,0.26287,0.35751,0.93412,0.92585,0.89188,0.95623,0.73259,0.83896,0.71429,0.7465,0.44334,1.03796,4.09093,0.2556,0.60308,1.34301,0.000262663,0.000262663,0.000262663
90,314.392,0.85223,3.06171,0.25852,0.35392,0.88846,0.90634,0.89286,0.92919,0.76116,0.77744,0.74858,0.73711,0.45195,1.00154,4.00787,0.25356,0.60774,1.29515,0.000262239,0.000262239,0.000262239
91,317.64,0.8026,2.97295,0.26506,0.35989,0.93528,0.9241,0.8697,0.93381,0.75895,0.77544,0.71429,0.70166,0.46479,0.97615,4.03143,0.25225,0.59886,1.27128,0.000261814,0.000261814,0.000261814
92,320.89,0.80131,2.97613,0.26691,0.34625,0.91085,0.87761,0.91071,0.93736,0.76137,0.86535,0.68867,0.74678,0.47366,0.94986,4.03444,0.25303,0.55485,1.28747,0.00026139,0.00026139,0.00026139
93,324.152,0.74114,2.98472,0.26712,0.33758,0.91713,0.87719,0.92857,0.9558,0.76541,0.77968,0.67857,0.69379,0.4567,0.98386,4.13302,0.2538,0.54991,1.36832,0.000260966,0.000260966,0.000260966
94,327.366,0.81264,2.99469,0.26725,0.34054,0.89934,0.87935,0.89286,0.9523,0.75521,0.84231,0.66781,0.71884,0.47252,1.05728,4.0797,0.25646,0.5751,1.50412,0.000260541,0.000260541,0.000260541
95,330.577,0.74963,2.87135,0.26737,0.36162,0.91053,0.9209,0.875,0.945,0.74548,0.80766,0.67857,0.69839,0.4551,1.01209,4.06495,0.24833,0.52832,1.36997,0.000260117,0.000260117,0.000260117
96,333.766,0.82638,2.94769,0.26999,0.36198,0.88561,0.90272,0.85714,0.93495,0.6957,0.77305,0.71429,0.71857,0.46205,1.11422,3.92789,0.24678,0.57718,1.48486,0.000259693,0.000259693,0.000259693
97,336.948,0.79771,2.894,0.25412,0.3479,0.87403,0.94095,0.85369,0.96045,0.75202,0.92399,0.66071,0.71972,0.48057,1.04179,3.98642,0.2423,0.50786,1.43083,0.000259269,0.000259269,0.000259269
98,340.136,0.86242,3.04103,0.26102,0.3623,0.90913,0.9595,0.94643,0.97356,0.76538,0.84135,0.69643,0.70974,0.46839,1.02844,4.0139,0.24149,0.48209,1.40248,0.000258844,0.000258844,0.000258844
99,343.339,0.80461,2.98332,0.26809,0.35126,0.88806,0.91293,0.93623,0.96906,0.78051,0.82197,0.65961,0.67609,0.42694,0.96475,4.26403,0.24347,0.51096,1.34687,0.00025842,0.00025842,0.00025842
100,346.529,0.80093,2.97302,0.25839,0.35145,0.9225,0.87154,0.96926,0.96725,0.76786,0.79493,0.69228,0.69107,0.44595,0.98603,4.16402,0.24412,0.52795,1.40066,0.000257996,0.000257996,0.000257996
101,349.796,0.76857,2.89429,0.26204,0.34271,0.93103,0.90797,0.88094,0.96318,0.77001,0.79291,0.68379,0.7257,0.4243,1.00752,4.01914,0.24682,0.52802,1.42089,0.000257571,0.000257571,0.000257571
102,353.019,0.79552,2.89036,0.25559,0.3622,0.93318,0.87971,0.94643,0.96032,0.75493,0.81355,0.60714,0.65994,0.45244,1.0338,3.93158,0.24525,0.52223,1.39045,0.000257147,0.000257147,0.000257147
103,356.215,0.79216,2.88294,0.25926,0.35201,0.92667,0.91638,0.97856,0.96988,0.76825,0.71583,0.76473,0.70934,0.42383,1.01081,3.90128,0.24381,0.51264,1.32075,0.000256723,0.000256723,0.000256723
104,359.357,0.7883,2.90542,0.26704,0.35903,0.86455,0.91387,0.98214,0.97589,0.77703,0.81896,0.78571,0.78972,0.45508,1.00766,3.9091,0.2442,0.51163,1.29098,0.000256299,0.000256299,0.000256299
105,362.581,0.77655,2.78153,0.25463,0.3613,0.88461,0.94662,0.92857,0.96944,0.78291,0.80411,0.82143,0.79955,0.51442,0.96717,3.79317,0.24273,0.49072,1.25958,0.000255874,0.000255874,0.000255874
106,366.197,0.81195,2.78701,0.25753,0.35241,0.91518,0.91832,0.92857,0.96656,0.78045,0.77476,0.73214,0.71765,0.46336,0.9416,3.87598,0.24507,0.52587,1.25819,0.00025545,0.00025545,0.00025545
107,369.42,0.78858,2.73913,0.26428,0.35623,0.96189,0.86529,0.94643,0.96614,0.77617,0.85714,0.67857,0.70708,0.47577,0.97854,3.72355,0.24506,0.51627,1.31866,0.000255026,0.000255026,0.000255026
108,372.585,0.77698,2.87208,0.26735,0.34227,0.87376,0.98037,0.89192,0.97292,0.76816,0.80321,0.64286,0.68286,0.48154,0.99859,3.82758,0.24319,0.53361,1.31588,0.000254601,0.000254601,0.000254601
109,375.841,0.71459,2.85623,0.25504,0.32733,0.90562,0.92936,0.9398,0.97511,0.77413,0.82754,0.69643,0.70911,0.45215,0.96441,3.86636,0.24017,0.4976,1.33394,0.000254177,0.000254177,0.000254177
110,379.096,0.88545,2.86583,0.27023,0.35808,0.95946,0.94672,0.95203,0.98056,0.77759,0.7764,0.76786,0.74129,0.48589,0.9775,3.92722,0.2394,0.46644,1.30725,0.000253753,0.000253753,0.000253753
111,382.341,0.7561,2.80206,0.25599,0.32878,0.85547,0.90732,0.94643,0.95204,0.77032,0.79306,0.71429,0.7097,0.48336,0.97471,3.82986,0.24116,0.50518,1.25942,0.000253329,0.000253329,0.000253329
112,385.591,0.76542,2.77918,0.25704,0.32979,0.88415,0.91397,0.94858,0.9692,0.75401,0.79494,0.76157,0.73067,0.45794,1.01278,3.8526,0.24171,0.53893,1.27172,0.000252904,0.000252904,0.000252904
113,388.864,0.79283,2.71328,0.25722,0.3387,0.90135,0.89926,0.96429,0.94681,0.72656,0.7639,0.76786,0.72425,0.46942,1.00699,3.77413,0.24144,0.506,1.25863,0.00025248,0.00025248,0.00025248
114,392.082,0.79862,2.66807,0.25905,0.33079,0.84982,0.88314,0.94466,0.96018,0.76241,0.8186,0.75,0.7658,0.47782,0.9736,3.84515,0.24063,0.47161,1.23198,0.000252056,0.000252056,0.000252056
115,395.263,0.70459,2.65574,0.25786,0.31475,0.89178,0.88691,0.94643,0.96985,0.77495,0.81798,0.73214,0.75312,0.47542,0.93719,3.90449,0.24072,0.44699,1.24509,0.000251631,0.000251631,0.000251631
116,398.487,0.81779,2.70331,0.25643,0.33412,0.85057,0.98887,0.85714,0.96572,0.76494,0.78766,0.67857,0.6978,0.47494,0.95662,4.00401,0.23824,0.49949,1.29068,0.000251207,0.000251207,0.000251207
117,401.677,0.75137,2.79807,0.25602,0.3266,0.8686,0.89141,0.92857,0.9611,0.74733,0.70364,0.67835,0.67218,0.43846,0.98209,4.07424,0.23777,0.49762,1.3149,0.000250783,0.000250783,0.000250783
118,404.898,0.7771,2.85092,0.24714,0.33603,0.88073,0.88742,0.92857,0.96168,0.76053,0.79166,0.82143,0.79898,0.49809,0.95271,3.88646,0.23826,0.52827,1.25956,0.000250359,0.000250359,0.000250359
119,408.125,0.77336,2.67807,0.25035,0.33084,0.88661,0.89595,0.92266,0.94083,0.73829,0.80795,0.76786,0.78159,0.48366,1.00239,3.82205,0.24022,0.58722,1.30355,0.000249934,0.000249934,0.000249934
120,411.32,0.81078,2.65131,0.25472,0.33891,0.87119,0.88473,0.95942,0.96228,0.78368,0.90223,0.65915,0.71649,0.50228,0.92475,3.81286,0.2451,0.51424,1.22499,0.00024951,0.00024951,0.00024951
121,414.522,0.78716,2.69113,0.25678,0.33707,0.85488,0.95767,0.85714,0.9614,0.79544,0.82518,0.67857,0.71759,0.49697,0.91138,3.89191,0.24742,0.51325,1.21377,0.000249086,0.000249086,0.000249086
122,417.762,0.7737,2.71492,0.26142,0.33669,0.89692,0.94263,0.92857,0.96843,0.77672,0.88091,0.66044,0.71601,0.50954,0.96839,3.79818,0.2465,0.50337,1.27325,0.000248661,0.000248661,0.000248661
123,420.976,0.76044,2.69369,0.25225,0.32598,0.88101,0.91262,0.93263,0.93452,0.77242,0.84159,0.69643,0.71826,0.50835,0.91192,3.9247,0.24385,0.52711,1.21373,0.000248237,0.000248237,0.000248237
124,424.17,0.81086,2.64413,0.25366,0.33245,0.84729,0.91177,0.92273,0.9488,0.77271,0.80741,0.67385,0.70356,0.50147,0.93218,3.84135,0.24311,0.5466,1.20474,0.000247813,0.000247813,0.000247813
125,427.428,0.74719,2.69269,0.25534,0.32305,0.87264,0.92843,0.92668,0.94675,0.75462,0.76748,0.76626,0.73937,0.4811,0.98919,3.93996,0.24736,0.57288,1.26506,0.000247389,0.000247389,0.000247389
126,430.639,0.77212,2.66205,0.26076,0.32171,0.84871,0.91953,0.94643,0.96791,0.77846,0.80699,0.75,0.74527,0.49627,0.93317,3.88532,0.2465,0.49362,1.21147,0.000246964,0.000246964,0.000246964
127,433.865,0.7266,2.79612,0.25403,0.34431,0.88462,0.89962,0.96028,0.96911,0.78093,0.86771,0.70284,0.741,0.50699,0.926,3.87828,0.24451,0.47962,1.20945,0.00024654,0.00024654,0.00024654
128,437.063,0.79662,2.66356,0.25409,0.34683,0.87917,0.9011,0.92857,0.9354,0.7706,0.87101,0.67857,0.71048,0.50373,0.92112,3.86971,0.2377,0.53319,1.20652,0.000246116,0.000246116,0.000246116
129,440.276,0.76729,2.73182,0.24738,0.32755,0.87451,0.92577,0.89086,0.95996,0.79391,0.87251,0.66071,0.69282,0.48307,0.8815,3.943,0.23292,0.49106,1.16896,0.000245691,0.000245691,0.000245691
130,443.55,0.68898,2.76641,0.25195,0.31851,0.84474,0.95885,0.83236,0.96394,0.79353,0.86995,0.66071,0.69342,0.49632,0.89937,3.67629,0.23364,0.4823,1.17977,0.000245267,0.000245267,0.000245267
131,446.818,0.71048,2.76606,0.2449,0.32813,0.91003,0.94291,0.91071,0.96773,0.79536,0.90288,0.69643,0.76165,0.50402,0.92095,3.66595,0.23798,0.4862,1.19528,0.000244843,0.000244843,0.000244843
132,450.507,0.7977,2.6283,0.25127,0.33,0.85478,0.99475,0.875,0.95373,0.79638,0.88661,0.69819,0.76814,0.54278,0.872,3.76428,0.23885,0.47068,1.14477,0.000244419,0.000244419,0.000244419
133,454.197,0.81444,2.72531,0.25722,0.34437,0.88933,0.96143,0.89041,0.93659,0.76864,0.89357,0.71429,0.77457,0.52625,0.9321,3.67022,0.24129,0.53461,1.18395,0.000243994,0.000243994,0.000243994
134,457.471,0.73809,2.59885,0.25167,0.31993,0.87317,0.99084,0.875,0.93316,0.78962,0.89018,0.73214,0.79431,0.54101,0.88196,3.73598,0.23888,0.50703,1.12739,0.00024357,0.00024357,0.00024357
135,460.713,0.71789,2.58487,0.24657,0.3087,0.84357,0.9567,0.89286,0.9216,0.77202,0.89766,0.71429,0.78627,0.49605,0.89272,3.86925,0.23607,0.52462,1.11735,0.000243146,0.000243146,0.000243146
136,463.946,0.76652,2.47356,0.2495,0.31896,0.79981,0.97932,0.84556,0.95134,0.78714,0.86785,0.70369,0.77285,0.49473,0.85302,3.72282,0.23613,0.52568,1.13387,0.000242721,0.000242721,0.000242721
137,467.225,0.76362,2.43,0.24797,0.31471,0.85954,0.99486,0.85714,0.95628,0.79196,0.86517,0.73214,0.79037,0.53083,0.87311,3.66242,0.23528,0.49264,1.13453,0.000242297,0.000242297,0.000242297
138,470.466,0.69208,2.48309,0.24825,0.31293,0.8292,0.94048,0.91071,0.95197,0.77611,0.862,0.78086,0.78618,0.50315,0.91543,3.77236,0.23524,0.55275,1.1436,0.000241873,0.000241873,0.000241873
139,473.695,0.68914,2.63343,0.25444,0.31079,0.84649,0.91276,0.93418,0.96813,0.78638,0.83144,0.70475,0.73049,0.50169,0.90609,3.58995,0.23433,0.48013,1.17982,0.000241449,0.000241449,0.000241449
140,476.968,0.75835,2.4518,0.25475,0.33223,0.84525,0.92762,0.9155,0.96296,0.7627,0.78104,0.69643,0.72697,0.46502,0.96959,3.91819,0.23863,0.49961,1.28094,0.000241024,0.000241024,0.000241024
141,480.206,0.74237,2.2898,0.24405,0.31693,0.826,0.95972,0.875,0.94973,0.76981,0.87641,0.64286,0.6939,0.49471,0.93517,3.73664,0.23825,0.53725,1.24834,0.0002406,0.0002406,0.0002406
142,483.439,0.74529,2.27725,0.26017,0.33474,0.85369,0.97411,0.875,0.93459,0.75758,0.83454,0.75,0.75986,0.56889,0.96161,3.35926,0.23873,0.53353,1.28363,0.000240176,0.000240176,0.000240176
143,486.702,0.73584,1.94437,0.254,0.31551,0.83744,0.94523,0.92454,0.95551,0.77569,0.87426,0.74505,0.76689,0.56083,0.97863,3.29334,0.23732,0.47422,1.28103,0.000239751,0.000239751,0.000239751
144,489.938,0.73115,2.04312,0.24683,0.31965,0.86526,0.88323,0.9455,0.95238,0.78647,0.8253,0.78571,0.78322,0.56629,0.93565,3.11575,0.23639,0.44631,1.18868,0.000239327,0.000239327,0.000239327
145,493.582,0.70325,1.90535,0.24572,0.30376,0.80631,0.896,0.92314,0.94936,0.78173,0.92425,0.64286,0.73789,0.55644,0.94156,3.18571,0.23661,0.47744,1.18846,0.000238903,0.000238903,0.000238903
146,496.863,0.71064,1.79556,0.25041,0.30197,0.83603,0.96449,0.875,0.94544,0.77721,0.77883,0.69643,0.69055,0.6131,0.88822,3.2611,0.23696,0.50088,1.13885,0.000238479,0.000238479,0.000238479
147,500.472,0.77047,1.9452,0.25215,0.32032,0.82568,0.9384,0.81615,0.89493,0.71934,0.74657,0.69643,0.67575,0.55719,0.97846,3.50426,0.23857,0.62929,1.25312,0.000238054,0.000238054,0.000238054
148,503.609,0.67113,1.74075,0.25472,0.30626,0.85215,0.86834,0.94643,0.9438,0.75365,0.74931,0.71429,0.70526,0.56677,0.95497,3.21756,0.23878,0.48132,1.21056,0.00023763,0.00023763,0.00023763
149,506.922,0.70631,1.77323,0.25095,0.30706,0.83274,0.95982,0.94643,0.97576,0.77463,0.77705,0.74691,0.74414,0.57447,0.91891,2.97385,0.24324,0.43041,1.18752,0.000237206,0.000237206,0.000237206
150,510.203,0.75386,1.69637,0.25283,0.32162,0.81311,0.92253,0.94643,0.96737,0.77446,0.82556,0.71429,0.74999,0.54757,0.9466,3.08036,0.2439,0.48805,1.23301,0.000236781,0.000236781,0.000236781
151,513.482,0.6824,1.58402,0.24287,0.29553,0.82679,0.98024,0.88603,0.97143,0.78915,0.86536,0.6887,0.73336,0.59752,0.89989,3.17841,0.2427,0.51146,1.18123,0.000236357,0.000236357,0.000236357
152,516.713,0.67522,1.61524,0.25773,0.29898,0.85764,0.96333,0.93818,0.97698,0.79431,0.79829,0.77746,0.77029,0.62572,0.91408,3.03693,0.24085,0.45388,1.18674,0.000235933,0.000235933,0.000235933
153,520.44,0.67708,1.66037,0.26012,0.28911,0.83713,0.97915,0.94643,0.97667,0.79808,0.8215,0.76786,0.77547,0.63373,0.8897,2.98215,0.24407,0.44844,1.16765,0.000235509,0.000235509,0.000235509
154,524.058,0.78393,1.595,0.25679,0.31826,0.82306,0.97959,0.91071,0.97301,0.78599,0.85541,0.78571,0.79694,0.64251,0.91642,3.00964,0.24275,0.46222,1.17886,0.000235084,0.000235084,0.000235084
155,527.295,0.72727,1.59717,0.24792,0.31499,0.81025,0.94063,0.89286,0.949,0.78005,0.84626,0.80357,0.81007,0.67508,0.8714,2.93619,0.23951,0.47721,1.11054,0.00023466,0.00023466,0.00023466
156,530.951,0.64975,1.64682,0.25703,0.2924,0.8126,0.97656,0.89286,0.95264,0.78509,0.9157,0.77594,0.81547,0.66279,0.88033,3.06657,0.23811,0.49021,1.09964,0.000234236,0.000234236,0.000234236
157,534.154,0.73411,1.72783,0.25595,0.31232,0.79339,0.93882,0.92857,0.95248,0.78107,0.89517,0.76252,0.79766,0.64597,0.88836,3.23767,0.23225,0.50529,1.08764,0.000233811,0.000233811,0.000233811
158,537.384,0.7665,1.61311,0.24505,0.3053,0.78621,0.93886,0.92857,0.95487,0.7825,0.84742,0.73214,0.77157,0.65429,0.89664,3.10496,0.23512,0.44749,1.13944,0.000233387,0.000233387,0.000233387
159,540.623,0.79619,1.5784,0.25637,0.32382,0.76321,0.92335,0.94643,0.95559,0.775,0.8728,0.73214,0.7939,0.66726,0.89488,2.88668,0.23755,0.46805,1.16197,0.000232963,0.000232963,0.000232963
160,543.925,0.74495,1.57989,0.24658,0.31368,0.8242,0.90999,0.92857,0.94887,0.77002,0.81257,0.69677,0.74627,0.61376,0.92653,3.02339,0.23802,0.52355,1.20721,0.000232539,0.000232539,0.000232539
161,547.146,0.76658,1.55693,0.24771,0.31589,0.80543,0.89913,0.95515,0.94492,0.77976,0.78166,0.73214,0.73418,0.6328,0.92465,2.99374,0.23918,0.52275,1.23529,0.000232114,0.000232114,0.000232114
162,550.384,0.77255,1.63172,0.24654,0.31305,0.83284,0.8966,0.92907,0.94577,0.77507,0.77177,0.785,0.76501,0.65203,0.91835,2.93962,0.23695,0.50614,1.24241,0.00023169,0.00023169,0.00023169
163,553.684,0.78218,1.7283,0.24719,0.3132,0.78191,0.90874,0.92857,0.93117,0.77163,0.78575,0.80357,0.77425,0.60477,0.92134,3.02799,0.2347,0.51734,1.2024,0.000231266,0.000231266,0.000231266
164,556.925,0.70853,1.6997,0.24687,0.29601,0.80551,0.94631,0.94426,0.92956,0.7787,0.83162,0.79385,0.7786,0.6356,0.89043,2.8903,0.23302,0.46612,1.1623,0.000230841,0.000230841,0.000230841
165,560.176,0.79839,1.75533,0.24791,0.33079,0.79175,0.9454,0.92765,0.93272,0.76921,0.81231,0.78571,0.77193,0.59346,0.93158,3.15177,0.23169,0.53429,1.17804,0.000230417,0.000230417,0.000230417
166,563.394,0.71552,1.68491,0.24083,0.30309,0.83049,0.95872,0.91071,0.95018,0.77724,0.81026,0.76786,0.75468,0.61567,0.91276,3.09743,0.22952,0.56195,1.1592,0.000229993,0.000229993,0.000229993
167,566.607,0.71903,1.8784,0.24701,0.32025,0.83164,0.95623,0.89286,0.93844,0.7527,0.85523,0.73214,0.76614,0.61082,0.91477,2.98609,0.22958,0.52473,1.15818,0.000229569,0.000229569,0.000229569
168,569.887,0.6628,1.57866,0.24933,0.30324,0.8414,0.94394,0.92857,0.95187,0.78941,0.81925,0.75,0.72173,0.61349,0.86537,3.01091,0.23102,0.46859,1.13397,0.000229144,0.000229144,0.000229144
169,573.141,0.73682,1.70652,0.2653,0.31301,0.82654,0.94389,0.91071,0.94776,0.78558,0.81036,0.78571,0.77074,0.60416,0.88731,2.95769,0.23275,0.47112,1.14035,0.00022872,0.00022872,0.00022872
170,576.405,0.70341,1.54307,0.24937,0.29171,0.83088,0.97543,0.91071,0.95325,0.78156,0.8222,0.76786,0.75615,0.62798,0.86877,3.04265,0.23204,0.40666,1.13263,0.000228296,0.000228296,0.000228296
171,579.655,0.6963,1.66646,0.24511,0.29521,0.79578,0.96097,0.92857,0.96783,0.80238,0.85796,0.73214,0.74805,0.65648,0.86766,3.0156,0.22866,0.42318,1.11423,0.000227871,0.000227871,0.000227871
172,583.331,0.69325,1.59564,0.24096,0.30039,0.81242,0.96281,0.9247,0.96988,0.78978,0.88304,0.73214,0.75948,0.66346,0.89358,2.88775,0.22958,0.45176,1.15986,0.000227447,0.000227447,0.000227447
173,586.61,0.76429,1.57988,0.24907,0.31248,0.81248,0.98029,0.91071,0.9774,0.79256,0.87417,0.74441,0.75738,0.6311,0.91639,2.92381,0.23321,0.45836,1.20795,0.000227023,0.000227023,0.000227023
174,589.908,0.67769,1.669,0.24738,0.30357,0.84033,0.96351,0.94316,0.97743,0.78756,0.87444,0.76786,0.77794,0.65993,0.89727,2.78575,0.23647,0.45255,1.21709,0.000226599,0.000226599,0.000226599
175,593.244,0.78446,1.57913,0.24456,0.31251,0.79137,0.96214,0.90771,0.97323,0.79218,0.86585,0.69643,0.75115,0.65081,0.90545,2.98584,0.23507,0.48371,1.22226,0.000226174,0.000226174,0.000226174
176,596.501,0.73125,1.61043,0.24931,0.31261,0.81945,0.99503,0.85714,0.95374,0.77019,0.84462,0.69643,0.70932,0.62241,0.9229,3.18885,0.23372,0.58271,1.24591,0.00022575,0.00022575,0.00022575
177,599.737,0.73097,1.61012,0.25142,0.32498,0.85181,0.95807,0.875,0.94951,0.78537,0.81034,0.71429,0.71676,0.62877,0.89648,2.96752,0.23135,0.52277,1.22122,0.000225326,0.000225326,0.000225326
178,603.106,0.72254,1.50771,0.24745,0.29572,0.79242,0.96054,0.86934,0.9442,0.78247,0.86865,0.71429,0.73564,0.60227,0.93005,2.98299,0.22904,0.55581,1.22429,0.000224901,0.000224901,0.000224901
179,606.362,0.68418,1.53149,0.24526,0.29364,0.79425,0.9579,0.91071,0.95491,0.79972,0.88653,0.75,0.77843,0.63608,0.88797,2.79585,0.2287,0.49086,1.20943,0.000224477,0.000224477,0.000224477
180,609.642,0.67695,1.61687,0.24866,0.29608,0.84685,0.92808,0.92182,0.95396,0.79158,0.84968,0.75,0.75602,0.63147,0.88425,2.87957,0.23031,0.50678,1.19243,0.000224053,0.000224053,0.000224053
181,612.866,0.70646,1.61265,0.24568,0.29946,0.82645,0.96343,0.94103,0.95987,0.79038,0.85861,0.75,0.77781,0.65431,0.89676,2.86753,0.23243,0.46286,1.20463,0.000223629,0.000223629,0.000223629
182,616.121,0.70046,1.47358,0.23856,0.29064,0.80678,0.96065,0.87191,0.96691,0.79251,0.87673,0.76208,0.76418,0.66655,0.89969,2.84091,0.23803,0.43623,1.1988,0.000223204,0.000223204,0.000223204
183,619.733,0.74835,1.49647,0.23624,0.30829,0.78032,0.9682,0.875,0.95341,0.78482,0.87482,0.75,0.79229,0.67748,0.89002,2.83892,0.24044,0.46468,1.18945,0.00022278,0.00022278,0.00022278
184,623.39,0.69908,1.62893,0.25516,0.30913,0.82441,0.89255,0.92857,0.96363,0.79093,0.87602,0.75,0.75589,0.68042,0.85189,2.92341,0.23838,0.46739,1.17403,0.000222356,0.000222356,0.000222356
185,626.99,0.69891,1.5512,0.24223,0.29975,0.80722,0.89192,0.88426,0.9234,0.76043,0.83548,0.75,0.7507,0.65508,0.87766,2.92512,0.23898,0.47996,1.19119,0.000221931,0.000221931,0.000221931
186,630.192,0.71484,1.44185,0.24292,0.29745,0.79251,0.94012,0.875,0.92912,0.7721,0.93429,0.76178,0.78633,0.66659,0.87467,2.93538,0.23795,0.51292,1.13974,0.000221507,0.000221507,0.000221507
187,633.475,0.67853,1.45066,0.23327,0.29315,0.78634,0.979,0.8326,0.91452,0.78273,0.87414,0.74425,0.76046,0.66678,0.84365,3.02582,0.23151,0.57478,1.10684,0.000221083,0.000221083,0.000221083
188,636.651,0.70883,1.45954,0.24209,0.29239,0.78856,0.97102,0.875,0.94977,0.79148,0.90921,0.75,0.78176,0.68674,0.81747,2.91659,0.23187,0.53137,1.10072,0.000220659,0.000220659,0.000220659
189,640.349,0.66804,1.5216,0.23689,0.28929,0.80497,0.9104,0.91071,0.91936,0.77748,0.90825,0.75,0.76713,0.64696,0.90787,3.17343,0.23145,0.54175,1.18866,0.000220234,0.000220234,0.000220234
190,643.566,0.73053,1.56268,0.24107,0.30389,0.80016,0.97756,0.89286,0.95184,0.78567,0.88713,0.80357,0.80766,0.66917,0.87171,3.1479,0.23326,0.46937,1.14794,0.00021981,0.00021981,0.00021981
191,646.785,0.64208,1.47852,0.23567,0.28038,0.79106,1,0.85202,0.94639,0.77492,0.93605,0.78421,0.80277,0.66381,0.86698,3.06686,0.23025,0.50544,1.13175,0.000219386,0.000219386,0.000219386
192,649.978,0.66742,1.44989,0.23849,0.28629,0.79872,0.9922,0.82143,0.94906,0.77478,0.90576,0.75,0.79155,0.67305,0.84855,3.03214,0.2313,0.49125,1.10576,0.000218961,0.000218961,0.000218961
193,653.22,0.66859,1.5236,0.2409,0.2862,0.76927,0.99641,0.83929,0.9488,0.75821,0.88967,0.75,0.78131,0.6513,0.86523,3.19984,0.2362,0.52155,1.12272,0.000218537,0.000218537,0.000218537
194,656.444,0.67058,1.44128,0.23778,0.29232,0.76761,0.956,0.89286,0.95267,0.77437,0.8427,0.76537,0.76828,0.61989,0.85316,3.16862,0.23726,0.50562,1.13637,0.000218113,0.000218113,0.000218113
195,659.659,0.77098,1.49446,0.236,0.30885,0.77496,0.98075,0.90967,0.95573,0.7881,0.80768,0.74993,0.74232,0.60815,0.84083,3.08321,0.23648,0.50906,1.14796,0.000217689,0.000217689,0.000217689
196,662.99,0.66661,1.41456,0.23627,0.28725,0.79412,0.98072,0.90832,0.93916,0.77903,0.84291,0.76786,0.77083,0.61532,0.87041,2.90171,0.23768,0.54129,1.22617,0.000217264,0.000217264,0.000217264
197,666.245,0.68967,1.36915,0.2397,0.29264,0.78144,0.94461,0.92857,0.9559,0.78614,0.87719,0.76786,0.79839,0.67155,0.86205,2.96793,0.23791,0.49435,1.17695,0.00021684,0.00021684,0.00021684
198,669.48,0.7225,1.33805,0.23948,0.29457,0.75893,0.9418,0.91071,0.97115,0.79621,0.90021,0.76786,0.80375,0.65492,0.85254,3.00658,0.23593,0.49094,1.12663,0.000216416,0.000216416,0.000216416
199,672.743,0.62978,1.45566,0.23295,0.28354,0.80851,0.92721,0.92857,0.95257,0.78367,0.89962,0.80025,0.81006,0.68008,0.84782,2.72823,0.2338,0.55781,1.10093,0.000215991,0.000215991,0.000215991
200,675.943,0.70385,1.35761,0.23054,0.29801,0.77483,0.99694,0.875,0.97164,0.78141,0.87057,0.75,0.75531,0.5879,0.92195,2.96295,0.23274,0.4818,1.19772,0.000215567,0.000215567,0.000215567
201,679.127,0.71138,1.3653,0.23333,0.3039,0.77593,0.96149,0.89173,0.9373,0.76946,0.8976,0.7827,0.79643,0.64795,0.9305,2.69726,0.23232,0.48055,1.22541,0.000215143,0.000215143,0.000215143
202,682.336,0.69654,1.33853,0.23447,0.30268,0.78685,0.96182,0.89973,0.93943,0.78407,0.89195,0.76786,0.82292,0.66475,0.9251,2.71876,0.23079,0.5269,1.19856,0.000214719,0.000214719,0.000214719
203,685.571,0.69352,1.36582,0.23334,0.29422,0.77198,0.94502,0.92086,0.93876,0.79116,0.89205,0.78571,0.80351,0.66667,0.89695,2.85014,0.22881,0.47293,1.19616,0.000214294,0.000214294,0.000214294
204,688.861,0.72173,1.41699,0.2375,0.30201,0.80699,0.94408,0.90447,0.96957,0.78974,0.86663,0.69643,0.71512,0.62102,0.90488,3.05926,0.22961,0.53799,1.23065,0.00021387,0.00021387,0.00021387
205,692.151,0.6795,1.46049,0.23377,0.28703,0.80025,0.98031,0.889,0.97355,0.79007,0.80373,0.73129,0.71385,0.61466,0.90002,3.07692,0.22472,0.51358,1.19289,0.000213446,0.000213446,0.000213446
206,695.35,0.69447,1.45588,0.23549,0.29983,0.78773,0.96218,0.90875,0.97307,0.78717,0.85309,0.71429,0.71458,0.63202,0.89411,3.00275,0.22667,0.52373,1.19117,0.000213021,0.000213021,0.000213021
207,698.523,0.67192,1.3615,0.23403,0.28479,0.80112,0.9091,0.96429,0.97428,0.78668,0.88942,0.76786,0.80292,0.6337,0.89576,2.75935,0.23113,0.48683,1.19729,0.000212597,0.000212597,0.000212597
208,701.792,0.65347,1.31096,0.23102,0.2878,0.79457,0.92835,0.92559,0.9717,0.79029,0.8972,0.77936,0.80982,0.64323,0.91098,2.65125,0.23221,0.51951,1.17444,0.000212173,0.000212173,0.000212173
209,705.043,0.62376,1.41352,0.23936,0.28066,0.83394,0.99444,0.83929,0.95083,0.78089,0.90968,0.76786,0.80286,0.66274,0.90984,2.62131,0.23409,0.58035,1.17087,0.000211749,0.000211749,0.000211749
210,708.324,0.73359,1.3952,0.24244,0.30455,0.77687,0.97991,0.87099,0.92068,0.77318,0.9166,0.78501,0.80049,0.67261,0.90102,2.74895,0.2359,0.56299,1.17561,0.000211324,0.000211324,0.000211324
211,711.566,0.6639,1.39514,0.23362,0.28715,0.80141,0.97769,0.85714,0.93623,0.75845,0.87577,0.76786,0.77988,0.6606,0.93116,2.81705,0.23245,0.53033,1.24254,0.0002109,0.0002109,0.0002109
212,714.849,0.75451,1.38822,0.23538,0.29906,0.77179,0.97993,0.87191,0.97151,0.79545,0.87458,0.76786,0.78306,0.67656,0.87884,2.76913,0.23093,0.48711,1.18823,0.000210476,0.000210476,0.000210476
213,718.084,0.6982,1.38343,0.2316,0.29215,0.77532,0.95511,0.89286,0.95368,0.80093,0.91333,0.76786,0.80003,0.65966,0.86974,2.9021,0.22711,0.47085,1.16946,0.000210051,0.000210051,0.000210051
214,721.279,0.68998,1.34751,0.23324,0.28873,0.75232,1,0.86853,0.95707,0.80218,0.92083,0.76786,0.79614,0.66852,0.85707,2.78884,0.22702,0.45013,1.16533,0.000209627,0.000209627,0.000209627
215,724.509,0.7012,1.3892,0.23612,0.2938,0.78211,0.96176,0.94643,0.9601,0.79305,0.88939,0.76786,0.77905,0.67023,0.86097,2.67126,0.23038,0.45059,1.20648,0.000209203,0.000209203,0.000209203
216,727.732,0.72954,1.49691,0.23089,0.3087,0.80424,0.95715,0.875,0.95408,0.77111,0.81343,0.80357,0.77501,0.60543,0.95212,2.87775,0.225,0.54618,1.32889,0.000208779,0.000208779,0.000208779
217,730.996,0.71695,1.33589,0.22972,0.28973,0.78644,0.90394,0.89286,0.91167,0.7676,0.84934,0.83929,0.80081,0.66851,0.90936,2.7108,0.22372,0.56183,1.25863,0.000208354,0.000208354,0.000208354
218,734.25,0.73075,1.39408,0.23648,0.2994,0.76074,0.97909,0.83605,0.93158,0.77337,0.91646,0.78365,0.8443,0.6772,0.90885,2.65135,0.22531,0.56995,1.24421,0.00020793,0.00020793,0.00020793
219,737.513,0.64343,1.27344,0.22951,0.26856,0.80565,0.94689,0.875,0.93312,0.77919,0.86242,0.78358,0.80108,0.67124,0.8988,2.78931,0.22645,0.53531,1.18842,0.000207506,0.000207506,0.000207506
220,740.725,0.72557,1.29167,0.23433,0.29678,0.77254,0.89174,0.88263,0.90673,0.77274,0.93091,0.67857,0.76864,0.67248,0.91988,2.68575,0.22966,0.52692,1.20425,0.000207081,0.000207081,0.000207081
221,743.971,0.68022,1.25214,0.2316,0.27845,0.77235,0.88972,0.89286,0.95641,0.79054,0.88808,0.64286,0.72651,0.64463,0.91232,2.8639,0.2322,0.49505,1.19747,0.000206657,0.000206657,0.000206657
222,747.303,0.67261,1.3081,0.22998,0.2813,0.76132,0.94849,0.91071,0.97148,0.79918,0.92914,0.67857,0.76877,0.65277,0.88163,2.67451,0.23171,0.45936,1.21001,0.000206233,0.000206233,0.000206233
223,750.555,0.68757,1.39631,0.22897,0.27956,0.77028,0.96284,0.92541,0.97303,0.8067,0.86227,0.7826,0.80011,0.67966,0.86662,2.53179,0.22424,0.45467,1.1722,0.000205809,0.000205809,0.000205809
224,754.285,0.72046,1.29479,0.22569,0.29742,0.78843,0.95809,0.92857,0.97433,0.80743,0.8675,0.81842,0.81472,0.68752,0.85487,2.41603,0.22125,0.45546,1.17067,0.000205384,0.000205384,0.000205384
225,757.965,0.67041,1.23632,0.22917,0.29895,0.79621,0.96224,0.91007,0.95688,0.80962,0.88037,0.7885,0.80204,0.68343,0.83283,2.45715,0.21905,0.44803,1.11286,0.00020496,0.00020496,0.00020496
226,761.234,0.67489,1.29638,0.23556,0.28919,0.79808,0.91013,0.92857,0.95143,0.78229,0.8889,0.76786,0.81016,0.69004,0.87878,2.53844,0.2185,0.46437,1.1676,0.000204536,0.000204536,0.000204536
227,764.467,0.63192,1.27518,0.23215,0.28881,0.77374,0.96149,0.89176,0.97412,0.78903,0.86429,0.80357,0.80971,0.66524,0.87433,2.57705,0.22163,0.50711,1.17761,0.000204111,0.000204111,0.000204111
228,767.652,0.67454,1.19608,0.22796,0.28038,0.7628,0.92986,0.94689,0.95775,0.78316,0.86169,0.80357,0.8213,0.65433,0.85011,2.61258,0.22296,0.51598,1.15527,0.000203687,0.000203687,0.000203687
229,770.85,0.63917,1.24092,0.22581,0.27867,0.76593,0.91033,0.94643,0.93673,0.77957,0.79518,0.76267,0.76013,0.65027,0.88666,2.68297,0.22464,0.51714,1.19711,0.000203263,0.000203263,0.000203263
230,774.114,0.65769,1.2626,0.22665,0.281,0.77358,0.91204,0.92584,0.93393,0.77822,0.82422,0.75,0.76526,0.63001,0.88069,2.74776,0.22644,0.55603,1.16983,0.000202839,0.000202839,0.000202839
231,777.397,0.66655,1.25531,0.22209,0.28299,0.76147,0.92674,0.91071,0.91074,0.77513,0.79894,0.78571,0.78643,0.67192,0.87487,2.79474,0.22434,0.58224,1.20123,0.000202414,0.000202414,0.000202414
232,780.633,0.61497,1.30368,0.22634,0.27576,0.79895,0.90708,0.92857,0.91061,0.7633,0.76636,0.78571,0.75294,0.64154,0.92797,2.87436,0.2255,0.54961,1.26849,0.00020199,0.00020199,0.00020199
233,783.871,0.70496,1.2298,0.23269,0.29169,0.75745,0.92645,0.89979,0.9324,0.76973,0.82101,0.75,0.7695,0.66192,0.94557,2.71624,0.22668,0.5128,1.32164,0.000201566,0.000201566,0.000201566
234,787.102,0.64762,1.22481,0.22887,0.28153,0.77485,0.95684,0.94643,0.95748,0.7812,0.83884,0.83654,0.81083,0.6945,0.94907,2.50186,0.2253,0.46023,1.35124,0.000201141,0.000201141,0.000201141
235,790.381,0.6733,1.37557,0.22256,0.28465,0.78224,0.93077,0.96033,0.97644,0.78898,0.86465,0.76786,0.82033,0.63969,0.95257,2.59743,0.22582,0.4743,1.35353,0.000200717,0.000200717,0.000200717
236,793.646,0.69065,1.25203,0.2265,0.28228,0.78405,0.96046,0.94643,0.97595,0.79696,0.85167,0.83929,0.84407,0.69246,0.9153,2.4321,0.22761,0.44355,1.31835,0.000200293,0.000200293,0.000200293
237,796.892,0.66717,1.28167,0.23326,0.28132,0.75105,0.96084,0.92857,0.95688,0.78774,0.79329,0.76786,0.74156,0.62545,0.92268,2.59768,0.22622,0.50295,1.30668,0.000199869,0.000199869,0.000199869
238,800.112,0.78092,1.21812,0.22818,0.29952,0.73721,0.9448,0.917,0.97486,0.79367,0.78218,0.78571,0.75938,0.64508,0.90786,2.57601,0.22538,0.47625,1.27416,0.000199444,0.000199444,0.000199444
239,803.336,0.68274,1.18542,0.22422,0.27931,0.77508,0.93026,0.98214,0.97488,0.80331,0.89291,0.74452,0.79992,0.6843,0.89033,2.71271,0.2216,0.47268,1.20024,0.00019902,0.00019902,0.00019902
240,806.568,0.69797,1.16747,0.22629,0.27931,0.7968,0.97422,0.94643,0.9791,0.80309,0.89304,0.78571,0.78354,0.65268,0.88772,2.79414,0.22169,0.47967,1.20081,0.000198596,0.000198596,0.000198596
241,809.825,0.7133,1.24398,0.23118,0.28214,0.75712,0.98112,0.92778,0.97873,0.79473,0.89393,0.75252,0.7781,0.66207,0.90026,2.62466,0.2241,0.46283,1.22599,0.000198171,0.000198171,0.000198171
242,813.116,0.66063,1.20828,0.21756,0.27721,0.7364,0.96225,0.91031,0.97127,0.77549,0.81347,0.73214,0.74243,0.62134,0.93285,2.69348,0.22648,0.49984,1.27323,0.000197747,0.000197747,0.000197747
243,816.4,0.70306,1.48798,0.22634,0.2952,0.76034,0.9461,0.94033,0.9742,0.77035,0.8024,0.79773,0.79618,0.64462,0.90403,2.62798,0.22879,0.49476,1.20794,0.000197323,0.000197323,0.000197323
244,819.645,0.62589,1.15779,0.2153,0.2678,0.76034,0.87841,0.92857,0.93959,0.77106,0.91106,0.71429,0.78558,0.6413,0.90249,2.67075,0.23039,0.52415,1.22703,0.000196899,0.000196899,0.000196899
245,822.908,0.60821,1.21889,0.22206,0.27786,0.74959,0.94785,0.83929,0.94228,0.76268,0.89354,0.69643,0.7899,0.67331,0.94726,2.63934,0.23212,0.54268,1.23291,0.000196474,0.000196474,0.000196474
246,826.165,0.7083,1.26201,0.22682,0.28767,0.76447,0.94339,0.89281,0.93638,0.76806,0.88842,0.711,0.77703,0.66192,0.95243,2.7928,0.23358,0.63677,1.25289,0.00019605,0.00019605,0.00019605
247,829.428,0.65869,1.15531,0.22122,0.2716,0.75219,0.96147,0.89127,0.95614,0.77817,0.86492,0.80045,0.80832,0.67629,0.87492,2.69758,0.23252,0.52286,1.19301,0.000195626,0.000195626,0.000195626
248,832.686,0.6427,1.26073,0.22807,0.26581,0.79632,0.93074,0.95991,0.97273,0.79362,0.82068,0.82143,0.80556,0.66894,0.85684,2.6203,0.23028,0.45192,1.1911,0.000195201,0.000195201,0.000195201
249,835.946,0.62907,1.19884,0.22079,0.26228,0.75605,0.92942,0.94071,0.97365,0.79397,0.86241,0.80357,0.79423,0.67206,0.84868,2.61043,0.22744,0.46115,1.16058,0.000194777,0.000194777,0.000194777
250,839.18,0.70724,1.18869,0.21492,0.28194,0.74801,0.94524,0.92483,0.95547,0.78792,0.83976,0.78571,0.77645,0.67162,0.85896,2.6563,0.22428,0.52604,1.14047,0.000194353,0.000194353,0.000194353
251,842.438,0.74369,1.18934,0.22406,0.2914,0.74874,0.9629,0.92701,0.97492,0.78715,0.83316,0.80261,0.77169,0.62754,0.90448,2.67735,0.2224,0.53162,1.21611,0.000193929,0.000193929,0.000193929
252,845.66,0.65455,1.33464,0.22271,0.27785,0.7669,0.94166,0.94643,0.95925,0.79133,0.86442,0.80357,0.80125,0.64707,0.8575,2.72018,0.22131,0.44243,1.17119,0.000193504,0.000193504,0.000193504
253,848.916,0.692,1.28503,0.22588,0.27803,0.75033,0.93077,0.9604,0.97493,0.78181,0.82305,0.83929,0.80945,0.64432,0.92014,2.72964,0.22372,0.44296,1.28087,0.00019308,0.00019308,0.00019308
254,852.266,0.68065,1.15259,0.2127,0.27494,0.75502,0.94717,0.96057,0.9766,0.77441,0.83633,0.82123,0.80481,0.64383,0.94351,2.6601,0.22661,0.49877,1.31692,0.000192656,0.000192656,0.000192656
255,855.596,0.65999,1.16905,0.21529,0.2701,0.755,0.91552,0.96765,0.97383,0.77419,0.81251,0.85131,0.82582,0.67492,0.97225,2.67583,0.22357,0.49885,1.3379,0.000192231,0.000192231,0.000192231
256,858.808,0.6339,1.22099,0.21619,0.27104,0.75683,0.89551,0.94643,0.95095,0.77305,0.79361,0.83929,0.81916,0.6677,0.93385,2.71046,0.22283,0.54548,1.29089,0.000191807,0.000191807,0.000191807
257,861.969,0.77782,1.26499,0.21718,0.2937,0.71046,0.92944,0.94089,0.973,0.79528,0.85068,0.82143,0.83884,0.66443,0.8969,2.69646,0.22414,0.51035,1.23503,0.000191383,0.000191383,0.000191383
258,865.217,0.62578,1.32129,0.21727,0.26383,0.75799,0.96352,0.94334,0.97822,0.79902,0.91024,0.72444,0.80916,0.68593,0.91159,2.6412,0.22349,0.46127,1.25444,0.000190959,0.000190959,0.000190959
259,868.43,0.65194,1.17827,0.22165,0.26986,0.73993,0.94128,0.96429,0.95665,0.79493,0.86139,0.77693,0.80214,0.68162,0.87378,2.67834,0.22138,0.48427,1.17585,0.000190534,0.000190534,0.000190534
260,871.637,0.69286,1.113,0.21743,0.27106,0.73233,0.96199,0.875,0.95262,0.78014,0.87708,0.76458,0.80244,0.66819,0.89115,2.76406,0.22409,0.54125,1.20157,0.00019011,0.00019011,0.00019011
261,874.939,0.63787,1.2011,0.2229,0.26354,0.75658,0.95725,0.875,0.95135,0.77808,0.83957,0.76786,0.77578,0.65638,0.88617,2.83656,0.22102,0.5519,1.20849,0.000189686,0.000189686,0.000189686
262,878.142,0.6579,1.13689,0.21497,0.26447,0.75476,0.97703,0.89286,0.93927,0.77711,0.89975,0.80136,0.82392,0.63508,0.9169,2.84165,0.22051,0.55762,1.23645,0.000189261,0.000189261,0.000189261
263,881.374,0.61009,1.18431,0.21809,0.26754,0.75072,0.98098,0.92127,0.95532,0.78301,0.88605,0.83323,0.83146,0.69382,0.89499,2.57599,0.22179,0.50956,1.19354,0.000188837,0.000188837,0.000188837
264,884.602,0.61909,1.14425,0.2165,0.26248,0.75232,0.97614,0.92857,0.95409,0.78857,0.90361,0.83708,0.82874,0.69263,0.88847,2.60403,0.22249,0.52103,1.2167,0.000188413,0.000188413,0.000188413
265,887.805,0.7443,1.1892,0.22237,0.28972,0.73364,0.94191,0.94643,0.95545,0.79091,0.81654,0.79488,0.79583,0.6719,0.92163,2.70851,0.21869,0.53018,1.25438,0.000187989,0.000187989,0.000187989
266,891.039,0.59224,1.09854,0.22177,0.26168,0.74597,0.90706,0.89286,0.96248,0.78664,0.83394,0.82143,0.80793,0.70195,0.90758,2.51907,0.21613,0.51848,1.21629,0.000187564,0.000187564,0.000187564
267,894.316,0.70192,1.25119,0.22679,0.28468,0.73957,0.95899,0.89286,0.9701,0.80136,0.8627,0.80357,0.82606,0.6714,0.91395,2.55833,0.21726,0.48574,1.22067,0.00018714,0.00018714,0.00018714
268,897.554,0.66658,1.10971,0.2151,0.26405,0.71876,0.97621,0.89286,0.95826,0.79471,0.88153,0.80357,0.8092,0.69538,0.91911,2.5734,0.21749,0.46492,1.23073,0.000186716,0.000186716,0.000186716
269,900.753,0.65607,1.0406,0.21586,0.27034,0.73303,0.9601,0.89286,0.95418,0.78899,0.82496,0.76786,0.77646,0.67002,0.91474,2.61275,0.22104,0.44967,1.23872,0.000186291,0.000186291,0.000186291
270,903.965,0.70193,1.12572,0.22075,0.27462,0.72916,0.99574,0.89286,0.97631,0.78249,0.87412,0.7441,0.77519,0.68097,0.95365,2.60461,0.2206,0.50989,1.25926,0.000185867,0.000185867,0.000185867
271,907.16,0.64981,1.11338,0.22214,0.26752,0.75792,0.99869,0.89286,0.95844,0.78248,0.85828,0.76786,0.80473,0.68182,0.89975,2.71173,0.22182,0.50098,1.22336,0.000185443,0.000185443,0.000185443
272,910.342,0.69027,1.14102,0.21882,0.27849,0.74497,0.92849,0.92738,0.95368,0.77888,0.78553,0.78486,0.77758,0.65574,0.93542,2.67079,0.22414,0.48874,1.29293,0.000185019,0.000185019,0.000185019
273,913.546,0.65447,1.07155,0.20749,0.27161,0.72366,1,0.87152,0.9712,0.76875,0.9125,0.71429,0.79,0.66116,0.95276,2.74748,0.22297,0.48905,1.30483,0.000184594,0.000184594,0.000184594
274,916.83,0.64792,1.08003,0.21265,0.27674,0.76259,0.9628,0.92449,0.94191,0.75364,0.92697,0.73214,0.82398,0.68868,0.9288,2.6305,0.22225,0.50894,1.27823,0.00018417,0.00018417,0.00018417
275,920.089,0.63855,1.10905,0.21042,0.26683,0.73075,0.97969,0.91071,0.94224,0.76285,0.91259,0.76786,0.81435,0.67062,0.94421,2.77444,0.21994,0.55476,1.25286,0.000183746,0.000183746,0.000183746
276,923.339,0.73338,1.19956,0.21746,0.28088,0.74917,0.98067,0.90625,0.97661,0.77883,0.89614,0.78571,0.81266,0.66016,0.92526,2.72548,0.21921,0.47163,1.20744,0.000183321,0.000183321,0.000183321
277,926.601,0.63621,1.13959,0.21517,0.26186,0.76121,0.94117,0.96429,0.97925,0.77836,0.91402,0.76786,0.8103,0.63984,0.91195,2.69779,0.21697,0.42008,1.25592,0.000182897,0.000182897,0.000182897
278,929.812,0.68909,1.14303,0.21492,0.27441,0.74528,0.96193,0.96429,0.96206,0.76002,0.84586,0.784,0.79428,0.64531,0.91878,2.69761,0.21715,0.45438,1.27276,0.000182473,0.000182473,0.000182473
279,932.982,0.59455,1.09111,0.20847,0.25864,0.75212,0.89169,0.94643,0.95101,0.77149,0.86758,0.76786,0.79383,0.66312,0.88625,2.73408,0.21594,0.50382,1.21996,0.000182049,0.000182049,0.000182049
280,936.194,0.62324,1.0861,0.21041,0.26437,0.74967,0.91411,0.95026,0.95564,0.77575,0.91575,0.77647,0.80664,0.67187,0.89574,2.73143,0.22092,0.50387,1.22444,0.000181624,0.000181624,0.000181624
281,939.403,0.67147,1.03744,0.21659,0.26622,0.72533,0.92815,0.92279,0.97336,0.78119,0.93613,0.78514,0.83442,0.69108,0.88445,2.67366,0.22126,0.51215,1.2014,0.0001812,0.0001812,0.0001812
282,942.768,0.63172,1.04277,0.21225,0.26497,0.75975,0.92164,0.92857,0.97206,0.78926,0.93577,0.78052,0.82288,0.6573,0.87293,2.67317,0.22058,0.5123,1.21967,0.000180776,0.000180776,0.000180776
283,946.064,0.74929,1.06814,0.22064,0.27861,0.70049,0.91419,0.91071,0.96953,0.78226,0.9344,0.76316,0.79115,0.68057,0.89716,2.64521,0.22194,0.61353,1.20543,0.000180351,0.000180351,0.000180351
284,949.289,0.68462,1.06311,0.21362,0.2792,0.71732,0.94442,0.91023,0.96947,0.7726,0.87645,0.76018,0.7851,0.67354,0.94246,2.75299,0.2247,0.56311,1.26912,0.000179927,0.000179927,0.000179927
285,952.502,0.64299,1.0842,0.21589,0.2653,0.73486,0.94614,0.94114,0.97613,0.76612,0.86709,0.81555,0.81116,0.67042,0.91096,2.69911,0.21919,0.50345,1.2563,0.000179503,0.000179503,0.000179503
286,955.756,0.67709,1.0131,0.21212,0.27024,0.73071,0.96218,0.90872,0.97561,0.78606,0.91985,0.8198,0.81729,0.69438,0.86756,2.68032,0.21614,0.54916,1.16531,0.000179079,0.000179079,0.000179079
287,958.992,0.73097,1.13759,0.21079,0.28017,0.70919,0.96039,0.91071,0.93827,0.76009,0.86491,0.82143,0.8093,0.68286,0.86849,2.73894,0.21561,0.64602,1.15,0.000178654,0.000178654,0.000178654
288,962.264,0.63252,1.05337,0.20643,0.25812,0.73334,0.89384,0.90216,0.90675,0.74254,0.87269,0.80357,0.78935,0.66323,0.89417,2.93248,0.21776,0.72039,1.17088,0.00017823,0.00017823,0.00017823
289,965.503,0.67611,1.07246,0.2112,0.27043,0.72826,0.95558,0.85714,0.92923,0.76989,0.88128,0.80357,0.7885,0.67216,0.87592,2.85752,0.21709,0.59235,1.13747,0.000177806,0.000177806,0.000177806
290,968.759,0.61619,0.96523,0.21072,0.26163,0.74247,0.97831,0.89286,0.96759,0.78394,0.93445,0.78571,0.80502,0.68694,0.84624,2.68458,0.21678,0.50936,1.1482,0.000177381,0.000177381,0.000177381
291,972.005,0.6441,1.04427,0.20822,0.26236,0.69339,0.97847,0.89286,0.9708,0.79044,0.84049,0.76786,0.77326,0.66277,0.85625,2.6862,0.21412,0.47022,1.17236,0.000176957,0.000176957,0.000176957
292,975.268,0.64408,1.0717,0.19924,0.25756,0.74364,0.94417,0.906,0.97195,0.79109,0.92865,0.69726,0.76509,0.66422,0.88971,2.76057,0.2169,0.49096,1.23587,0.000176533,0.000176533,0.000176533
293,978.546,0.65983,1.01441,0.2124,0.26236,0.7285,0.88859,0.91071,0.93258,0.76156,0.93075,0.72008,0.78634,0.64576,0.92734,2.72591,0.21626,0.54937,1.30757,0.000176109,0.000176109,0.000176109
294,981.801,0.65933,1.0314,0.20741,0.26559,0.7445,0.99522,0.82143,0.91361,0.74537,0.90777,0.71429,0.77298,0.64195,0.93486,2.69816,0.21533,0.57042,1.29654,0.000175684,0.000175684,0.000175684
295,985.082,0.67935,1.0939,0.20169,0.25983,0.73294,0.92049,0.89286,0.93262,0.7423,0.80983,0.78571,0.77643,0.60489,0.91994,2.74073,0.21511,0.59862,1.2387,0.00017526,0.00017526,0.00017526
296,988.347,0.70359,1.10688,0.20612,0.26956,0.74939,0.96029,0.86385,0.93563,0.76356,0.86191,0.78029,0.80925,0.65031,0.90079,2.55973,0.21266,0.61136,1.20871,0.000174836,0.000174836,0.000174836
297,991.654,0.62928,1.17197,0.20776,0.26804,0.75266,0.97934,0.85714,0.93489,0.76773,0.83124,0.80357,0.78261,0.62171,0.93902,2.75601,0.213,0.6012,1.24999,0.000174411,0.000174411,0.000174411
298,994.966,0.61732,1.07993,0.21,0.25516,0.75442,0.92148,0.875,0.9304,0.77649,0.88985,0.69643,0.79726,0.64896,0.90383,2.71223,0.21402,0.54947,1.27416,0.000173987,0.000173987,0.000173987
299,998.261,0.66977,1.07266,0.20518,0.26853,0.73118,0.94332,0.89286,0.93312,0.77525,0.88459,0.68448,0.75233,0.63551,0.9242,2.8863,0.20978,0.57131,1.3314,0.000173563,0.000173563,0.000173563
300,1001.5,0.67795,1.0474,0.20677,0.27032,0.72757,0.92332,0.91071,0.94722,0.78122,0.88124,0.69643,0.74288,0.62168,0.94107,2.92029,0.20919,0.58996,1.32036,0.000173139,0.000173139,0.000173139
301,1004.75,0.65066,1.05143,0.20532,0.2687,0.74451,0.98075,0.90993,0.96059,0.77566,0.96909,0.73214,0.83243,0.66524,0.94772,2.72165,0.21134,0.61018,1.33517,0.000172714,0.000172714,0.000172714
302,1008.03,0.64865,0.95427,0.20245,0.26288,0.71242,0.88243,0.93827,0.93618,0.76162,0.81189,0.875,0.8512,0.6476,0.91922,2.71803,0.2108,0.53159,1.27444,0.00017229,0.00017229,0.00017229
303,1011.34,0.62335,1.01499,0.20542,0.25537,0.74733,0.98029,0.8882,0.93896,0.77545,0.82789,0.85714,0.85342,0.62958,0.86963,2.58936,0.20782,0.50077,1.22831,0.000171866,0.000171866,0.000171866
304,1014.62,0.69772,1.11652,0.20464,0.26715,0.74203,0.90098,0.92857,0.96963,0.77394,0.90132,0.81562,0.86605,0.65608,0.90085,2.47751,0.20982,0.54425,1.21788,0.000171441,0.000171441,0.000171441
305,1017.86,0.63066,0.9818,0.20531,0.259,0.71859,0.89465,0.94643,0.96432,0.77382,0.82887,0.82143,0.82213,0.66786,0.89807,2.55104,0.20803,0.50921,1.22902,0.000171017,0.000171017,0.000171017
306,1021.06,0.63432,1.02953,0.20131,0.26452,0.7508,0.88302,0.94362,0.96557,0.76654,0.82091,0.81858,0.79518,0.64735,0.91608,2.62238,0.2091,0.52736,1.30252,0.000170593,0.000170593,0.000170593
307,1024.27,0.66624,1.05724,0.21264,0.26765,0.71971,0.90773,0.89286,0.95079,0.76323,0.79799,0.78571,0.78735,0.65631,0.94587,2.53113,0.20947,0.55208,1.33124,0.000170169,0.000170169,0.000170169
308,1027.57,0.6146,1.00288,0.203,0.25953,0.74903,0.89151,0.88053,0.94849,0.76584,0.82396,0.85714,0.83375,0.6644,0.94172,2.47835,0.21003,0.6921,1.26691,0.000169744,0.000169744,0.000169744
309,1030.83,0.67404,0.97898,0.20681,0.26408,0.72215,0.9123,0.94643,0.96249,0.76389,0.82257,0.85714,0.83081,0.66785,0.94015,2.50377,0.21033,0.58021,1.25043,0.00016932,0.00016932,0.00016932
310,1034.09,0.64525,1.0881,0.20887,0.25894,0.71731,0.9462,0.94232,0.97111,0.78112,0.85271,0.83929,0.81438,0.67592,0.89264,2.57415,0.20978,0.51939,1.17994,0.000168896,0.000168896,0.000168896
311,1037.36,0.63629,0.954,0.20489,0.2613,0.70845,0.96267,0.92111,0.97453,0.79042,0.85078,0.81461,0.80582,0.67736,0.87996,2.55741,0.20893,0.47205,1.19767,0.000168471,0.000168471,0.000168471
312,1040.6,0.62989,1.03099,0.20388,0.25631,0.72058,0.94523,0.92457,0.97201,0.79561,0.955,0.75809,0.82464,0.70409,0.84658,2.37534,0.2096,0.46558,1.17732,0.000168047,0.000168047,0.000168047
313,1044.23,0.68627,1.16352,0.21641,0.26509,0.73156,0.95436,0.91071,0.97505,0.79447,0.87869,0.83929,0.82635,0.70682,0.83434,2.41768,0.20783,0.49299,1.14002,0.000167623,0.000167623,0.000167623
314,1047.9,0.69819,1.11687,0.20308,0.27291,0.74251,0.92976,0.94548,0.97718,0.79784,0.94813,0.75,0.79374,0.69285,0.85651,2.53556,0.21064,0.50813,1.15292,0.000167199,0.000167199,0.000167199
315,1051.19,0.63174,1.00505,0.20169,0.25868,0.70556,0.9441,0.90484,0.97248,0.80361,0.88828,0.85196,0.87984,0.71949,0.89574,2.55206,0.20997,0.53185,1.17665,0.000166774,0.000166774,0.000166774
316,1054.79,0.62522,0.98421,0.20129,0.25408,0.71638,0.94133,0.91071,0.95306,0.78953,0.88068,0.83929,0.84355,0.71176,0.90548,2.5262,0.20966,0.46717,1.22165,0.00016635,0.00016635,0.00016635
317,1058.09,0.65432,1.03303,0.20081,0.26427,0.7033,0.91189,0.92407,0.96189,0.78116,0.96089,0.73214,0.81757,0.67699,0.90446,2.60157,0.21219,0.51623,1.2527,0.000165926,0.000165926,0.000165926
318,1061.34,0.61224,1.13267,0.20245,0.24964,0.74978,0.91205,0.92596,0.94949,0.77522,0.85414,0.80357,0.81128,0.67011,0.91343,2.62494,0.2112,0.51467,1.27699,0.000165501,0.000165501,0.000165501
319,1064.57,0.70271,0.99888,0.20869,0.26649,0.69821,0.9627,0.92857,0.97634,0.77729,0.89988,0.80249,0.78183,0.62877,0.93473,2.78625,0.21026,0.55152,1.32089,0.000165077,0.000165077,0.000165077
320,1067.83,0.72687,1.067,0.20503,0.27399,0.69564,0.98075,0.91001,0.96132,0.78149,0.87691,0.78571,0.7823,0.66494,0.92226,2.74607,0.20716,0.56526,1.32171,0.000164653,0.000164653,0.000164653
321,1071.13,0.71099,1.16223,0.2049,0.27302,0.72617,0.97369,0.94643,0.94111,0.77176,0.89784,0.78475,0.76901,0.65317,0.9363,2.77796,0.20859,0.57763,1.36432,0.000164229,0.000164229,0.000164229
322,1074.4,0.64694,1.20629,0.21497,0.28526,0.74054,0.9571,0.92857,0.93854,0.76755,0.89346,0.75,0.76478,0.66911,0.92269,2.59663,0.20973,0.55898,1.32321,0.000163804,0.000163804,0.000163804
323,1077.66,0.64458,1.0042,0.20744,0.26377,0.72114,0.89981,0.96232,0.95219,0.77158,0.84671,0.75,0.77321,0.65924,0.9561,2.61351,0.20847,0.61285,1.31835,0.00016338,0.00016338,0.00016338
324,1080.94,0.68059,1.0209,0.20203,0.27049,0.71975,0.88521,0.96396,0.94642,0.76577,0.76148,0.79818,0.76705,0.65077,0.94171,2.61146,0.20984,0.61519,1.29314,0.000162956,0.000162956,0.000162956
325,1084.17,0.65062,1.01813,0.19713,0.26211,0.74169,0.84808,0.96429,0.9406,0.76724,0.76534,0.82143,0.81201,0.65621,0.91183,2.62837,0.21131,0.55935,1.27251,0.000162531,0.000162531,0.000162531
326,1087.44,0.62091,1.0163,0.20215,0.25654,0.73247,0.89881,0.92857,0.94746,0.76058,0.79311,0.82143,0.81109,0.68939,0.90578,2.57632,0.20902,0.51655,1.23673,0.000162107,0.000162107,0.000162107
327,1090.69,0.60494,0.91945,0.20125,0.24677,0.7393,0.94632,0.94449,0.95585,0.77937,0.90529,0.68283,0.76989,0.67857,0.90628,2.6577,0.2086,0.50648,1.20323,0.000161683,0.000161683,0.000161683
328,1093.93,0.63682,1.03948,0.20257,0.259,0.76226,0.92014,0.89286,0.94558,0.77385,0.92714,0.68179,0.77821,0.67167,0.90684,2.66833,0.21194,0.56386,1.25111,0.000161259,0.000161259,0.000161259
329,1097.21,0.65392,0.98914,0.19588,0.25505,0.70468,0.89584,0.92157,0.94558,0.77107,0.82927,0.78571,0.79725,0.68838,0.89875,2.61307,0.21089,0.49959,1.23602,0.000160834,0.000160834,0.000160834
330,1100.45,0.6222,0.93466,0.1949,0.25215,0.72624,0.91224,0.92806,0.94485,0.77527,0.9358,0.69643,0.79739,0.68975,0.88296,2.64789,0.21139,0.46803,1.24462,0.00016041,0.00016041,0.00016041
331,1103.69,0.65837,0.93076,0.19678,0.25868,0.71447,0.89981,0.96224,0.97814,0.79333,0.80792,0.85714,0.8348,0.71399,0.87711,2.55464,0.20925,0.43541,1.24284,0.000159986,0.000159986,0.000159986
332,1106.89,0.68814,0.93366,0.19403,0.25676,0.70178,0.88557,0.96743,0.97527,0.79095,0.81336,0.85714,0.83256,0.67994,0.92146,2.62777,0.20843,0.45197,1.30133,0.000159561,0.000159561,0.000159561
333,1110.1,0.61063,0.98636,0.19992,0.24584,0.73199,0.85762,0.98214,0.97526,0.78811,0.89418,0.75453,0.82993,0.68912,0.90295,2.65754,0.20894,0.46265,1.26409,0.000159137,0.000159137,0.000159137
334,1113.32,0.62397,1.05954,0.19893,0.25853,0.70539,0.89351,0.92857,0.97336,0.78582,0.90245,0.75,0.81099,0.68438,0.89564,2.66671,0.20846,0.4713,1.23816,0.000158713,0.000158713,0.000158713
335,1116.54,0.60717,0.9129,0.19903,0.24279,0.72044,0.90958,0.89828,0.97481,0.79947,0.92603,0.76786,0.85263,0.71517,0.84756,2.52077,0.20599,0.44597,1.18306,0.000158289,0.000158289,0.000158289
336,1119.78,0.60257,0.87665,0.1975,0.2449,0.68449,0.90473,0.89286,0.97142,0.79388,0.85034,0.83929,0.85147,0.69636,0.83706,2.48833,0.20347,0.4461,1.1762,0.000157864,0.000157864,0.000157864
337,1123.02,0.67356,1.0301,0.20409,0.26606,0.71137,0.92123,0.89286,0.97319,0.8028,0.86596,0.83929,0.85158,0.69134,0.83761,2.55031,0.20204,0.45736,1.1645,0.00015744,0.00015744,0.00015744
338,1126.27,0.59902,0.97276,0.19638,0.24397,0.70579,0.91337,0.94143,0.97777,0.79772,0.9542,0.74419,0.81521,0.69912,0.85668,2.58727,0.20123,0.47193,1.20472,0.000157016,0.000157016,0.000157016
339,1129.49,0.65795,0.93144,0.19754,0.25587,0.70113,0.92166,0.92857,0.96812,0.78824,0.83674,0.83929,0.81641,0.7012,0.82582,2.6674,0.20301,0.51685,1.1611,0.000156591,0.000156591,0.000156591
340,1132.73,0.61444,0.92363,0.19834,0.24604,0.70658,0.91369,0.94643,0.96807,0.79274,0.84835,0.82143,0.8017,0.69907,0.83611,2.7147,0.20295,0.5076,1.167,0.000156167,0.000156167,0.000156167
341,1136.01,0.62376,0.93948,0.20386,0.25015,0.72511,0.88027,0.91907,0.94478,0.77471,0.87464,0.80357,0.81446,0.68194,0.8535,2.756,0.20623,0.54447,1.19824,0.000155743,0.000155743,0.000155743
342,1139.25,0.64081,0.95297,0.19388,0.25694,0.69642,0.90173,0.85714,0.93739,0.77129,0.80735,0.76786,0.7723,0.68455,0.84591,2.74681,0.20484,0.57313,1.20063,0.000155319,0.000155319,0.000155319
343,1142.49,0.62188,0.89606,0.1945,0.25036,0.69718,0.88437,0.85714,0.92244,0.77218,0.92152,0.67857,0.77119,0.68837,0.87512,2.78937,0.20338,0.59673,1.21957,0.000154894,0.000154894,0.000154894
344,1145.74,0.66617,0.97259,0.21607,0.25779,0.70668,0.89273,0.89172,0.92417,0.77063,0.80902,0.76786,0.78765,0.69742,0.8681,2.82947,0.20481,0.6092,1.21909,0.00015447,0.00015447,0.00015447
345,1148.98,0.68161,0.97245,0.20204,0.26011,0.70029,0.88488,0.91071,0.92422,0.76503,0.86332,0.69643,0.74129,0.66729,0.89762,2.8229,0.20578,0.59361,1.2638,0.000154046,0.000154046,0.000154046
346,1152.24,0.5837,0.90715,0.19677,0.24405,0.71064,0.89572,0.9204,0.94264,0.76786,0.82095,0.73696,0.76159,0.66567,0.89498,2.73846,0.20508,0.60252,1.26551,0.000153621,0.000153621,0.000153621
347,1155.55,0.62165,0.87774,0.19212,0.25,0.71608,0.89933,0.95726,0.96491,0.77211,0.86234,0.7831,0.80626,0.68328,0.85815,2.68919,0.20173,0.54774,1.19813,0.000153197,0.000153197,0.000153197
348,1158.78,0.6358,0.92044,0.19647,0.25809,0.6699,0.92936,0.93977,0.9758,0.78316,0.85579,0.76786,0.78449,0.67955,0.89935,2.69228,0.20184,0.53988,1.25402,0.000152773,0.000152773,0.000152773
349,1162.03,0.63868,0.94552,0.1966,0.25397,0.69692,0.97763,0.875,0.98246,0.79007,0.89749,0.80357,0.82087,0.71663,0.83666,2.57949,0.2007,0.51484,1.17759,0.000152349,0.000152349,0.000152349
350,1165.27,0.60812,0.91121,0.19137,0.24956,0.69273,0.96059,0.87065,0.96999,0.78563,0.9212,0.83504,0.84355,0.72549,0.85433,2.59253,0.20287,0.51637,1.18762,0.000151924,0.000151924,0.000151924
351,1168.54,0.64444,0.90961,0.1861,0.2473,0.69457,0.95669,0.89286,0.9736,0.80338,0.94984,0.82143,0.84532,0.73507,0.83744,2.54748,0.20452,0.4353,1.16706,0.0001515,0.0001515,0.0001515
352,1172.28,0.56253,0.94445,0.19737,0.2388,0.74004,0.94588,0.93633,0.95843,0.79524,0.93844,0.81671,0.8444,0.72148,0.85497,2.59484,0.20356,0.42549,1.18328,0.000151076,0.000151076,0.000151076
353,1175.48,0.67022,0.96116,0.19995,0.26087,0.67932,0.92959,0.96429,0.97532,0.79751,0.87765,0.80357,0.81945,0.70625,0.84815,2.63026,0.20218,0.42497,1.19715,0.000150651,0.000150651,0.000150651
354,1178.75,0.63645,0.9075,0.19754,0.2492,0.70189,0.93093,0.96281,0.97286,0.78994,0.82645,0.80357,0.79411,0.69245,0.85499,2.6353,0.19804,0.4483,1.22083,0.000150227,0.000150227,0.000150227
355,1182.04,0.62674,0.86631,0.19347,0.24647,0.71278,0.91067,0.94643,0.96891,0.80136,0.8355,0.81632,0.79616,0.69811,0.85245,2.69755,0.19964,0.46128,1.20198,0.000149803,0.000149803,0.000149803
356,1185.28,0.67236,0.91689,0.19645,0.26263,0.69169,0.92108,0.92857,0.97624,0.80049,0.81999,0.82143,0.79842,0.70184,0.85725,2.70241,0.19977,0.46509,1.22156,0.000149379,0.000149379,0.000149379
357,1188.48,0.60964,0.85877,0.19191,0.23963,0.70554,0.9123,0.92857,0.97027,0.79155,0.85163,0.82,0.80833,0.69687,0.85117,2.69945,0.20183,0.49273,1.17123,0.000148954,0.000148954,0.000148954
358,1191.72,0.65259,0.98728,0.2139,0.24988,0.69368,0.9121,0.92652,0.96784,0.78678,0.87594,0.80357,0.81207,0.68632,0.85372,2.70532,0.20266,0.50378,1.18026,0.00014853,0.00014853,0.00014853
359,1194.95,0.65939,0.91261,0.19641,0.26023,0.71689,0.92953,0.94227,0.96754,0.77769,0.85659,0.78571,0.7985,0.682,0.89903,2.72273,0.20452,0.52894,1.22389,0.000148106,0.000148106,0.000148106
360,1198.18,0.66063,0.89449,0.19769,0.25789,0.69513,0.93512,0.92857,0.95393,0.7867,0.86641,0.81081,0.80415,0.70711,0.87591,2.70766,0.20415,0.52957,1.16987,0.000147681,0.000147681,0.000147681
361,1201.42,0.7152,0.91236,0.19598,0.25996,0.66941,0.94046,0.94643,0.95335,0.78717,0.85254,0.80357,0.80385,0.70636,0.87671,2.74394,0.20275,0.54819,1.15704,0.000147257,0.000147257,0.000147257
362,1204.71,0.63683,0.83933,0.19797,0.25063,0.71031,0.88078,0.94643,0.96537,0.77884,0.89137,0.75,0.80443,0.69025,0.88479,2.68718,0.20254,0.55815,1.17744,0.000146833,0.000146833,0.000146833
363,1207.96,0.62191,0.88732,0.19958,0.24961,0.70595,0.94324,0.89029,0.96809,0.79689,0.86187,0.80357,0.79636,0.69294,0.85341,2.61444,0.20247,0.51889,1.17311,0.000146409,0.000146409,0.000146409
364,1211.15,0.61136,0.8659,0.18372,0.24236,0.6952,0.84615,0.98214,0.96679,0.79016,0.85015,0.81057,0.81288,0.67769,0.87276,2.57815,0.20363,0.55723,1.22187,0.000145984,0.000145984,0.000145984
365,1214.4,0.63407,0.98865,0.19434,0.25628,0.73423,0.92115,0.92857,0.96882,0.79176,0.81554,0.80357,0.78445,0.68434,0.88138,2.56657,0.20361,0.55734,1.2331,0.00014556,0.00014556,0.00014556
366,1217.63,0.6191,0.92788,0.19259,0.25723,0.71804,0.94094,0.91071,0.97129,0.78466,0.87407,0.75,0.77208,0.67072,0.90769,2.669,0.20516,0.53422,1.28466,0.000145136,0.000145136,0.000145136
367,1220.84,0.63583,0.92452,0.194,0.25156,0.70902,0.92845,0.92689,0.97064,0.78334,0.84681,0.80357,0.79006,0.68844,0.90525,2.64763,0.20684,0.53765,1.29567,0.000144711,0.000144711,0.000144711
368,1224.07,0.71114,0.86366,0.19404,0.25886,0.6739,0.94415,0.90567,0.95324,0.78044,0.97659,0.7451,0.81122,0.6913,0.8799,2.7294,0.20897,0.54222,1.24139,0.000144287,0.000144287,0.000144287
369,1227.31,0.65553,0.97157,0.1941,0.25086,0.69167,0.94285,0.91071,0.95446,0.77835,0.96886,0.75,0.80802,0.69672,0.87125,2.73134,0.21058,0.58581,1.24167,0.000143863,0.000143863,0.000143863
370,1230.58,0.70101,0.8795,0.19222,0.26018,0.68954,0.89359,0.89981,0.96551,0.77466,0.94016,0.73214,0.7782,0.67344,0.90443,2.70477,0.209,0.64242,1.28457,0.000143439,0.000143439,0.000143439
371,1233.84,0.63994,0.88585,0.19402,0.25172,0.71975,0.9091,0.89293,0.96574,0.77298,0.9239,0.73214,0.79477,0.67389,0.89671,2.7359,0.20809,0.71331,1.26313,0.000143014,0.000143014,0.000143014
372,1237.08,0.60953,0.87554,0.19895,0.24475,0.7162,0.88953,0.91071,0.96317,0.77186,0.87181,0.73214,0.76486,0.65904,0.91723,2.77581,0.20577,0.64809,1.29925,0.00014259,0.00014259,0.00014259
373,1240.36,0.65089,0.85159,0.19736,0.25271,0.69609,0.89887,0.89286,0.94024,0.75284,0.80994,0.75,0.75565,0.6428,0.88045,2.73271,0.20089,0.63605,1.2593,0.000142166,0.000142166,0.000142166
374,1243.71,0.69573,0.92278,0.19002,0.25828,0.6937,0.89765,0.89286,0.944,0.75861,0.85702,0.74929,0.77703,0.64586,0.8673,2.70839,0.2008,0.59101,1.25241,0.000141741,0.000141741,0.000141741
375,1246.98,0.65891,0.88922,0.18927,0.25598,0.68034,0.89959,0.92857,0.95074,0.77321,0.87677,0.78571,0.79067,0.67472,0.86828,2.58029,0.20169,0.5505,1.22849,0.000141317,0.000141317,0.000141317
376,1250.29,0.63533,0.91097,0.1982,0.24955,0.68901,0.9138,0.94645,0.95344,0.77776,0.9197,0.81819,0.85264,0.70205,0.88639,2.58978,0.20466,0.51631,1.23659,0.000140893,0.000140893,0.000140893
377,1253.62,0.62346,0.99576,0.19939,0.25012,0.69445,0.91173,0.92225,0.93424,0.76461,0.8938,0.75149,0.78716,0.68239,0.91188,2.82631,0.20573,0.59335,1.2301,0.000140469,0.000140469,0.000140469
378,1256.95,0.6332,0.87312,0.18939,0.24664,0.68795,0.91112,0.91533,0.94834,0.75224,0.87577,0.78571,0.79957,0.66586,0.94804,2.82059,0.20711,0.74703,1.25594,0.000140044,0.000140044,0.000140044
379,1260.23,0.63196,0.89612,0.19747,0.24466,0.70391,0.90788,0.88001,0.9393,0.75431,0.82427,0.78571,0.78948,0.64945,0.94909,2.78945,0.20367,0.70596,1.2933,0.00013962,0.00013962,0.00013962
380,1263.52,0.62692,0.89105,0.18745,0.24616,0.71668,0.91265,0.93299,0.94852,0.76011,0.85775,0.75377,0.7929,0.66593,0.92117,2.72066,0.20099,0.67606,1.3021,0.000139196,0.000139196,0.000139196
381,1266.82,0.70949,0.91113,0.19482,0.26738,0.68725,0.89582,0.91071,0.94472,0.76501,0.87697,0.78571,0.80788,0.68053,0.90687,2.68184,0.20204,0.63206,1.28768,0.000138771,0.000138771,0.000138771
382,1270.06,0.6647,0.86294,0.18303,0.25373,0.68747,0.91213,0.92681,0.95029,0.76533,0.9329,0.74493,0.80246,0.6711,0.87591,2.62015,0.20368,0.58702,1.20751,0.000138347,0.000138347,0.000138347
383,1273.3,0.67229,0.82125,0.19173,0.25354,0.68407,0.92602,0.89414,0.95365,0.77752,0.85263,0.82662,0.83091,0.70047,0.84407,2.56517,0.2013,0.53406,1.18735,0.000137923,0.000137923,0.000137923
384,1276.6,0.60266,0.84216,0.19811,0.2435,0.71219,0.96108,0.88209,0.97211,0.78956,0.87532,0.78571,0.8019,0.70859,0.82479,2.55289,0.19961,0.557,1.15095,0.000137499,0.000137499,0.000137499
385,1279.85,0.59808,0.84517,0.18278,0.24326,0.70976,0.97362,0.85714,0.93471,0.77244,0.87193,0.76786,0.80734,0.69955,0.85231,2.64277,0.19891,0.65301,1.16085,0.000137074,0.000137074,0.000137074
386,1283.12,0.61352,0.88888,0.18568,0.24921,0.70939,0.94267,0.88098,0.95001,0.77401,0.86623,0.80955,0.82935,0.70017,0.84955,2.61062,0.19893,0.64451,1.17123,0.00013665,0.00013665,0.00013665
387,1286.36,0.67151,0.88401,0.19198,0.25088,0.68608,0.97242,0.875,0.96806,0.77885,0.89285,0.80357,0.81304,0.69966,0.84591,2.58598,0.19861,0.59272,1.15434,0.000136226,0.000136226,0.000136226
388,1289.6,0.58345,0.87294,0.19584,0.24031,0.71727,0.97552,0.89286,0.9728,0.78446,0.91657,0.78478,0.81654,0.68879,0.83524,2.53741,0.19848,0.53005,1.15362,0.000135801,0.000135801,0.000135801
389,1292.85,0.58138,0.82902,0.18691,0.24054,0.70642,0.95817,0.94643,0.96057,0.79467,0.89932,0.82143,0.82168,0.69087,0.83382,2.4277,0.19996,0.49994,1.16154,0.000135377,0.000135377,0.000135377
390,1296.04,0.57102,0.87162,0.18989,0.23198,0.71244,0.98105,0.92474,0.95991,0.78977,0.9054,0.85456,0.84373,0.69627,0.85383,2.44833,0.20218,0.51395,1.16339,0.000134953,0.000134953,0.000134953
391,1299.26,0.63254,0.83398,0.18708,0.24884,0.69367,0.93605,0.91071,0.95539,0.7815,0.95591,0.78571,0.84038,0.69338,0.85684,2.44542,0.20017,0.54891,1.18639,0.000134529,0.000134529,0.000134529
392,1302.51,0.66201,0.84575,0.19036,0.25165,0.69138,0.92468,0.89286,0.93376,0.75549,0.95258,0.78571,0.84079,0.67133,0.83884,2.64143,0.1989,0.50323,1.21421,0.000134104,0.000134104,0.000134104
393,1305.69,0.68309,0.88656,0.1987,0.261,0.68664,0.9238,0.86603,0.92772,0.75563,0.85456,0.78571,0.80634,0.66744,0.86001,2.71755,0.19809,0.55559,1.21446,0.00013368,0.00013368,0.00013368
394,1308.86,0.66436,0.82165,0.18327,0.2527,0.69217,0.8919,0.88407,0.90594,0.75067,0.86524,0.80357,0.79998,0.67737,0.87802,2.73767,0.19799,0.60947,1.20182,0.000133256,0.000133256,0.000133256
395,1312.06,0.64412,0.95557,0.19228,0.25591,0.71145,0.89232,0.88791,0.89836,0.73997,0.87637,0.76786,0.78042,0.65675,0.88656,2.81669,0.19966,0.62513,1.19299,0.000132831,0.000132831,0.000132831
396,1315.31,0.56957,0.837,0.19287,0.23672,0.7127,0.90514,0.89286,0.8782,0.74615,0.83771,0.75,0.78406,0.66806,0.91084,2.82695,0.20116,0.66284,1.21441,0.000132407,0.000132407,0.000132407
397,1318.56,0.59189,0.82008,0.1868,0.23705,0.69901,0.92544,0.8866,0.94038,0.75704,0.81383,0.78068,0.76716,0.64739,0.91291,2.84748,0.20363,0.64747,1.28366,0.000131983,0.000131983,0.000131983
398,1321.83,0.63183,0.82265,0.18275,0.24289,0.67545,0.91567,0.91071,0.94634,0.75182,0.81014,0.78571,0.76847,0.65542,0.8771,2.74588,0.20229,0.61743,1.28178,0.000131559,0.000131559,0.000131559
399,1325.09,0.64065,0.83457,0.18743,0.24463,0.69014,0.91208,0.92632,0.94476,0.75716,0.81954,0.82143,0.79082,0.64638,0.93896,2.76835,0.20061,0.59387,1.33807,0.000131134,0.000131134,0.000131134
400,1328.33,0.55763,0.81763,0.18844,0.22719,0.71457,0.91215,0.92704,0.95076,0.76234,0.8233,0.83212,0.80598,0.67214,0.88543,2.75488,0.20343,0.55819,1.2689,0.00013071,0.00013071,0.00013071
401,1331.62,0.67859,0.89453,0.18928,0.25443,0.69533,0.91036,0.89286,0.94962,0.7728,0.82515,0.80357,0.80484,0.68474,0.87944,2.75924,0.20641,0.60025,1.24977,0.000130286,0.000130286,0.000130286
402,1334.89,0.60024,0.80362,0.18288,0.2351,0.69813,0.89468,0.91017,0.92998,0.77398,0.82455,0.8392,0.82673,0.66769,0.88003,2.76737,0.20735,0.56964,1.28007,0.000129861,0.000129861,0.000129861
403,1338.16,0.60408,0.89884,0.18592,0.23969,0.68301,0.92548,0.91071,0.9525,0.77549,0.93008,0.73214,0.80252,0.67158,0.87323,2.76304,0.20565,0.5714,1.31616,0.000129437,0.000129437,0.000129437
404,1341.42,0.61916,0.88362,0.19107,0.24416,0.68458,0.97458,0.91071,0.97187,0.77475,0.84442,0.78571,0.79365,0.67064,0.88326,2.7534,0.20319,0.57665,1.32554,0.000129013,0.000129013,0.000129013
405,1344.68,0.69822,0.83224,0.18547,0.25488,0.68122,0.9807,0.90758,0.93962,0.76097,0.8599,0.78571,0.79418,0.67483,0.89554,2.76155,0.20172,0.56189,1.33311,0.000128589,0.000128589,0.000128589
406,1347.97,0.6298,0.88117,0.19015,0.24557,0.68852,0.98063,0.90428,0.97355,0.77975,0.89782,0.78456,0.80524,0.6827,0.871,2.73896,0.20214,0.55553,1.27724,0.000128164,0.000128164,0.000128164
407,1351.2,0.62063,1.04094,0.19283,0.26045,0.79956,0.95812,0.89286,0.97106,0.77846,0.87422,0.78571,0.79645,0.67836,0.87988,2.7751,0.20369,0.53523,1.25953,0.00012774,0.00012774,0.00012774
408,1354.56,0.58802,0.8073,0.17988,0.23082,0.72266,0.95916,0.89286,0.97108,0.77913,0.83296,0.80144,0.77588,0.67405,0.88027,2.7408,0.20394,0.54211,1.26182,0.000127316,0.000127316,0.000127316
409,1357.86,0.60966,0.86944,0.18854,0.2373,0.7065,0.92692,0.90605,0.96892,0.77544,0.81571,0.79047,0.76964,0.68096,0.87735,2.70181,0.20365,0.54449,1.26954,0.000126891,0.000126891,0.000126891
410,1361.04,0.67637,0.93765,0.18615,0.25548,0.70608,0.91145,0.92857,0.93215,0.76883,0.82814,0.82143,0.78877,0.64849,0.8901,2.77301,0.20118,0.57035,1.29164,0.000126467,0.000126467,0.000126467
411,1364.36,0.68231,0.98426,0.19154,0.25925,0.67964,0.95629,0.91071,0.95451,0.78179,0.87124,0.80357,0.80415,0.69172,0.83591,2.66431,0.19783,0.56266,1.2032,0.000126043,0.000126043,0.000126043
412,1367.63,0.65051,0.86412,0.18296,0.24364,0.68621,0.95033,0.875,0.93542,0.77694,0.88182,0.80357,0.81199,0.69224,0.84943,2.67669,0.19724,0.62209,1.23582,0.000125619,0.000125619,0.000125619
413,1370.89,0.60513,0.85316,0.18127,0.23972,0.69211,0.96067,0.87245,0.95338,0.78177,0.93648,0.82143,0.83527,0.68981,0.83238,2.48797,0.19585,0.59398,1.23022,0.000125194,0.000125194,0.000125194
414,1374.16,0.61948,0.79689,0.18577,0.24163,0.68666,0.93373,0.85714,0.93255,0.78059,0.91114,0.82143,0.83364,0.69521,0.85421,2.55351,0.19618,0.62996,1.24371,0.00012477,0.00012477,0.00012477
415,1377.44,0.60394,0.89498,0.1864,0.23516,0.65811,0.99463,0.82143,0.96608,0.78839,0.89771,0.78361,0.7992,0.69331,0.85965,2.57548,0.19961,0.6225,1.23639,0.000124346,0.000124346,0.000124346
416,1380.7,0.60035,0.80278,0.18036,0.23073,0.67291,0.9089,0.89088,0.96623,0.77949,0.83808,0.82143,0.82181,0.68679,0.8622,2.56983,0.20057,0.60513,1.24811,0.000123921,0.000123921,0.000123921
417,1383.94,0.58013,0.86186,0.18279,0.2278,0.6879,0.9268,0.90441,0.96665,0.78125,0.88902,0.73214,0.79452,0.70878,0.8611,2.55034,0.19802,0.56076,1.23479,0.000123497,0.000123497,0.000123497
418,1387.16,0.50302,0.8032,0.18061,0.21647,0.71409,0.98027,0.88738,0.95393,0.78939,0.89298,0.80357,0.81449,0.70884,0.85683,2.59008,0.19906,0.54492,1.20865,0.000123073,0.000123073,0.000123073
419,1390.4,0.63595,0.80435,0.18704,0.24459,0.6859,0.95348,0.83929,0.94764,0.77267,0.95439,0.74739,0.84621,0.69315,0.86756,2.60187,0.20124,0.59508,1.22262,0.000122649,0.000122649,0.000122649
420,1393.64,0.62295,0.83837,0.19262,0.23973,0.69897,0.9599,0.85494,0.94993,0.77559,0.95449,0.74899,0.83076,0.69928,0.86204,2.56603,0.19989,0.55706,1.23515,0.000122224,0.000122224,0.000122224
421,1396.9,0.54108,0.86174,0.18633,0.22355,0.71772,0.96005,0.89286,0.95287,0.78305,0.89236,0.82143,0.83723,0.70715,0.88105,2.55538,0.1989,0.60951,1.23487,0.0001218,0.0001218,0.0001218
422,1400.17,0.56746,0.94163,0.18817,0.23665,0.70126,0.97407,0.875,0.9541,0.77916,0.93833,0.81526,0.85436,0.71014,0.87486,2.54626,0.19953,0.61899,1.22086,0.000121376,0.000121376,0.000121376
423,1403.51,0.56906,0.8325,0.18885,0.23361,0.69061,0.90363,0.91071,0.94765,0.77303,0.84594,0.78571,0.79268,0.6893,0.92912,2.60108,0.20263,0.67465,1.28912,0.000120951,0.000120951,0.000120951
424,1406.85,0.60508,0.83945,0.18548,0.23296,0.69743,1,0.84956,0.93648,0.76525,0.93699,0.79678,0.81892,0.70755,0.91004,2.60817,0.20236,0.70676,1.24189,0.000120527,0.000120527,0.000120527
425,1410.14,0.59606,0.81746,0.18046,0.2283,0.67591,0.92478,0.91071,0.91875,0.75428,0.90922,0.76786,0.80385,0.69478,0.90561,2.60052,0.2026,0.7207,1.20943,0.000120103,0.000120103,0.000120103
426,1413.41,0.64195,0.808,0.18173,0.24368,0.6772,0.97449,0.85714,0.91537,0.74476,0.89298,0.78571,0.80949,0.67975,0.88995,2.64518,0.20005,0.65746,1.24076,0.000119679,0.000119679,0.000119679
427,1416.63,0.60505,0.86936,0.18322,0.24132,0.67959,0.94111,0.875,0.96012,0.76668,0.87503,0.80357,0.80959,0.67412,0.91084,2.65304,0.19719,0.63047,1.3145,0.000119254,0.000119254,0.000119254
428,1419.85,0.6425,0.81706,0.17727,0.24446,0.67747,0.94316,0.88902,0.94586,0.76305,0.84845,0.79982,0.79707,0.68439,0.86907,2.60176,0.19789,0.53903,1.26661,0.00011883,0.00011883,0.00011883
429,1423.08,0.6134,0.78126,0.18202,0.23846,0.68507,0.9803,0.88889,0.93909,0.77259,0.9372,0.79958,0.8073,0.70572,0.85819,2.67054,0.20052,0.57422,1.21209,0.000118406,0.000118406,0.000118406
430,1426.33,0.60606,0.80716,0.17702,0.23033,0.68122,0.99731,0.875,0.93977,0.78537,0.90145,0.81681,0.82646,0.71871,0.85794,2.70235,0.19844,0.57255,1.21096,0.000117981,0.000117981,0.000117981
431,1429.57,0.60026,0.79282,0.18252,0.23339,0.68897,0.97996,0.87317,0.91909,0.77153,0.89999,0.80352,0.81438,0.70412,0.85676,2.68232,0.20002,0.51782,1.23957,0.000117557,0.000117557,0.000117557
432,1432.83,0.65458,0.79341,0.18194,0.24045,0.68222,0.92489,0.92857,0.93722,0.7747,0.8917,0.82143,0.82613,0.7105,0.84875,2.61324,0.20072,0.50931,1.23805,0.000117133,0.000117133,0.000117133
433,1436.15,0.59294,0.78633,0.18646,0.23412,0.70718,0.90794,0.91071,0.93396,0.76927,0.94528,0.75,0.80826,0.69862,0.85379,2.63171,0.20017,0.51247,1.23424,0.000116709,0.000116709,0.000116709
434,1439.42,0.6342,0.82877,0.18472,0.23701,0.69065,0.92411,0.91071,0.93302,0.77103,0.93437,0.76275,0.80958,0.69327,0.84889,2.56761,0.19885,0.52494,1.21326,0.000116284,0.000116284,0.000116284
435,1442.68,0.56813,0.83124,0.18655,0.22744,0.70602,0.8947,0.91034,0.93413,0.76349,0.95548,0.76654,0.82383,0.70295,0.89233,2.58013,0.19734,0.59981,1.27327,0.00011586,0.00011586,0.00011586
436,1445.99,0.6356,0.78124,0.18548,0.23852,0.70626,1,0.8209,0.94777,0.76531,0.9333,0.74966,0.77708,0.6794,0.87287,2.62331,0.1977,0.59237,1.26447,0.000115436,0.000115436,0.000115436
437,1449.26,0.66438,0.78809,0.17997,0.24056,0.67455,0.9974,0.82143,0.92893,0.75777,0.90465,0.73214,0.75332,0.66907,0.90847,2.69529,0.19902,0.63515,1.31773,0.000115011,0.000115011,0.000115011
438,1452.56,0.64496,0.76299,0.17946,0.24247,0.67961,1,0.83621,0.91203,0.76727,0.93595,0.7829,0.83129,0.69048,0.89276,2.64365,0.19807,0.613,1.29339,0.000114587,0.000114587,0.000114587
439,1455.87,0.66488,0.76529,0.18116,0.24719,0.66703,0.97912,0.83725,0.91329,0.75786,0.91074,0.72883,0.79551,0.68681,0.88516,2.67387,0.19805,0.65712,1.2894,0.000114163,0.000114163,0.000114163
440,1459.11,0.62403,0.76014,0.18005,0.23642,0.66866,0.97685,0.85714,0.90895,0.74923,0.87485,0.76786,0.78428,0.69707,0.87004,2.65171,0.19809,0.66143,1.27345,0.000113739,0.000113739,0.000113739
441,1462.33,0.60196,0.77873,0.1759,0.23152,0.67176,0.9606,0.8709,0.9327,0.76092,0.8622,0.78217,0.78068,0.69036,0.8988,2.70176,0.19746,0.71482,1.29864,0.000113314,0.000113314,0.000113314
442,1465.57,0.67098,0.84028,0.17895,0.24518,0.69228,0.94464,0.875,0.93563,0.76901,0.85844,0.78571,0.78419,0.67932,0.89113,2.67586,0.19528,0.67126,1.29727,0.00011289,0.00011289,0.00011289
443,1468.87,0.56987,0.77461,0.17821,0.22109,0.69807,0.97906,0.83487,0.91367,0.75888,0.89546,0.76481,0.80048,0.67476,0.90451,2.64289,0.19706,0.726,1.29874,0.000112466,0.000112466,0.000112466
444,1472.17,0.59076,0.7635,0.1797,0.23079,0.67081,0.95687,0.83929,0.92801,0.76216,0.8796,0.78276,0.80007,0.68522,0.86685,2.58132,0.19653,0.69692,1.24882,0.000112041,0.000112041,0.000112041
445,1475.4,0.59446,0.92722,0.1915,0.2328,0.69211,0.95355,0.89286,0.93285,0.7646,0.91512,0.78571,0.81349,0.68962,0.87191,2.57765,0.19931,0.66475,1.2563,0.000111617,0.000111617,0.000111617
446,1478.63,0.60579,0.72525,0.17639,0.22735,0.66075,0.95626,0.875,0.92886,0.77591,0.87811,0.80357,0.80755,0.70314,0.86681,2.54776,0.19859,0.60012,1.24972,0.000111193,0.000111193,0.000111193
447,1481.9,0.5326,0.7751,0.18406,0.21798,0.71131,0.92848,0.875,0.91213,0.75379,0.86122,0.80357,0.7952,0.701,0.88778,2.61577,0.19812,0.70147,1.25876,0.000110769,0.000110769,0.000110769
448,1485.16,0.59373,0.74617,0.1823,0.22837,0.68054,0.925,0.88097,0.90381,0.75574,0.88313,0.80971,0.81194,0.70905,0.89235,2.57276,0.19953,0.77923,1.25169,0.000110344,0.000110344,0.000110344
449,1488.4,0.56611,0.75436,0.17457,0.22689,0.68756,0.92277,0.85352,0.88762,0.74687,0.86465,0.79863,0.80345,0.70409,0.86489,2.60293,0.20086,0.75703,1.23412,0.00010992,0.00010992,0.00010992
450,1491.64,0.54961,0.87751,0.18242,0.22129,0.71739,0.97865,0.81872,0.91067,0.7688,0.93597,0.78311,0.81204,0.6953,0.84945,2.58299,0.19954,0.72591,1.23387,0.000109496,0.000109496,0.000109496
451,1494.9,0.63463,0.79138,0.1795,0.23937,0.67492,0.95808,0.81642,0.92514,0.77715,0.91622,0.78122,0.82949,0.69214,0.83494,2.49614,0.19766,0.66019,1.22285,0.000109071,0.000109071,0.000109071
452,1498.08,0.6452,0.74905,0.17902,0.23674,0.6666,0.8209,0.98214,0.95774,0.78019,0.9166,0.78507,0.81066,0.68788,0.83089,2.55445,0.1974,0.66009,1.20714,0.000108647,0.000108647,0.000108647
453,1501.28,0.53095,0.73782,0.17635,0.21681,0.71374,0.83333,0.98214,0.95841,0.7758,0.90873,0.75,0.80723,0.67281,0.85021,2.57852,0.20147,0.6181,1.23999,0.000108223,0.000108223,0.000108223
454,1504.55,0.59207,0.71459,0.18125,0.22706,0.6831,0.82252,0.98214,0.96785,0.77961,0.90878,0.73214,0.79731,0.66879,0.85685,2.5637,0.20263,0.5899,1.26876,0.000107799,0.000107799,0.000107799
455,1507.81,0.57998,0.69621,0.17462,0.23261,0.68875,0.94422,0.90698,0.97154,0.77932,0.89916,0.80357,0.81392,0.67593,0.84076,2.57245,0.20227,0.55793,1.23181,0.000107374,0.000107374,0.000107374
456,1511.06,0.61375,0.72302,0.17889,0.22886,0.6788,0.90866,0.91071,0.9718,0.77996,0.86712,0.73214,0.76172,0.65519,0.83269,2.5991,0.20083,0.53658,1.18995,0.00010695,0.00010695,0.00010695
457,1514.41,0.68886,0.74076,0.17992,0.2468,0.66043,0.82353,1,0.96876,0.76741,0.8838,0.76786,0.79759,0.66084,0.83045,2.58208,0.20069,0.54052,1.1934,0.000106526,0.000106526,0.000106526
458,1517.73,0.62749,0.85145,0.18092,0.23563,0.67571,0.82353,1,0.96796,0.76337,0.82937,0.78571,0.79387,0.65761,0.85693,2.55762,0.19987,0.60552,1.18395,0.000106101,0.000106101,0.000106101
459,1520.95,0.6548,0.78895,0.17831,0.24288,0.67739,0.83333,0.98214,0.95824,0.75449,0.87942,0.78145,0.79603,0.65898,0.86793,2.63318,0.19819,0.6691,1.19159,0.000105677,0.000105677,0.000105677
460,1524.26,0.6406,0.77911,0.17594,0.23629,0.66431,0.95898,0.83496,0.95852,0.75449,0.91796,0.79925,0.80943,0.66731,0.87169,2.6322,0.19765,0.67313,1.20291,0.000105253,0.000105253,0.000105253
461,1527.53,0.61365,0.7321,0.1797,0.23403,0.68003,0.87302,0.98214,0.9681,0.75467,0.8834,0.81186,0.81459,0.69268,0.8674,2.50098,0.1965,0.62351,1.19206,0.000104829,0.000104829,0.000104829
462,1530.78,0.65168,0.78445,0.18325,0.24293,0.68078,0.87302,0.98214,0.96757,0.76976,0.8794,0.78134,0.80528,0.68636,0.89691,2.51856,0.1942,0.6012,1.2269,0.000104404,0.000104404,0.000104404
463,1534.05,0.56805,0.76423,0.17156,0.22588,0.70519,0.90164,0.98214,0.9709,0.77891,0.91294,0.78571,0.83312,0.68435,0.86457,2.43789,0.19537,0.59542,1.20048,0.00010398,0.00010398,0.00010398
464,1537.28,0.57014,0.74847,0.17959,0.229,0.70111,0.84375,0.96429,0.94876,0.77469,0.89557,0.78571,0.81349,0.68063,0.87355,2.48273,0.19676,0.61063,1.23549,0.000103556,0.000103556,0.000103556
465,1540.5,0.60276,0.72021,0.17682,0.22834,0.68381,0.92334,0.86033,0.91221,0.75931,0.87963,0.783,0.79523,0.68404,0.90437,2.54859,0.19834,0.67446,1.26045,0.000103131,0.000103131,0.000103131
466,1543.71,0.63291,0.7192,0.17824,0.2288,0.67841,0.94067,0.84953,0.92554,0.76335,0.89272,0.78571,0.82792,0.69698,0.90673,2.51606,0.19585,0.65371,1.31194,0.000102707,0.000102707,0.000102707
467,1546.94,0.628,0.73173,0.17369,0.232,0.6869,0.93076,0.83929,0.92517,0.75765,0.89212,0.75,0.79257,0.70169,0.91059,2.54121,0.19645,0.71908,1.29737,0.000102283,0.000102283,0.000102283
468,1550.17,0.64031,0.77185,0.18281,0.23823,0.67242,0.95808,0.81628,0.90657,0.7473,0.88667,0.75,0.78974,0.6919,0.91064,2.57677,0.19763,0.72604,1.28117,0.000101859,0.000101859,0.000101859
469,1553.42,0.56952,0.76016,0.1801,0.22616,0.69508,0.89081,0.87411,0.89155,0.73509,0.83426,0.80905,0.79559,0.68132,0.89518,2.62484,0.1988,0.7457,1.24155,0.000101434,0.000101434,0.000101434
470,1556.65,0.59802,0.75365,0.17871,0.23359,0.67116,0.83481,0.90252,0.88305,0.74402,0.82813,0.80357,0.79446,0.67737,0.88504,2.62049,0.20007,0.77315,1.21987,0.00010101,0.00010101,0.00010101
471,1559.89,0.58929,0.72222,0.17367,0.22725,0.69284,0.84127,0.94643,0.91945,0.76413,0.83316,0.82143,0.8324,0.68368,0.904,2.57068,0.19848,0.73197,1.2591,0.000100586,0.000100586,0.000100586
472,1563.17,0.60206,0.76025,0.17882,0.23037,0.67882,0.93019,0.85714,0.90774,0.76481,0.88035,0.78834,0.79854,0.69616,0.88202,2.56292,0.19761,0.75122,1.24001,0.000100161,0.000100161,0.000100161
473,1566.43,0.6007,0.75749,0.17833,0.23067,0.66769,0.90103,0.89286,0.94641,0.77845,0.88071,0.78571,0.81169,0.71128,0.89629,2.54902,0.19739,0.68212,1.28715,9.97371e-05,9.97371e-05,9.97371e-05
474,1569.7,0.59775,0.72418,0.17603,0.22736,0.68485,0.89831,0.94643,0.93494,0.7672,0.91834,0.8033,0.80766,0.71396,0.88288,2.47183,0.19588,0.67266,1.25031,9.93129e-05,9.93129e-05,9.93129e-05
475,1572.92,0.57903,0.70228,0.17853,0.22727,0.69526,0.89831,0.94643,0.93323,0.76377,0.91657,0.80357,0.80829,0.71407,0.89909,2.57298,0.19649,0.69175,1.27241,9.88886e-05,9.88886e-05,9.88886e-05
476,1576.13,0.53916,0.71658,0.17858,0.21908,0.69973,0.95801,0.83929,0.90492,0.76021,0.91707,0.80357,0.80941,0.71613,0.88645,2.52783,0.1958,0.69232,1.27683,9.84643e-05,9.84643e-05,9.84643e-05
477,1579.35,0.55441,0.71541,0.17173,0.21852,0.67862,0.95909,0.83727,0.85107,0.73751,0.91819,0.80174,0.80894,0.71381,0.91628,2.50918,0.19453,0.79831,1.29483,9.804e-05,9.804e-05,9.804e-05
478,1582.56,0.62217,0.83027,0.17873,0.2286,0.6822,0.94089,0.85279,0.86868,0.74162,0.9015,0.81721,0.80962,0.70898,0.9131,2.51442,0.19324,0.73595,1.28907,9.76157e-05,9.76157e-05,9.76157e-05
479,1585.8,0.62087,0.83729,0.17483,0.23319,0.67351,0.93351,0.85714,0.88369,0.74748,0.86124,0.78571,0.78412,0.70118,0.89113,2.58251,0.19259,0.73497,1.23572,9.71914e-05,9.71914e-05,9.71914e-05
480,1589.02,0.63505,0.89859,0.18405,0.23631,0.67343,0.93714,0.875,0.91355,0.75774,0.91345,0.76786,0.81318,0.71054,0.90527,2.54108,0.19304,0.69624,1.29293,9.67671e-05,9.67671e-05,9.67671e-05
481,1592.28,0.61714,0.79774,0.17048,0.23041,0.69409,0.93715,0.875,0.967,0.7781,0.9166,0.78509,0.81478,0.71023,0.89027,2.5254,0.19334,0.63514,1.27306,9.63429e-05,9.63429e-05,9.63429e-05
482,1595.53,0.62293,0.70474,0.17536,0.23286,0.68139,0.94223,0.87372,0.96644,0.77809,0.91736,0.80357,0.81701,0.71274,0.8895,2.5072,0.19614,0.57858,1.3105,9.59186e-05,9.59186e-05,9.59186e-05
483,1598.8,0.61599,0.72732,0.17264,0.23567,0.66178,0.95612,0.85714,0.97547,0.77957,0.91823,0.80214,0.81687,0.70679,0.88737,2.50059,0.19754,0.56162,1.29876,9.54943e-05,9.54943e-05,9.54943e-05
484,1602.01,0.5829,0.86313,0.17917,0.23234,0.6812,0.84375,0.96429,0.94292,0.77303,0.91214,0.78571,0.80612,0.71001,0.87773,2.51947,0.19739,0.58645,1.25651,9.507e-05,9.507e-05,9.507e-05
485,1605.25,0.56356,0.66004,0.16952,0.22297,0.69538,0.97835,0.80695,0.92752,0.76903,0.93511,0.77208,0.8156,0.71315,0.90087,2.54665,0.19389,0.63871,1.29562,9.46457e-05,9.46457e-05,9.46457e-05
486,1608.48,0.61701,0.69491,0.17659,0.23174,0.67449,0.97864,0.81811,0.91199,0.77136,0.93594,0.7827,0.81649,0.70315,0.88607,2.54732,0.19267,0.62439,1.28466,9.42214e-05,9.42214e-05,9.42214e-05
487,1611.76,0.61329,0.69785,0.17431,0.22792,0.65927,0.8936,0.89992,0.92872,0.75587,0.93446,0.76393,0.78826,0.68621,0.88828,2.59985,0.19174,0.67573,1.30294,9.37971e-05,9.37971e-05,9.37971e-05
488,1615.03,0.60729,0.72395,0.17864,0.2257,0.67778,0.8125,0.92857,0.90724,0.7515,0.92374,0.73214,0.76419,0.67823,0.88104,2.59868,0.19197,0.72157,1.26589,9.33729e-05,9.33729e-05,9.33729e-05
489,1618.25,0.59544,0.82044,0.17501,0.22414,0.67424,0.93805,0.8113,0.89891,0.74182,0.92656,0.73214,0.77978,0.67462,0.86449,2.61186,0.19165,0.72956,1.23512,9.29486e-05,9.29486e-05,9.29486e-05
490,1621.49,0.62229,0.69296,0.17671,0.23402,0.68697,0.95656,0.82143,0.92616,0.76229,0.93295,0.74546,0.80645,0.6971,0.85188,2.57378,0.19016,0.6822,1.19688,9.25243e-05,9.25243e-05,9.25243e-05
491,1624.74,0.58919,0.67396,0.1721,0.22473,0.677,0.97861,0.81688,0.92839,0.77066,0.93472,0.76713,0.82546,0.70969,0.85727,2.53867,0.1899,0.64629,1.23368,9.21e-05,9.21e-05,9.21e-05
492,1627.95,0.57434,0.69654,0.17402,0.22338,0.682,0.97823,0.80252,0.92367,0.76976,0.93472,0.76708,0.82285,0.70074,0.87272,2.53896,0.19009,0.644,1.25936,9.16757e-05,9.16757e-05,9.16757e-05
493,1631.22,0.54217,0.68023,0.17322,0.21948,0.67286,0.97562,0.80357,0.90879,0.76918,0.91033,0.75,0.81006,0.71558,0.85285,2.5388,0.19086,0.65897,1.23783,9.12514e-05,9.12514e-05,9.12514e-05
494,1634.41,0.68778,0.79326,0.17676,0.24862,0.65681,0.89695,0.85714,0.9113,0.77054,0.90842,0.75,0.78592,0.70933,0.86674,2.5673,0.19356,0.67946,1.25118,9.08271e-05,9.08271e-05,9.08271e-05
495,1637.68,0.54429,0.72844,0.17313,0.21788,0.67905,0.93724,0.875,0.90488,0.77304,0.88716,0.80357,0.81576,0.71017,0.85566,2.50894,0.19633,0.65188,1.24726,9.04029e-05,9.04029e-05,9.04029e-05
496,1640.86,0.54487,0.71808,0.17114,0.21636,0.7052,0.89073,0.87344,0.90197,0.76759,0.85368,0.83355,0.81077,0.70847,0.85765,2.46415,0.19529,0.66843,1.26111,8.99786e-05,8.99786e-05,8.99786e-05
497,1644.04,0.60184,0.72333,0.17388,0.22651,0.672,0.95955,0.85714,0.93057,0.7706,0.90157,0.81783,0.81452,0.71251,0.87365,2.47529,0.19659,0.68467,1.30344,8.95543e-05,8.95543e-05,8.95543e-05
498,1647.24,0.5482,0.72458,0.17255,0.21807,0.67115,0.94116,0.89286,0.97061,0.77783,0.88146,0.80357,0.81138,0.69392,0.89233,2.48062,0.1944,0.65975,1.34543,8.913e-05,8.913e-05,8.913e-05
499,1650.42,0.5973,0.71103,0.17679,0.22711,0.67966,0.87302,0.98214,0.97388,0.77869,0.92108,0.78571,0.81191,0.69724,0.86434,2.47612,0.19417,0.61805,1.29194,8.87057e-05,8.87057e-05,8.87057e-05
500,1653.6,0.61197,0.70977,0.17051,0.22961,0.68546,0.875,1,0.98217,0.7757,0.93044,0.78571,0.82865,0.69283,0.85996,2.48138,0.19527,0.6169,1.25981,8.82814e-05,8.82814e-05,8.82814e-05
501,1656.79,0.64402,0.73712,0.17532,0.2283,0.65001,0.93656,0.91071,0.97235,0.77878,0.93181,0.78571,0.82898,0.71208,0.84828,2.43996,0.19478,0.58376,1.23168,8.78571e-05,8.78571e-05,8.78571e-05
502,1659.98,0.62448,0.69994,0.17188,0.23077,0.64888,0.90183,0.92857,0.97172,0.78667,0.88792,0.84889,0.84718,0.72398,0.84185,2.38191,0.19363,0.61311,1.22257,8.74329e-05,8.74329e-05,8.74329e-05
503,1663.18,0.62187,0.69185,0.17393,0.22927,0.66973,0.8871,0.98214,0.97336,0.78785,0.93603,0.7839,0.84786,0.72538,0.86747,2.36786,0.19165,0.65478,1.27098,8.70086e-05,8.70086e-05,8.70086e-05
504,1666.35,0.61376,0.70023,0.1732,0.22559,0.68735,0.8871,0.98214,0.97331,0.77973,0.91835,0.80337,0.83013,0.71876,0.85984,2.40304,0.19054,0.68781,1.24584,8.65843e-05,8.65843e-05,8.65843e-05
505,1669.56,0.68805,0.69417,0.17183,0.24559,0.65423,0.87302,0.98214,0.97407,0.77992,0.93635,0.80357,0.82906,0.71831,0.85243,2.40449,0.19034,0.66299,1.23887,8.616e-05,8.616e-05,8.616e-05
506,1672.76,0.58337,0.68073,0.1695,0.21977,0.68748,0.8871,0.98214,0.97325,0.79342,0.93491,0.80357,0.8476,0.72294,0.84604,2.37356,0.19163,0.62821,1.23016,8.57357e-05,8.57357e-05,8.57357e-05
507,1675.97,0.61748,0.70902,0.17431,0.23156,0.65732,0.88525,0.96429,0.95422,0.79102,0.93203,0.80357,0.83231,0.71155,0.82426,2.39275,0.19167,0.63811,1.20484,8.53114e-05,8.53114e-05,8.53114e-05
508,1679.2,0.5618,0.69202,0.16856,0.22382,0.67699,0.85938,0.98214,0.97218,0.79493,0.91809,0.8007,0.83258,0.71309,0.8544,2.40299,0.18999,0.6218,1.25953,8.48871e-05,8.48871e-05,8.48871e-05
509,1682.37,0.56973,0.68362,0.17059,0.22083,0.68595,0.94441,0.91016,0.97059,0.79053,0.91471,0.82143,0.83322,0.71526,0.8516,2.42041,0.19031,0.62269,1.2428,8.44629e-05,8.44629e-05,8.44629e-05
510,1685.58,0.57733,0.68766,0.16332,0.2217,0.66863,0.98034,0.89043,0.9723,0.78707,0.92093,0.83207,0.83051,0.70584,0.85633,2.45855,0.18925,0.61261,1.24448,8.40386e-05,8.40386e-05,8.40386e-05
511,1688.76,0.5985,0.70642,0.17642,0.22363,0.66221,0.98037,0.89205,0.93745,0.77455,0.92153,0.83889,0.83351,0.71244,0.85353,2.43883,0.18741,0.60108,1.23208,8.36143e-05,8.36143e-05,8.36143e-05
512,1691.96,0.56611,0.74265,0.1796,0.22787,0.66336,0.90168,0.91071,0.9339,0.7807,0.91562,0.82143,0.83488,0.72264,0.82773,2.43151,0.18742,0.56755,1.18843,8.319e-05,8.319e-05,8.319e-05
513,1695.18,0.59415,0.67654,0.17171,0.21985,0.66673,0.91014,0.90441,0.93322,0.7816,0.91962,0.81722,0.83494,0.72462,0.82407,2.43865,0.18752,0.58228,1.17716,8.27657e-05,8.27657e-05,8.27657e-05
514,1698.45,0.61348,0.69661,0.17413,0.22621,0.65385,0.92004,0.875,0.93215,0.78395,0.88587,0.8317,0.83583,0.7192,0.82395,2.46027,0.18807,0.61408,1.16982,8.23414e-05,8.23414e-05,8.23414e-05
515,1701.73,0.54456,0.66625,0.17023,0.21083,0.6785,0.88136,0.92857,0.91183,0.76923,0.92823,0.75,0.81414,0.71161,0.84698,2.52262,0.18858,0.62828,1.19208,8.19171e-05,8.19171e-05,8.19171e-05
516,1704.93,0.56099,0.60629,0.16713,0.21811,0.68737,0.88136,0.92857,0.91539,0.76884,0.91621,0.78107,0.81443,0.70138,0.86664,2.51638,0.18888,0.6368,1.23065,8.14929e-05,8.14929e-05,8.14929e-05
517,1708.17,0.56493,0.73295,0.16684,0.22173,0.66821,0.95078,0.83929,0.91276,0.76943,0.93468,0.76658,0.81517,0.6922,0.89161,2.55309,0.18976,0.69367,1.27535,8.10686e-05,8.10686e-05,8.10686e-05
518,1711.44,0.68027,0.80331,0.16816,0.28544,0.6937,0.83871,0.92857,0.91313,0.76783,0.91376,0.78571,0.81581,0.70225,0.87381,2.55796,0.19067,0.6752,1.25491,8.06443e-05,8.06443e-05,8.06443e-05
519,1714.7,0.55591,0.6879,0.17079,0.21919,0.67203,0.92436,0.87295,0.93183,0.75759,0.91641,0.78315,0.81731,0.68944,0.88985,2.67866,0.19502,0.68358,1.26954,8.022e-05,8.022e-05,8.022e-05
520,1717.98,0.5641,0.67329,0.17184,0.22013,0.65969,0.97907,0.83523,0.93334,0.76183,0.93721,0.79964,0.82217,0.71715,0.87094,2.64146,0.19504,0.68098,1.22383,7.97957e-05,7.97957e-05,7.97957e-05
521,1721.23,0.56742,0.70448,0.17307,0.21873,0.68097,0.96031,0.86418,0.91649,0.75899,0.91982,0.81947,0.82303,0.71297,0.87789,2.65997,0.19461,0.66441,1.23152,7.93714e-05,7.93714e-05,7.93714e-05
522,1724.52,0.65936,0.67536,0.1671,0.23556,0.64551,0.92474,0.87774,0.93196,0.77249,0.9238,0.80357,0.82078,0.71356,0.86667,2.64764,0.19459,0.65601,1.23655,7.89471e-05,7.89471e-05,7.89471e-05
523,1727.81,0.56459,0.67673,0.17017,0.21989,0.66393,0.92556,0.88824,0.91459,0.77109,0.88785,0.8483,0.8367,0.71146,0.89524,2.58754,0.19409,0.64965,1.27415,7.85229e-05,7.85229e-05,7.85229e-05
524,1731.05,0.58894,0.6975,0.17067,0.21859,0.67538,0.97911,0.83682,0.93234,0.7756,0.93737,0.80186,0.83611,0.71597,0.89074,2.54571,0.19296,0.64795,1.26073,7.80986e-05,7.80986e-05,7.80986e-05
525,1734.31,0.57036,0.66029,0.16851,0.21761,0.66791,0.94479,0.91684,0.95313,0.77543,0.89897,0.82143,0.81978,0.71852,0.88599,2.54693,0.19217,0.64298,1.26172,7.76743e-05,7.76743e-05,7.76743e-05
526,1737.58,0.56639,0.90884,0.17901,0.21865,0.68483,0.94531,0.92857,0.95257,0.77908,0.88564,0.8298,0.82039,0.71092,0.87812,2.55984,0.19132,0.66621,1.23816,7.725e-05,7.725e-05,7.725e-05
527,1740.82,0.57861,0.66715,0.16783,0.21746,0.68744,0.94519,0.92382,0.93745,0.77105,0.91638,0.80357,0.82066,0.70834,0.86272,2.59174,0.19068,0.65703,1.20635,7.68257e-05,7.68257e-05,7.68257e-05
528,1744.02,0.56658,0.75999,0.16807,0.21453,0.67861,0.9273,0.91116,0.93988,0.77549,0.95699,0.79468,0.82267,0.71864,0.87061,2.61406,0.19199,0.6048,1.23568,7.64014e-05,7.64014e-05,7.64014e-05
529,1747.21,0.60012,0.65711,0.1664,0.21917,0.65754,0.94312,0.8883,0.93843,0.7778,0.94903,0.80357,0.8215,0.72358,0.89158,2.58555,0.19347,0.6255,1.23729,7.59771e-05,7.59771e-05,7.59771e-05
530,1750.49,0.6075,0.65829,0.16767,0.22552,0.63691,0.96134,0.88822,0.93919,0.77622,0.94199,0.78571,0.83644,0.72744,0.89487,2.59218,0.19204,0.62665,1.25598,7.55529e-05,7.55529e-05,7.55529e-05
531,1753.75,0.60486,0.65423,0.16509,0.22232,0.65966,0.92681,0.9046,0.91717,0.7694,0.89742,0.78118,0.80221,0.72166,0.88939,2.60909,0.19111,0.61856,1.27414,7.51286e-05,7.51286e-05,7.51286e-05
532,1757,0.56592,0.68591,0.16872,0.21843,0.69411,0.92654,0.90094,0.90685,0.75758,0.90632,0.78571,0.80777,0.71414,0.86778,2.64559,0.19227,0.62568,1.24088,7.47043e-05,7.47043e-05,7.47043e-05
533,1760.27,0.60387,0.72493,0.16578,0.22543,0.67824,0.93706,0.89286,0.90687,0.75355,0.88013,0.82143,0.8129,0.71225,0.87713,2.64827,0.19108,0.66231,1.24169,7.428e-05,7.428e-05,7.428e-05
534,1763.52,0.55312,0.65662,0.16751,0.21634,0.68325,0.9433,0.8913,0.9142,0.75419,0.88428,0.81876,0.8126,0.71465,0.86168,2.64795,0.18953,0.61262,1.2289,7.38557e-05,7.38557e-05,7.38557e-05
535,1766.79,0.58564,0.76329,0.17013,0.22866,0.67242,0.90883,0.89286,0.91137,0.7537,0.85756,0.82143,0.80339,0.70525,0.87883,2.65961,0.1884,0.60232,1.2701,7.34314e-05,7.34314e-05,7.34314e-05
536,1770.03,0.54962,0.81344,0.1744,0.21491,0.6882,0.927,0.90705,0.93233,0.77315,0.8399,0.80357,0.80908,0.70809,0.88939,2.60945,0.18824,0.57696,1.28459,7.30071e-05,7.30071e-05,7.30071e-05
537,1773.24,0.62792,0.6801,0.17208,0.23235,0.65895,0.92692,0.90605,0.9327,0.7701,0.96738,0.71429,0.80917,0.69744,0.87157,2.66015,0.18937,0.57836,1.26319,7.25829e-05,7.25829e-05,7.25829e-05
538,1776.42,0.56074,0.64877,0.16464,0.21592,0.69329,0.92606,0.89465,0.93297,0.77212,0.96484,0.71429,0.8006,0.69704,0.86564,2.69035,0.18946,0.59625,1.25752,7.21586e-05,7.21586e-05,7.21586e-05
539,1779.69,0.62169,0.62276,0.1646,0.22722,0.65558,0.94336,0.89219,0.91747,0.76711,0.9667,0.71429,0.76786,0.69456,0.87152,2.65494,0.19059,0.62154,1.25349,7.17343e-05,7.17343e-05,7.17343e-05
540,1782.93,0.55529,0.70307,0.17026,0.2146,0.6667,0.94366,0.89729,0.9309,0.77198,0.96818,0.71429,0.78341,0.69198,0.87581,2.61382,0.18944,0.64222,1.26459,7.131e-05,7.131e-05,7.131e-05
541,1786.16,0.55487,0.61713,0.1665,0.21292,0.66667,0.92165,0.89286,0.92694,0.76892,0.96768,0.71429,0.7863,0.70259,0.848,2.59228,0.18869,0.63418,1.24827,7.08857e-05,7.08857e-05,7.08857e-05
542,1789.41,0.58045,0.63846,0.16348,0.21823,0.65734,0.86154,1,0.97417,0.78822,0.96748,0.71429,0.80098,0.70945,0.83134,2.58665,0.18637,0.60798,1.23443,7.04614e-05,7.04614e-05,7.04614e-05
543,1792.7,0.66722,0.62172,0.16715,0.237,0.6464,0.83333,0.98214,0.96345,0.77901,0.9533,0.72911,0.80174,0.71186,0.86816,2.58002,0.18594,0.63209,1.28362,7.00371e-05,7.00371e-05,7.00371e-05
544,1796,0.58666,0.62915,0.16855,0.22222,0.67366,0.93459,0.85714,0.94696,0.78055,0.97601,0.72647,0.80341,0.71112,0.8829,2.54328,0.18651,0.6363,1.31102,6.96129e-05,6.96129e-05,6.96129e-05
545,1799.23,0.60552,0.66219,0.17093,0.22251,0.65988,0.93976,0.85714,0.96258,0.78775,0.97053,0.73214,0.80363,0.70842,0.87865,2.52561,0.18442,0.58973,1.3118,6.91886e-05,6.91886e-05,6.91886e-05
546,1802.49,0.5966,0.63459,0.16553,0.22044,0.65158,0.93069,0.875,0.96745,0.79166,0.9681,0.73214,0.80529,0.71409,0.84535,2.57597,0.18528,0.57699,1.22295,6.87643e-05,6.87643e-05,6.87643e-05
547,1805.8,0.58218,0.6152,0.16125,0.21711,0.67188,0.94294,0.88531,0.97806,0.79465,0.97666,0.74717,0.83422,0.72188,0.84383,2.55299,0.18582,0.5791,1.21495,6.834e-05,6.834e-05,6.834e-05
548,1809.07,0.56862,0.62911,0.16206,0.21615,0.64556,0.94007,0.89286,0.96832,0.79333,0.8782,0.80357,0.8337,0.72921,0.83202,2.56381,0.18835,0.58516,1.1941,6.79157e-05,6.79157e-05,6.79157e-05
549,1812.34,0.59879,0.64193,0.1724,0.22158,0.67179,0.94055,0.875,0.93149,0.76795,0.88152,0.82143,0.81873,0.71824,0.84663,2.58856,0.18985,0.62402,1.19989,6.74914e-05,6.74914e-05,6.74914e-05
550,1815.55,0.61294,0.6335,0.16603,0.22244,0.65074,0.95786,0.89286,0.95302,0.77962,0.89583,0.80357,0.83318,0.72195,0.85366,2.62342,0.19055,0.61187,1.20233,6.70671e-05,6.70671e-05,6.70671e-05
551,1818.78,0.6566,0.64376,0.16723,0.2308,0.63056,0.97709,0.89286,0.93707,0.77947,0.89713,0.80357,0.833,0.7217,0.8462,2.59503,0.191,0.58149,1.19172,6.66429e-05,6.66429e-05,6.66429e-05
552,1822.04,0.60784,0.64809,0.1701,0.22706,0.67298,0.9783,0.89286,0.93811,0.77079,0.89878,0.79291,0.83616,0.71778,0.84637,2.56143,0.1922,0.57443,1.19089,6.62186e-05,6.62186e-05,6.62186e-05
553,1825.3,0.56666,0.67684,0.16881,0.21764,0.65142,0.98036,0.89123,0.97227,0.7874,0.93678,0.79387,0.82176,0.72932,0.83099,2.50316,0.19252,0.53675,1.18217,6.57943e-05,6.57943e-05,6.57943e-05
554,1828.61,0.58012,0.62225,0.16331,0.21979,0.66432,0.97837,0.875,0.95541,0.77011,0.93616,0.78561,0.82133,0.72168,0.82178,2.49653,0.1921,0.55425,1.19082,6.537e-05,6.537e-05,6.537e-05
555,1831.95,0.59904,0.65656,0.18161,0.22552,0.65646,0.99923,0.875,0.93795,0.77162,0.93611,0.78499,0.81823,0.71792,0.82041,2.49306,0.19099,0.60307,1.20204,6.49457e-05,6.49457e-05,6.49457e-05
556,1835.26,0.60097,0.64579,0.16907,0.2257,0.67511,0.92501,0.91071,0.93707,0.76947,0.9367,0.79284,0.81707,0.71617,0.82675,2.52875,0.18983,0.61646,1.22342,6.45214e-05,6.45214e-05,6.45214e-05
557,1838.54,0.55265,0.61273,0.16228,0.2147,0.6649,0.927,0.90716,0.93652,0.76874,0.87913,0.78571,0.80399,0.71124,0.83786,2.51033,0.1903,0.59448,1.24215,6.40971e-05,6.40971e-05,6.40971e-05
558,1841.74,0.54951,0.62359,0.16729,0.21184,0.67097,0.89553,0.9185,0.93335,0.76515,0.9532,0.73214,0.80994,0.71634,0.84568,2.48942,0.18985,0.61328,1.25059,6.36729e-05,6.36729e-05,6.36729e-05
559,1844.97,0.61088,0.62342,0.16288,0.21885,0.65243,0.95626,0.83929,0.93119,0.76126,0.91303,0.74984,0.80219,0.71465,0.84839,2.54378,0.19051,0.64285,1.24523,6.32486e-05,6.32486e-05,6.32486e-05
560,1848.22,0.62418,0.64315,0.16398,0.22689,0.66635,0.97588,0.85714,0.93535,0.75849,0.9144,0.80357,0.81594,0.71498,0.85528,2.55587,0.19024,0.68314,1.23919,6.28243e-05,6.28243e-05,6.28243e-05
561,1851.44,0.62689,0.59985,0.1621,0.22825,0.65513,0.97757,0.85714,0.9355,0.76452,0.9156,0.80357,0.81571,0.71731,0.84648,2.58518,0.1922,0.69268,1.21014,6.24e-05,6.24e-05,6.24e-05
562,1854.71,0.57139,0.57487,0.1632,0.21847,0.64629,0.97952,0.85407,0.91665,0.76227,0.91811,0.80083,0.81521,0.71572,0.87526,2.59786,0.18974,0.75324,1.24958,6.19757e-05,6.19757e-05,6.19757e-05
563,1857.96,0.55435,0.64378,0.17388,0.21128,0.67771,0.97915,0.83851,0.91596,0.76498,0.91662,0.78526,0.83338,0.71858,0.88009,2.59598,0.19013,0.81117,1.25701,6.15514e-05,6.15514e-05,6.15514e-05
564,1861.18,0.61185,0.82752,0.17433,0.22509,0.6403,0.97914,0.8381,0.91468,0.76343,0.91658,0.7848,0.83169,0.71134,0.86113,2.6278,0.1914,0.79706,1.23643,6.11271e-05,6.11271e-05,6.11271e-05
565,1864.4,0.61836,0.68915,0.17411,0.2173,0.66032,0.95728,0.85714,0.90729,0.7492,0.91639,0.78289,0.81524,0.71924,0.86749,2.58298,0.19046,0.75767,1.26331,6.07029e-05,6.07029e-05,6.07029e-05
566,1867.62,0.59094,0.62764,0.16458,0.21827,0.66816,0.95669,0.85714,0.90872,0.75161,0.82759,0.85714,0.83446,0.72483,0.86304,2.55869,0.19175,0.71141,1.25445,6.02786e-05,6.02786e-05,6.02786e-05
567,1870.9,0.5552,0.62539,0.1621,0.21285,0.66153,0.9607,0.87312,0.93414,0.76917,0.95544,0.76582,0.83503,0.72279,0.86349,2.58132,0.19253,0.67877,1.24598,5.98543e-05,5.98543e-05,5.98543e-05
568,1874.19,0.52062,0.63134,0.15821,0.20562,0.67451,0.92531,0.88498,0.91692,0.76228,0.94885,0.78571,0.83605,0.73007,0.86799,2.54806,0.19235,0.69736,1.23291,5.943e-05,5.943e-05,5.943e-05
569,1877.47,0.58941,0.64371,0.16835,0.2144,0.66573,1,0.83728,0.91056,0.76779,0.95735,0.80178,0.83837,0.72897,0.87042,2.55952,0.19256,0.74184,1.20808,5.90057e-05,5.90057e-05,5.90057e-05
570,1880.73,0.58278,0.6081,0.16264,0.21843,0.65386,1,0.83895,0.93706,0.77726,0.95744,0.80342,0.82318,0.7247,0.87904,2.5541,0.19016,0.73345,1.20748,5.85814e-05,5.85814e-05,5.85814e-05
571,1883.96,0.52181,0.61296,0.16317,0.20576,0.67431,0.92857,0.92857,0.92055,0.7647,0.95741,0.80287,0.82324,0.72004,0.87604,2.5572,0.18822,0.71946,1.22276,5.81571e-05,5.81571e-05,5.81571e-05
572,1887.18,0.57537,0.75091,0.16643,0.21875,0.66635,1,0.83722,0.92036,0.76429,0.95734,0.80151,0.82303,0.71634,0.85709,2.56938,0.19005,0.72499,1.19617,5.77329e-05,5.77329e-05,5.77329e-05
573,1890.41,0.63063,0.60669,0.16479,0.23259,0.64479,0.88333,0.94643,0.93804,0.77179,0.95313,0.78571,0.82134,0.70931,0.86316,2.58017,0.18954,0.7265,1.19658,5.73086e-05,5.73086e-05,5.73086e-05
574,1893.63,0.50575,0.71597,0.16764,0.20642,0.67916,0.86885,0.94643,0.93828,0.77453,0.95201,0.78571,0.83788,0.70934,0.86517,2.58463,0.1908,0.74665,1.19929,5.68843e-05,5.68843e-05,5.68843e-05
575,1896.85,0.67747,0.61222,0.16615,0.23102,0.65032,0.86885,0.94643,0.937,0.77983,0.95088,0.78571,0.83899,0.70139,0.865,2.60756,0.1896,0.76279,1.19033,5.646e-05,5.646e-05,5.646e-05
576,1900.13,0.57816,0.59843,0.16638,0.21564,0.65796,0.89831,0.94643,0.93828,0.77992,0.95645,0.78445,0.8389,0.70887,0.85932,2.59972,0.18954,0.7403,1.19044,5.60357e-05,5.60357e-05,5.60357e-05
577,1903.35,0.59987,0.58839,0.16193,0.22357,0.64822,0.91379,0.94643,0.93796,0.7701,0.95637,0.78298,0.82207,0.71072,0.86818,2.57778,0.18932,0.72662,1.20737,5.56114e-05,5.56114e-05,5.56114e-05
578,1906.57,0.62752,0.59736,0.15976,0.21933,0.64044,0.9,0.96429,0.95604,0.77194,0.91925,0.81318,0.82217,0.7101,0.85851,2.58263,0.19064,0.68683,1.21116,5.51871e-05,5.51871e-05,5.51871e-05
579,1909.81,0.56676,0.64762,0.16425,0.2184,0.66948,0.84375,0.96429,0.95381,0.78652,0.91357,0.80357,0.83714,0.71477,0.85712,2.59455,0.19148,0.649,1.21075,5.47629e-05,5.47629e-05,5.47629e-05
580,1913.07,0.58044,0.60919,0.16424,0.21886,0.63221,0.99616,0.83929,0.9533,0.78621,0.95343,0.80357,0.82216,0.71642,0.85328,2.58677,0.19243,0.63863,1.20925,5.43386e-05,5.43386e-05,5.43386e-05
581,1916.32,0.56988,0.60584,0.16294,0.2122,0.66429,0.85714,0.96429,0.95408,0.78329,0.95165,0.80357,0.82318,0.72262,0.83838,2.54271,0.192,0.60666,1.20201,5.39143e-05,5.39143e-05,5.39143e-05
582,1919.54,0.6431,0.60085,0.16766,0.22801,0.64123,0.97706,0.83929,0.93557,0.77269,0.93506,0.80357,0.83822,0.72514,0.84412,2.53325,0.1905,0.60126,1.21422,5.349e-05,5.349e-05,5.349e-05
583,1922.75,0.58975,0.61239,0.16038,0.21579,0.66088,0.97906,0.83494,0.93443,0.7735,0.93719,0.79939,0.82236,0.72112,0.83746,2.52523,0.19062,0.6182,1.19644,5.30657e-05,5.30657e-05,5.30657e-05
584,1925.96,0.57886,0.58051,0.16324,0.2186,0.68346,0.94201,0.87038,0.93541,0.76998,0.93335,0.80357,0.83584,0.72279,0.85295,2.57116,0.19055,0.63173,1.21202,5.26414e-05,5.26414e-05,5.26414e-05
585,1929.15,0.50686,0.58866,0.16554,0.20261,0.66226,0.93109,0.875,0.93651,0.767,0.93604,0.78409,0.82061,0.71343,0.86173,2.60254,0.19162,0.63639,1.22999,5.22171e-05,5.22171e-05,5.22171e-05
586,1932.37,0.53241,0.57402,0.16026,0.21564,0.65943,0.94168,0.86505,0.93273,0.77287,0.88284,0.80744,0.8198,0.71699,0.85079,2.55699,0.19308,0.6385,1.21972,5.17929e-05,5.17929e-05,5.17929e-05
587,1935.57,0.57796,0.68935,0.16386,0.21543,0.66506,0.94999,0.85714,0.93298,0.76824,0.95544,0.76574,0.81998,0.72071,0.86298,2.5504,0.19302,0.68133,1.22772,5.13686e-05,5.13686e-05,5.13686e-05
588,1938.82,0.54649,0.59772,0.17003,0.21268,0.65814,0.9603,0.86398,0.93278,0.76757,0.90886,0.80357,0.8215,0.72015,0.86866,2.53059,0.19281,0.69675,1.22881,5.09443e-05,5.09443e-05,5.09443e-05
589,1942.04,0.63018,0.60448,0.16471,0.21924,0.65475,0.94881,0.85714,0.93303,0.76746,0.91396,0.82143,0.82154,0.71774,0.87329,2.56545,0.19317,0.65572,1.24596,5.052e-05,5.052e-05,5.052e-05
590,1945.26,0.59263,0.57936,0.15905,0.21348,0.62298,0.97154,0.85714,0.93511,0.76956,0.93079,0.82143,0.8226,0.71571,0.87415,2.58584,0.19332,0.63528,1.25152,5.00957e-05,5.00957e-05,5.00957e-05
591,1948.48,0.65035,0.5597,0.16198,0.22789,0.64341,0.96302,0.85714,0.95193,0.77293,0.93204,0.82143,0.82159,0.71893,0.87025,2.61186,0.1926,0.60674,1.24602,4.96714e-05,4.96714e-05,4.96714e-05
592,1951.69,0.55179,0.59042,0.16879,0.20414,0.66911,0.94366,0.89734,0.95402,0.7848,0.9382,0.8133,0.82209,0.71624,0.8763,2.58966,0.1925,0.5856,1.25081,4.92471e-05,4.92471e-05,4.92471e-05
593,1954.91,0.58954,0.59523,0.16177,0.21555,0.66315,0.98035,0.89087,0.95338,0.78284,0.95372,0.78571,0.81182,0.71347,0.8876,2.58379,0.19216,0.581,1.25884,4.88229e-05,4.88229e-05,4.88229e-05
594,1958.13,0.59789,0.60131,0.15979,0.21506,0.65185,0.96146,0.89109,0.95487,0.77459,0.92615,0.80357,0.8231,0.71967,0.88895,2.56431,0.19251,0.57983,1.25488,4.83986e-05,4.83986e-05,4.83986e-05
595,1961.33,0.60707,0.59482,0.16078,0.22109,0.6408,0.85714,0.96429,0.95439,0.77491,0.93856,0.81837,0.82496,0.72474,0.88272,2.54074,0.19189,0.59729,1.23702,4.79743e-05,4.79743e-05,4.79743e-05
596,1964.56,0.61709,0.60026,0.16491,0.22464,0.6482,0.87302,0.98214,0.97344,0.77623,0.93865,0.81965,0.82496,0.72235,0.87086,2.55297,0.191,0.59912,1.22469,4.755e-05,4.755e-05,4.755e-05
597,1967.84,0.61543,0.6204,0.16957,0.22075,0.62607,0.9795,0.85346,0.95444,0.77524,0.93852,0.81785,0.82584,0.72655,0.85427,2.53372,0.19146,0.62557,1.2022,4.71257e-05,4.71257e-05,4.71257e-05
598,1971.06,0.55781,0.60355,0.16957,0.21104,0.66482,0.97951,0.85358,0.91759,0.77078,0.93852,0.81786,0.82513,0.72816,0.8554,2.56648,0.19179,0.65381,1.20782,4.67014e-05,4.67014e-05,4.67014e-05
599,1974.3,0.54957,0.60593,0.16545,0.20883,0.67256,0.94198,0.86979,0.91824,0.77057,0.93249,0.80357,0.81352,0.73103,0.84844,2.53756,0.19148,0.67962,1.20136,4.62771e-05,4.62771e-05,4.62771e-05
600,1977.55,0.62052,0.56386,0.15963,0.22067,0.64545,0.99777,0.82143,0.90758,0.76848,0.95414,0.78571,0.82225,0.73185,0.86148,2.56129,0.19133,0.71562,1.19622,4.58529e-05,4.58529e-05,4.58529e-05
601,1980.76,0.60506,0.60207,0.16373,0.21777,0.63944,1,0.82012,0.91566,0.77198,0.95646,0.78465,0.82187,0.73241,0.86443,2.55792,0.19192,0.73542,1.19215,4.54286e-05,4.54286e-05,4.54286e-05
