epoch,time,train/box_loss,train/pose_loss,train/kobj_loss,train/cls_loss,train/dfl_loss,metrics/precision(B),metrics/recall(B),metrics/mAP50(B),metrics/mAP50-95(B),metrics/precision(P),metrics/recall(P),metrics/mAP50(P),metrics/mAP50-95(P),val/box_loss,val/pose_loss,val/kobj_loss,val/cls_loss,val/dfl_loss,lr/pg0,lr/pg1,lr/pg2
1,17.0903,2.07746,11.6916,0.51949,1.10325,2.57067,0.46662,0.67606,0.56082,0.21607,0,0,0,0,2.30988,11.3864,0.49696,2.10181,2.98447,9.66667e-05,9.66667e-05,0.0678744
2,20.8504,1.80032,11.5265,0.37157,0.95281,1.95564,0.8381,0.80282,0.86897,0.41016,0,0,0,0,2.06198,10.9296,0.57648,1.16089,2.70591,0.000196389,0.000196389,0.0346408
3,24.5921,1.63574,10.9165,0.41814,0.786,1.83222,0.81958,0.83099,0.89898,0.43329,0,0,0,0,2.02623,10.5534,0.56241,1.02312,2.67447,0.000295828,0.000295828,0.00140694
4,28.3135,1.58252,10.2258,0.45685,0.73356,1.70355,0.83596,0.91549,0.94322,0.5083,0,0,0,0,1.83685,10.0196,0.5057,0.95214,2.18965,0.000298727,0.000298727,0.000298727
5,32.0791,1.48602,9.847,0.48257,0.71405,1.71305,0.94876,0.78238,0.93021,0.52525,0,0,0,0,1.79677,9.71029,0.47532,0.92496,2.12195,0.000298303,0.000298303,0.000298303
6,35.8371,1.36522,9.43142,0.41572,0.68854,1.65285,0.89409,0.83233,0.91454,0.53719,0,0,0,0,1.63292,9.44996,0.40481,0.92924,2.03724,0.000297879,0.000297879,0.000297879
7,39.5896,1.32185,9.07792,0.38953,0.6575,1.54796,0.8694,0.84386,0.8977,0.56065,0,0,0,0,1.65183,9.45931,0.39101,0.91242,1.94332,0.000297454,0.000297454,0.000297454
8,43.3667,1.27311,8.91749,0.39722,0.63503,1.5292,0.87694,0.87324,0.91651,0.56538,0,0,0,0,1.64405,9.21245,0.39785,0.91516,1.94552,0.00029703,0.00029703,0.00029703
9,47.0906,1.2959,8.75631,0.39863,0.62837,1.53489,0.88847,0.90141,0.96031,0.66602,0,0,0,0,1.31341,8.91795,0.40346,0.75702,1.69779,0.000296606,0.000296606,0.000296606
10,50.8312,1.23722,8.52315,0.39645,0.60867,1.42227,0.86617,0.91549,0.95958,0.64164,0,0,0,0,1.30102,8.81541,0.40561,0.78677,1.65847,0.000296181,0.000296181,0.000296181
11,54.1448,1.17005,8.34611,0.38965,0.58411,1.44786,0.956,0.8169,0.94577,0.65535,0,0,0,0,1.26482,8.57245,0.40668,0.84577,1.62626,0.000295757,0.000295757,0.000295757
12,57.4843,1.17185,8.20266,0.38865,0.58134,1.34684,0.92867,0.87324,0.943,0.6612,0,0,0,0,1.29026,8.45954,0.42418,0.77722,1.66925,0.000295333,0.000295333,0.000295333
13,60.8653,1.17197,7.97725,0.38537,0.5697,1.34835,0.8786,0.88732,0.94017,0.65961,0,0,0,0,1.24638,8.20995,0.41637,0.70855,1.61082,0.000294909,0.000294909,0.000294909
14,64.1538,1.0916,7.75957,0.37691,0.53197,1.30265,0.88595,0.87531,0.95591,0.67239,0.08864,0.04225,0.00587,0.00059,1.22478,8.03948,0.41507,0.72352,1.57103,0.000294484,0.000294484,0.000294484
15,67.837,1.09491,7.54389,0.3844,0.55791,1.30605,0.90634,0.84507,0.95788,0.67402,0.13485,0.05634,0.01158,0.00116,1.20454,7.85769,0.40597,0.71376,1.55883,0.00029406,0.00029406,0.00029406
16,71.6325,1.11429,7.3376,0.37091,0.54001,1.33673,0.87264,0.8169,0.93903,0.62803,0.15806,0.07042,0.02906,0.00291,1.38392,7.87285,0.39241,0.80225,1.70898,0.000293636,0.000293636,0.000293636
17,74.9642,1.12028,7.18689,0.35455,0.52157,1.27252,0.84257,0.85915,0.94568,0.6586,0.06247,0.02817,0.00208,0.00021,1.28204,7.78961,0.36873,0.79039,1.6563,0.000293211,0.000293211,0.000293211
18,78.3314,1.13817,7.0087,0.35648,0.51496,1.25587,0.89175,0.92818,0.96874,0.66349,0.17978,0.12676,0.05102,0.00848,1.2854,7.47511,0.35404,0.72833,1.58904,0.000292787,0.000292787,0.000292787
19,81.6573,1.06594,6.85641,0.34051,0.49198,1.21466,0.9293,0.92575,0.97473,0.70244,0.50577,0.26761,0.21717,0.0288,1.17642,7.28359,0.34855,0.67733,1.50938,0.000292363,0.000292363,0.000292363
20,85.4107,1.05467,6.823,0.32825,0.48821,1.18974,0.91479,0.90726,0.95593,0.66875,0.23911,0.11268,0.03831,0.00444,1.1875,7.38677,0.3457,0.724,1.50083,0.000291939,0.000291939,0.000291939
21,88.7342,1.01854,6.65631,0.3319,0.50113,1.22947,0.88611,0.83099,0.94029,0.6621,0.09492,0.08451,0.01709,0.00171,1.23223,7.35591,0.3414,0.73491,1.5619,0.000291514,0.000291514,0.000291514
22,92.0745,1.02752,6.57987,0.3354,0.49251,1.20486,0.89591,0.92958,0.96811,0.69374,0.08967,0.07042,0.02185,0.00251,1.22165,7.13784,0.34642,0.66527,1.52894,0.00029109,0.00029109,0.00029109
23,95.3761,0.99062,6.41686,0.33033,0.48,1.2407,0.94515,0.97072,0.98486,0.72091,0.28275,0.22535,0.11284,0.01429,1.14253,6.84289,0.34779,0.63937,1.46204,0.000290666,0.000290666,0.000290666
24,99.1636,1.07717,6.27122,0.34921,0.50021,1.1948,0.9167,0.93001,0.96986,0.71034,0.68892,0.47887,0.42242,0.06767,1.13118,6.77328,0.348,0.70714,1.41978,0.000290241,0.000290241,0.000290241
25,102.915,1.03828,5.95824,0.33607,0.47687,1.18623,0.90936,0.84507,0.92849,0.67173,0.55888,0.42254,0.33061,0.05909,1.24896,6.73738,0.34531,0.80003,1.51342,0.000289817,0.000289817,0.000289817
26,106.21,0.9806,5.67795,0.32806,0.44701,1.14059,0.94135,0.90428,0.97363,0.70812,0.6318,0.38677,0.36149,0.08406,1.136,6.4806,0.34357,0.68257,1.42967,0.000289393,0.000289393,0.000289393
27,109.925,0.97878,5.39955,0.32571,0.44958,1.12781,0.92396,0.92958,0.97548,0.72274,0.95218,0.56091,0.56898,0.16311,1.07591,6.21282,0.34308,0.61592,1.36533,0.000288969,0.000288969,0.000288969
28,113.614,0.98956,5.1407,0.33455,0.46429,1.18205,0.9334,0.91549,0.97991,0.69726,0.78459,0.52113,0.51903,0.1701,1.17695,5.92203,0.33984,0.64397,1.48292,0.000288544,0.000288544,0.000288544
29,116.929,0.95495,4.98663,0.31469,0.44229,1.15193,0.95551,0.83099,0.96423,0.68351,0.60339,0.51432,0.40286,0.11801,1.195,6.07362,0.33568,0.75286,1.46821,0.00028812,0.00028812,0.00028812
30,120.312,0.98803,4.89862,0.30417,0.44809,1.14262,0.9455,0.90141,0.98129,0.72659,0.91328,0.53521,0.56232,0.29267,1.06371,5.45043,0.32369,0.62774,1.37743,0.000287696,0.000287696,0.000287696
31,124.053,0.92115,4.55544,0.29906,0.41703,1.13427,0.87316,0.96963,0.97794,0.73133,0.70096,0.57746,0.53592,0.20087,1.0558,5.36949,0.32238,0.59126,1.38746,0.000287271,0.000287271,0.000287271
32,127.358,1.00457,4.40514,0.29239,0.42666,1.09387,0.90456,0.97183,0.98497,0.73121,0.70761,0.60563,0.54857,0.19799,1.08904,5.21368,0.31984,0.56432,1.40262,0.000286847,0.000286847,0.000286847
33,130.654,1.00635,4.49598,0.29835,0.46174,1.15716,0.96284,0.88732,0.98124,0.71988,0.71066,0.55355,0.54016,0.23216,1.08937,5.26395,0.31059,0.60209,1.35282,0.000286423,0.000286423,0.000286423
34,133.98,0.99594,4.40521,0.29791,0.45117,1.09422,0.93973,0.8785,0.97201,0.74201,0.81402,0.52113,0.53615,0.28632,1.03458,5.29531,0.30916,0.60279,1.29491,0.000285999,0.000285999,0.000285999
35,137.7,0.90426,4.51353,0.30219,0.42103,1.16273,0.92888,0.91981,0.97733,0.77625,0.80776,0.56338,0.55998,0.1954,0.98557,5.43861,0.30965,0.58851,1.24619,0.000285574,0.000285574,0.000285574
36,140.982,0.93227,4.30133,0.2944,0.42456,1.09016,0.97093,0.94083,0.98368,0.7527,0.78027,0.52113,0.48306,0.1567,1.01791,5.16591,0.30986,0.54581,1.28318,0.00028515,0.00028515,0.00028515
37,144.344,0.90299,4.32385,0.29578,0.43101,1.05133,0.95503,0.94366,0.98324,0.76242,0.83559,0.56338,0.57463,0.26366,1.01494,5.19354,0.31162,0.60495,1.26704,0.000284726,0.000284726,0.000284726
38,147.745,0.91887,4.19191,0.29015,0.42519,1.10453,0.94065,0.89296,0.96933,0.68015,0.61484,0.58463,0.47884,0.18484,1.1479,5.28905,0.31395,0.69502,1.443,0.000284301,0.000284301,0.000284301
39,151.083,0.9183,4.16768,0.29265,0.42029,1.14117,0.89451,0.95542,0.98231,0.72008,0.63048,0.57746,0.44313,0.23351,1.04165,5.25633,0.31216,0.65001,1.38802,0.000283877,0.000283877,0.000283877
40,154.422,0.96914,4.1558,0.29611,0.41903,1.05958,0.94123,0.98592,0.99156,0.75566,0.7599,0.60563,0.5571,0.28282,0.99135,4.84679,0.30509,0.52331,1.30706,0.000283453,0.000283453,0.000283453
41,158.268,0.91937,4.02074,0.29688,0.40766,1.08956,0.93801,0.92958,0.98665,0.74059,0.72281,0.57746,0.53205,0.21588,0.98201,4.97359,0.3047,0.55228,1.31256,0.000283029,0.000283029,0.000283029
42,161.644,0.91526,4.03576,0.30177,0.41801,1.06239,0.99273,0.92958,0.98992,0.75119,0.72981,0.57073,0.56803,0.26028,1.02884,5.05848,0.30564,0.55189,1.33315,0.000282604,0.000282604,0.000282604
43,165.025,0.90112,4.17033,0.28649,0.42945,1.10061,0.90779,0.97063,0.98267,0.73742,0.78436,0.61483,0.59589,0.30522,1.01947,4.93649,0.30709,0.56616,1.30418,0.00028218,0.00028218,0.00028218
44,168.833,0.97456,4.14942,0.29358,0.42739,1.08006,0.95888,0.98527,0.99236,0.78344,0.74544,0.65995,0.63422,0.34757,0.9305,4.74982,0.30074,0.49804,1.219,0.000281756,0.000281756,0.000281756
45,172.582,0.90008,4.01399,0.29316,0.40664,1.0624,0.97256,0.98592,0.99366,0.76915,0.72285,0.61972,0.58101,0.19427,0.95381,5.02693,0.30427,0.53392,1.26421,0.000281331,0.000281331,0.000281331
46,175.911,0.8772,4.01612,0.29635,0.40683,1.07684,0.98558,0.96277,0.99099,0.74319,0.8251,0.50704,0.54874,0.14822,1.0954,5.06604,0.30699,0.56106,1.42395,0.000280907,0.000280907,0.000280907
47,179.251,0.9288,3.97597,0.29115,0.40805,1.07194,0.95988,0.95775,0.98807,0.76385,0.72383,0.61972,0.60022,0.31578,1.01229,4.75712,0.30606,0.54996,1.28333,0.000280483,0.000280483,0.000280483
48,182.601,0.96238,4.01557,0.29034,0.40348,1.06421,0.93018,0.93832,0.98186,0.7207,0.74794,0.54339,0.56967,0.16969,1.0815,5.13746,0.30635,0.58127,1.3771,0.000280059,0.000280059,0.000280059
49,185.972,0.87673,4.19961,0.29119,0.43544,1.11396,0.94557,0.97868,0.98868,0.77491,0.85866,0.59901,0.61661,0.40833,0.94088,4.67805,0.29963,0.54552,1.22458,0.000279634,0.000279634,0.000279634
50,189.749,0.88212,4.09311,0.28587,0.39904,1.01681,0.94417,0.95275,0.98002,0.7314,0.72189,0.62153,0.60591,0.27333,1.05168,4.76823,0.30028,0.61857,1.29861,0.00027921,0.00027921,0.00027921
51,193.064,0.85386,3.79809,0.28177,0.38784,0.964,0.93012,0.93738,0.97513,0.74478,0.74255,0.61972,0.60337,0.29678,1.03559,4.62267,0.30023,0.5646,1.31166,0.000278786,0.000278786,0.000278786
52,196.432,0.92207,3.74614,0.29198,0.40289,1.0163,0.94608,0.95775,0.98719,0.7679,0.81967,0.66197,0.66528,0.39544,0.98851,4.45488,0.29986,0.51193,1.26096,0.000278361,0.000278361,0.000278361
53,199.784,0.83286,3.75966,0.28367,0.38073,1.05118,0.92777,0.97183,0.9848,0.75118,0.83558,0.60563,0.6424,0.37573,0.99221,4.57225,0.30265,0.54003,1.27892,0.000277937,0.000277937,0.000277937
54,203.155,0.8575,3.66293,0.28568,0.38256,1.01281,0.9791,0.91549,0.98682,0.76787,0.8525,0.57746,0.60604,0.35113,0.94773,4.54624,0.30176,0.52141,1.23543,0.000277513,0.000277513,0.000277513
55,206.508,0.86742,3.66563,0.28321,0.38492,0.97804,0.98524,0.93993,0.98837,0.7704,0.8569,0.60563,0.64983,0.33683,0.97197,4.49342,0.29905,0.50662,1.27366,0.000277089,0.000277089,0.000277089
56,209.854,0.82768,3.73106,0.28693,0.38344,1.01833,0.9714,0.94366,0.98699,0.7703,0.89442,0.59666,0.66566,0.42022,0.91442,4.38463,0.29645,0.48353,1.22072,0.000276664,0.000276664,0.000276664
57,213.615,0.91292,3.78398,0.28657,0.39827,1.02802,0.9716,0.9637,0.98918,0.78335,0.79102,0.67606,0.67905,0.40858,0.89107,4.43495,0.2962,0.47902,1.20362,0.00027624,0.00027624,0.00027624
58,217.375,0.92713,3.66986,0.2861,0.39587,0.99271,0.95029,0.97183,0.99012,0.7699,0.85571,0.67606,0.67498,0.38836,0.9651,4.45588,0.2935,0.51281,1.2388,0.000275816,0.000275816,0.000275816
59,220.651,0.90461,3.67753,0.29519,0.39681,1.04411,0.93113,0.95211,0.97491,0.73155,0.65481,0.66197,0.57905,0.3054,1.0161,4.98212,0.29824,0.63008,1.32909,0.000275391,0.000275391,0.000275391
60,223.958,0.96938,3.73276,0.29716,0.40748,0.99742,0.93254,0.97344,0.98627,0.75654,0.87705,0.60284,0.61967,0.36483,0.97787,4.75708,0.29623,0.52877,1.2708,0.000274967,0.000274967,0.000274967
61,227.296,0.80534,3.59597,0.28318,0.36685,1.01189,0.92173,0.97183,0.98495,0.78409,0.853,0.65391,0.66626,0.38617,0.89751,4.59885,0.29639,0.52369,1.16377,0.000274543,0.000274543,0.000274543
62,230.68,0.81891,3.51698,0.28463,0.37529,0.99279,0.94266,0.97183,0.98159,0.79203,0.88835,0.70423,0.70333,0.41115,0.85553,4.23508,0.2973,0.47978,1.16567,0.000274119,0.000274119,0.000274119
63,234.351,0.78873,3.50155,0.28269,0.37062,1.03774,0.97167,0.96612,0.98878,0.79912,0.92376,0.6827,0.72062,0.42333,0.85751,4.26708,0.29739,0.4953,1.19513,0.000273694,0.000273694,0.000273694
64,238.134,0.90803,3.66388,0.28287,0.40149,1.04437,0.95807,0.9655,0.98676,0.77529,0.87336,0.67995,0.69714,0.416,0.93102,4.22604,0.29409,0.49963,1.2002,0.00027327,0.00027327,0.00027327
65,241.473,0.83541,3.53728,0.29097,0.38862,1.01119,0.97182,0.97137,0.98643,0.79288,0.84388,0.60563,0.658,0.3972,0.87252,4.27387,0.29286,0.50324,1.13175,0.000272846,0.000272846,0.000272846
66,244.817,0.81444,3.43623,0.27606,0.37208,1.00302,0.95806,0.96515,0.98572,0.79049,0.89612,0.59155,0.65709,0.40068,0.90691,4.36271,0.2939,0.51555,1.17529,0.000272421,0.000272421,0.000272421
67,248.08,0.84069,3.54723,0.2748,0.37472,0.97318,0.96495,0.90141,0.97499,0.75614,0.80904,0.59155,0.63736,0.3485,0.9944,4.31408,0.29836,0.55013,1.24987,0.000271997,0.000271997,0.000271997
68,251.368,0.8184,3.44504,0.27482,0.37416,1.00419,0.95057,0.94366,0.97999,0.79705,0.89824,0.60563,0.67461,0.39946,0.81531,4.24319,0.29515,0.47061,1.08547,0.000271573,0.000271573,0.000271573
69,254.661,0.83754,3.55426,0.28868,0.38375,1.00983,0.95352,0.95775,0.98464,0.78841,0.82429,0.67606,0.7033,0.38201,0.8327,4.14876,0.29279,0.48129,1.1049,0.000271149,0.000271149,0.000271149
70,257.991,0.89074,3.4015,0.28027,0.37675,0.96843,0.94444,0.95761,0.98415,0.78598,0.86203,0.66197,0.67604,0.39815,0.86927,4.2201,0.29283,0.50939,1.13742,0.000270724,0.000270724,0.000270724
71,261.274,0.86696,3.46971,0.27448,0.37699,0.99358,0.94421,0.95775,0.98427,0.78169,0.8959,0.64789,0.72072,0.41519,0.89608,4.18207,0.28816,0.51755,1.15448,0.0002703,0.0002703,0.0002703
72,264.627,0.8269,3.4154,0.28332,0.37435,0.93587,0.9532,0.92958,0.97097,0.77078,0.94902,0.6338,0.7072,0.38731,0.86677,4.3295,0.28534,0.53925,1.14227,0.000269876,0.000269876,0.000269876
73,267.994,0.85094,3.43212,0.285,0.37771,1.00448,0.9688,0.91549,0.97013,0.75269,0.80493,0.71831,0.70163,0.35347,0.95566,4.22224,0.28519,0.51479,1.22843,0.000269451,0.000269451,0.000269451
74,271.274,0.90159,3.36656,0.28736,0.3895,0.98575,0.95683,0.93659,0.9725,0.77117,0.92623,0.6338,0.6925,0.3944,0.85578,4.22568,0.28912,0.53293,1.09896,0.000269027,0.000269027,0.000269027
75,274.573,0.81824,3.38021,0.27364,0.36045,1.00425,0.99367,0.94366,0.97579,0.78391,0.9261,0.70602,0.73874,0.40136,0.88027,4.13579,0.28652,0.51709,1.14968,0.000268603,0.000268603,0.000268603
76,277.899,0.86074,3.37213,0.27807,0.37554,0.96492,0.97101,0.94344,0.98444,0.7823,0.92107,0.65747,0.69024,0.38828,0.87752,4.21056,0.28799,0.54594,1.15684,0.000268179,0.000268179,0.000268179
77,281.197,0.83546,3.38227,0.27065,0.35634,0.939,0.98545,0.95395,0.98741,0.80738,0.87481,0.76056,0.75752,0.42407,0.81486,3.93094,0.29096,0.46316,1.11133,0.000267754,0.000267754,0.000267754
78,284.904,0.84365,3.33219,0.28227,0.35826,0.93793,0.97098,0.94243,0.98526,0.7754,0.81674,0.75332,0.73699,0.3664,0.88292,4.10839,0.28751,0.51578,1.17464,0.00026733,0.00026733,0.00026733
79,288.161,0.81135,3.20554,0.27602,0.36967,0.92814,0.97136,0.95533,0.97868,0.78565,0.81786,0.76056,0.75229,0.41577,0.85018,4.07817,0.28531,0.51059,1.10768,0.000266906,0.000266906,0.000266906
80,291.449,0.85524,3.29729,0.28015,0.37344,0.92314,0.97885,0.92958,0.98533,0.77704,0.88219,0.67606,0.73979,0.3418,0.89655,4.14223,0.2833,0.52713,1.14965,0.000266481,0.000266481,0.000266481
81,294.733,0.826,3.17366,0.27243,0.35922,0.95869,0.97215,0.98316,0.98777,0.80347,0.895,0.72035,0.77034,0.39838,0.82982,3.85552,0.28211,0.4521,1.08029,0.000266057,0.000266057,0.000266057
82,298.051,0.78519,3.16938,0.26606,0.35512,0.94715,0.97071,0.97183,0.98685,0.7828,0.79628,0.77076,0.75441,0.41658,0.87305,3.96175,0.28398,0.5005,1.16931,0.000265633,0.000265633,0.000265633
83,301.37,0.81342,3.24508,0.27944,0.36961,0.97913,0.9195,0.96529,0.97324,0.78492,0.87822,0.66197,0.73989,0.405,0.86426,4.22995,0.28532,0.55518,1.11247,0.000265209,0.000265209,0.000265209
84,304.72,0.81609,3.18754,0.27352,0.35974,0.95586,0.97818,0.94366,0.98225,0.82889,0.85626,0.75517,0.75105,0.43904,0.76721,3.85127,0.28767,0.44785,1.02611,0.000264784,0.000264784,0.000264784
85,308.442,0.80633,3.1646,0.26718,0.3537,0.93952,0.96865,0.95775,0.98085,0.82413,0.98209,0.77235,0.78364,0.35094,0.80875,4.00576,0.281,0.45592,1.05937,0.00026436,0.00026436,0.00026436
86,311.815,0.77975,3.1786,0.28462,0.34709,0.92919,0.9718,0.97064,0.98933,0.80215,0.90306,0.64789,0.71499,0.33512,0.84883,4.05198,0.28173,0.46629,1.15573,0.000263936,0.000263936,0.000263936
87,315.205,0.81918,3.26374,0.26812,0.35895,0.96489,0.91538,0.95775,0.98312,0.76611,0.86635,0.63918,0.69839,0.30635,0.9202,4.16682,0.27681,0.52244,1.18004,0.000263511,0.000263511,0.000263511
88,318.591,0.85804,3.21173,0.27384,0.35833,0.9546,0.97187,0.97329,0.99371,0.79842,0.87396,0.68368,0.72621,0.36986,0.85486,3.88313,0.27308,0.44698,1.10645,0.000263087,0.000263087,0.000263087
89,321.958,0.82091,3.30438,0.26777,0.35751,0.97003,0.92183,0.9966,0.98759,0.83851,0.83328,0.70397,0.7343,0.45214,0.75458,3.79723,0.27264,0.41844,1.00914,0.000262663,0.000262663,0.000262663
90,325.787,0.76974,3.18712,0.26718,0.34392,0.97647,0.97043,0.92462,0.9838,0.80184,0.85172,0.70423,0.68907,0.38184,0.78634,3.81731,0.27215,0.45928,1.02812,0.000262239,0.000262239,0.000262239
91,329.105,0.81169,3.26721,0.27484,0.35482,0.96653,0.98469,0.90567,0.98491,0.77982,0.78238,0.65831,0.63715,0.32888,0.8205,4.01573,0.27269,0.50957,1.05845,0.000261814,0.000261814,0.000261814
92,332.43,0.90182,3.30273,0.26537,0.40146,1.0102,0.98349,0.97183,0.98285,0.80785,0.88017,0.74648,0.76318,0.45617,0.74522,3.61511,0.27117,0.43269,0.96491,0.00026139,0.00026139,0.00026139
93,335.741,0.78475,3.15277,0.26743,0.33231,0.9312,0.99094,0.97183,0.98354,0.79743,0.89521,0.72194,0.76777,0.4132,0.7732,3.72548,0.27426,0.44734,1.00541,0.000260966,0.000260966,0.000260966
94,339.049,0.78096,3.01604,0.26631,0.34088,0.92571,0.97644,0.95775,0.98217,0.79733,0.93762,0.64789,0.71291,0.43094,0.80293,3.85928,0.27618,0.46439,1.01511,0.000260541,0.000260541,0.000260541
95,342.382,0.78337,3.11603,0.27326,0.329,0.91995,0.9811,0.97183,0.982,0.80188,0.88521,0.69014,0.69826,0.43098,0.78553,3.93296,0.2769,0.48142,1.02385,0.000260117,0.000260117,0.000260117
96,345.758,0.82975,3.10595,0.2731,0.35175,0.94165,0.98288,0.97183,0.98181,0.7989,0.79994,0.73239,0.7055,0.41816,0.83052,3.99014,0.27715,0.5056,1.05487,0.000259693,0.000259693,0.000259693
97,349.14,0.8435,3.03417,0.26681,0.34916,0.89585,0.97214,0.98294,0.98229,0.80992,0.77413,0.74648,0.70024,0.43562,0.82354,3.88847,0.28013,0.48075,1.04056,0.000259269,0.000259269,0.000259269
98,352.517,0.71634,2.94782,0.26873,0.32545,0.94105,0.97059,0.98592,0.98095,0.81166,0.85347,0.76056,0.75666,0.4411,0.81849,3.83899,0.28094,0.44606,1.03264,0.000258844,0.000258844,0.000258844
99,355.944,0.76581,2.84619,0.2658,0.32375,0.87888,0.95499,0.98592,0.98271,0.80532,0.881,0.72992,0.74561,0.44195,0.82127,3.87523,0.27988,0.45636,1.04254,0.00025842,0.00025842,0.00025842
100,359.346,0.74565,2.79799,0.27161,0.31908,0.90918,0.98192,0.97183,0.99163,0.81511,0.91357,0.71831,0.75867,0.41267,0.78588,3.80781,0.27737,0.43555,1.01695,0.000257996,0.000257996,0.000257996
101,362.771,0.81872,2.81671,0.27382,0.34362,0.92501,0.98386,0.97183,0.98273,0.81357,0.82,0.77001,0.77904,0.45753,0.8001,3.69833,0.27583,0.44097,1.01659,0.000257571,0.000257571,0.000257571
102,366.113,0.77287,2.61734,0.27278,0.33932,0.92924,0.98312,0.95775,0.9916,0.8232,0.8524,0.73204,0.71779,0.51126,0.74962,3.54557,0.28198,0.44658,0.99694,0.000257147,0.000257147,0.000257147
103,369.88,0.73617,2.45643,0.27293,0.33239,0.91497,0.99802,0.97183,0.99252,0.81249,0.83241,0.76956,0.75055,0.55912,0.77926,3.2453,0.28115,0.42472,1.04052,0.000256723,0.000256723,0.000256723
104,373.65,0.75993,2.28152,0.27803,0.33021,0.92956,0.99489,0.98592,0.99399,0.82957,0.80139,0.77465,0.75093,0.57055,0.76924,2.99327,0.27655,0.41507,1.01822,0.000256299,0.000256299,0.000256299
105,377.447,0.77013,2.22598,0.2717,0.33391,0.9308,0.98588,0.98319,0.99341,0.80943,0.80213,0.78873,0.76804,0.52431,0.79873,3.04639,0.27563,0.41299,1.02802,0.000255874,0.000255874,0.000255874
106,380.777,0.7608,2.19324,0.26219,0.31801,0.89427,0.95605,0.97183,0.98209,0.81275,0.78525,0.77255,0.74817,0.48056,0.78222,3.24316,0.27785,0.45688,1.0273,0.00025545,0.00025545,0.00025545
107,384.139,0.7483,2.1742,0.26938,0.33162,0.90447,0.95634,0.98592,0.99023,0.81329,0.82071,0.77371,0.75399,0.46819,0.76931,3.18983,0.27681,0.43519,1.0372,0.000255026,0.000255026,0.000255026
108,387.519,0.73424,2.26233,0.27154,0.33001,0.93479,0.97156,0.97183,0.99169,0.82232,0.81594,0.71831,0.71042,0.49831,0.74785,3.00347,0.27656,0.42846,0.97965,0.000254601,0.000254601,0.000254601
109,390.914,0.76109,2.23848,0.27114,0.32454,0.90473,0.97037,0.98592,0.99049,0.82534,0.84891,0.8169,0.79535,0.52423,0.75349,2.83087,0.28011,0.45826,0.96879,0.000254177,0.000254177,0.000254177
110,394.216,0.74758,2.0512,0.26705,0.3289,0.89679,0.95886,0.98592,0.9803,0.82119,0.89355,0.82761,0.82079,0.5755,0.75094,2.68215,0.27775,0.4556,0.98065,0.000253753,0.000253753,0.000253753
111,397.55,0.73553,2.17276,0.27216,0.32149,0.90399,0.98548,0.9561,0.98274,0.80167,0.87956,0.83099,0.8143,0.56186,0.81332,2.77127,0.2794,0.4904,1.01613,0.000253329,0.000253329,0.000253329
112,400.915,0.77441,2.05207,0.26746,0.33411,0.87589,0.98547,0.98592,0.98303,0.80709,0.8082,0.78873,0.77609,0.52418,0.81886,2.88204,0.28448,0.47858,1.03314,0.000252904,0.000252904,0.000252904
113,404.235,0.76399,1.97781,0.2622,0.32394,0.89719,0.98316,0.97183,0.98272,0.82115,0.80793,0.76056,0.76293,0.50302,0.76842,3.05616,0.28957,0.45416,1.01333,0.00025248,0.00025248,0.00025248
114,407.541,0.75601,2.01523,0.26222,0.32165,0.9062,0.94372,0.94466,0.97449,0.81114,0.78864,0.7883,0.75596,0.5032,0.77835,2.95193,0.29237,0.4907,1.0059,0.000252056,0.000252056,0.000252056
115,410.834,0.79701,2.16205,0.27424,0.33631,0.88681,0.9567,0.93373,0.97613,0.78444,0.81243,0.79309,0.79238,0.49866,0.84806,2.9384,0.28979,0.50962,1.09073,0.000251631,0.000251631,0.000251631
116,414.152,0.76734,2.10928,0.26913,0.33903,0.90437,0.97142,0.95746,0.96983,0.79471,0.88523,0.78873,0.77375,0.57465,0.82953,3.02321,0.28956,0.55302,1.05799,0.000251207,0.000251207,0.000251207
117,417.473,0.77313,1.98421,0.26887,0.33196,0.86226,0.968,0.94366,0.96947,0.76803,0.84178,0.76056,0.73293,0.47583,0.82845,3.07479,0.28654,0.51126,1.07526,0.000250783,0.000250783,0.000250783
118,420.849,0.76448,2.03016,0.27009,0.32861,0.87448,0.97135,0.95522,0.97864,0.77553,0.77911,0.74648,0.67104,0.44957,0.81303,3.24593,0.28359,0.48565,1.04586,0.000250359,0.000250359,0.000250359
119,424.165,0.77933,2.01112,0.27043,0.33613,0.90526,0.94589,0.98485,0.97791,0.78453,0.7837,0.8169,0.78361,0.5591,0.81078,2.80828,0.27909,0.44983,1.06013,0.000249934,0.000249934,0.000249934
120,427.493,0.78117,1.95156,0.26429,0.33493,0.88395,0.91972,0.96816,0.98395,0.79606,0.86857,0.77465,0.79627,0.53445,0.77865,2.84418,0.2869,0.43425,1.05776,0.00024951,0.00024951,0.00024951
121,430.871,0.8031,2.11305,0.26389,0.33471,0.89458,0.94826,0.94366,0.97727,0.76083,0.81785,0.80282,0.78662,0.41685,0.82174,3.01081,0.28791,0.42666,1.13985,0.000249086,0.000249086,0.000249086
122,434.225,0.74072,2.05375,0.27641,0.32155,0.91537,0.95737,0.95775,0.98265,0.78615,0.84571,0.77206,0.7389,0.48141,0.76064,3.11864,0.28853,0.56211,1.06566,0.000248661,0.000248661,0.000248661
123,437.54,0.77712,2.02522,0.26821,0.33315,0.87875,0.96917,0.88547,0.9693,0.72676,0.85234,0.7317,0.66925,0.4131,0.87117,3.61799,0.29192,0.69214,1.16765,0.000248237,0.000248237,0.000248237
124,440.836,0.73366,1.98793,0.26273,0.32129,0.88003,0.91378,0.88732,0.96054,0.70203,0.82472,0.73239,0.62926,0.3496,0.88149,4.1058,0.29745,0.76729,1.12055,0.000247813,0.000247813,0.000247813
125,444.136,0.76861,1.95951,0.26843,0.32062,0.88544,0.98278,0.92958,0.98615,0.77385,0.83288,0.78873,0.7268,0.51248,0.8146,2.80789,0.2842,0.52005,1.05975,0.000247389,0.000247389,0.000247389
126,447.446,0.78334,2.00545,0.27561,0.3387,0.86789,0.97178,0.97003,0.99203,0.80744,0.82584,0.80143,0.78875,0.61958,0.78439,2.45113,0.27928,0.40357,1.03073,0.000246964,0.000246964,0.000246964
127,451.136,0.72613,2.10045,0.26499,0.32195,0.94649,0.98133,0.95775,0.98985,0.8119,0.87171,0.73239,0.79327,0.58066,0.80556,2.57484,0.27824,0.40503,1.05836,0.00024654,0.00024654,0.00024654
128,454.443,0.80482,1.96772,0.26106,0.32899,0.8645,0.94492,0.97183,0.98886,0.82918,0.85187,0.8169,0.82376,0.61411,0.70873,2.44275,0.28019,0.39697,0.95364,0.000246116,0.000246116,0.000246116
129,458.187,0.79507,2.1798,0.26857,0.32601,0.88142,0.95476,0.95775,0.98495,0.77322,0.81339,0.79812,0.77103,0.4948,0.80156,2.78329,0.2852,0.49688,1.03584,0.000245691,0.000245691,0.000245691
130,461.571,0.72308,1.87657,0.25482,0.30462,0.89759,0.95429,0.95775,0.98766,0.82737,0.84187,0.84507,0.82406,0.6225,0.70745,2.48505,0.27827,0.41077,0.96832,0.000245267,0.000245267,0.000245267
131,465.347,0.71919,1.83689,0.26126,0.30359,0.83991,0.95818,0.96817,0.98998,0.83153,0.86359,0.80254,0.81437,0.62714,0.70845,2.47506,0.27605,0.40032,0.97236,0.000244843,0.000244843,0.000244843
132,469.283,0.72203,1.95649,0.25864,0.318,0.86157,0.93224,0.96892,0.98618,0.80017,0.79665,0.77251,0.75484,0.56592,0.77678,2.75522,0.27795,0.46233,1.03206,0.000244419,0.000244419,0.000244419
133,472.637,0.65987,1.74531,0.25962,0.28433,0.87773,0.94642,0.9952,0.98948,0.82011,0.75358,0.78873,0.75629,0.58442,0.72633,2.54398,0.27514,0.41837,0.98245,0.000243994,0.000243994,0.000243994
134,476.005,0.79688,1.77073,0.26158,0.32562,0.88297,0.90511,1,0.97941,0.80573,0.74121,0.8169,0.77177,0.60048,0.72827,2.51105,0.27425,0.43002,0.96525,0.00024357,0.00024357,0.00024357
135,479.352,0.7961,1.85385,0.25416,0.32114,0.85534,0.92081,1,0.9782,0.81077,0.79108,0.80002,0.7967,0.60079,0.74809,2.51641,0.27593,0.43524,0.98417,0.000243146,0.000243146,0.000243146
136,482.719,0.75897,1.80052,0.26871,0.31087,0.83455,0.94368,0.94401,0.98736,0.80381,0.8647,0.76056,0.77874,0.59039,0.75734,2.5986,0.27882,0.42361,0.99419,0.000242721,0.000242721,0.000242721
137,486.055,0.72036,1.72816,0.26412,0.29866,0.84797,0.95748,0.95775,0.98866,0.8148,0.91939,0.80318,0.8362,0.64806,0.7552,2.40026,0.27661,0.42303,1.00788,0.000242297,0.000242297,0.000242297
138,489.874,0.74802,1.88144,0.26745,0.31139,0.84092,0.9386,0.91549,0.98121,0.80937,0.91101,0.72099,0.78635,0.57143,0.77948,2.74075,0.27521,0.47665,1.00725,0.000241873,0.000241873,0.000241873
139,493.195,0.80826,1.84211,0.25642,0.31758,0.82068,0.94237,0.92958,0.97447,0.78797,0.95664,0.77465,0.82018,0.55775,0.81287,2.72941,0.27212,0.47547,1.04181,0.000241449,0.000241449,0.000241449
140,496.521,0.72209,1.77062,0.25299,0.3027,0.85523,0.92966,0.93074,0.97255,0.79019,0.88281,0.76056,0.79366,0.57154,0.80802,2.65733,0.27363,0.454,1.06569,0.000241024,0.000241024,0.000241024
141,499.87,0.72189,1.9888,0.26417,0.30564,0.82063,0.93002,0.95775,0.97744,0.80574,0.90158,0.76056,0.80042,0.62593,0.75979,2.42017,0.27326,0.40086,1.02574,0.0002406,0.0002406,0.0002406
142,503.255,0.78455,1.7675,0.25169,0.31297,0.84677,0.92638,0.97183,0.97877,0.81444,0.86833,0.74312,0.76885,0.59829,0.74364,2.76058,0.27682,0.43979,1.00732,0.000240176,0.000240176,0.000240176
143,506.586,0.76346,1.78562,0.26293,0.30662,0.86441,0.95734,0.98592,0.98149,0.80083,0.94547,0.78873,0.84078,0.64335,0.77157,2.42439,0.27155,0.42144,1.02542,0.000239751,0.000239751,0.000239751
144,509.969,0.77481,1.87619,0.25196,0.30737,0.84548,0.98516,0.93518,0.99126,0.80883,0.84366,0.76006,0.75718,0.60298,0.75219,2.68859,0.27256,0.46197,0.99517,0.000239327,0.000239327,0.000239327
145,513.376,0.70494,1.73514,0.25637,0.30391,0.84999,0.91912,0.96036,0.96941,0.79736,0.85912,0.77465,0.77613,0.57215,0.79128,2.53552,0.27117,0.43579,1.06121,0.000238903,0.000238903,0.000238903
146,516.739,0.77521,1.68575,0.25647,0.31254,0.79899,0.94199,0.92958,0.96877,0.78332,0.82629,0.77465,0.76652,0.57019,0.78931,2.63834,0.27122,0.43756,1.08654,0.000238479,0.000238479,0.000238479
147,520.066,0.69165,1.86447,0.26103,0.3111,0.9031,0.91422,0.94366,0.97069,0.78516,0.81496,0.76056,0.77684,0.58868,0.79787,2.5088,0.27095,0.42265,1.0801,0.000238054,0.000238054,0.000238054
148,523.443,0.75035,1.6877,0.26104,0.31053,0.86319,0.95583,0.94366,0.96585,0.78756,0.89878,0.76056,0.79627,0.58317,0.77591,2.39972,0.27026,0.4215,1.04334,0.00023763,0.00023763,0.00023763
149,526.784,0.74786,1.65959,0.25322,0.30785,0.85431,0.95837,0.97183,0.98935,0.79853,0.83018,0.82629,0.812,0.61521,0.77363,2.31094,0.27173,0.43568,1.03756,0.000237206,0.000237206,0.000237206
150,530.135,0.76016,1.70804,0.2491,0.3098,0.8206,0.98568,0.96916,0.98187,0.79639,0.91011,0.77465,0.8164,0.57345,0.76947,2.58005,0.26942,0.47497,1.01516,0.000236781,0.000236781,0.000236781
151,533.551,0.77986,1.65924,0.25726,0.31357,0.83377,0.9666,0.97183,0.9873,0.79892,0.81251,0.8169,0.80661,0.52753,0.80657,2.70816,0.26929,0.47714,1.02101,0.000236357,0.000236357,0.000236357
152,536.896,0.78245,1.67306,0.25015,0.31132,0.8454,0.92613,0.97183,0.97825,0.82225,0.80504,0.75613,0.76749,0.5586,0.77109,2.77941,0.26931,0.47791,0.96706,0.000235933,0.000235933,0.000235933
153,540.237,0.78502,1.70344,0.24768,0.31469,0.80817,0.93328,0.98516,0.9851,0.83208,0.81519,0.83099,0.81047,0.64661,0.70625,2.42127,0.27125,0.40024,0.91847,0.000235509,0.000235509,0.000235509
154,544.078,0.76175,1.81735,0.25525,0.3191,0.86353,0.93073,0.94624,0.98029,0.81994,0.82826,0.81514,0.80774,0.6223,0.71816,2.41884,0.2682,0.4242,0.92203,0.000235084,0.000235084,0.000235084
155,547.44,0.67766,1.73627,0.24496,0.30009,0.84371,0.97975,0.90141,0.9849,0.82851,0.83467,0.8169,0.81527,0.65037,0.72692,2.31195,0.26407,0.42328,0.92618,0.00023466,0.00023466,0.00023466
156,551.249,0.78653,1.62762,0.25071,0.30817,0.78871,0.97867,0.90141,0.98611,0.81965,0.91416,0.80282,0.84683,0.66763,0.72827,2.24004,0.2636,0.43787,0.94276,0.000234236,0.000234236,0.000234236
157,555.084,0.73757,1.66617,0.25397,0.30392,0.85207,0.94262,0.94366,0.98579,0.82065,0.88956,0.79415,0.82475,0.64351,0.72708,2.38981,0.26475,0.43463,0.97788,0.000233811,0.000233811,0.000233811
158,558.454,0.74806,1.52181,0.25053,0.30318,0.82002,0.95576,0.92958,0.9665,0.79979,0.81017,0.78873,0.75872,0.6183,0.72635,2.49859,0.26584,0.47176,0.96255,0.000233387,0.000233387,0.000233387
159,561.798,0.71682,1.65098,0.25371,0.29916,0.85128,0.94276,0.92794,0.96416,0.79216,0.79976,0.78755,0.76682,0.58319,0.77625,2.6112,0.26771,0.49447,1.03627,0.000232963,0.000232963,0.000232963
160,565.153,0.76735,1.57327,0.24714,0.305,0.79328,0.95605,0.91924,0.96852,0.79054,0.86524,0.81389,0.80672,0.59553,0.72064,2.59281,0.27101,0.58069,0.96247,0.000232539,0.000232539,0.000232539
161,568.504,0.75923,1.63452,0.25176,0.3305,0.82963,0.95547,0.95775,0.98525,0.8227,0.86734,0.82881,0.83383,0.64397,0.70812,2.20844,0.26834,0.46434,0.94915,0.000232114,0.000232114,0.000232114
162,571.846,0.68633,1.60793,0.25575,0.29682,0.83634,0.91842,0.95138,0.97439,0.80498,0.8904,0.76056,0.83069,0.62161,0.72893,2.27253,0.2617,0.42436,0.98402,0.00023169,0.00023169,0.00023169
163,575.183,0.79111,1.54931,0.25816,0.30662,0.80371,0.95483,0.89315,0.97845,0.77954,0.89041,0.80109,0.84213,0.56467,0.75332,2.42675,0.26179,0.44875,1.01133,0.000231266,0.000231266,0.000231266
164,578.548,0.69408,1.56246,0.24679,0.29429,0.82597,0.9283,0.94366,0.96816,0.80798,0.82829,0.83099,0.82927,0.63513,0.72211,2.31321,0.26202,0.46479,0.9639,0.000230841,0.000230841,0.000230841
165,581.934,0.67218,1.57936,0.24121,0.29269,0.85486,0.95637,0.92625,0.98185,0.80702,0.85462,0.82798,0.83819,0.62268,0.76157,2.40704,0.26161,0.45914,0.99405,0.000230417,0.000230417,0.000230417
166,585.334,0.70406,1.59352,0.24534,0.29695,0.81604,0.9309,0.94883,0.98545,0.78584,0.87643,0.79918,0.81119,0.57905,0.77644,2.52726,0.26692,0.48144,1.05379,0.000229993,0.000229993,0.000229993
167,588.714,0.73574,1.57194,0.24567,0.30068,0.81306,0.94253,0.94366,0.98227,0.79645,0.84359,0.84507,0.81852,0.58607,0.77214,2.44696,0.26396,0.46004,1.03236,0.000229569,0.000229569,0.000229569
168,592.083,0.75616,1.51225,0.23742,0.30349,0.8051,0.95627,0.92399,0.97763,0.80862,0.82126,0.78873,0.76951,0.59769,0.75011,2.35148,0.26115,0.43522,0.9825,0.000229144,0.000229144,0.000229144
169,595.513,0.72243,1.57325,0.23922,0.30861,0.83175,0.92656,0.92958,0.97482,0.80711,0.84694,0.77941,0.77343,0.59566,0.74283,2.43122,0.2657,0.45891,0.94592,0.00022872,0.00022872,0.00022872
170,598.789,0.70896,1.53072,0.24798,0.30383,0.82326,0.9315,0.95761,0.97819,0.80138,0.85223,0.83099,0.79743,0.63152,0.76972,2.30652,0.26147,0.43785,0.98026,0.000228296,0.000228296,0.000228296
171,602.186,0.73122,1.5794,0.24622,0.30743,0.79814,0.96948,0.94366,0.98797,0.83976,0.85277,0.83099,0.80625,0.67194,0.70553,2.13043,0.2574,0.41001,0.92449,0.000227871,0.000227871,0.000227871
172,605.909,0.72096,1.67236,0.23627,0.29906,0.84707,0.94588,0.9847,0.98692,0.81776,0.85704,0.85915,0.8203,0.61431,0.72238,2.28628,0.25915,0.43959,0.94155,0.000227447,0.000227447,0.000227447
173,609.244,0.79285,1.67568,0.2467,0.30923,0.816,0.9454,0.97545,0.97853,0.76773,0.82399,0.79129,0.75659,0.54151,0.79469,2.52538,0.25792,0.50068,1.00846,0.000227023,0.000227023,0.000227023
174,612.596,0.7291,1.61944,0.24053,0.30231,0.79958,0.9676,0.95775,0.98163,0.81352,0.83759,0.79905,0.79074,0.62715,0.72234,2.2003,0.25501,0.46967,0.9703,0.000226599,0.000226599,0.000226599
175,615.952,0.78201,1.62373,0.24061,0.31528,0.83478,0.95875,0.98204,0.99208,0.82524,0.89373,0.77465,0.81764,0.65904,0.7186,2.11929,0.25299,0.42167,1.05251,0.000226174,0.000226174,0.000226174
176,619.324,0.70598,1.59411,0.23731,0.30215,0.84252,0.94579,0.98297,0.9902,0.82254,0.89212,0.83099,0.84306,0.65786,0.76434,2.19927,0.25097,0.40548,1.04071,0.00022575,0.00022575,0.00022575
177,622.729,0.65308,1.45088,0.23394,0.28032,0.81165,0.96077,0.97183,0.97918,0.832,0.89554,0.77465,0.81549,0.6703,0.68454,2.36006,0.25301,0.41924,0.92722,0.000225326,0.000225326,0.000225326
178,626.128,0.71711,1.73107,0.24302,0.34875,0.84453,0.94515,0.98592,0.98669,0.84511,0.84197,0.83099,0.82851,0.66022,0.68512,2.20311,0.25339,0.37873,0.93349,0.000224901,0.000224901,0.000224901
179,629.556,0.64821,1.5373,0.23368,0.28579,0.84542,0.95384,0.97183,0.98597,0.84585,0.89101,0.80605,0.82785,0.6181,0.71584,2.37069,0.2555,0.39205,0.95608,0.000224477,0.000224477,0.000224477
180,632.921,0.6709,1.49926,0.23887,0.28565,0.8212,0.95876,0.98225,0.98475,0.83512,0.87448,0.78502,0.79096,0.66077,0.68797,2.29352,0.25395,0.38194,0.91782,0.000224053,0.000224053,0.000224053
181,636.281,0.69865,1.53883,0.23986,0.29378,0.85047,0.98554,0.95994,0.9765,0.81257,0.84558,0.80282,0.78392,0.6095,0.7066,2.35393,0.25157,0.40592,0.94434,0.000223629,0.000223629,0.000223629
182,639.656,0.67279,1.47251,0.23203,0.28156,0.80963,0.97049,0.94366,0.97303,0.80629,0.86445,0.83099,0.8152,0.63712,0.70561,2.24132,0.24843,0.43325,0.97219,0.000223204,0.000223204,0.000223204
183,643.06,0.67749,1.47269,0.23506,0.2831,0.82244,0.9286,0.94366,0.96954,0.80049,0.83568,0.8169,0.79432,0.60193,0.7337,2.34698,0.24951,0.51445,0.95769,0.00022278,0.00022278,0.00022278
184,646.431,0.75983,1.44728,0.23537,0.2962,0.80739,0.96765,0.94366,0.96706,0.81123,0.86717,0.78873,0.81407,0.606,0.73177,2.21626,0.2469,0.45181,0.9818,0.000222356,0.000222356,0.000222356
185,649.776,0.71435,1.41525,0.22871,0.28683,0.769,0.96248,0.94366,0.96555,0.81764,0.8117,0.85915,0.83296,0.66493,0.69204,1.98986,0.25199,0.43303,0.93701,0.000221931,0.000221931,0.000221931
186,653.136,0.69599,1.50485,0.23181,0.28632,0.79439,0.97039,0.92314,0.96783,0.79463,0.85094,0.80405,0.83324,0.61881,0.77744,2.12976,0.25169,0.48808,1.01484,0.000221507,0.000221507,0.000221507
187,656.467,0.65565,1.49141,0.23476,0.29496,0.82286,0.95705,0.94153,0.97424,0.81362,0.85694,0.84369,0.85244,0.62509,0.73631,2.19331,0.24705,0.42819,0.98783,0.000221083,0.000221083,0.000221083
188,659.774,0.72932,1.45395,0.23279,0.29186,0.77821,0.95504,0.90141,0.95374,0.78226,0.87594,0.78873,0.80631,0.59721,0.7757,2.28329,0.24882,0.44904,0.99715,0.000220659,0.000220659,0.000220659
189,663.172,0.69351,1.44251,0.23438,0.28517,0.81072,0.96266,0.90141,0.9752,0.78186,0.83992,0.81293,0.79609,0.60047,0.77232,2.32912,0.25135,0.44947,0.97797,0.000220234,0.000220234,0.000220234
190,666.548,0.68512,1.52449,0.23692,0.32283,0.80893,0.94428,0.95473,0.9841,0.83031,0.87054,0.85915,0.83152,0.66826,0.70141,2.06846,0.2508,0.42099,0.91583,0.00021981,0.00021981,0.00021981
191,669.951,0.70832,1.58136,0.24057,0.29356,0.82987,0.95277,0.95775,0.98358,0.81862,0.8508,0.8169,0.80414,0.63769,0.71365,2.2572,0.25259,0.46417,0.91528,0.000219386,0.000219386,0.000219386
192,673.336,0.73208,1.43798,0.23128,0.29597,0.77333,0.97057,0.92915,0.97544,0.79768,0.85702,0.8169,0.81702,0.6622,0.77982,2.17746,0.24891,0.43456,0.99916,0.000218961,0.000218961,0.000218961
193,676.721,0.77938,1.45442,0.23542,0.30196,0.7673,0.94447,0.95816,0.97834,0.83033,0.85215,0.81182,0.82236,0.66076,0.69996,2.18219,0.24814,0.41602,0.92191,0.000218537,0.000218537,0.000218537
194,680.1,0.70247,1.52771,0.23087,0.29859,0.81018,0.96893,0.92958,0.97618,0.80542,0.86737,0.8169,0.83526,0.64996,0.76322,2.13616,0.24972,0.44769,0.99534,0.000218113,0.000218113,0.000218113
195,683.483,0.7125,1.39207,0.22975,0.29286,0.83421,0.94297,0.95775,0.97597,0.82656,0.84533,0.85915,0.83534,0.69538,0.72906,2.15802,0.24872,0.43685,0.93958,0.000217689,0.000217689,0.000217689
196,687.234,0.70029,1.45409,0.23133,0.29241,0.81042,0.94248,0.95775,0.98442,0.82317,0.84546,0.85915,0.84985,0.64393,0.72549,2.24528,0.24798,0.42627,0.99244,0.000217264,0.000217264,0.000217264
197,690.601,0.66905,1.49219,0.22395,0.28954,0.82494,0.96602,0.95775,0.98697,0.83572,0.86657,0.85915,0.84033,0.68977,0.67255,2.06375,0.24807,0.37693,0.92377,0.00021684,0.00021684,0.00021684
198,694.337,0.75751,1.56722,0.23883,0.29934,0.79173,0.95876,0.98235,0.99195,0.8519,0.86756,0.83099,0.82288,0.69649,0.699,2.08062,0.24749,0.37593,0.91005,0.000216416,0.000216416,0.000216416
199,698.08,0.68606,1.34927,0.23119,0.28608,0.78194,0.98187,0.97183,0.99069,0.8396,0.88261,0.84507,0.8345,0.70981,0.69432,1.99778,0.24613,0.37301,0.91276,0.000215991,0.000215991,0.000215991
200,701.865,0.68646,1.38801,0.22597,0.28993,0.82149,0.96779,0.97183,0.9873,0.8316,0.84138,0.84507,0.81432,0.65321,0.69755,2.20672,0.24783,0.40749,0.91083,0.000215567,0.000215567,0.000215567
201,705.204,0.7505,1.39945,0.23153,0.30264,0.79323,0.91941,0.98592,0.98422,0.80969,0.82876,0.80282,0.81036,0.62332,0.74923,2.17711,0.24766,0.41688,0.97117,0.000215143,0.000215143,0.000215143
202,708.637,0.77916,1.57721,0.23513,0.31807,0.7595,0.94404,0.95775,0.98654,0.83956,0.81061,0.84396,0.82715,0.69335,0.6744,2.05112,0.24742,0.38747,0.89685,0.000214719,0.000214719,0.000214719
203,712.012,0.72534,1.41196,0.22732,0.29323,0.80538,0.96655,0.94366,0.97918,0.82452,0.81627,0.8135,0.80911,0.64127,0.70882,2.21326,0.24758,0.40087,0.93783,0.000214294,0.000214294,0.000214294
204,715.365,0.66344,1.37768,0.22316,0.27663,0.79837,0.9691,0.95775,0.98039,0.82469,0.82559,0.8169,0.8146,0.66844,0.68999,2.05541,0.24508,0.37241,0.9056,0.00021387,0.00021387,0.00021387
205,718.724,0.6339,1.42755,0.22757,0.27277,0.79963,0.97137,0.95576,0.98195,0.813,0.82835,0.81563,0.80517,0.57875,0.73191,2.29651,0.24973,0.41872,0.97214,0.000213446,0.000213446,0.000213446
206,722.083,0.69256,1.34878,0.23147,0.28442,0.79386,0.94581,0.98332,0.98121,0.82682,0.82396,0.85705,0.8359,0.67586,0.7102,2.01468,0.24699,0.39993,0.97421,0.000213021,0.000213021,0.000213021
207,725.452,0.63859,1.36145,0.22848,0.2764,0.81295,0.93278,0.97729,0.97777,0.81575,0.84466,0.80282,0.80497,0.6334,0.70677,2.20546,0.24371,0.43669,0.93035,0.000212597,0.000212597,0.000212597
208,728.844,0.7334,1.5417,0.22787,0.29368,0.77398,0.91593,0.97183,0.9698,0.79087,0.81903,0.82871,0.80589,0.6078,0.72749,2.20209,0.24247,0.47919,0.96686,0.000212173,0.000212173,0.000212173
209,732.197,0.69407,1.39909,0.24589,0.27894,0.79076,0.94566,0.98046,0.97653,0.80031,0.84382,0.80282,0.8049,0.61043,0.69371,2.14752,0.23783,0.43503,0.92845,0.000211749,0.000211749,0.000211749
210,735.587,0.72891,1.49033,0.23789,0.31074,0.7895,0.9583,0.97092,0.98029,0.81557,0.84728,0.85956,0.84714,0.64378,0.68708,1.963,0.23724,0.41072,0.92662,0.000211324,0.000211324,0.000211324
211,738.889,0.69833,1.42859,0.23026,0.27996,0.76587,0.97177,0.96976,0.97566,0.81677,0.873,0.87136,0.85764,0.66881,0.67182,1.88161,0.23905,0.42956,0.92024,0.0002109,0.0002109,0.0002109
212,742.243,0.66223,1.49214,0.24036,0.29013,0.82931,0.95825,0.96978,0.97565,0.82234,0.87474,0.88527,0.8582,0.68255,0.67548,1.89805,0.2391,0.44459,0.92646,0.000210476,0.000210476,0.000210476
213,745.601,0.69405,1.3855,0.2307,0.28775,0.8187,0.94902,0.94366,0.9687,0.8063,0.83348,0.83099,0.7884,0.59943,0.70633,2.15694,0.2396,0.5385,0.93737,0.000210051,0.000210051,0.000210051
214,748.902,0.63869,1.35224,0.23227,0.27992,0.79887,0.94119,0.97183,0.97191,0.80826,0.81811,0.84507,0.79462,0.60354,0.69575,2.17572,0.24369,0.53428,0.94029,0.000209627,0.000209627,0.000209627
215,752.276,0.68289,1.40028,0.22109,0.27687,0.77766,0.92105,0.98592,0.9729,0.82323,0.83016,0.84507,0.82316,0.63643,0.69042,2.09776,0.24448,0.49877,0.93774,0.000209203,0.000209203,0.000209203
216,755.71,0.63076,1.38691,0.22447,0.26937,0.79961,0.96981,0.97183,0.98128,0.83136,0.82838,0.83099,0.82041,0.63241,0.69153,2.14492,0.2365,0.42258,0.91244,0.000208779,0.000208779,0.000208779
217,759.046,0.68775,1.54845,0.23383,0.2926,0.79155,0.9428,0.95775,0.97718,0.82837,0.83181,0.84507,0.82948,0.5983,0.68976,2.30745,0.23649,0.42049,0.93187,0.000208354,0.000208354,0.000208354
218,762.395,0.67501,1.49048,0.22872,0.28898,0.78624,0.9303,0.97183,0.98703,0.82898,0.87412,0.83099,0.84783,0.60802,0.6903,2.2286,0.23971,0.37356,0.91526,0.00020793,0.00020793,0.00020793
219,765.745,0.7215,1.483,0.23184,0.29976,0.82794,0.9541,0.94366,0.98659,0.84229,0.90874,0.84156,0.8561,0.65939,0.66581,2.07477,0.24016,0.38063,0.88654,0.000207506,0.000207506,0.000207506
220,769.081,0.70884,1.49068,0.2307,0.29813,0.79892,0.95203,0.97183,0.98245,0.8561,0.88399,0.85862,0.87126,0.70576,0.65277,2.00216,0.23819,0.38596,0.8946,0.000207081,0.000207081,0.000207081
221,772.832,0.63987,1.35157,0.22434,0.28603,0.81387,0.91988,0.97024,0.97951,0.83492,0.90715,0.83099,0.86917,0.68833,0.66984,2.02406,0.23854,0.39986,0.91046,0.000206657,0.000206657,0.000206657
222,776.134,0.66364,1.32446,0.21508,0.28385,0.76212,0.9637,0.94366,0.97135,0.82978,0.91868,0.79562,0.82731,0.64476,0.69435,2.11167,0.23884,0.40738,0.92018,0.000206233,0.000206233,0.000206233
223,779.469,0.654,1.41634,0.22566,0.27962,0.78651,0.99684,0.95775,0.99137,0.82735,0.89699,0.8169,0.83985,0.69773,0.67616,1.92933,0.2391,0.3905,0.90785,0.000205809,0.000205809,0.000205809
224,782.864,0.71717,1.32911,0.21875,0.28617,0.78112,0.96691,0.95775,0.99124,0.84058,0.93407,0.79821,0.85703,0.66015,0.67954,2.0776,0.24034,0.37108,0.91637,0.000205384,0.000205384,0.000205384
225,786.269,0.63489,1.33695,0.2218,0.27044,0.79385,0.98354,0.95775,0.99179,0.83599,0.85435,0.85915,0.83866,0.67003,0.67448,1.98766,0.23797,0.35777,0.9028,0.00020496,0.00020496,0.00020496
226,789.649,0.71517,1.30462,0.21981,0.28235,0.76962,0.95817,0.96784,0.99174,0.85419,0.87681,0.80202,0.82277,0.67207,0.6742,2.06255,0.23725,0.38608,0.90394,0.000204536,0.000204536,0.000204536
227,793.041,0.71284,1.35595,0.22073,0.28053,0.76638,1,0.94303,0.99232,0.84566,0.87374,0.8169,0.82067,0.66104,0.68717,2.06731,0.23481,0.37842,0.92597,0.000204111,0.000204111,0.000204111
228,796.391,0.66129,1.3683,0.22626,0.27834,0.80767,0.97351,0.92958,0.98971,0.85147,0.86252,0.8169,0.81809,0.68552,0.6493,2.0513,0.23488,0.38722,0.8934,0.000203687,0.000203687,0.000203687
229,799.723,0.66909,1.31007,0.22102,0.2742,0.82189,0.97008,0.91349,0.9616,0.79597,0.84936,0.79419,0.77571,0.59898,0.75502,2.19323,0.23682,0.43374,1.02054,0.000203263,0.000203263,0.000203263
230,803.048,0.66719,1.29277,0.2196,0.28235,0.791,0.98527,0.94235,0.98487,0.84016,0.86859,0.8169,0.81145,0.66986,0.68994,1.97337,0.23373,0.38583,0.94028,0.000202839,0.000202839,0.000202839
231,806.389,0.70447,1.3679,0.23104,0.28159,0.78246,0.97138,0.95617,0.98703,0.84488,0.87342,0.8169,0.81719,0.6462,0.69196,1.98702,0.23407,0.38976,0.93828,0.000202414,0.000202414,0.000202414
232,809.718,0.6709,1.32518,0.21237,0.27491,0.78938,0.98569,0.96994,0.99079,0.84692,0.88105,0.83466,0.82887,0.67245,0.69346,1.99395,0.23264,0.40032,0.9431,0.00020199,0.00020199,0.00020199
233,813.074,0.66524,1.34829,0.21936,0.2711,0.7988,0.95914,0.99179,0.99145,0.85626,0.87819,0.84507,0.83041,0.68791,0.6483,2.07845,0.23441,0.39161,0.91904,0.000201566,0.000201566,0.000201566
234,816.401,0.66745,1.33177,0.21885,0.27464,0.79934,0.97215,0.98322,0.99173,0.85091,0.86743,0.84507,0.83194,0.67467,0.6611,2.11139,0.23253,0.37991,0.92586,0.000201141,0.000201141,0.000201141
235,819.749,0.69488,1.34444,0.21351,0.28029,0.78208,0.95577,0.97183,0.99049,0.84311,0.84867,0.8169,0.80889,0.68487,0.66123,2.07128,0.23142,0.38557,0.9215,0.000200717,0.000200717,0.000200717
236,823.146,0.71163,1.25843,0.21479,0.2865,0.76434,0.95887,0.98502,0.9889,0.83563,0.86461,0.80956,0.80394,0.64911,0.69776,2.10842,0.22946,0.39107,0.91888,0.000200293,0.000200293,0.000200293
237,826.485,0.64545,1.2696,0.22156,0.26587,0.75492,0.94479,0.98592,0.98929,0.85202,0.86748,0.84507,0.82763,0.69698,0.66979,1.93452,0.22868,0.35969,0.9151,0.000199869,0.000199869,0.000199869
238,829.862,0.70235,1.23428,0.21867,0.27632,0.77256,0.97,0.97183,0.99001,0.85349,0.88748,0.80282,0.825,0.70782,0.65759,1.96946,0.22878,0.36428,0.90941,0.000199444,0.000199444,0.000199444
239,833.202,0.66879,1.21546,0.22188,0.26722,0.75387,0.97222,0.98591,0.9909,0.84918,0.84018,0.8169,0.79238,0.68407,0.68873,2.05413,0.23119,0.39657,0.92144,0.00019902,0.00019902,0.00019902
240,836.538,0.69391,1.21272,0.21229,0.2745,0.74167,0.96966,0.98592,0.99046,0.84295,0.84596,0.8169,0.79442,0.69459,0.67032,2.15383,0.23301,0.40799,0.9067,0.000198596,0.000198596,0.000198596
241,839.868,0.65899,1.25206,0.22379,0.26953,0.77593,0.95498,0.95775,0.98793,0.84043,0.83882,0.83099,0.80579,0.65894,0.67349,2.36188,0.23323,0.43964,0.89452,0.000198171,0.000198171,0.000198171
242,843.207,0.677,1.15892,0.2117,0.26943,0.75497,0.94102,0.95775,0.98577,0.84264,0.87317,0.83099,0.85462,0.6914,0.65155,2.04313,0.23223,0.40951,0.88345,0.000197747,0.000197747,0.000197747
243,846.558,0.64301,1.21127,0.21618,0.26701,0.77695,0.94401,0.95775,0.98537,0.8222,0.8522,0.81216,0.82001,0.67381,0.70655,2.05207,0.23356,0.41028,0.93,0.000197323,0.000197323,0.000197323
244,849.929,0.68995,1.17552,0.21296,0.27262,0.75178,0.93146,0.95709,0.98544,0.81934,0.86109,0.7858,0.81243,0.64899,0.7259,2.21217,0.23374,0.42942,0.95054,0.000196899,0.000196899,0.000196899
245,853.251,0.75519,1.43956,0.22831,0.30763,0.77947,0.97184,0.98592,0.99338,0.84647,0.83215,0.84507,0.81813,0.69107,0.65026,2.00301,0.22913,0.37056,0.88353,0.000196474,0.000196474,0.000196474
246,856.629,0.63991,1.28112,0.21364,0.2757,0.82043,0.98416,0.97183,0.99378,0.83656,0.85573,0.84507,0.82845,0.63991,0.70486,2.07545,0.22849,0.39488,0.94144,0.00019605,0.00019605,0.00019605
247,860.012,0.67723,1.19449,0.21099,0.27663,0.76975,0.98566,0.96792,0.99326,0.84262,0.84248,0.82866,0.81523,0.67742,0.66531,1.96226,0.228,0.39145,0.89813,0.000195626,0.000195626,0.000195626
248,863.364,0.67308,1.24943,0.20616,0.27002,0.76628,0.95719,0.98592,0.99156,0.83283,0.82045,0.84507,0.79788,0.63533,0.69351,2.09446,0.22789,0.40511,0.92454,0.000195201,0.000195201,0.000195201
249,866.669,0.73085,1.21446,0.2169,0.28524,0.72389,0.95941,0.99865,0.99187,0.84822,0.83453,0.85915,0.8205,0.66379,0.68848,1.96923,0.22756,0.38436,0.91843,0.000194777,0.000194777,0.000194777
250,870.018,0.67831,1.31495,0.21184,0.2728,0.75947,0.9578,0.98592,0.99025,0.85436,0.86197,0.88732,0.86288,0.69527,0.66025,1.86598,0.22875,0.3581,0.88092,0.000194353,0.000194353,0.000194353
251,873.42,0.67877,1.17477,0.21078,0.26962,0.77028,0.95695,0.98592,0.99009,0.84005,0.86126,0.88732,0.86157,0.65784,0.70547,1.98841,0.22845,0.38364,0.92516,0.000193929,0.000193929,0.000193929
252,876.81,0.69685,1.22833,0.21465,0.27449,0.77614,0.95563,0.98592,0.98898,0.85749,0.84613,0.87324,0.85441,0.69479,0.65748,2.05115,0.22975,0.37753,0.88423,0.000193504,0.000193504,0.000193504
253,880.195,0.6134,1.19781,0.21425,0.25977,0.749,0.97018,0.98592,0.99041,0.85748,0.84529,0.85915,0.83333,0.66803,0.66025,2.031,0.2243,0.36985,0.88351,0.00019308,0.00019308,0.00019308
254,883.534,0.65734,1.19257,0.21101,0.26575,0.74478,0.97064,0.98592,0.99058,0.85429,0.84572,0.85915,0.83318,0.68201,0.65883,1.92922,0.22514,0.36943,0.88816,0.000192656,0.000192656,0.000192656
255,886.933,0.72757,1.19061,0.21432,0.27786,0.71636,0.97255,0.99809,0.99036,0.86241,0.84327,0.84507,0.81805,0.70116,0.64705,1.81269,0.22831,0.35335,0.87322,0.000192231,0.000192231,0.000192231
256,890.699,0.67167,1.13786,0.21075,0.27066,0.7415,0.95731,0.98592,0.98915,0.86151,0.85207,0.8169,0.81372,0.68038,0.62363,2.05841,0.23216,0.3595,0.85151,0.000191807,0.000191807,0.000191807
257,894.051,0.74521,1.15836,0.21315,0.28354,0.7408,0.95758,0.98592,0.9879,0.83712,0.85355,0.80282,0.80967,0.69211,0.6893,1.97446,0.23049,0.36319,0.93523,0.000191383,0.000191383,0.000191383
258,897.43,0.67316,1.19187,0.20727,0.27587,0.75636,0.98591,0.98566,0.99249,0.85841,0.85303,0.84507,0.82152,0.66636,0.6702,1.95639,0.22723,0.35408,0.90448,0.000190959,0.000190959,0.000190959
259,900.775,0.67818,1.27691,0.21132,0.28562,0.80283,0.98446,0.98592,0.99292,0.85516,0.87314,0.87324,0.85501,0.68861,0.64913,1.80404,0.22501,0.33725,0.88754,0.000190534,0.000190534,0.000190534
260,904.087,0.71302,1.3482,0.22057,0.28147,0.75863,0.98452,0.98592,0.99348,0.84393,0.90472,0.87324,0.87551,0.7045,0.67406,1.83471,0.22658,0.33489,0.92125,0.00019011,0.00019011,0.00019011
261,907.429,0.69154,1.24416,0.21538,0.27711,0.77162,0.98304,0.98592,0.99236,0.83379,0.89713,0.85979,0.85935,0.70718,0.68226,1.90599,0.2263,0.35937,0.90509,0.000189686,0.000189686,0.000189686
262,910.768,0.69504,1.2531,0.21154,0.27137,0.73123,0.95778,0.98592,0.97862,0.84532,0.8693,0.87324,0.85198,0.71432,0.66295,1.84683,0.22304,0.35716,0.89115,0.000189261,0.000189261,0.000189261
263,914.18,0.66619,1.25946,0.21957,0.27088,0.75431,0.95798,0.98592,0.97749,0.84288,0.86028,0.87324,0.84859,0.70755,0.67439,1.81907,0.22144,0.35835,0.90072,0.000188837,0.000188837,0.000188837
264,917.553,0.63686,1.18185,0.20185,0.26285,0.75407,0.98591,0.9858,0.98948,0.84379,0.89746,0.86296,0.85938,0.72394,0.68619,1.77715,0.22211,0.34382,0.93117,0.000188413,0.000188413,0.000188413
265,921.362,0.6819,1.09873,0.21135,0.27168,0.73964,0.9578,0.98592,0.98755,0.8509,0.83534,0.85915,0.8324,0.68902,0.65392,1.92712,0.22046,0.35501,0.89347,0.000187989,0.000187989,0.000187989
266,924.713,0.66514,1.12731,0.2085,0.27051,0.74238,0.95653,0.98592,0.98865,0.84053,0.85467,0.83099,0.82203,0.65579,0.67,2.06146,0.22096,0.39033,0.91899,0.000187564,0.000187564,0.000187564
267,928.078,0.66194,1.16303,0.20379,0.26723,0.73462,0.97222,0.98567,0.99024,0.85436,0.86996,0.85915,0.83785,0.69015,0.65715,1.91463,0.21926,0.35356,0.92355,0.00018714,0.00018714,0.00018714
268,931.43,0.6579,1.19859,0.21745,0.2714,0.76635,0.96063,0.97183,0.98604,0.83602,0.83347,0.8459,0.82457,0.67502,0.69539,1.98879,0.22212,0.3584,0.96657,0.000186716,0.000186716,0.000186716
269,934.855,0.63183,1.17897,0.19707,0.2689,0.77247,0.95747,0.98592,0.98548,0.84618,0.84773,0.87324,0.84817,0.69782,0.64324,1.82239,0.22129,0.35565,0.88934,0.000186291,0.000186291,0.000186291
270,938.21,0.66227,1.16701,0.21694,0.26461,0.75025,0.96825,0.97183,0.98481,0.84413,0.84864,0.86868,0.83478,0.69561,0.64988,1.7633,0.2217,0.37428,0.87697,0.000185867,0.000185867,0.000185867
271,941.555,0.66228,1.18992,0.20766,0.26749,0.79915,0.96289,0.97183,0.97471,0.82343,0.8365,0.84507,0.80461,0.64951,0.6735,1.90513,0.22222,0.45245,0.89356,0.000185443,0.000185443,0.000185443
272,944.936,0.68672,1.21145,0.21161,0.26615,0.75857,0.96454,0.94366,0.97194,0.83303,0.84908,0.83099,0.81108,0.67294,0.64755,1.91886,0.22059,0.42578,0.85002,0.000185019,0.000185019,0.000185019
273,948.266,0.67737,1.34325,0.21002,0.26774,0.75495,0.92081,0.98266,0.97838,0.84327,0.82884,0.8169,0.80811,0.67296,0.64878,1.96358,0.22079,0.40064,0.85123,0.000184594,0.000184594,0.000184594
274,951.692,0.6382,1.30122,0.20527,0.26619,0.78425,0.9078,0.98592,0.97839,0.84865,0.79099,0.85915,0.81934,0.6929,0.64102,1.84555,0.21869,0.36867,0.84456,0.00018417,0.00018417,0.00018417
275,955.056,0.59125,1.19795,0.20924,0.25299,0.74678,0.91899,0.98592,0.97927,0.85618,0.81393,0.87324,0.83855,0.72435,0.62132,1.78547,0.2181,0.34449,0.8264,0.000183746,0.000183746,0.000183746
276,958.804,0.6709,1.17942,0.20564,0.26601,0.72647,0.93231,0.98592,0.97892,0.85251,0.81204,0.85915,0.81212,0.70751,0.62299,1.81647,0.21995,0.34912,0.83403,0.000183321,0.000183321,0.000183321
277,962.162,0.61262,1.11695,0.20478,0.24657,0.75296,0.9333,0.98545,0.97775,0.83603,0.81328,0.85915,0.81012,0.69664,0.66685,1.83979,0.22153,0.35681,0.90461,0.000182897,0.000182897,0.000182897
278,965.506,0.68523,1.18807,0.2016,0.26892,0.72737,0.92193,0.99794,0.97644,0.84036,0.81537,0.83099,0.81046,0.69698,0.63537,1.85703,0.22253,0.36604,0.89028,0.000182473,0.000182473,0.000182473
279,968.829,0.66832,1.21814,0.20537,0.26319,0.75874,0.92091,0.98401,0.9754,0.83418,0.85282,0.81612,0.80663,0.67698,0.65782,1.91137,0.22057,0.39945,0.9152,0.000182049,0.000182049,0.000182049
280,972.178,0.60356,1.0868,0.20504,0.25245,0.76767,0.91973,0.96829,0.9755,0.82883,0.86139,0.80282,0.79099,0.65274,0.65133,2.06591,0.22039,0.43281,0.89245,0.000181624,0.000181624,0.000181624
281,975.547,0.65398,1.06561,0.20216,0.25925,0.74691,0.95873,0.98158,0.98276,0.82912,0.85515,0.84507,0.81421,0.66412,0.65689,1.89245,0.21981,0.40772,0.89913,0.0001812,0.0001812,0.0001812
282,978.981,0.66844,1.20191,0.20932,0.26086,0.73104,0.95771,0.98592,0.98371,0.8388,0.84456,0.85915,0.83033,0.65619,0.64729,1.87804,0.21998,0.38888,0.87757,0.000180776,0.000180776,0.000180776
283,982.34,0.59091,1.08142,0.20666,0.25385,0.74114,0.94871,0.95775,0.97376,0.85013,0.84875,0.85915,0.85134,0.71477,0.63826,1.76796,0.21896,0.38515,0.86472,0.000180351,0.000180351,0.000180351
284,985.745,0.64842,1.20884,0.20395,0.26253,0.74781,0.94334,0.97183,0.96492,0.83396,0.84764,0.87324,0.8524,0.70614,0.6271,1.78521,0.21931,0.38541,0.86048,0.000179927,0.000179927,0.000179927
285,989.126,0.61826,1.11933,0.20891,0.2511,0.73847,0.94349,0.97183,0.97533,0.84419,0.86933,0.87324,0.86141,0.71383,0.63699,1.82483,0.21814,0.39044,0.87465,0.000179503,0.000179503,0.000179503
286,992.462,0.61468,1.13777,0.20706,0.252,0.74062,0.97215,0.98346,0.97804,0.85433,0.85837,0.85915,0.83334,0.71631,0.62925,1.78132,0.22006,0.38448,0.86202,0.000179079,0.000179079,0.000179079
287,995.811,0.68004,1.21395,0.21463,0.26384,0.77261,0.97208,0.98092,0.97824,0.85276,0.86481,0.84507,0.83535,0.71987,0.62607,1.80076,0.22055,0.38368,0.84365,0.000178654,0.000178654,0.000178654
288,999.153,0.64137,1.23471,0.2107,0.25417,0.75686,0.97212,0.98212,0.97315,0.84976,0.84666,0.85544,0.82893,0.68866,0.62278,1.89049,0.21861,0.38105,0.84042,0.00017823,0.00017823,0.00017823
289,1002.51,0.65205,1.1105,0.19918,0.25733,0.71187,0.95537,0.97183,0.97189,0.826,0.85075,0.8169,0.78614,0.65655,0.67595,1.99037,0.21883,0.41829,0.90973,0.000177806,0.000177806,0.000177806
290,1005.92,0.61455,1.11306,0.20626,0.24876,0.76932,0.93333,0.98592,0.97416,0.83186,0.85073,0.8169,0.78952,0.67864,0.65167,1.91522,0.21927,0.42199,0.86939,0.000177381,0.000177381,0.000177381
291,1009.33,0.69045,1.09203,0.20114,0.26169,0.72853,0.94498,0.96766,0.97681,0.83812,0.84241,0.8282,0.79868,0.67288,0.66139,1.93852,0.22108,0.41995,0.88479,0.000176957,0.000176957,0.000176957
292,1012.78,0.67769,1.0515,0.2022,0.25951,0.70669,0.93006,0.95775,0.96605,0.8284,0.85505,0.83084,0.81659,0.67695,0.66507,1.87598,0.22182,0.43086,0.89291,0.000176533,0.000176533,0.000176533
293,1016.11,0.63595,1.12482,0.2011,0.25243,0.72501,0.93239,0.97115,0.97578,0.83805,0.83881,0.83099,0.8105,0.67499,0.64621,1.90793,0.22166,0.44052,0.86401,0.000176109,0.000176109,0.000176109
294,1019.48,0.69308,1.07985,0.20146,0.27109,0.70389,0.97145,0.95849,0.97151,0.84042,0.82775,0.81226,0.7759,0.69586,0.63945,1.96863,0.21931,0.42694,0.85143,0.000175684,0.000175684,0.000175684
295,1022.82,0.66525,1.06102,0.20566,0.26065,0.72206,0.97125,0.95173,0.98051,0.83813,0.8259,0.8018,0.76473,0.68357,0.66559,2.02033,0.21894,0.42873,0.89453,0.00017526,0.00017526,0.00017526
296,1026.18,0.72575,1.21878,0.20611,0.26984,0.72088,0.9717,0.96723,0.98153,0.84069,0.83946,0.83099,0.80258,0.68353,0.65705,1.87463,0.21624,0.39895,0.91254,0.000174836,0.000174836,0.000174836
297,1029.55,0.65248,1.02917,0.20237,0.25761,0.72748,0.95847,0.97517,0.98282,0.84622,0.84549,0.87324,0.83351,0.70824,0.65141,1.75633,0.21547,0.38669,0.90046,0.000174411,0.000174411,0.000174411
298,1032.93,0.62562,1.07504,0.20633,0.25364,0.74639,0.94667,1,0.98367,0.84307,0.83058,0.82864,0.80107,0.69478,0.65389,1.94551,0.21817,0.39936,0.89111,0.000173987,0.000173987,0.000173987
299,1036.31,0.64877,1.07505,0.19529,0.25851,0.7276,0.94667,1,0.98666,0.84942,0.86732,0.82865,0.8198,0.70519,0.65878,1.81952,0.21695,0.38607,0.90661,0.000173563,0.000173563,0.000173563
300,1039.69,0.64943,1.04738,0.20372,0.2588,0.73239,0.9589,0.98592,0.97888,0.84613,0.85143,0.83099,0.81659,0.6952,0.63305,1.91755,0.21533,0.38784,0.87289,0.000173139,0.000173139,0.000173139
301,1043.03,0.67385,1.14044,0.21129,0.282,0.72412,0.9434,0.98592,0.97737,0.83915,0.84013,0.8169,0.8007,0.66341,0.67828,1.85106,0.21344,0.3873,0.9219,0.000172714,0.000172714,0.000172714
302,1046.37,0.662,1.06875,0.19819,0.25921,0.74482,0.94593,0.98567,0.97822,0.83984,0.82431,0.85915,0.82568,0.68684,0.67997,1.8201,0.21171,0.38837,0.91043,0.00017229,0.00017229,0.00017229
303,1049.74,0.62672,1.12264,0.19771,0.2574,0.7067,0.95512,0.97183,0.97712,0.84545,0.85183,0.8169,0.80776,0.68085,0.67277,1.94944,0.21221,0.4015,0.89433,0.000171866,0.000171866,0.000171866
304,1053.1,0.66004,1.04439,0.19722,0.25936,0.70987,0.94492,0.96661,0.97445,0.84427,0.86488,0.83099,0.82078,0.68722,0.64554,2.00833,0.2139,0.39156,0.87179,0.000171441,0.000171441,0.000171441
305,1056.47,0.64562,1.06456,0.2045,0.25475,0.70795,0.9458,0.9832,0.97594,0.84714,0.85545,0.84507,0.82711,0.65982,0.63883,1.89479,0.21111,0.38138,0.86133,0.000171017,0.000171017,0.000171017
306,1059.82,0.63691,1.02707,0.19311,0.25864,0.72637,0.97053,0.97183,0.97414,0.85192,0.82168,0.84372,0.79249,0.64916,0.64041,1.89009,0.21103,0.38539,0.87639,0.000170593,0.000170593,0.000170593
307,1063.15,0.60049,1.06659,0.20004,0.2524,0.75435,0.9722,0.9852,0.97634,0.85178,0.83327,0.84467,0.80082,0.68908,0.63708,1.79532,0.21208,0.36735,0.88623,0.000170169,0.000170169,0.000170169
308,1066.5,0.62856,1.04975,0.19622,0.25575,0.74638,0.97217,0.98392,0.97441,0.83311,0.83045,0.83099,0.79002,0.6603,0.66379,1.93838,0.21286,0.40104,0.90914,0.000169744,0.000169744,0.000169744
309,1069.81,0.63165,1.03927,0.19805,0.26291,0.71219,0.95877,0.98265,0.97276,0.84239,0.85971,0.87324,0.84666,0.70027,0.64667,1.934,0.21141,0.41092,0.85457,0.00016932,0.00016932,0.00016932
310,1073.17,0.69071,0.9845,0.19342,0.26618,0.72212,0.96924,0.97183,0.97614,0.85622,0.85688,0.84331,0.8214,0.70273,0.62774,1.91625,0.21129,0.39264,0.84829,0.000168896,0.000168896,0.000168896
311,1076.49,0.6643,1.14557,0.20291,0.26196,0.72878,0.97181,0.97124,0.97309,0.8405,0.87944,0.83099,0.81542,0.68513,0.65575,1.97485,0.21075,0.40572,0.87693,0.000168471,0.000168471,0.000168471
312,1079.83,0.66289,1.08551,0.20594,0.26245,0.7164,0.97181,0.97104,0.97466,0.84169,0.86382,0.8169,0.79685,0.68634,0.63999,1.86349,0.20863,0.38743,0.86969,0.000168047,0.000168047,0.000168047
313,1083.18,0.58021,1.05544,0.2045,0.24144,0.7177,0.97218,0.98439,0.9778,0.84913,0.84704,0.85797,0.81899,0.69496,0.63251,1.68613,0.20935,0.35919,0.87276,0.000167623,0.000167623,0.000167623
314,1086.54,0.65209,0.99876,0.20109,0.25517,0.71413,0.972,0.97782,0.97806,0.82819,0.85522,0.84507,0.81345,0.64821,0.66752,1.76981,0.21237,0.38935,0.88392,0.000167199,0.000167199,0.000167199
315,1089.87,0.69594,1.04612,0.19767,0.26288,0.71485,0.96987,0.98592,0.98725,0.84992,0.87014,0.85915,0.82857,0.67889,0.65007,1.68169,0.21276,0.3739,0.876,0.000166774,0.000166774,0.000166774
316,1093.22,0.69458,1.03859,0.20332,0.26054,0.69002,0.97211,0.98182,0.98756,0.84189,0.83275,0.84158,0.79973,0.66146,0.661,1.7779,0.21372,0.38608,0.90367,0.00016635,0.00016635,0.00016635
317,1096.55,0.65033,1.05544,0.19356,0.25488,0.71386,0.97211,0.98201,0.98607,0.84224,0.8328,0.84189,0.79762,0.70541,0.64228,1.69902,0.21274,0.3581,0.8557,0.000165926,0.000165926,0.000165926
318,1099.89,0.65764,1.02362,0.20521,0.25238,0.69911,0.97178,0.97014,0.98384,0.85092,0.84188,0.83099,0.80148,0.69303,0.63743,1.73679,0.21274,0.3896,0.83731,0.000165501,0.000165501,0.000165501
319,1103.23,0.62745,0.9853,0.19648,0.24757,0.71016,0.97211,0.98199,0.98453,0.85407,0.83273,0.84145,0.80029,0.69171,0.62184,1.69385,0.21094,0.37832,0.84007,0.000165077,0.000165077,0.000165077
320,1106.55,0.58445,1.13579,0.20097,0.25032,0.74276,0.97052,0.95775,0.97542,0.85364,0.82741,0.8169,0.77668,0.67845,0.62739,1.80142,0.21094,0.42881,0.85352,0.000164653,0.000164653,0.000164653
321,1109.92,0.67546,1.02401,0.19383,0.25984,0.70487,0.94499,0.96784,0.97643,0.83499,0.81551,0.8169,0.79243,0.6859,0.65917,1.79906,0.21028,0.4621,0.91419,0.000164229,0.000164229,0.000164229
322,1113.27,0.6773,1.00973,0.20047,0.2716,0.74759,0.94454,0.98592,0.98536,0.83908,0.80788,0.82922,0.78667,0.69308,0.62891,1.66192,0.20936,0.40579,0.88853,0.000163804,0.000163804,0.000163804
323,1116.58,0.59049,1.00373,0.19069,0.25427,0.70125,0.95273,0.98592,0.98539,0.84673,0.81578,0.84507,0.79435,0.67403,0.63944,1.67388,0.20999,0.39763,0.88408,0.00016338,0.00016338,0.00016338
324,1119.92,0.66609,1.03046,0.20137,0.25613,0.70769,0.94646,0.99597,0.98071,0.84818,0.84948,0.88732,0.84343,0.71663,0.62944,1.53485,0.2098,0.37488,0.85246,0.000162956,0.000162956,0.000162956
325,1123.29,0.66557,0.99745,0.19614,0.25509,0.7075,0.96961,0.95775,0.98285,0.84514,0.88081,0.85915,0.84857,0.71858,0.62062,1.60157,0.20994,0.39323,0.83729,0.000162531,0.000162531,0.000162531
326,1126.65,0.63089,0.98879,0.19722,0.24807,0.71496,0.95829,0.97082,0.97328,0.84541,0.83768,0.87227,0.82868,0.70415,0.65033,1.65431,0.21068,0.38606,0.87768,0.000162107,0.000162107,0.000162107
327,1129.99,0.64937,1.05802,0.20093,0.25443,0.71676,0.97221,0.98545,0.97435,0.84843,0.86108,0.87304,0.83232,0.73591,0.63063,1.57823,0.20963,0.37851,0.86406,0.000161683,0.000161683,0.000161683
328,1133.77,0.6448,1.0152,0.19664,0.24948,0.70764,0.97218,0.98446,0.97374,0.84483,0.87483,0.886,0.84319,0.6877,0.63139,1.65366,0.20853,0.38983,0.84333,0.000161259,0.000161259,0.000161259
329,1137.14,0.68289,1.01661,0.19854,0.26017,0.70086,0.97212,0.98216,0.9747,0.84212,0.87457,0.88388,0.85195,0.70942,0.64047,1.75876,0.2129,0.41268,0.85547,0.000160834,0.000160834,0.000160834
330,1140.53,0.62704,1.02026,0.19694,0.25337,0.72417,0.97209,0.9813,0.97672,0.8512,0.88498,0.87324,0.8594,0.71028,0.6302,1.75714,0.21115,0.40256,0.84125,0.00016041,0.00016041,0.00016041
331,1143.85,0.59837,1.03388,0.20209,0.24432,0.74956,0.97125,0.98592,0.97858,0.8628,0.88751,0.90141,0.88035,0.69996,0.61659,1.73098,0.20982,0.38433,0.81489,0.000159986,0.000159986,0.000159986
332,1147.18,0.64137,1.13882,0.19722,0.26089,0.74488,0.97102,0.98592,0.97944,0.85507,0.83204,0.84507,0.80793,0.69977,0.63422,1.74291,0.21001,0.37787,0.84141,0.000159561,0.000159561,0.000159561
333,1150.5,0.61592,1.00734,0.19513,0.24896,0.70939,0.97218,0.98451,0.98,0.84757,0.84708,0.8582,0.81597,0.6933,0.63146,1.78177,0.21009,0.38168,0.85239,0.000159137,0.000159137,0.000159137
334,1153.78,0.65752,0.97884,0.20448,0.25511,0.73415,0.97075,0.98592,0.98062,0.8514,0.84485,0.84364,0.81583,0.70167,0.62782,1.81313,0.20924,0.36966,0.8508,0.000158713,0.000158713,0.000158713
335,1157.12,0.68402,1.08234,0.19203,0.26695,0.71755,0.97179,0.97038,0.99123,0.86544,0.85658,0.84507,0.83129,0.72353,0.62403,1.79903,0.20799,0.35859,0.85249,0.000158289,0.000158289,0.000158289
336,1160.93,0.66396,0.96127,0.19405,0.25893,0.7255,0.97001,0.94366,0.97964,0.84819,0.82737,0.83099,0.80143,0.6736,0.63767,2.00823,0.20808,0.38686,0.85649,0.000157864,0.000157864,0.000157864
337,1164.34,0.71216,1.12275,0.19934,0.27142,0.69677,0.96741,0.95775,0.98098,0.86487,0.88539,0.87049,0.86257,0.7143,0.60786,1.91467,0.20593,0.37524,0.83019,0.00015744,0.00015744,0.00015744
338,1167.72,0.63281,0.97023,0.1893,0.25549,0.70913,0.97137,0.95582,0.98999,0.85926,0.87117,0.85723,0.83238,0.70336,0.63073,1.93159,0.20689,0.3954,0.84146,0.000157016,0.000157016,0.000157016
339,1171.08,0.6808,1.12383,0.19128,0.28005,0.73963,0.96885,0.94366,0.99017,0.86021,0.85307,0.83099,0.81331,0.706,0.63598,1.88048,0.20734,0.39378,0.85249,0.000156591,0.000156591,0.000156591
340,1174.44,0.7077,0.97079,0.19643,0.26791,0.68987,0.96809,0.94366,0.97971,0.85454,0.83729,0.8169,0.79392,0.70553,0.62146,1.8305,0.20815,0.40448,0.84546,0.000156167,0.000156167,0.000156167
341,1177.8,0.59323,0.95924,0.18624,0.24638,0.70961,0.958,0.96392,0.98791,0.84385,0.82516,0.80282,0.7878,0.66808,0.67604,1.74292,0.20541,0.41276,0.91121,0.000155743,0.000155743,0.000155743
342,1181.19,0.65583,1.03356,0.18984,0.25893,0.72114,0.97142,0.95752,0.97898,0.85287,0.85652,0.84084,0.81479,0.70055,0.64292,1.70536,0.20575,0.40658,0.882,0.000155319,0.000155319,0.000155319
343,1184.51,0.63128,0.98207,0.19646,0.25133,0.71057,0.96478,0.95775,0.97867,0.84684,0.89552,0.88732,0.88176,0.69516,0.63544,1.69566,0.20565,0.40032,0.8547,0.000154894,0.000154894,0.000154894
344,1187.88,0.63221,1.00311,0.1937,0.25042,0.72357,0.97096,0.942,0.97789,0.83683,0.88386,0.85753,0.85098,0.68304,0.67068,1.83301,0.20651,0.42873,0.86488,0.00015447,0.00015447,0.00015447
345,1191.23,0.62235,0.99042,0.18898,0.2506,0.71133,0.95826,0.97015,0.98007,0.8485,0.8471,0.85839,0.85376,0.72641,0.65398,1.64343,0.20515,0.37859,0.8548,0.000154046,0.000154046,0.000154046
346,1194.58,0.65523,0.9628,0.19056,0.25522,0.70101,0.96743,0.98592,0.9804,0.85828,0.89623,0.91549,0.89953,0.7105,0.63672,1.7158,0.2055,0.37608,0.83283,0.000153621,0.000153621,0.000153621
347,1197.91,0.65018,0.94531,0.19403,0.25481,0.71553,0.97212,0.98207,0.98036,0.85444,0.87141,0.85901,0.85695,0.71002,0.6561,1.70932,0.20557,0.39116,0.86101,0.000153197,0.000153197,0.000153197
348,1201.24,0.70169,0.92463,0.19425,0.26449,0.70177,0.97128,0.95286,0.97979,0.85154,0.8835,0.85915,0.83809,0.70247,0.63627,1.75913,0.20596,0.41908,0.86123,0.000152773,0.000152773,0.000152773
349,1204.6,0.60985,1.19433,0.19472,0.26238,0.76713,0.94854,0.95775,0.97677,0.833,0.869,0.84091,0.82089,0.66123,0.68668,1.89744,0.2077,0.45939,0.93599,0.000152349,0.000152349,0.000152349
350,1207.91,0.68162,1.17444,0.19241,0.26717,0.76759,0.95745,0.95072,0.97835,0.84625,0.86734,0.82879,0.81952,0.67607,0.65622,1.84973,0.20702,0.44178,0.88903,0.000151924,0.000151924,0.000151924
351,1211.22,0.6983,0.97992,0.19723,0.26616,0.70049,0.96667,0.94366,0.97875,0.82699,0.88175,0.84027,0.84476,0.68359,0.66098,1.77081,0.2066,0.41771,0.87214,0.0001515,0.0001515,0.0001515
352,1214.59,0.68084,1.07891,0.18814,0.25422,0.71906,0.91992,0.9708,0.97538,0.82889,0.82655,0.87256,0.84775,0.66789,0.65312,1.7006,0.20811,0.41276,0.85417,0.000151076,0.000151076,0.000151076
353,1217.96,0.62985,1.03668,0.19018,0.25215,0.71258,0.93316,0.98325,0.97988,0.83946,0.85298,0.89887,0.88207,0.72052,0.63196,1.56206,0.20848,0.37554,0.8409,0.000150651,0.000150651,0.000150651
354,1221.34,0.63826,0.9907,0.18685,0.25589,0.71495,0.94585,0.98403,0.98804,0.85633,0.86462,0.89957,0.88618,0.71128,0.63262,1.57943,0.20712,0.37355,0.82892,0.000150227,0.000150227,0.000150227
355,1224.66,0.64925,0.93633,0.1877,0.25507,0.72629,0.95833,0.97177,0.98735,0.85892,0.87231,0.88732,0.8839,0.71756,0.64127,1.5441,0.20429,0.36659,0.84411,0.000149803,0.000149803,0.000149803
356,1227.99,0.71269,0.98344,0.18733,0.26161,0.66854,0.9572,0.97183,0.98019,0.85838,0.8598,0.87324,0.85811,0.70365,0.61555,1.58371,0.2057,0.36591,0.8349,0.000149379,0.000149379,0.000149379
357,1231.43,0.64963,0.94521,0.18744,0.25045,0.7273,0.95825,0.96994,0.99071,0.86369,0.84265,0.82968,0.8269,0.68459,0.62872,1.66932,0.20574,0.37368,0.86982,0.000148954,0.000148954,0.000148954
358,1234.81,0.61923,0.99451,0.19092,0.24855,0.71748,0.96579,0.92958,0.98828,0.84676,0.86314,0.83099,0.82466,0.6532,0.64539,1.80105,0.20594,0.40425,0.87406,0.00014853,0.00014853,0.00014853
359,1238.18,0.68319,0.998,0.18476,0.2646,0.69809,0.96827,0.92958,0.98527,0.84503,0.8654,0.83099,0.81687,0.65369,0.65171,1.791,0.20705,0.41199,0.86423,0.000148106,0.000148106,0.000148106
360,1241.54,0.69078,0.96108,0.18939,0.26019,0.68743,0.95528,0.94366,0.98617,0.83392,0.89552,0.85915,0.87439,0.66772,0.68379,1.68093,0.2062,0.38572,0.90653,0.000147681,0.000147681,0.000147681
361,1244.91,0.64857,0.94656,0.1902,0.25106,0.70571,0.94355,0.98592,0.98974,0.85545,0.82173,0.85915,0.83823,0.71468,0.64177,1.50325,0.20455,0.35365,0.87179,0.000147257,0.000147257,0.000147257
362,1248.28,0.56496,0.93605,0.18351,0.24477,0.72462,0.94268,0.98592,0.98781,0.84794,0.80788,0.84507,0.80735,0.6878,0.67819,1.66232,0.20658,0.37373,0.89328,0.000146833,0.000146833,0.000146833
363,1251.62,0.64628,0.9445,0.19334,0.25223,0.70162,0.93048,0.98592,0.98179,0.84281,0.81028,0.85915,0.8164,0.68902,0.66177,1.68823,0.20417,0.36028,0.84958,0.000146409,0.000146409,0.000146409
364,1255.03,0.60798,1.03233,0.19159,0.24395,0.72603,0.94245,0.98592,0.985,0.84212,0.83457,0.87324,0.84188,0.68878,0.64747,1.66567,0.20163,0.34102,0.84398,0.000145984,0.000145984,0.000145984
365,1258.44,0.64794,0.94258,0.19128,0.25534,0.71613,0.96847,0.98592,0.98888,0.85767,0.84366,0.85915,0.82987,0.69982,0.63607,1.65579,0.20101,0.33164,0.82211,0.00014556,0.00014556,0.00014556
366,1261.9,0.59971,0.91482,0.19391,0.24569,0.70153,0.96993,0.98592,0.98757,0.85936,0.87277,0.88732,0.86296,0.70346,0.6322,1.62049,0.1999,0.33254,0.8319,0.000145136,0.000145136,0.000145136
367,1265.19,0.62401,0.93661,0.18533,0.24241,0.6959,0.97221,0.9854,0.98713,0.85854,0.86077,0.87324,0.84144,0.69113,0.62467,1.69993,0.20401,0.35863,0.82508,0.000144711,0.000144711,0.000144711
368,1268.53,0.68023,0.92904,0.19966,0.25275,0.7027,0.97178,0.96992,0.98732,0.84749,0.85884,0.85692,0.82201,0.68432,0.66072,1.76086,0.20632,0.38288,0.86476,0.000144287,0.000144287,0.000144287
369,1271.87,0.64323,0.89395,0.18772,0.2502,0.69356,0.9707,0.95775,0.97668,0.8412,0.86589,0.84507,0.80799,0.67015,0.63276,1.80694,0.20847,0.403,0.85841,0.000143863,0.000143863,0.000143863
370,1275.22,0.61836,0.88762,0.18331,0.24497,0.6919,0.97139,0.95655,0.97256,0.83125,0.88192,0.85915,0.81395,0.66539,0.64428,1.76705,0.20866,0.4089,0.85933,0.000143439,0.000143439,0.000143439
371,1278.59,0.59633,0.97296,0.18135,0.23942,0.71226,0.95856,0.97743,0.98169,0.84044,0.86786,0.84507,0.8178,0.68643,0.65384,1.71795,0.2087,0.38418,0.85929,0.000143014,0.000143014,0.000143014
372,1282.03,0.63489,0.93682,0.18669,0.24683,0.69262,0.97176,0.96927,0.9843,0.85889,0.87293,0.87087,0.84158,0.68347,0.62522,1.7008,0.20811,0.37255,0.8451,0.00014259,0.00014259,0.00014259
373,1285.41,0.6331,0.90931,0.18978,0.24425,0.71729,0.95862,0.979,0.98756,0.85418,0.85539,0.84507,0.80794,0.66676,0.63789,1.75651,0.20638,0.38601,0.85954,0.000142166,0.000142166,0.000142166
374,1288.8,0.61871,0.89794,0.18324,0.24488,0.71735,0.97177,0.96965,0.99076,0.85137,0.87296,0.8711,0.84232,0.69314,0.63889,1.68062,0.2053,0.37286,0.86748,0.000141741,0.000141741,0.000141741
375,1292.25,0.59554,0.89551,0.18487,0.24225,0.69884,0.97214,0.98311,0.99163,0.8546,0.859,0.85804,0.81129,0.68968,0.61454,1.69367,0.20554,0.37106,0.83768,0.000141317,0.000141317,0.000141317
376,1295.59,0.59883,0.89634,0.17683,0.23479,0.71821,0.95885,0.98448,0.99001,0.85312,0.85821,0.87324,0.83951,0.68637,0.60506,1.69945,0.20466,0.36129,0.83046,0.000140893,0.000140893,0.000140893
377,1298.97,0.68423,1.02418,0.18836,0.25513,0.6964,0.94516,0.97107,0.98703,0.84648,0.88058,0.84507,0.84301,0.68895,0.61989,1.69023,0.20427,0.3774,0.85582,0.000140469,0.000140469,0.000140469
378,1302.34,0.66836,0.92062,0.18407,0.24969,0.69192,0.93375,0.99267,0.98737,0.84364,0.85741,0.85915,0.84145,0.67204,0.63274,1.67446,0.20171,0.36877,0.87925,0.000140044,0.000140044,0.000140044
379,1305.67,0.59916,0.93448,0.1872,0.23996,0.70354,0.97177,0.96971,0.99049,0.85254,0.85887,0.85714,0.81656,0.67639,0.61655,1.61787,0.20139,0.33801,0.85246,0.00013962,0.00013962,0.00013962
380,1309.03,0.63679,0.87366,0.17947,0.23885,0.69052,0.98591,0.98522,0.99225,0.85498,0.87321,0.873,0.84423,0.66808,0.65011,1.62961,0.20166,0.32565,0.89906,0.000139196,0.000139196,0.000139196
381,1312.39,0.57927,0.90029,0.18013,0.23263,0.71482,0.98586,0.98234,0.99392,0.86702,0.90135,0.90078,0.88373,0.69382,0.61755,1.63747,0.20052,0.32225,0.86229,0.000138771,0.000138771,0.000138771
382,1315.81,0.67897,0.93488,0.18064,0.25159,0.68938,0.96858,0.98592,0.99339,0.85808,0.91617,0.87324,0.86046,0.70018,0.6288,1.6386,0.19884,0.32736,0.85238,0.000138347,0.000138347,0.000138347
383,1319.16,0.61793,0.89067,0.18376,0.24867,0.71336,0.98545,0.95405,0.99241,0.84093,0.90559,0.83099,0.8265,0.66867,0.63887,1.79018,0.20079,0.35487,0.87042,0.000137923,0.000137923,0.000137923
384,1322.54,0.60668,0.9379,0.17941,0.24023,0.71833,0.95583,0.98592,0.99243,0.84377,0.90531,0.84507,0.82586,0.67285,0.64897,1.74062,0.19816,0.34738,0.88344,0.000137499,0.000137499,0.000137499
385,1325.87,0.64183,0.92748,0.18463,0.24689,0.7139,0.97217,0.98401,0.99295,0.8504,0.89363,0.82834,0.81271,0.68095,0.64502,1.80772,0.19866,0.35032,0.85677,0.000137074,0.000137074,0.000137074
386,1329.28,0.56076,0.90111,0.18525,0.23718,0.7185,0.98579,0.97695,0.99417,0.87088,0.88947,0.83099,0.81828,0.70518,0.61218,1.66404,0.1993,0.33132,0.82889,0.00013665,0.00013665,0.00013665
387,1332.66,0.60002,0.91028,0.18137,0.24051,0.69903,0.98183,0.98592,0.9943,0.87171,0.88345,0.88732,0.86804,0.70747,0.60242,1.60674,0.20007,0.32424,0.83198,0.000136226,0.000136226,0.000136226
388,1336,0.68138,0.96243,0.1855,0.25452,0.69,1,0.98299,0.99459,0.86975,0.89972,0.88464,0.87049,0.7013,0.6271,1.63577,0.20008,0.32243,0.841,0.000135801,0.000135801,0.000135801
389,1339.34,0.60342,0.90184,0.18743,0.23557,0.72616,0.97214,0.98296,0.99403,0.87091,0.9059,0.84507,0.84212,0.70336,0.6189,1.68044,0.20164,0.34585,0.83762,0.000135377,0.000135377,0.000135377
390,1342.69,0.62535,0.93958,0.17885,0.23989,0.71672,0.97098,0.97183,0.99248,0.86416,0.87844,0.83099,0.81706,0.69633,0.60597,1.71643,0.20374,0.37433,0.83815,0.000134953,0.000134953,0.000134953
391,1346.02,0.61913,0.91333,0.18064,0.2351,0.68799,0.97217,0.98412,0.99237,0.86756,0.90852,0.8169,0.82371,0.66772,0.62162,1.74062,0.20267,0.38225,0.84173,0.000134529,0.000134529,0.000134529
392,1349.4,0.62217,0.93375,0.19269,0.2401,0.70546,0.97217,0.98417,0.99056,0.86593,0.90896,0.84372,0.8582,0.67912,0.60387,1.66365,0.20084,0.37535,0.81955,0.000134104,0.000134104,0.000134104
393,1352.75,0.58175,0.81212,0.18359,0.23394,0.70625,0.96213,0.98592,0.99141,0.86141,0.87127,0.85794,0.85261,0.68444,0.6256,1.61663,0.19939,0.38224,0.84052,0.00013368,0.00013368,0.00013368
394,1356.09,0.60771,0.83066,0.17641,0.23884,0.70537,0.95871,0.9812,0.99164,0.85802,0.87086,0.85485,0.858,0.69491,0.61281,1.60567,0.19949,0.38337,0.83272,0.000133256,0.000133256,0.000133256
395,1359.44,0.61608,0.87301,0.18587,0.23471,0.69851,0.94667,1,0.98995,0.85857,0.92168,0.78873,0.8299,0.69999,0.61346,1.60049,0.19727,0.35984,0.8354,0.000132831,0.000132831,0.000132831
396,1362.83,0.58849,0.84554,0.17952,0.23434,0.70724,0.94438,0.98592,0.98915,0.86124,0.88524,0.86919,0.86345,0.71134,0.60898,1.61899,0.19539,0.35143,0.81401,0.000132407,0.000132407,0.000132407
397,1366.11,0.61617,0.93273,0.18027,0.23834,0.7033,0.95563,0.98592,0.99009,0.86654,0.87355,0.90141,0.88541,0.74324,0.62281,1.52293,0.19514,0.3333,0.8226,0.000131983,0.000131983,0.000131983
398,1369.78,0.59051,0.84954,0.18189,0.24329,0.71479,0.97088,0.98592,0.98257,0.85811,0.87345,0.88732,0.86087,0.72866,0.61894,1.53745,0.19629,0.33442,0.8386,0.000131559,0.000131559,0.000131559
399,1373.07,0.5939,0.8524,0.17597,0.23755,0.71644,0.95873,0.98169,0.98144,0.85881,0.84903,0.87133,0.84343,0.73328,0.61768,1.5479,0.19741,0.33682,0.84523,0.000131134,0.000131134,0.000131134
400,1376.33,0.61596,0.91148,0.18361,0.23966,0.69609,0.95885,0.98457,0.97997,0.85418,0.8845,0.87324,0.85746,0.69073,0.63734,1.72483,0.19902,0.36046,0.85342,0.00013071,0.00013071,0.00013071
401,1379.69,0.63657,0.87364,0.17702,0.24709,0.67445,0.93421,1,0.98959,0.86862,0.85598,0.84507,0.8254,0.71409,0.62007,1.72085,0.20003,0.35357,0.83955,0.000130286,0.000130286,0.000130286
402,1383.07,0.55338,0.88016,0.18439,0.22807,0.7059,0.95876,0.98235,0.99118,0.8675,0.86782,0.84507,0.82702,0.68855,0.61818,1.68611,0.19947,0.34847,0.83728,0.000129861,0.000129861,0.000129861
403,1386.42,0.62557,0.82592,0.18003,0.23404,0.69852,0.97215,0.98314,0.99192,0.86891,0.86078,0.87087,0.85366,0.69084,0.60616,1.61634,0.19677,0.33441,0.82463,0.000129437,0.000129437,0.000129437
404,1389.81,0.58392,0.83059,0.17787,0.22896,0.68413,0.9718,0.97084,0.99148,0.87119,0.85908,0.85866,0.84128,0.71745,0.61206,1.61047,0.19747,0.354,0.84142,0.000129013,0.000129013,0.000129013
405,1393.26,0.5567,0.82445,0.17874,0.23088,0.70627,0.97173,0.96847,0.99244,0.86729,0.89582,0.84784,0.85338,0.71417,0.62529,1.65815,0.19736,0.37047,0.84091,0.000128589,0.000128589,0.000128589
406,1396.62,0.65033,0.83577,0.1724,0.24163,0.67805,0.95782,0.97183,0.99108,0.86324,0.89248,0.8169,0.82393,0.69709,0.62927,1.70952,0.19769,0.37371,0.83826,0.000128164,0.000128164,0.000128164
407,1399.96,0.62184,0.87873,0.17892,0.23525,0.71421,0.9588,0.98347,0.99036,0.86458,0.86273,0.8852,0.8511,0.71957,0.61998,1.54682,0.19536,0.34728,0.81436,0.00012774,0.00012774,0.00012774
408,1403.36,0.64509,0.87257,0.18453,0.24338,0.67652,0.9589,0.9858,0.99021,0.85835,0.86282,0.88732,0.8514,0.704,0.63157,1.60157,0.19607,0.34015,0.81237,0.000127316,0.000127316,0.000127316
409,1406.73,0.6117,0.87193,0.17523,0.23759,0.6854,0.97098,0.98592,0.99122,0.86287,0.85942,0.87324,0.84741,0.70809,0.6158,1.59534,0.19775,0.34072,0.8186,0.000126891,0.000126891,0.000126891
410,1410.14,0.6364,0.88719,0.1791,0.24106,0.66762,0.97108,0.98592,0.98274,0.84286,0.85868,0.85915,0.83244,0.69362,0.63706,1.69863,0.19846,0.36889,0.8574,0.000126467,0.000126467,0.000126467
411,1413.47,0.6614,0.88698,0.17659,0.24409,0.66226,0.97216,0.98384,0.98345,0.85541,0.90119,0.83099,0.82581,0.68503,0.63085,1.76197,0.19739,0.35972,0.83954,0.000126043,0.000126043,0.000126043
412,1416.83,0.60143,0.84088,0.17427,0.23074,0.71432,0.97178,0.97012,0.98345,0.85512,0.90861,0.84022,0.82997,0.69762,0.61268,1.63706,0.19585,0.34704,0.82773,0.000125619,0.000125619,0.000125619
413,1420.22,0.64926,0.88864,0.17463,0.24065,0.68013,0.98417,0.95775,0.98234,0.85453,0.89654,0.8169,0.81854,0.71687,0.62533,1.70574,0.19689,0.37392,0.83879,0.000125194,0.000125194,0.000125194
414,1423.64,0.58981,0.86195,0.18134,0.2359,0.69918,0.9588,0.98338,0.98247,0.85639,0.89402,0.85915,0.86676,0.72979,0.6244,1.6294,0.1961,0.36377,0.82819,0.00012477,0.00012477,0.00012477
415,1427.02,0.60931,0.82759,0.17878,0.23588,0.7036,0.98548,0.95599,0.98304,0.86213,0.89838,0.87159,0.86664,0.72515,0.59134,1.55287,0.19545,0.35372,0.81068,0.000124346,0.000124346,0.000124346
416,1430.38,0.605,0.82099,0.16921,0.2387,0.68514,0.98491,0.98592,0.98387,0.86937,0.90016,0.90141,0.88433,0.73091,0.60696,1.51283,0.19263,0.33473,0.81689,0.000123921,0.000123921,0.000123921
417,1433.73,0.56299,0.81319,0.17442,0.22612,0.70516,0.9701,0.98592,0.98306,0.86329,0.8869,0.90141,0.87567,0.73279,0.6055,1.54868,0.19287,0.34162,0.80377,0.000123497,0.000123497,0.000123497
418,1437.06,0.58884,0.84457,0.17663,0.23127,0.707,0.97205,0.97963,0.98417,0.86149,0.88837,0.89674,0.87558,0.72562,0.59817,1.57375,0.19153,0.34524,0.79763,0.000123073,0.000123073,0.000123073
419,1440.43,0.5949,0.94192,0.18583,0.23981,0.73468,0.95889,0.9855,0.98291,0.86015,0.87431,0.88732,0.85718,0.71313,0.61035,1.61025,0.18844,0.35408,0.80326,0.000122649,0.000122649,0.000122649
420,1443.78,0.57141,0.80825,0.17485,0.22859,0.70385,0.95883,0.98409,0.98164,0.86121,0.87353,0.88732,0.86332,0.71444,0.62383,1.59036,0.18706,0.36687,0.81223,0.000122224,0.000122224,0.000122224
421,1447.1,0.5979,0.82812,0.17847,0.23515,0.67218,0.95884,0.98438,0.98263,0.85428,0.88781,0.90141,0.88394,0.73253,0.62137,1.4976,0.18831,0.35195,0.83664,0.0001218,0.0001218,0.0001218
422,1450.49,0.56215,0.8382,0.17395,0.22664,0.69062,0.95946,1,0.9925,0.85955,0.87656,0.90019,0.87553,0.70817,0.63056,1.58472,0.18946,0.34656,0.84898,0.000121376,0.000121376,0.000121376
423,1453.87,0.63745,0.83691,0.17945,0.24263,0.70292,0.9589,0.98592,0.98271,0.85595,0.90091,0.89643,0.88599,0.72628,0.62006,1.56395,0.18841,0.35307,0.83723,0.000120951,0.000120951,0.000120951
424,1457.23,0.52218,0.82088,0.17064,0.22175,0.71924,0.98203,0.95775,0.99076,0.85901,0.89661,0.85508,0.85118,0.73167,0.6081,1.59593,0.18823,0.3538,0.83484,0.000120527,0.000120527,0.000120527
425,1460.6,0.65944,0.81926,0.1773,0.24412,0.67635,0.95946,1,0.99058,0.87486,0.91668,0.85915,0.86496,0.73718,0.59869,1.59915,0.18781,0.34164,0.82199,0.000120103,0.000120103,0.000120103
426,1464.43,0.61857,0.89825,0.17663,0.23527,0.67424,0.95946,1,0.99173,0.87633,0.88865,0.89923,0.88824,0.7461,0.5931,1.55471,0.18806,0.3184,0.80177,0.000119679,0.000119679,0.000119679
427,1468.22,0.58052,0.83408,0.1772,0.23245,0.69987,0.97219,0.98493,0.99245,0.87776,0.87491,0.88663,0.87114,0.75246,0.60276,1.50439,0.18818,0.30708,0.7922,0.000119254,0.000119254,0.000119254
428,1472.05,0.69358,0.81505,0.17747,0.25313,0.66491,0.97249,0.99575,0.99363,0.87639,0.91533,0.84507,0.87566,0.74107,0.60388,1.57558,0.19011,0.31623,0.80676,0.00011883,0.00011883,0.00011883
429,1475.44,0.60062,0.78673,0.17462,0.23594,0.69786,0.97119,0.98592,0.9928,0.87866,0.88679,0.83099,0.83645,0.73712,0.59446,1.6099,0.18983,0.32395,0.81024,0.000118406,0.000118406,0.000118406
430,1478.83,0.60426,0.83408,0.17972,0.2342,0.68797,0.96892,0.98592,0.99293,0.87938,0.96946,0.78873,0.83401,0.72826,0.60887,1.68654,0.18869,0.32168,0.80669,0.000117981,0.000117981,0.000117981
431,1482.2,0.68516,0.93779,0.1826,0.25544,0.71923,0.96933,0.98592,0.99216,0.87381,0.8951,0.84132,0.83425,0.71988,0.61887,1.74569,0.1898,0.35207,0.81674,0.000117557,0.000117557,0.000117557
432,1485.51,0.57492,0.81845,0.17556,0.22931,0.70538,0.97245,0.99449,0.99275,0.87748,0.87904,0.83099,0.83312,0.72092,0.58331,1.67127,0.18941,0.35692,0.79918,0.000117133,0.000117133,0.000117133
433,1488.85,0.66021,0.79258,0.16914,0.25101,0.6636,0.97171,0.96771,0.99289,0.86793,0.91872,0.8169,0.83406,0.70026,0.62147,1.6724,0.18959,0.37437,0.84706,0.000116709,0.000116709,0.000116709
434,1492.2,0.64494,0.79402,0.17426,0.24347,0.65723,0.97213,0.98267,0.99359,0.86529,0.93474,0.83099,0.86205,0.69963,0.60592,1.70841,0.19117,0.35578,0.8257,0.000116284,0.000116284,0.000116284
435,1495.52,0.61959,0.85469,0.17956,0.23821,0.70481,0.97217,0.98418,0.99345,0.863,0.91906,0.83099,0.86848,0.69793,0.61683,1.68691,0.1904,0.35667,0.86039,0.00011586,0.00011586,0.00011586
436,1498.86,0.62282,0.81468,0.16859,0.2412,0.66889,0.97209,0.98121,0.99281,0.86233,0.90586,0.81316,0.82557,0.7121,0.62622,1.66372,0.19048,0.36945,0.8606,0.000115436,0.000115436,0.000115436
437,1502.26,0.59719,0.79505,0.16974,0.23222,0.6754,0.95884,0.98432,0.99033,0.84584,0.85086,0.8169,0.80945,0.67605,0.65058,1.87589,0.19188,0.42383,0.86267,0.000115011,0.000115011,0.000115011
438,1505.65,0.63088,0.80334,0.17239,0.24027,0.67947,0.95869,0.98053,0.9892,0.84928,0.8354,0.80282,0.77772,0.67904,0.62934,1.83919,0.19083,0.40987,0.87086,0.000114587,0.000114587,0.000114587
439,1509.03,0.61251,0.79509,0.1688,0.23743,0.70269,0.95852,0.97633,0.99056,0.85711,0.82834,0.81557,0.77979,0.68792,0.60677,1.77922,0.19129,0.38325,0.86083,0.000114163,0.000114163,0.000114163
440,1512.41,0.62375,0.78446,0.17174,0.24333,0.6785,0.9718,0.97061,0.99076,0.86104,0.84201,0.83099,0.80582,0.70372,0.6261,1.71816,0.19148,0.36208,0.85095,0.000113739,0.000113739,0.000113739
441,1515.82,0.61382,0.83327,0.1769,0.23622,0.69375,0.95779,0.97183,0.98935,0.86514,0.83779,0.87296,0.84761,0.7198,0.60172,1.6269,0.18951,0.33711,0.82706,0.000113314,0.000113314,0.000113314
442,1519.2,0.63205,0.77744,0.17389,0.24409,0.68032,0.95674,0.97183,0.97902,0.85889,0.8307,0.82933,0.80793,0.70546,0.60865,1.74117,0.19004,0.37101,0.82438,0.00011289,0.00011289,0.00011289
443,1522.55,0.59146,0.82604,0.18528,0.23454,0.68157,0.94401,0.97183,0.97825,0.85484,0.81917,0.82949,0.80665,0.70807,0.61536,1.79733,0.19011,0.38194,0.8236,0.000112466,0.000112466,0.000112466
444,1525.96,0.61314,0.81863,0.17162,0.23348,0.68132,0.94667,1,0.98977,0.8695,0.84462,0.84507,0.82476,0.71782,0.61318,1.74038,0.18839,0.36014,0.82079,0.000112041,0.000112041,0.000112041
445,1529.4,0.5509,0.798,0.16971,0.22462,0.68877,0.94667,1,0.99209,0.87833,0.87416,0.88732,0.8713,0.75443,0.58273,1.54536,0.18714,0.31547,0.79912,0.000111617,0.000111617,0.000111617
446,1533.15,0.56799,0.79211,0.17095,0.22311,0.68981,0.97216,0.9837,0.99293,0.87415,0.88865,0.89924,0.89161,0.74222,0.61292,1.59619,0.18889,0.31892,0.82843,0.000111193,0.000111193,0.000111193
447,1536.51,0.58841,0.8049,0.16916,0.22915,0.68362,0.9464,0.99479,0.99178,0.87108,0.86334,0.84507,0.85083,0.74339,0.60989,1.6151,0.1907,0.3369,0.82057,0.000110769,0.000110769,0.000110769
448,1539.88,0.59945,0.766,0.1688,0.22653,0.68845,0.95869,0.98072,0.98138,0.85813,0.88897,0.8169,0.82171,0.72702,0.61123,1.73062,0.19129,0.36804,0.83044,0.000110344,0.000110344,0.000110344
449,1543.24,0.55111,0.76016,0.17483,0.22239,0.6927,0.97011,0.97183,0.98141,0.85638,0.87165,0.80282,0.80936,0.7025,0.62878,1.82811,0.19043,0.41227,0.84889,0.00010992,0.00010992,0.00010992
450,1546.58,0.6164,0.83104,0.1792,0.2311,0.68024,0.98361,0.97183,0.98275,0.85428,0.85372,0.82207,0.81199,0.70625,0.61889,1.83869,0.18997,0.39957,0.84195,0.000109496,0.000109496,0.000109496
451,1549.96,0.54238,0.75109,0.16984,0.21789,0.68271,0.98569,0.96992,0.98301,0.858,0.86692,0.84507,0.82151,0.7075,0.61734,1.8196,0.18931,0.38991,0.84403,0.000109071,0.000109071,0.000109071
452,1553.31,0.6709,0.78019,0.1719,0.23901,0.66795,0.98563,0.96622,0.98387,0.85951,0.87263,0.83099,0.81468,0.70171,0.62288,1.85438,0.19062,0.41292,0.84378,0.000108647,0.000108647,0.000108647
453,1556.72,0.64166,0.80632,0.16728,0.24309,0.68548,0.98552,0.95865,0.98387,0.85484,0.90793,0.84507,0.83554,0.71443,0.62577,1.80151,0.18965,0.40112,0.86345,0.000108223,0.000108223,0.000108223
454,1560.11,0.58533,0.83742,0.17713,0.23643,0.69496,0.97211,0.98179,0.98359,0.86011,0.89645,0.8169,0.82338,0.69912,0.60954,1.78094,0.18816,0.36186,0.85383,0.000107799,0.000107799,0.000107799
455,1563.45,0.62936,0.80728,0.17028,0.23315,0.67287,0.97217,0.98406,0.99235,0.86625,0.85534,0.84507,0.82114,0.68341,0.62617,1.78563,0.18683,0.34834,0.874,0.000107374,0.000107374,0.000107374
456,1566.81,0.67593,0.86016,0.16957,0.24023,0.66387,0.97219,0.98462,0.99055,0.86305,0.84715,0.85867,0.83599,0.70631,0.62732,1.65392,0.18618,0.34298,0.88142,0.00010695,0.00010695,0.00010695
457,1570.15,0.63476,0.76794,0.16957,0.23501,0.67072,0.97215,0.98346,0.98903,0.85895,0.84692,0.85719,0.82239,0.69552,0.62683,1.6445,0.18636,0.33697,0.8708,0.000106526,0.000106526,0.000106526
458,1573.51,0.63574,0.77484,0.16789,0.23259,0.6492,0.94646,0.99594,0.98823,0.86108,0.85756,0.85915,0.83905,0.70287,0.63215,1.59999,0.18614,0.33451,0.87193,0.000106101,0.000106101,0.000106101
459,1576.88,0.50297,0.83672,0.16955,0.21444,0.72358,0.96965,0.97183,0.98699,0.8604,0.843,0.84507,0.81908,0.70005,0.62022,1.62902,0.18704,0.34666,0.85343,0.000105677,0.000105677,0.000105677
460,1580.3,0.66597,0.81358,0.1693,0.23993,0.68278,0.97217,0.98394,0.98809,0.87184,0.87477,0.88545,0.86679,0.7115,0.6097,1.58895,0.18547,0.33984,0.82943,0.000105253,0.000105253,0.000105253
461,1583.73,0.59965,0.80447,0.1685,0.22476,0.70179,0.97181,0.971,0.99085,0.87891,0.90134,0.90071,0.90124,0.73173,0.59043,1.52954,0.18596,0.37364,0.80859,0.000104829,0.000104829,0.000104829
462,1587.13,0.67758,0.77962,0.17771,0.24303,0.67335,0.97183,0.97182,0.99261,0.86839,0.90116,0.90141,0.90258,0.74221,0.60419,1.55007,0.18711,0.36707,0.81708,0.000104404,0.000104404,0.000104404
463,1590.5,0.6083,0.77324,0.17158,0.22827,0.69025,0.94667,1,0.99261,0.86299,0.88719,0.88618,0.89103,0.71197,0.624,1.60596,0.18661,0.36542,0.83162,0.00010398,0.00010398,0.00010398
464,1593.86,0.57458,0.81834,0.16674,0.23234,0.67933,0.96976,0.98592,0.9916,0.86858,0.88616,0.90141,0.88321,0.72472,0.60527,1.59619,0.18449,0.34188,0.82098,0.000103556,0.000103556,0.000103556
465,1597.24,0.58846,0.82318,0.17996,0.234,0.67928,0.9722,0.98495,0.99146,0.86943,0.88881,0.90068,0.88349,0.72548,0.62219,1.55027,0.18344,0.33385,0.82905,0.000103131,0.000103131,0.000103131
466,1600.61,0.62424,0.78043,0.17087,0.23463,0.69047,0.98384,0.97183,0.99319,0.87197,0.88512,0.90141,0.89402,0.74744,0.59662,1.45085,0.18277,0.31732,0.80999,0.000102707,0.000102707,0.000102707
467,1603.99,0.56001,0.79134,0.16951,0.22107,0.70309,0.9591,0.99076,0.9926,0.87494,0.9265,0.91549,0.91508,0.72962,0.61054,1.48772,0.18446,0.33792,0.82678,0.000102283,0.000102283,0.000102283
468,1607.35,0.60431,0.7801,0.1716,0.2316,0.69992,0.95946,1,0.99221,0.87657,0.91039,0.87324,0.89115,0.7443,0.60589,1.55456,0.18712,0.35148,0.82555,0.000101859,0.000101859,0.000101859
469,1610.69,0.57746,0.77425,0.17364,0.22526,0.69993,0.94667,1,0.99305,0.87833,0.8994,0.90141,0.89336,0.74545,0.6165,1.49789,0.18676,0.3384,0.8418,0.000101434,0.000101434,0.000101434
470,1614.07,0.59279,0.81015,0.17509,0.22825,0.68959,0.97051,0.97183,0.99237,0.87624,0.886,0.88732,0.86676,0.7225,0.6083,1.55784,0.18703,0.33028,0.82519,0.00010101,0.00010101,0.00010101
471,1617.42,0.5734,0.7539,0.1664,0.22417,0.67673,0.97035,0.97183,0.99094,0.87121,0.87179,0.87324,0.86407,0.72331,0.60572,1.58222,0.18622,0.33596,0.82499,0.000100586,0.000100586,0.000100586
472,1620.78,0.55024,0.75207,0.17253,0.21865,0.69316,0.97215,0.98336,0.9817,0.85686,0.84201,0.84507,0.82592,0.7029,0.61652,1.66359,0.18598,0.35833,0.84314,0.000100161,0.000100161,0.000100161
473,1624.14,0.58978,0.77934,0.16389,0.2248,0.67655,0.95759,0.98592,0.98127,0.85418,0.9293,0.77465,0.83145,0.69726,0.63418,1.70264,0.18425,0.35409,0.85438,9.97371e-05,9.97371e-05,9.97371e-05
474,1627.46,0.59807,0.78744,0.16795,0.22777,0.69017,0.97058,0.98592,0.9816,0.86176,0.98239,0.78587,0.86301,0.71128,0.60683,1.66159,0.18471,0.35186,0.82923,9.93129e-05,9.93129e-05,9.93129e-05
475,1630.78,0.65522,0.87751,0.17294,0.23344,0.69839,0.96995,0.98592,0.98306,0.86005,0.97083,0.78873,0.86476,0.71146,0.61174,1.65779,0.18462,0.34442,0.82323,9.88886e-05,9.88886e-05,9.88886e-05
476,1634.17,0.62724,0.76011,0.16868,0.22983,0.66683,0.97193,0.98592,0.98318,0.86368,0.93642,0.82981,0.86511,0.71344,0.61069,1.65246,0.18395,0.34088,0.82317,9.84643e-05,9.84643e-05,9.84643e-05
477,1637.51,0.59114,0.82634,0.16883,0.22332,0.67922,0.9587,0.98592,0.98234,0.85641,0.89807,0.86873,0.87453,0.70109,0.60723,1.69961,0.18501,0.35182,0.83609,9.804e-05,9.804e-05,9.804e-05
478,1640.88,0.61094,0.78316,0.16748,0.23244,0.68009,0.95888,0.98542,0.98099,0.84991,0.87449,0.84507,0.83294,0.70058,0.63261,1.69161,0.18357,0.34506,0.87209,9.76157e-05,9.76157e-05,9.76157e-05
479,1644.24,0.60307,0.77391,0.16398,0.22605,0.67782,0.95645,0.97183,0.97979,0.84948,0.87874,0.85915,0.86002,0.6943,0.62827,1.69069,0.18185,0.34935,0.86427,9.71914e-05,9.71914e-05,9.71914e-05
480,1647.58,0.55688,0.81791,0.17316,0.2241,0.6865,0.95658,0.98592,0.98964,0.84752,0.89956,0.88302,0.88826,0.71151,0.64184,1.57391,0.17925,0.3447,0.88252,9.67671e-05,9.67671e-05,9.67671e-05
481,1650.94,0.60591,0.77901,0.17644,0.22629,0.66674,0.95773,0.98592,0.98937,0.84842,0.88064,0.85915,0.84588,0.70473,0.63091,1.61393,0.18021,0.34928,0.8654,9.63429e-05,9.63429e-05,9.63429e-05
482,1654.27,0.58811,0.76242,0.16756,0.2249,0.66188,0.95853,0.98592,0.98761,0.84603,0.8857,0.8731,0.8557,0.69907,0.63235,1.60008,0.17962,0.33761,0.86983,9.59186e-05,9.59186e-05,9.59186e-05
483,1657.62,0.65036,0.768,0.16506,0.23088,0.6595,0.97179,0.97056,0.98902,0.85166,0.85938,0.88732,0.85403,0.68684,0.62775,1.58678,0.18022,0.32923,0.85964,9.54943e-05,9.54943e-05,9.54943e-05
484,1660.99,0.60968,0.80129,0.16593,0.22965,0.67427,0.97023,0.98592,0.99021,0.87146,0.87317,0.88732,0.87483,0.71548,0.61077,1.51073,0.18057,0.31077,0.84087,9.507e-05,9.507e-05,9.507e-05
485,1664.35,0.55206,0.78729,0.16932,0.22278,0.69439,0.97061,0.98592,0.99017,0.86365,0.85962,0.87324,0.85397,0.70392,0.62934,1.53923,0.17956,0.31546,0.87081,9.46457e-05,9.46457e-05,9.46457e-05
486,1667.77,0.57006,0.77102,0.15876,0.22047,0.68734,0.97127,0.98592,0.98998,0.8708,0.8461,0.85915,0.83493,0.69775,0.61156,1.5648,0.17884,0.31785,0.84903,9.42214e-05,9.42214e-05,9.42214e-05
487,1671.16,0.57955,0.76744,0.16364,0.22307,0.6793,0.97221,0.98539,0.98998,0.86796,0.84711,0.85915,0.83398,0.69409,0.62299,1.5722,0.17872,0.32118,0.85296,9.37971e-05,9.37971e-05,9.37971e-05
488,1674.53,0.61835,0.76097,0.16765,0.22497,0.6766,0.97213,0.98255,0.98147,0.85564,0.83282,0.84196,0.80891,0.68946,0.6239,1.63022,0.17952,0.33722,0.85582,9.33729e-05,9.33729e-05,9.33729e-05
489,1677.91,0.58953,0.74809,0.16145,0.22104,0.67974,0.97181,0.97097,0.99093,0.86252,0.85456,0.84507,0.82992,0.68819,0.62151,1.66747,0.18017,0.33526,0.86259,9.29486e-05,9.29486e-05,9.29486e-05
490,1681.31,0.60275,0.76507,0.17361,0.22301,0.69351,0.9718,0.97089,0.98968,0.86954,0.85498,0.84507,0.82797,0.70006,0.62044,1.61015,0.1808,0.32591,0.83908,9.25243e-05,9.25243e-05,9.25243e-05
491,1684.69,0.5195,0.77552,0.16792,0.21607,0.71147,0.97221,0.98543,0.99131,0.87424,0.88888,0.90136,0.88335,0.71817,0.60923,1.55541,0.18088,0.31129,0.82346,9.21e-05,9.21e-05,9.21e-05
492,1688.09,0.59188,0.72898,0.16628,0.22245,0.6773,0.9705,0.98592,0.99333,0.86814,0.87329,0.88732,0.86696,0.73244,0.60067,1.52411,0.18015,0.30735,0.81942,9.16757e-05,9.16757e-05,9.16757e-05
493,1691.45,0.56098,0.76487,0.16424,0.21779,0.66932,0.97044,0.98592,0.99362,0.86459,0.8732,0.88732,0.8675,0.72001,0.61778,1.5615,0.17889,0.31864,0.82945,9.12514e-05,9.12514e-05,9.12514e-05
494,1694.82,0.59091,0.75347,0.1631,0.22643,0.67311,0.96991,0.98592,0.9929,0.86842,0.87274,0.88732,0.86506,0.7307,0.60817,1.53231,0.17782,0.3148,0.83374,9.08271e-05,9.08271e-05,9.08271e-05
495,1698.19,0.64125,0.71658,0.16255,0.23732,0.66257,0.96997,0.98592,0.99291,0.86618,0.88683,0.90141,0.88463,0.73064,0.61402,1.53746,0.17858,0.30696,0.84539,9.04029e-05,9.04029e-05,9.04029e-05
496,1701.55,0.62908,0.74199,0.16578,0.22675,0.68171,0.97075,0.98592,0.99324,0.86935,0.88751,0.90141,0.89332,0.73466,0.61414,1.49817,0.17948,0.30966,0.82992,8.99786e-05,8.99786e-05,8.99786e-05
497,1704.89,0.59113,0.83086,0.15994,0.22011,0.68784,0.97034,0.98592,0.98389,0.86465,0.92413,0.85775,0.87385,0.71177,0.60501,1.57349,0.18163,0.32187,0.80905,8.95543e-05,8.95543e-05,8.95543e-05
498,1708.28,0.62322,0.6881,0.15969,0.22558,0.65351,0.97217,0.98396,0.98345,0.85452,0.90662,0.85915,0.86344,0.69691,0.62005,1.61746,0.18132,0.33974,0.82476,8.913e-05,8.913e-05,8.913e-05
499,1711.63,0.61984,0.74031,0.16591,0.22833,0.67851,0.96987,0.98592,0.98198,0.86207,0.91006,0.85915,0.87016,0.70719,0.60718,1.62376,0.18122,0.34604,0.81695,8.87057e-05,8.87057e-05,8.87057e-05
500,1714.96,0.62651,0.74747,0.16858,0.22953,0.66187,0.97123,0.98592,0.98229,0.84554,0.87387,0.88732,0.87037,0.7083,0.61819,1.60042,0.17938,0.347,0.82997,8.82814e-05,8.82814e-05,8.82814e-05
501,1718.31,0.62503,0.80463,0.16979,0.22956,0.66701,0.95863,0.98592,0.97898,0.84565,0.87621,0.90141,0.88814,0.69428,0.63171,1.60726,0.1794,0.34905,0.85107,8.78571e-05,8.78571e-05,8.78571e-05
502,1721.63,0.57791,0.76884,0.16485,0.22424,0.6616,0.95818,0.98592,0.97931,0.85004,0.86205,0.88732,0.86684,0.67888,0.63198,1.66616,0.18022,0.3505,0.85936,8.74329e-05,8.74329e-05,8.74329e-05
503,1724.92,0.53202,0.75005,0.169,0.21258,0.70824,0.95799,0.98592,0.97931,0.85199,0.86816,0.85915,0.85843,0.69598,0.63014,1.66803,0.18101,0.34442,0.86303,8.70086e-05,8.70086e-05,8.70086e-05
504,1728.24,0.57705,0.85464,0.17176,0.222,0.67854,0.97045,0.98592,0.98201,0.85175,0.87382,0.84507,0.83994,0.69132,0.63646,1.67497,0.18299,0.34621,0.86874,8.65843e-05,8.65843e-05,8.65843e-05
505,1731.6,0.56439,0.72523,0.16626,0.21627,0.67612,0.97062,0.98592,0.98287,0.85391,0.84576,0.85915,0.83039,0.68639,0.62789,1.69951,0.18395,0.33461,0.86386,8.616e-05,8.616e-05,8.616e-05
506,1734.98,0.55556,0.72753,0.1608,0.21581,0.68114,0.97003,0.98592,0.98257,0.85749,0.85913,0.87324,0.85166,0.67831,0.62493,1.73092,0.18431,0.34081,0.85635,8.57357e-05,8.57357e-05,8.57357e-05
507,1738.39,0.55351,0.71181,0.1632,0.21819,0.70025,0.96976,0.98592,0.98242,0.85522,0.85882,0.87324,0.85087,0.68344,0.62219,1.68768,0.18376,0.34414,0.85945,8.53114e-05,8.53114e-05,8.53114e-05
508,1741.82,0.58055,0.72593,0.16688,0.2201,0.67809,0.96852,0.98592,0.98154,0.85233,0.87734,0.8169,0.8199,0.66605,0.62941,1.72055,0.18336,0.35817,0.8551,8.48871e-05,8.48871e-05,8.48871e-05
509,1745.26,0.56842,0.83195,0.16564,0.22002,0.68635,0.96909,0.98592,0.98124,0.85868,0.85797,0.87324,0.85403,0.67764,0.62942,1.66088,0.18012,0.3578,0.84074,8.44629e-05,8.44629e-05,8.44629e-05
510,1748.69,0.59682,0.69745,0.15624,0.22114,0.64465,0.96885,0.98592,0.9802,0.85626,0.8805,0.83023,0.83131,0.67677,0.627,1.68916,0.17963,0.36021,0.83529,8.40386e-05,8.40386e-05,8.40386e-05
511,1752.04,0.6208,0.73021,0.16144,0.23011,0.66799,0.96636,0.98592,0.98065,0.86052,0.87502,0.83099,0.83045,0.68804,0.6304,1.65269,0.17849,0.34716,0.84146,8.36143e-05,8.36143e-05,8.36143e-05
512,1755.34,0.53108,0.70742,0.16271,0.20976,0.68471,0.96754,0.98592,0.98154,0.8536,0.88209,0.84293,0.83141,0.67962,0.63828,1.64325,0.17724,0.34822,0.86689,8.319e-05,8.319e-05,8.319e-05
513,1758.65,0.59076,0.77537,0.17434,0.22915,0.68935,0.96855,0.98592,0.9817,0.85985,0.86483,0.83099,0.81221,0.69946,0.62842,1.54801,0.1758,0.34517,0.86773,8.27657e-05,8.27657e-05,8.27657e-05
514,1761.93,0.58065,0.72129,0.16235,0.22075,0.67827,0.96842,0.98592,0.98259,0.85872,0.85883,0.85688,0.82314,0.70667,0.62831,1.53356,0.17592,0.35025,0.86954,8.23414e-05,8.23414e-05,8.23414e-05
515,1765.25,0.54302,0.72107,0.15473,0.21918,0.6663,0.96861,0.98592,0.98333,0.85653,0.87222,0.8169,0.81146,0.69367,0.6251,1.5655,0.17748,0.36101,0.86232,8.19171e-05,8.19171e-05,8.19171e-05
516,1768.59,0.60547,0.782,0.16556,0.23209,0.65813,0.97032,0.98592,0.98318,0.85334,0.85361,0.85915,0.82608,0.69983,0.6178,1.51557,0.17868,0.35546,0.84044,8.14929e-05,8.14929e-05,8.14929e-05
517,1771.94,0.51515,0.70839,0.15934,0.21357,0.68755,0.97001,0.98592,0.98259,0.85815,0.86499,0.87324,0.85966,0.70215,0.616,1.54908,0.17942,0.35789,0.82217,8.10686e-05,8.10686e-05,8.10686e-05
518,1775.29,0.58785,0.70556,0.166,0.22112,0.66005,0.97045,0.98592,0.98232,0.86026,0.90226,0.83099,0.84239,0.69756,0.61798,1.62067,0.17792,0.35826,0.82517,8.06443e-05,8.06443e-05,8.06443e-05
519,1778.62,0.58213,0.71163,0.15939,0.22181,0.67756,0.97222,0.98581,0.98169,0.86208,0.90437,0.84507,0.84268,0.69308,0.6175,1.65007,0.17765,0.35383,0.83145,8.022e-05,8.022e-05,8.022e-05
520,1781.98,0.56735,0.72671,0.16139,0.2178,0.67542,0.972,0.98592,0.98154,0.86234,0.88393,0.84507,0.84202,0.70298,0.6258,1.63262,0.17705,0.34993,0.83968,7.97957e-05,7.97957e-05,7.97957e-05
521,1785.4,0.55395,0.67692,0.15721,0.21525,0.67532,0.97143,0.98592,0.98274,0.86975,0.86408,0.8169,0.81188,0.69829,0.63336,1.67332,0.17687,0.35184,0.84873,7.93714e-05,7.93714e-05,7.93714e-05
522,1788.76,0.62536,0.73318,0.16323,0.22852,0.66606,0.97134,0.98592,0.9829,0.87011,0.87732,0.8169,0.82116,0.69952,0.60819,1.66941,0.17592,0.35383,0.83565,7.89471e-05,7.89471e-05,7.89471e-05
523,1792.07,0.61888,0.6951,0.16874,0.22636,0.67187,0.96937,0.98592,0.98306,0.86286,0.88939,0.8169,0.8215,0.70973,0.60133,1.65481,0.17552,0.35096,0.82941,7.85229e-05,7.85229e-05,7.85229e-05
524,1795.39,0.56385,0.80622,0.16115,0.21934,0.6838,0.97214,0.98283,0.98401,0.87056,0.9061,0.83099,0.8445,0.68599,0.60281,1.65559,0.17578,0.35858,0.83338,7.80986e-05,7.80986e-05,7.80986e-05
525,1798.8,0.5759,0.72217,0.16615,0.21896,0.67584,0.96919,0.98592,0.98373,0.87082,0.9073,0.84507,0.86247,0.69116,0.6061,1.67919,0.17631,0.36147,0.8246,7.76743e-05,7.76743e-05,7.76743e-05
526,1802.15,0.59456,0.70556,0.16748,0.21887,0.68271,0.97202,0.97848,0.98402,0.87108,0.9094,0.84826,0.84616,0.70515,0.61183,1.74777,0.17828,0.37243,0.81378,7.725e-05,7.725e-05,7.725e-05
527,1805.5,0.5708,0.79112,0.16025,0.2149,0.66355,1,0.95584,0.98417,0.86223,0.92417,0.85828,0.84648,0.68709,0.64681,1.7867,0.17781,0.37824,0.84669,7.68257e-05,7.68257e-05,7.68257e-05
528,1808.86,0.58342,0.70015,0.16903,0.2207,0.67297,1,0.95478,0.98417,0.87058,0.90278,0.84507,0.83628,0.69119,0.63192,1.77389,0.1771,0.37854,0.83911,7.64014e-05,7.64014e-05,7.64014e-05
529,1812.19,0.57325,0.68827,0.15813,0.21592,0.67786,0.97207,0.98034,0.98402,0.86074,0.90615,0.84507,0.83621,0.695,0.62779,1.72352,0.17722,0.3699,0.84825,7.59771e-05,7.59771e-05,7.59771e-05
530,1815.53,0.56295,0.77332,0.15525,0.21592,0.67587,0.96822,0.98592,0.98373,0.85585,0.9196,0.83099,0.84493,0.72565,0.63116,1.63615,0.17627,0.35505,0.85517,7.55529e-05,7.55529e-05,7.55529e-05
531,1818.84,0.55609,0.70169,0.1579,0.222,0.66114,0.97084,0.98592,0.98345,0.86207,0.90569,0.85915,0.86466,0.72534,0.62038,1.68332,0.17678,0.35462,0.83759,7.51286e-05,7.51286e-05,7.51286e-05
532,1822.19,0.60283,0.69288,0.15817,0.22484,0.66568,0.97172,0.98592,0.98278,0.86283,0.87888,0.84507,0.83416,0.71329,0.63369,1.71795,0.17692,0.34083,0.84655,7.47043e-05,7.47043e-05,7.47043e-05
533,1825.56,0.54686,0.70523,0.16028,0.21031,0.69542,0.97002,0.98592,0.99163,0.86981,0.86715,0.84507,0.83228,0.69971,0.61974,1.73892,0.17845,0.33898,0.83149,7.428e-05,7.428e-05,7.428e-05
534,1828.94,0.62974,0.80503,0.17919,0.22837,0.65244,0.96961,0.98592,0.99193,0.86392,0.86769,0.84507,0.84128,0.69191,0.61638,1.69696,0.17937,0.33621,0.835,7.38557e-05,7.38557e-05,7.38557e-05
535,1832.3,0.54902,0.69794,0.15393,0.21844,0.6605,0.96979,0.98592,0.99161,0.86601,0.86795,0.84507,0.84054,0.70003,0.62198,1.64399,0.17874,0.33586,0.84056,7.34314e-05,7.34314e-05,7.34314e-05
536,1835.67,0.54308,0.77504,0.16379,0.21434,0.68495,0.96922,0.98592,0.98998,0.86725,0.86847,0.84507,0.8402,0.70911,0.60934,1.65368,0.17992,0.34448,0.83061,7.30071e-05,7.30071e-05,7.30071e-05
537,1839.02,0.62304,0.79368,0.16823,0.23076,0.65555,0.9689,0.98592,0.98953,0.86098,0.85363,0.83099,0.82827,0.70671,0.61821,1.71581,0.18057,0.35777,0.83248,7.25829e-05,7.25829e-05,7.25829e-05
538,1842.42,0.58019,0.6866,0.16056,0.21423,0.67461,0.96901,0.98592,0.99034,0.8599,0.82987,0.84507,0.81276,0.71606,0.62707,1.72487,0.18015,0.36286,0.83784,7.21586e-05,7.21586e-05,7.21586e-05
539,1845.71,0.5702,0.6756,0.16538,0.21479,0.68338,0.96879,0.98592,0.99011,0.86276,0.82978,0.84507,0.81446,0.71184,0.61535,1.65691,0.17876,0.35542,0.83352,7.17343e-05,7.17343e-05,7.17343e-05
540,1849.05,0.62892,0.71638,0.16366,0.22834,0.65144,0.96982,0.98592,0.99099,0.86695,0.85642,0.85915,0.82616,0.71924,0.61896,1.62336,0.17673,0.35108,0.84775,7.131e-05,7.131e-05,7.131e-05
541,1852.38,0.72496,0.73583,0.17617,0.24115,0.64358,0.97081,0.98592,0.99216,0.86526,0.86998,0.87324,0.85853,0.70848,0.6337,1.57939,0.17592,0.34907,0.86779,7.08857e-05,7.08857e-05,7.08857e-05
542,1855.7,0.57161,0.67077,0.15323,0.21498,0.66187,0.97079,0.98592,0.99148,0.8688,0.86966,0.87324,0.8569,0.71482,0.61209,1.58301,0.17695,0.34333,0.83836,7.04614e-05,7.04614e-05,7.04614e-05
543,1859.03,0.55625,0.66565,0.15901,0.21726,0.66664,0.97005,0.98592,0.99163,0.86909,0.88323,0.87324,0.85826,0.71997,0.62028,1.57001,0.17529,0.33619,0.84261,7.00371e-05,7.00371e-05,7.00371e-05
544,1862.36,0.58638,0.81384,0.15733,0.22261,0.67541,0.96995,0.98592,0.98259,0.86296,0.87075,0.85399,0.82895,0.70837,0.62992,1.58611,0.17533,0.34033,0.84898,6.96129e-05,6.96129e-05,6.96129e-05
545,1865.73,0.58038,0.7861,0.16692,0.22495,0.67022,0.9713,0.98592,0.9833,0.87151,0.90392,0.87324,0.86663,0.72389,0.6117,1.56092,0.17512,0.33672,0.83346,6.91886e-05,6.91886e-05,6.91886e-05
546,1869.1,0.60085,0.78818,0.15883,0.22424,0.65093,0.9722,0.98516,0.9833,0.86709,0.92491,0.86746,0.8777,0.71617,0.6122,1.59722,0.17607,0.34416,0.82135,6.87643e-05,6.87643e-05,6.87643e-05
547,1872.48,0.57428,0.75407,0.15583,0.22026,0.67096,0.97217,0.98416,0.98303,0.87049,0.93638,0.82929,0.8654,0.70964,0.61845,1.64686,0.1768,0.37141,0.82228,6.834e-05,6.834e-05,6.834e-05
548,1875.87,0.58161,0.65066,0.15847,0.2204,0.65836,0.97211,0.98172,0.9826,0.86819,0.90425,0.84507,0.84691,0.70977,0.61016,1.64564,0.17768,0.36336,0.82774,6.79157e-05,6.79157e-05,6.79157e-05
549,1879.23,0.58449,0.64754,0.16048,0.2159,0.66033,0.9721,0.98156,0.98259,0.86463,0.94884,0.76056,0.83187,0.70464,0.62245,1.69732,0.17862,0.3771,0.84041,6.74914e-05,6.74914e-05,6.74914e-05
550,1882.62,0.5588,0.67428,0.16109,0.21582,0.66056,0.96707,0.98592,0.99233,0.87073,0.91041,0.78873,0.83063,0.70533,0.61855,1.6784,0.1764,0.35872,0.83398,6.70671e-05,6.70671e-05,6.70671e-05
551,1886.01,0.55242,0.69772,0.15415,0.21498,0.68705,0.97099,0.98592,0.99216,0.86618,0.90412,0.78873,0.8311,0.70777,0.61074,1.6323,0.17512,0.35364,0.83469,6.66429e-05,6.66429e-05,6.66429e-05
552,1889.39,0.57199,0.68117,0.15997,0.22028,0.66501,0.97009,0.98592,0.99216,0.87062,0.84504,0.85915,0.84168,0.70853,0.61006,1.55762,0.1751,0.34951,0.83024,6.62186e-05,6.62186e-05,6.62186e-05
553,1892.73,0.52055,0.66011,0.14908,0.20945,0.68305,0.9726,0.99984,0.99318,0.87054,0.88,0.85915,0.85189,0.70757,0.61715,1.5132,0.17445,0.35312,0.84485,6.57943e-05,6.57943e-05,6.57943e-05
554,1896.06,0.5771,0.66152,0.15506,0.21452,0.65774,0.9725,0.9963,0.99245,0.87296,0.89373,0.83099,0.84375,0.70951,0.59949,1.51247,0.17418,0.34587,0.83034,6.537e-05,6.537e-05,6.537e-05
555,1899.38,0.63859,0.75014,0.16771,0.23174,0.65052,0.97244,0.99406,0.9919,0.87105,0.84652,0.85915,0.84303,0.70225,0.61581,1.61728,0.17548,0.35885,0.8412,6.49457e-05,6.49457e-05,6.49457e-05
556,1902.75,0.61159,0.67971,0.15363,0.22756,0.64549,0.97234,0.99033,0.99177,0.87284,0.86069,0.87324,0.86363,0.719,0.61833,1.69513,0.1765,0.36859,0.84234,6.45214e-05,6.45214e-05,6.45214e-05
557,1906.11,0.6004,0.67228,0.15666,0.21881,0.68021,0.97236,0.99099,0.9919,0.87491,0.85842,0.87324,0.86426,0.73472,0.60691,1.64442,0.17553,0.35957,0.84155,6.40971e-05,6.40971e-05,6.40971e-05
558,1909.46,0.56459,0.73944,0.15619,0.21677,0.6643,0.95946,1,0.99275,0.87511,0.95562,0.77465,0.83569,0.72685,0.59825,1.56225,0.17432,0.35151,0.82896,6.36729e-05,6.36729e-05,6.36729e-05
559,1912.83,0.57174,0.65755,0.15153,0.21108,0.66682,0.97215,0.98348,0.98417,0.86699,0.96484,0.77307,0.84427,0.71979,0.60284,1.60139,0.17402,0.36244,0.82515,6.32486e-05,6.32486e-05,6.32486e-05
560,1916.15,0.63692,0.66114,0.15329,0.2224,0.6489,0.9721,0.9815,0.98417,0.86542,0.91569,0.80282,0.83395,0.72779,0.60329,1.65637,0.17456,0.36634,0.83436,6.28243e-05,6.28243e-05,6.28243e-05
561,1919.49,0.6421,0.65835,0.15694,0.22684,0.63526,0.98412,0.97183,0.98401,0.86496,0.92031,0.81334,0.83405,0.71404,0.59759,1.74413,0.1765,0.3735,0.83297,6.24e-05,6.24e-05,6.24e-05
562,1922.8,0.56622,0.62691,0.15764,0.21236,0.6713,0.97211,0.98193,0.99148,0.86627,0.90614,0.81588,0.83376,0.70316,0.6065,1.79482,0.17813,0.3604,0.84093,6.19757e-05,6.19757e-05,6.19757e-05
563,1926.18,0.57601,0.66241,0.15692,0.216,0.67749,0.97212,0.98208,0.9906,0.87123,0.90351,0.85915,0.86557,0.707,0.60201,1.73384,0.17718,0.34488,0.83968,6.15514e-05,6.15514e-05,6.15514e-05
564,1929.52,0.64712,0.65205,0.15923,0.22064,0.64112,0.97206,0.97998,0.9903,0.87174,0.90321,0.85915,0.86553,0.71597,0.60972,1.69852,0.17692,0.34333,0.84659,6.11271e-05,6.11271e-05,6.11271e-05
565,1932.87,0.57435,0.65594,0.15288,0.21245,0.6432,0.97216,0.9836,0.9903,0.87167,0.88718,0.88604,0.86238,0.71335,0.61759,1.65855,0.17562,0.34555,0.85575,6.07029e-05,6.07029e-05,6.07029e-05
566,1936.29,0.56446,0.65695,0.15402,0.21423,0.65166,0.96952,0.98592,0.99053,0.86632,0.88713,0.88563,0.87025,0.69545,0.61769,1.68399,0.17644,0.35564,0.86194,6.02786e-05,6.02786e-05,6.02786e-05
567,1939.68,0.56953,0.74338,0.1598,0.22193,0.67334,0.96741,0.98592,0.99044,0.86543,0.88698,0.88429,0.86954,0.69768,0.61368,1.67747,0.17627,0.35784,0.85539,5.98543e-05,5.98543e-05,5.98543e-05
568,1943.08,0.55617,0.64495,0.15786,0.21678,0.67133,0.96929,0.98592,0.99106,0.86469,0.88605,0.90141,0.89173,0.71336,0.60902,1.63847,0.17547,0.35414,0.84804,5.943e-05,5.943e-05,5.943e-05
569,1946.46,0.55327,0.70213,0.15416,0.21568,0.68311,0.96932,0.98592,0.99156,0.86836,0.89993,0.88661,0.87408,0.7148,0.61007,1.62357,0.17452,0.35458,0.84076,5.90057e-05,5.90057e-05,5.90057e-05
570,1949.88,0.58935,0.68505,0.15748,0.22008,0.67014,0.97221,0.98542,0.99166,0.8613,0.89638,0.88732,0.87567,0.72435,0.60834,1.58357,0.17377,0.3362,0.83783,5.85814e-05,5.85814e-05,5.85814e-05
571,1953.29,0.61458,0.67469,0.15818,0.22521,0.64674,0.9722,0.98494,0.99181,0.86592,0.88566,0.88732,0.87497,0.72219,0.62072,1.57421,0.17433,0.33861,0.84675,5.81571e-05,5.81571e-05,5.81571e-05
572,1956.77,0.63396,0.66043,0.16029,0.22884,0.63216,0.97222,0.98571,0.99122,0.86822,0.91141,0.86948,0.87463,0.72782,0.62103,1.56999,0.17576,0.32877,0.8417,5.77329e-05,5.77329e-05,5.77329e-05
573,1960.25,0.54496,0.67623,0.1575,0.2097,0.67574,0.97034,0.98592,0.99013,0.86684,0.9054,0.87324,0.87387,0.72015,0.61921,1.59312,0.17627,0.32562,0.83839,5.73086e-05,5.73086e-05,5.73086e-05
574,1963.63,0.54755,0.80026,0.15938,0.21649,0.66417,0.97086,0.98592,0.9901,0.86431,0.91174,0.873,0.87391,0.71798,0.61418,1.58481,0.17518,0.32632,0.8436,5.68843e-05,5.68843e-05,5.68843e-05
575,1967.02,0.53515,0.65229,0.15644,0.21279,0.69014,0.97091,0.98592,0.98997,0.87655,0.91162,0.87164,0.87426,0.71778,0.60836,1.58385,0.17463,0.32356,0.8439,5.646e-05,5.646e-05,5.646e-05
576,1970.38,0.53204,0.66227,0.15648,0.20802,0.67664,0.97019,0.98592,0.98997,0.87236,0.90119,0.8992,0.89243,0.7276,0.60819,1.59458,0.17453,0.32532,0.84669,5.60357e-05,5.60357e-05,5.60357e-05
577,1973.75,0.54937,0.6495,0.15147,0.21503,0.68018,0.97051,0.98592,0.9903,0.87127,0.88681,0.90141,0.89165,0.73772,0.6111,1.60687,0.17437,0.33142,0.84127,5.56114e-05,5.56114e-05,5.56114e-05
578,1977.17,0.57643,0.64114,0.15384,0.21625,0.64942,0.95747,0.98592,0.99013,0.86922,0.88614,0.88732,0.87278,0.73832,0.60744,1.62452,0.1748,0.33295,0.8341,5.51871e-05,5.51871e-05,5.51871e-05
579,1980.61,0.54086,0.66498,0.15303,0.20672,0.67126,0.97213,0.98259,0.99106,0.8758,0.88536,0.87023,0.86126,0.72995,0.6104,1.64393,0.17567,0.34137,0.83875,5.47629e-05,5.47629e-05,5.47629e-05
580,1984.04,0.58653,0.64881,0.14936,0.21712,0.66337,0.97218,0.98453,0.99188,0.87137,0.88565,0.87268,0.8626,0.72883,0.61095,1.65685,0.17661,0.3496,0.84198,5.43386e-05,5.43386e-05,5.43386e-05
581,1987.51,0.46295,0.66909,0.15429,0.19496,0.6828,0.9686,0.98592,0.99058,0.86829,0.87139,0.85888,0.84358,0.73366,0.61145,1.62656,0.17515,0.3484,0.85146,5.39143e-05,5.39143e-05,5.39143e-05
582,1990.82,0.56536,0.61313,0.15116,0.21193,0.65575,0.96812,0.98592,0.99069,0.86737,0.86791,0.84507,0.83435,0.71515,0.60417,1.67317,0.17527,0.35076,0.84987,5.349e-05,5.349e-05,5.349e-05
583,1994.23,0.52425,0.6401,0.15505,0.20373,0.69571,0.96892,0.98592,0.99188,0.86981,0.924,0.85617,0.84555,0.70411,0.60293,1.6589,0.17417,0.34577,0.84593,5.30657e-05,5.30657e-05,5.30657e-05
584,1997.58,0.6258,0.67793,0.1607,0.22308,0.65656,0.95849,0.97568,0.98201,0.86403,0.92415,0.85805,0.84423,0.71067,0.60814,1.64807,0.1742,0.35384,0.84987,5.26414e-05,5.26414e-05,5.26414e-05
585,2000.99,0.5526,0.72565,0.15986,0.21423,0.66179,0.97178,0.96998,0.98227,0.86335,0.91469,0.84507,0.86177,0.72892,0.60254,1.59159,0.17387,0.35251,0.84163,5.22171e-05,5.22171e-05,5.22171e-05
586,2004.4,0.58435,0.65668,0.15225,0.21518,0.67512,0.97178,0.97,0.98199,0.86433,0.91891,0.84507,0.86162,0.70964,0.61423,1.61937,0.17371,0.36132,0.84883,5.17929e-05,5.17929e-05,5.17929e-05
587,2007.8,0.60165,0.6797,0.15479,0.21786,0.65606,0.97184,0.97208,0.98175,0.86076,0.88709,0.88527,0.87108,0.70861,0.60572,1.61913,0.17372,0.35759,0.84208,5.13686e-05,5.13686e-05,5.13686e-05
588,2011.17,0.59608,0.65229,0.16125,0.21601,0.65759,0.97183,0.97179,0.99017,0.85625,0.87105,0.85915,0.84257,0.69785,0.61074,1.64191,0.17414,0.36554,0.84785,5.09443e-05,5.09443e-05,5.09443e-05
589,2014.58,0.54989,0.65971,0.14966,0.20545,0.65034,0.9718,0.9706,0.98987,0.85777,0.88187,0.84122,0.83233,0.7153,0.60199,1.63678,0.17422,0.35917,0.83756,5.052e-05,5.052e-05,5.052e-05
590,2017.99,0.54252,0.65535,0.15326,0.20812,0.66011,0.98409,0.97183,0.9926,0.86511,0.9204,0.81432,0.82441,0.721,0.59841,1.67478,0.17508,0.35787,0.83325,5.00957e-05,5.00957e-05,5.00957e-05
591,2021.34,0.54727,0.65005,0.15688,0.20438,0.65774,0.95946,1,0.99303,0.87056,0.93234,0.8169,0.83381,0.72421,0.5881,1.65129,0.17518,0.34761,0.82604,4.96714e-05,4.96714e-05,4.96714e-05
592,2024.7,0.61644,0.73282,0.15407,0.21356,0.63955,0.97217,0.98387,0.99305,0.86688,0.91021,0.85668,0.86977,0.72277,0.60548,1.5943,0.1742,0.342,0.8463,4.92471e-05,4.92471e-05,4.92471e-05
593,2028.05,0.59062,0.72686,0.15566,0.214,0.6561,0.95885,0.98447,0.99151,0.86694,0.89568,0.84655,0.86905,0.73244,0.60592,1.54017,0.17267,0.33719,0.84075,4.88229e-05,4.88229e-05,4.88229e-05
594,2031.4,0.54235,0.65345,0.15653,0.20457,0.65355,0.96816,0.98592,0.98301,0.86287,0.87076,0.88732,0.86883,0.72647,0.60529,1.55476,0.17223,0.33633,0.83925,4.83986e-05,4.83986e-05,4.83986e-05
595,2034.84,0.60548,0.61952,0.156,0.21658,0.64709,0.96996,0.98592,0.9833,0.86113,0.8725,0.88732,0.86817,0.72213,0.61302,1.56907,0.17249,0.3439,0.8527,4.79743e-05,4.79743e-05,4.79743e-05
596,2038.29,0.58781,0.74332,0.15746,0.22349,0.66905,0.97184,0.98592,0.98303,0.85912,0.87412,0.88732,0.86827,0.72495,0.61412,1.58769,0.1732,0.35364,0.85383,4.755e-05,4.755e-05,4.755e-05
597,2041.69,0.60204,0.63813,0.15538,0.21462,0.6487,0.96818,0.98592,0.98247,0.86368,0.87283,0.87008,0.85855,0.70285,0.62266,1.61061,0.1736,0.34795,0.85547,4.71257e-05,4.71257e-05,4.71257e-05
598,2045.06,0.56749,0.70698,0.15318,0.20961,0.66257,0.972,0.97778,0.98247,0.8644,0.92054,0.8159,0.83995,0.71716,0.62083,1.62068,0.17346,0.34975,0.8421,4.67014e-05,4.67014e-05,4.67014e-05
599,2048.45,0.64104,0.62538,0.15109,0.22496,0.62983,0.97191,0.97461,0.99207,0.8682,0.92033,0.81355,0.84063,0.71817,0.62329,1.6357,0.1744,0.36469,0.84526,4.62771e-05,4.62771e-05,4.62771e-05
600,2051.89,0.5236,0.71739,0.15075,0.20642,0.65895,0.97202,0.97861,0.9922,0.86959,0.90476,0.80281,0.82906,0.7301,0.60643,1.57757,0.17484,0.35917,0.83094,4.58529e-05,4.58529e-05,4.58529e-05
601,2055.26,0.59717,0.6503,0.15801,0.21121,0.65831,0.97203,0.97887,0.99249,0.86599,0.88719,0.83099,0.83714,0.71716,0.62045,1.58575,0.17558,0.36653,0.85339,4.54286e-05,4.54286e-05,4.54286e-05
602,2058.62,0.54472,0.7406,0.15103,0.2064,0.6794,0.97208,0.98063,0.99249,0.86624,0.88632,0.83099,0.83579,0.72265,0.60846,1.57055,0.17448,0.35439,0.84606,4.50043e-05,4.50043e-05,4.50043e-05
603,2061.98,0.57557,0.64175,0.14781,0.21212,0.64173,0.97218,0.98427,0.99247,0.86861,0.895,0.84039,0.83441,0.70886,0.60828,1.58217,0.17355,0.35279,0.8492,4.458e-05,4.458e-05,4.458e-05
604,2065.32,0.47107,0.63276,0.15919,0.19216,0.69492,0.97997,0.98592,0.99292,0.86948,0.86958,0.83099,0.82507,0.70692,0.60341,1.62466,0.17311,0.35508,0.84465,4.41557e-05,4.41557e-05,4.41557e-05
605,2068.75,0.57957,0.67935,0.15302,0.20533,0.64662,0.98305,0.98592,0.98359,0.86932,0.86351,0.83099,0.82705,0.70594,0.60574,1.61359,0.17262,0.35729,0.83739,4.37314e-05,4.37314e-05,4.37314e-05
606,2072.15,0.53506,0.63594,0.15276,0.2024,0.67109,0.98514,0.98592,0.98359,0.86365,0.90474,0.83099,0.84217,0.71028,0.6177,1.59683,0.17152,0.34925,0.85462,4.33071e-05,4.33071e-05,4.33071e-05
607,2075.48,0.45582,0.64038,0.15354,0.19022,0.68149,0.98578,0.97669,0.98359,0.86705,0.90445,0.85915,0.86127,0.71961,0.60849,1.58832,0.17197,0.3449,0.84579,4.28829e-05,4.28829e-05,4.28829e-05
608,2078.85,0.59867,0.60193,0.14892,0.21108,0.65582,0.98461,0.98592,0.98387,0.86575,0.90992,0.85364,0.84396,0.70567,0.61737,1.60719,0.17226,0.3353,0.85669,4.24586e-05,4.24586e-05,4.24586e-05
609,2082.27,0.51029,0.62122,0.14622,0.2018,0.66723,0.98589,0.98436,0.98345,0.86534,0.8967,0.88732,0.87209,0.72108,0.62624,1.54442,0.1709,0.3283,0.87297,4.20343e-05,4.20343e-05,4.20343e-05
610,2085.62,0.49977,0.6432,0.15903,0.1959,0.6847,0.9859,0.98461,0.98289,0.86509,0.91007,0.90141,0.89179,0.72197,0.62518,1.54653,0.17144,0.33981,0.87267,4.161e-05,4.161e-05,4.161e-05
611,2088.97,0.62643,0.61464,0.16117,0.2176,0.64665,0.98572,0.98592,0.99248,0.8753,0.92738,0.91549,0.90153,0.72583,0.61013,1.55083,0.17199,0.33926,0.85267,4.11857e-05,4.11857e-05,4.11857e-05
612,2092.35,0.61408,0.64983,0.15701,0.22391,0.6489,0.98585,0.98146,0.99262,0.87145,0.92612,0.91549,0.90214,0.72295,0.6106,1.53934,0.17245,0.33973,0.84986,4.07614e-05,4.07614e-05,4.07614e-05
613,2095.72,0.5959,0.62668,0.15965,0.21566,0.66493,0.98582,0.9792,0.99319,0.86702,0.87143,0.85915,0.84421,0.71563,0.61653,1.57056,0.17343,0.35472,0.85842,4.03371e-05,4.03371e-05,4.03371e-05
614,2099.13,0.54351,0.61852,0.15649,0.20414,0.64847,0.98582,0.9789,0.99319,0.87303,0.87133,0.85845,0.84351,0.7299,0.59613,1.57475,0.17397,0.35135,0.83729,3.99129e-05,3.99129e-05,3.99129e-05
615,2102.49,0.5652,0.61753,0.14846,0.20916,0.65304,0.98587,0.98266,0.98359,0.8649,0.87082,0.85915,0.84356,0.71295,0.60796,1.61492,0.17473,0.35357,0.85213,3.94886e-05,3.94886e-05,3.94886e-05
616,2105.91,0.57008,0.62804,0.15206,0.21179,0.64132,0.98587,0.98276,0.98359,0.85838,0.8694,0.85915,0.8432,0.71087,0.61952,1.60195,0.17365,0.34607,0.87185,3.90643e-05,3.90643e-05,3.90643e-05
617,2109.23,0.56069,0.60553,0.1522,0.20855,0.65963,0.98588,0.9833,0.98387,0.8601,0.86996,0.85915,0.84349,0.71617,0.62066,1.60549,0.17381,0.35555,0.87417,3.864e-05,3.864e-05,3.864e-05
618,2112.63,0.53184,0.63845,0.15141,0.2007,0.64765,0.98587,0.98289,0.98387,0.86188,0.88463,0.87324,0.86113,0.72119,0.62076,1.60159,0.17358,0.3695,0.86714,3.82157e-05,3.82157e-05,3.82157e-05
619,2115.96,0.55686,0.66519,0.15966,0.20493,0.66443,0.98587,0.98285,0.98387,0.86324,0.88443,0.87324,0.86133,0.73137,0.61525,1.59779,0.17358,0.36706,0.85734,3.77914e-05,3.77914e-05,3.77914e-05
620,2119.35,0.51489,0.61581,0.1529,0.20155,0.64567,0.98586,0.98207,0.98359,0.86543,0.88089,0.83331,0.83461,0.71117,0.62076,1.64117,0.17386,0.37051,0.85691,3.73671e-05,3.73671e-05,3.73671e-05
621,2122.76,0.63338,0.61898,0.14333,0.21849,0.64117,0.98581,0.9785,0.98359,0.86262,0.87704,0.84507,0.83477,0.71696,0.60949,1.67383,0.17391,0.36194,0.83681,3.69429e-05,3.69429e-05,3.69429e-05
622,2126.1,0.54581,0.59738,0.15422,0.20554,0.65813,0.98571,0.9716,0.98317,0.864,0.89602,0.87324,0.86422,0.71053,0.61132,1.68716,0.1734,0.3532,0.83537,3.65186e-05,3.65186e-05,3.65186e-05
623,2129.49,0.55736,0.60372,0.15829,0.20467,0.66999,0.98573,0.97284,0.98345,0.85953,0.89646,0.87324,0.86458,0.71835,0.61308,1.63999,0.17289,0.35225,0.8347,3.60943e-05,3.60943e-05,3.60943e-05
624,2132.86,0.58876,0.64555,0.152,0.21441,0.67572,0.98571,0.97148,0.98359,0.86103,0.88149,0.85915,0.84382,0.72625,0.61372,1.5923,0.17222,0.35459,0.83394,3.567e-05,3.567e-05,3.567e-05
625,2136.24,0.54956,0.60734,0.15713,0.20814,0.64598,0.95932,0.98592,0.98359,0.85357,0.88019,0.84507,0.84382,0.71379,0.6217,1.58118,0.17224,0.36669,0.84911,3.52457e-05,3.52457e-05,3.52457e-05
626,2139.59,0.53501,0.58542,0.15234,0.20929,0.65539,0.9589,0.98592,0.98344,0.85852,0.90976,0.87324,0.8753,0.72701,0.613,1.55728,0.17252,0.36275,0.84674,3.48214e-05,3.48214e-05,3.48214e-05
627,2142.89,0.54318,0.87656,0.16055,0.21252,0.67843,0.96326,0.98592,0.98359,0.86663,0.89831,0.87099,0.86623,0.7245,0.60808,1.56334,0.17254,0.36025,0.83932,3.43971e-05,3.43971e-05,3.43971e-05
628,2146.22,0.55419,0.63612,0.15286,0.20986,0.6608,0.9857,0.97059,0.98303,0.86161,0.89611,0.87324,0.86642,0.70837,0.61468,1.58856,0.17276,0.35147,0.84326,3.39729e-05,3.39729e-05,3.39729e-05
629,2149.5,0.57829,0.6084,0.15769,0.21265,0.65496,0.98579,0.9768,0.98345,0.86352,0.88545,0.87098,0.8635,0.70619,0.61741,1.58102,0.17249,0.34629,0.85441,3.35486e-05,3.35486e-05,3.35486e-05
630,2152.8,0.58978,0.60517,0.15177,0.20914,0.6529,0.98582,0.97901,0.98359,0.86839,0.89925,0.88732,0.87266,0.72037,0.60748,1.56407,0.17277,0.35258,0.84845,3.31243e-05,3.31243e-05,3.31243e-05
631,2156.15,0.58863,0.62516,0.14969,0.21233,0.65046,0.9858,0.97817,0.98359,0.86536,0.87903,0.84507,0.83512,0.70863,0.61303,1.5781,0.17262,0.36109,0.84996,3.27e-05,3.27e-05,3.27e-05
632,2159.53,0.55347,0.59056,0.15098,0.20176,0.65851,0.98581,0.97825,0.98387,0.86466,0.8935,0.85915,0.84762,0.71185,0.62161,1.57736,0.1725,0.3644,0.8543,3.22757e-05,3.22757e-05,3.22757e-05
633,2162.97,0.56726,0.65049,0.15414,0.21,0.6453,0.98571,0.97163,0.99293,0.86118,0.8778,0.84507,0.83499,0.70382,0.6209,1.59982,0.17273,0.35709,0.86089,3.18514e-05,3.18514e-05,3.18514e-05
634,2166.42,0.59668,0.597,0.14503,0.2144,0.63488,0.98577,0.97542,0.99293,0.86797,0.88034,0.82899,0.83362,0.7071,0.61211,1.6304,0.17378,0.34918,0.85401,3.14271e-05,3.14271e-05,3.14271e-05
635,2169.78,0.57822,0.63339,0.14669,0.2055,0.66335,0.98581,0.97877,0.99293,0.87179,0.88051,0.83033,0.83362,0.71264,0.60731,1.62833,0.17358,0.34456,0.84729,3.10029e-05,3.10029e-05,3.10029e-05
636,2173.17,0.56366,0.60545,0.14986,0.20256,0.66295,0.98587,0.98286,0.99347,0.86801,0.87443,0.83099,0.83362,0.72027,0.60382,1.59343,0.17248,0.3489,0.8381,3.05786e-05,3.05786e-05,3.05786e-05
637,2176.59,0.55907,0.59484,0.15211,0.21014,0.65318,0.9742,0.98592,0.99347,0.87175,0.87951,0.84507,0.84139,0.71851,0.6101,1.57996,0.17269,0.35766,0.84507,3.01543e-05,3.01543e-05,3.01543e-05
638,2179.96,0.51151,0.61977,0.15181,0.19885,0.67295,0.98374,0.98592,0.98387,0.86664,0.89454,0.85915,0.84263,0.72527,0.60767,1.56089,0.1727,0.36118,0.84534,2.973e-05,2.973e-05,2.973e-05
639,2183.34,0.55778,0.63634,0.14501,0.20686,0.67211,0.98562,0.98592,0.99403,0.87466,0.89748,0.85915,0.84306,0.71717,0.60701,1.55553,0.17243,0.35786,0.84885,2.93057e-05,2.93057e-05,2.93057e-05
640,2186.68,0.54906,0.57991,0.1549,0.20495,0.65049,0.98589,0.98429,0.99403,0.86746,0.90457,0.85915,0.84306,0.71829,0.60884,1.54778,0.17199,0.35841,0.84857,2.88814e-05,2.88814e-05,2.88814e-05
641,2190.03,0.55506,0.58321,0.14505,0.20668,0.64951,0.9726,1,0.99416,0.86575,0.89846,0.87236,0.86062,0.71681,0.62046,1.55907,0.17187,0.36458,0.85562,2.84571e-05,2.84571e-05,2.84571e-05
642,2193.42,0.50857,0.70363,0.15801,0.19921,0.6693,0.98586,0.98197,0.98415,0.85844,0.89555,0.87324,0.86083,0.71748,0.62255,1.55795,0.17126,0.36831,0.85927,2.80329e-05,2.80329e-05,2.80329e-05
643,2196.81,0.57365,0.62617,0.14734,0.21148,0.63794,0.98586,0.98235,0.98415,0.86365,0.88394,0.85816,0.84228,0.72519,0.61472,1.56173,0.17169,0.36488,0.85386,2.76086e-05,2.76086e-05,2.76086e-05
644,2200.22,0.55744,0.72865,0.15282,0.20515,0.65643,0.98028,0.98592,0.98415,0.86161,0.90729,0.83099,0.84274,0.72404,0.61336,1.57692,0.17178,0.35262,0.85071,2.71843e-05,2.71843e-05,2.71843e-05
645,2203.57,0.55871,0.73955,0.16214,0.20592,0.65447,0.9726,1,0.99388,0.86771,0.88378,0.87324,0.8607,0.73317,0.60838,1.54091,0.17086,0.33838,0.84633,2.676e-05,2.676e-05,2.676e-05
646,2207,0.59516,0.55918,0.14723,0.21421,0.6546,0.9726,1,0.99416,0.86776,0.8953,0.8431,0.84325,0.72974,0.60707,1.52925,0.17048,0.33862,0.84945,2.63357e-05,2.63357e-05,2.63357e-05
647,2210.33,0.56386,0.69607,0.14832,0.2102,0.64696,0.9726,1,0.99416,0.86785,0.89828,0.87066,0.86107,0.72637,0.60938,1.52336,0.16985,0.33795,0.85363,2.59114e-05,2.59114e-05,2.59114e-05
648,2213.65,0.65638,0.65737,0.15431,0.21791,0.6247,0.9726,1,0.9943,0.87051,0.91795,0.88732,0.87273,0.72715,0.6119,1.50008,0.16828,0.3355,0.85485,2.54871e-05,2.54871e-05,2.54871e-05
649,2217.03,0.58365,0.6132,0.15884,0.21375,0.64793,0.98582,0.97911,0.99417,0.87031,0.89325,0.85915,0.84374,0.71288,0.61078,1.54769,0.16964,0.34519,0.8541,2.50629e-05,2.50629e-05,2.50629e-05
650,2220.43,0.55495,0.59937,0.15205,0.20401,0.63896,0.9726,1,0.9943,0.86442,0.89525,0.85915,0.84404,0.7124,0.61125,1.57485,0.16995,0.3489,0.85845,2.46386e-05,2.46386e-05,2.46386e-05
651,2223.8,0.52253,0.5765,0.14773,0.19457,0.66709,0.9726,1,0.9943,0.86626,0.90253,0.85915,0.84366,0.71438,0.61016,1.57547,0.17026,0.34897,0.86188,2.42143e-05,2.42143e-05,2.42143e-05
652,2227.21,0.60811,0.58114,0.14938,0.2136,0.63322,0.9726,1,0.9943,0.86819,0.90595,0.85915,0.8432,0.72324,0.61188,1.59977,0.17112,0.35059,0.86517,2.379e-05,2.379e-05,2.379e-05
653,2230.5,0.55512,0.59639,0.15222,0.20194,0.63671,0.9726,1,0.9943,0.87025,0.90625,0.85915,0.84302,0.71341,0.61184,1.58389,0.17124,0.35353,0.86152,2.33657e-05,2.33657e-05,2.33657e-05
654,2233.84,0.56974,0.60317,0.15292,0.20384,0.64553,0.9726,1,0.9943,0.86844,0.90983,0.85274,0.84354,0.71832,0.61419,1.5695,0.17082,0.35633,0.86281,2.29414e-05,2.29414e-05,2.29414e-05
655,2237.16,0.50961,0.60163,0.15072,0.19638,0.65106,0.9726,1,0.99388,0.86535,0.90904,0.84452,0.84274,0.71343,0.61333,1.58273,0.1709,0.36286,0.8588,2.25171e-05,2.25171e-05,2.25171e-05
656,2240.47,0.607,0.60258,0.14924,0.21054,0.64134,0.98586,0.98185,0.9936,0.86568,0.88527,0.87324,0.85976,0.71795,0.61744,1.58644,0.17067,0.3612,0.8599,2.20929e-05,2.20929e-05,2.20929e-05
657,2243.78,0.52207,0.58088,0.1439,0.19952,0.65329,0.98586,0.98178,0.9936,0.86769,0.88495,0.87324,0.86028,0.72254,0.61632,1.57564,0.17021,0.35853,0.85857,2.16686e-05,2.16686e-05,2.16686e-05
658,2247.12,0.54967,0.68137,0.15607,0.20017,0.67194,0.9726,1,0.99374,0.86935,0.90814,0.85915,0.84776,0.72334,0.61347,1.56927,0.16973,0.35348,0.85791,2.12443e-05,2.12443e-05,2.12443e-05
659,2250.44,0.56149,0.57869,0.14963,0.208,0.65245,0.9726,1,0.99374,0.86593,0.90803,0.85915,0.86529,0.72482,0.61523,1.58426,0.16964,0.35825,0.85731,2.082e-05,2.082e-05,2.082e-05
660,2253.79,0.49852,0.57454,0.14807,0.19436,0.6672,0.9726,1,0.99374,0.86825,0.88457,0.87324,0.86459,0.71748,0.61102,1.61662,0.1702,0.35814,0.85035,2.03957e-05,2.03957e-05,2.03957e-05
661,2257.11,0.63713,0.59575,0.14791,0.21957,0.62062,0.9726,1,0.99374,0.86666,0.87143,0.85914,0.84278,0.71661,0.61218,1.62344,0.17013,0.35786,0.84824,1.99714e-05,1.99714e-05,1.99714e-05
662,2260.44,0.56553,0.57895,0.15503,0.20158,0.65877,0.9726,1,0.9936,0.86279,0.87138,0.85915,0.84224,0.7186,0.61172,1.62653,0.17049,0.3597,0.84629,1.95471e-05,1.95471e-05,1.95471e-05
663,2263.75,0.57108,0.64888,0.14835,0.20377,0.63958,0.9726,1,0.9936,0.86552,0.90602,0.81468,0.83275,0.72296,0.60617,1.60808,0.17036,0.35999,0.84286,1.91229e-05,1.91229e-05,1.91229e-05
664,2267.06,0.54413,0.72903,0.15411,0.20216,0.67562,0.9726,1,0.9936,0.86819,0.88338,0.87324,0.86009,0.7293,0.60447,1.60198,0.17027,0.35717,0.84151,1.86986e-05,1.86986e-05,1.86986e-05
665,2270.38,0.58113,0.5978,0.15376,0.20834,0.64086,0.9859,0.98485,0.99361,0.86399,0.88349,0.87324,0.86101,0.72176,0.60821,1.62173,0.1702,0.35887,0.84435,1.82743e-05,1.82743e-05,1.82743e-05
666,2273.68,0.57977,0.58562,0.15075,0.20652,0.64072,0.97378,0.98592,0.99361,0.865,0.88488,0.87324,0.8599,0.71269,0.60645,1.62077,0.16975,0.36325,0.84042,1.785e-05,1.785e-05,1.785e-05
667,2277.01,0.52126,0.57464,0.1474,0.19617,0.66921,0.95946,1,0.99361,0.86516,0.88472,0.86479,0.86083,0.71738,0.6078,1.61616,0.16961,0.36675,0.84444,1.74257e-05,1.74257e-05,1.74257e-05
668,2280.36,0.54045,0.58111,0.14987,0.20064,0.6534,0.95946,1,0.99319,0.86624,0.88384,0.85733,0.86033,0.71438,0.61106,1.62674,0.1699,0.37204,0.85261,1.70014e-05,1.70014e-05,1.70014e-05
669,2283.66,0.58213,0.59959,0.15727,0.21711,0.62399,0.95946,1,0.99319,0.86519,0.88808,0.83099,0.84157,0.71428,0.60314,1.63464,0.17021,0.36858,0.845,1.65771e-05,1.65771e-05,1.65771e-05
670,2286.97,0.58306,0.59858,0.14904,0.20888,0.64778,0.95946,1,0.99319,0.86524,0.87036,0.85108,0.84157,0.71302,0.60088,1.62968,0.17036,0.36742,0.8394,1.61529e-05,1.61529e-05,1.61529e-05
671,2290.34,0.57219,0.57556,0.152,0.20394,0.6448,0.95946,1,0.99319,0.86676,0.87106,0.85634,0.84142,0.70976,0.60735,1.61959,0.17038,0.36764,0.84652,1.57286e-05,1.57286e-05,1.57286e-05
672,2293.66,0.58792,0.57978,0.15722,0.21179,0.63719,0.98308,0.98592,0.99319,0.86356,0.87037,0.85915,0.84082,0.70987,0.61197,1.60026,0.16986,0.36304,0.85044,1.53043e-05,1.53043e-05,1.53043e-05
673,2297.02,0.52813,0.60931,0.16307,0.19796,0.66219,0.9859,0.98495,0.99347,0.86623,0.8714,0.85896,0.84099,0.72189,0.60753,1.58763,0.1697,0.36123,0.84292,1.488e-05,1.488e-05,1.488e-05
674,2300.34,0.57472,0.56835,0.14936,0.20393,0.64714,0.9726,1,0.9936,0.86873,0.87135,0.85857,0.84114,0.71753,0.60474,1.58844,0.16996,0.35743,0.83948,1.44557e-05,1.44557e-05,1.44557e-05
675,2303.65,0.59063,0.56964,0.15337,0.21105,0.64848,0.9726,1,0.9936,0.86861,0.87128,0.858,0.84141,0.71812,0.60607,1.59419,0.16943,0.35458,0.84109,1.40314e-05,1.40314e-05,1.40314e-05
676,2306.98,0.56766,0.57035,0.1551,0.20407,0.64774,0.98589,0.98386,0.99332,0.86283,0.87125,0.85778,0.84162,0.71936,0.61112,1.60726,0.16946,0.35676,0.84586,1.36071e-05,1.36071e-05,1.36071e-05
677,2310.39,0.55436,0.66828,0.15555,0.19829,0.68358,0.98591,0.98556,0.9936,0.85862,0.90589,0.81346,0.83219,0.71868,0.61759,1.62393,0.1698,0.36216,0.85224,1.31829e-05,1.31829e-05,1.31829e-05
678,2313.77,0.51615,0.60879,0.14614,0.19851,0.67091,0.98489,0.98592,0.99374,0.85988,0.90615,0.81595,0.83219,0.72305,0.61114,1.62147,0.16995,0.35985,0.8499,1.27586e-05,1.27586e-05,1.27586e-05
679,2317.12,0.53244,0.56319,0.14533,0.19508,0.65225,0.9726,1,0.99374,0.86765,0.90755,0.82964,0.84212,0.72693,0.60329,1.60222,0.16974,0.35489,0.84165,1.23343e-05,1.23343e-05,1.23343e-05
680,2320.52,0.60295,0.56252,0.1525,0.20825,0.63113,0.9726,1,0.99374,0.87064,0.90451,0.83099,0.84248,0.72116,0.60128,1.60332,0.16973,0.35603,0.83955,1.191e-05,1.191e-05,1.191e-05
681,2323.91,0.54504,0.55968,0.15354,0.19989,0.64435,0.9726,1,0.99416,0.87031,0.90456,0.83099,0.84302,0.72327,0.60221,1.58555,0.16942,0.35446,0.83636,1.14857e-05,1.14857e-05,1.14857e-05
682,2327.24,0.54092,0.55988,0.15503,0.19706,0.66041,0.9726,1,0.99374,0.86512,0.90454,0.83099,0.84261,0.72614,0.60524,1.58404,0.16962,0.35496,0.83568,1.10614e-05,1.10614e-05,1.10614e-05
683,2330.59,0.48959,0.5948,0.14764,0.19299,0.67048,0.9726,1,0.99388,0.86511,0.90572,0.83099,0.84247,0.72224,0.608,1.60059,0.17026,0.35711,0.83799,1.06371e-05,1.06371e-05,1.06371e-05
684,2333.9,0.54878,0.64623,0.14711,0.20243,0.64696,0.9726,1,0.99374,0.86777,0.90708,0.83099,0.84227,0.72201,0.60658,1.59929,0.16984,0.35623,0.83949,1.02129e-05,1.02129e-05,1.02129e-05
685,2337.28,0.58472,0.59744,0.15478,0.20842,0.62829,0.9726,1,0.99374,0.87106,0.90546,0.83099,0.84203,0.72837,0.60264,1.5965,0.17019,0.35208,0.83925,9.78857e-06,9.78857e-06,9.78857e-06
686,2340.64,0.54511,0.60643,0.14711,0.20117,0.64109,0.9726,1,0.99388,0.87135,0.90479,0.83099,0.84203,0.73142,0.60257,1.58359,0.16975,0.35351,0.84117,9.36429e-06,9.36429e-06,9.36429e-06
687,2343.99,0.57523,0.57727,0.15775,0.20801,0.64851,0.9726,1,0.99388,0.87125,0.90448,0.83099,0.84183,0.72679,0.6039,1.58315,0.17012,0.35599,0.84336,8.94e-06,8.94e-06,8.94e-06
688,2347.39,0.53939,0.56167,0.14607,0.20162,0.65071,0.9726,1,0.99416,0.86882,0.90389,0.83099,0.84124,0.73053,0.6037,1.56961,0.16982,0.35487,0.83986,8.51571e-06,8.51571e-06,8.51571e-06
689,2350.79,0.52767,0.57807,0.1514,0.20025,0.65075,0.9726,1,0.99416,0.87039,0.90383,0.83099,0.84166,0.72874,0.60331,1.59325,0.17006,0.35749,0.83828,8.09143e-06,8.09143e-06,8.09143e-06
690,2354.19,0.57958,0.58382,0.14663,0.20774,0.64076,0.9726,1,0.99374,0.87097,0.90403,0.83099,0.84204,0.73018,0.60295,1.59424,0.16984,0.35426,0.83599,7.66714e-06,7.66714e-06,7.66714e-06
691,2358.91,0.54904,0.57475,0.15565,0.20214,0.64886,0.9726,1,0.99388,0.87125,0.90358,0.83099,0.84204,0.72459,0.60326,1.58017,0.16951,0.35091,0.83706,7.24286e-06,7.24286e-06,7.24286e-06
692,2362.32,0.53724,0.57894,0.14679,0.2038,0.66929,0.9726,1,0.99374,0.86854,0.90689,0.83099,0.84128,0.72548,0.60586,1.58246,0.16929,0.35099,0.84187,6.81857e-06,6.81857e-06,6.81857e-06
693,2365.72,0.61948,0.58781,0.15709,0.21152,0.642,0.9726,1,0.99374,0.86842,0.90752,0.82932,0.84107,0.72259,0.61045,1.58952,0.16935,0.35012,0.85016,6.39429e-06,6.39429e-06,6.39429e-06
694,2369.08,0.53352,0.56021,0.15547,0.20732,0.6596,0.9726,1,0.99374,0.86252,0.87116,0.85711,0.84069,0.72044,0.61051,1.59601,0.16975,0.35167,0.85381,5.97e-06,5.97e-06,5.97e-06
695,2372.47,0.52008,0.56028,0.15654,0.19571,0.67216,0.9726,1,0.99374,0.86726,0.90743,0.82838,0.84052,0.71922,0.60775,1.59084,0.16977,0.35147,0.85045,5.54571e-06,5.54571e-06,5.54571e-06
