epoch,time,train/box_loss,train/pose_loss,train/kobj_loss,train/cls_loss,train/dfl_loss,metrics/precision(B),metrics/recall(B),metrics/mAP50(B),metrics/mAP50-95(B),metrics/precision(P),metrics/recall(P),metrics/mAP50(P),metrics/mAP50-95(P),val/box_loss,val/pose_loss,val/kobj_loss,val/cls_loss,val/dfl_loss,lr/pg0,lr/pg1,lr/pg2
1,11.9476,2.0458,11.6166,0.62217,1.08222,3.11993,0.68674,0.63636,0.67229,0.41067,0,0,0,0,1.69698,11.2683,0.5529,1.22801,2.09355,8e-05,8e-05,0.0734133
2,15.5307,2.24606,11.6013,0.64883,1.17104,3.67294,0.79615,0.71154,0.7209,0.4149,0,0,0,0,1.67012,11.2795,0.54538,1.21691,2.03896,0.000179745,0.000179745,0.0401797
3,19.0854,2.39355,11.4853,0.55936,1.31862,3.31678,0.79615,0.71154,0.7209,0.4149,0,0,0,0,1.67012,11.2795,0.54538,1.21691,2.03896,0.000279208,0.000279208,0.00694587
4,22.6573,2.34118,11.6343,0.57339,1.34502,3.29649,0.53529,0.81818,0.66683,0.40799,0,0,0,0,1.67211,11.2809,0.54087,1.19812,2.00541,0.000298727,0.000298727,0.000298727
5,26.111,2.38162,11.5967,0.55281,1.32886,3.64121,0.62444,0.81818,0.68836,0.40757,0,0,0,0,1.67424,11.2958,0.53779,1.17459,1.98891,0.000298303,0.000298303,0.000298303
6,29.5705,2.3558,11.4752,0.55757,1.53265,3.60102,0.62444,0.81818,0.68836,0.40757,0,0,0,0,1.67424,11.2958,0.53779,1.17459,1.98891,0.000297879,0.000297879,0.000297879
7,33.0296,2.51278,11.5274,0.63106,1.39835,3.53034,0.69009,0.81818,0.7125,0.42947,0,0,0,0,1.68212,11.3335,0.55023,1.16688,2.00298,0.000297454,0.000297454,0.000297454
8,36.699,2.34014,11.502,0.53712,1.26503,3.2248,0.82032,0.45455,0.58289,0.25087,0,0,0,0,2.38833,11.2379,0.49968,2.12015,3.09038,0.00029703,0.00029703,0.00029703
9,40.4423,2.43439,11.4955,0.53466,1.36086,2.86357,0.82032,0.45455,0.58289,0.25087,0,0,0,0,2.38833,11.2379,0.49968,2.12015,3.09038,0.000296606,0.000296606,0.000296606
10,42.8822,2.424,11.5302,0.59616,1.31848,2.64834,0.81959,0.45455,0.545,0.27362,0,0,0,0,2.43893,11.2259,0.49839,2.12909,3.09,0.000296181,0.000296181,0.000296181
11,44.1468,2.27862,11.5779,0.49938,1.17673,2.63249,0.81959,0.45455,0.545,0.27362,0,0,0,0,2.43893,11.2259,0.49839,2.12909,3.09,0.000295757,0.000295757,0.000295757
12,45.422,2.47813,11.4021,0.51403,1.30633,2.70075,0.42673,0.54165,0.42606,0.18336,0,0,0,0,2.45188,11.1448,0.5805,1.90707,3.17991,0.000295333,0.000295333,0.000295333
13,47.2105,2.19653,11.5494,0.45853,1.15973,2.37378,0.6015,0.63636,0.61944,0.29377,0,0,0,0,1.95352,11.1223,0.50082,1.55672,2.26336,0.000294909,0.000294909,0.000294909
14,51.1266,2.20321,11.3891,0.44118,1.08711,2.43701,0.6015,0.63636,0.61944,0.29377,0,0,0,0,1.95352,11.1223,0.50082,1.55672,2.26336,0.000294484,0.000294484,0.000294484
15,55.0559,2.28705,11.3878,0.47493,1.15699,2.50826,0.53836,0.54545,0.67626,0.36259,0,0,0,0,1.87995,11.1967,0.48061,1.3949,2.05229,0.00029406,0.00029406,0.00029406
16,58.9773,2.11907,11.3636,0.4526,1.0556,2.03416,0.74456,0.54545,0.70308,0.28072,0,0,0,0,2.05101,11.2419,0.47687,1.45618,2.33852,0.000293636,0.000293636,0.000293636
17,62.8956,1.94488,11.4601,0.4634,1.0762,1.9764,0.74456,0.54545,0.70308,0.28072,0,0,0,0,2.05101,11.2419,0.47687,1.45618,2.33852,0.000293211,0.000293211,0.000293211
18,66.8288,1.82693,11.3801,0.44412,1.04027,1.9782,0.48039,0.81818,0.61712,0.20456,0,0,0,0,2.23349,11.2541,0.47357,1.48249,2.59361,0.000292787,0.000292787,0.000292787
19,70.7528,2.08569,11.2681,0.40817,1.17671,2.34104,0.48039,0.81818,0.61712,0.20456,0,0,0,0,2.23349,11.2541,0.47357,1.48249,2.59361,0.000292363,0.000292363,0.000292363
20,74.6912,1.85094,11.3997,0.40035,1.06144,1.85448,0.75657,0.72727,0.79682,0.29569,0,0,0,0,2.04992,11.1697,0.45952,1.31362,2.25597,0.000291939,0.000291939,0.000291939
21,78.3343,1.9808,11.383,0.37935,1.04304,1.905,0.81786,0.72727,0.80731,0.41403,0,0,0,0,1.81484,11.0775,0.45913,1.12292,2.0602,0.000291514,0.000291514,0.000291514
22,81.8675,1.75024,11.258,0.41412,0.96483,1.85762,0.81786,0.72727,0.80731,0.41403,0,0,0,0,1.81484,11.0775,0.45913,1.12292,2.0602,0.00029109,0.00029109,0.00029109
23,85.4151,1.75119,11.2357,0.39106,0.95455,1.77475,0.74794,0.81818,0.83149,0.4526,0,0,0,0,1.788,11.0497,0.46279,1.00183,2.07305,0.000290666,0.000290666,0.000290666
24,89.3826,1.75039,11.2927,0.40062,0.91984,1.77698,0.66287,0.81818,0.76814,0.41452,0,0,0,0,1.81287,11.0371,0.46909,1.06402,2.0463,0.000290241,0.000290241,0.000290241
25,92.9265,1.75692,11.2154,0.40411,0.89399,1.68998,0.66287,0.81818,0.76814,0.41452,0,0,0,0,1.81287,11.0371,0.46909,1.06402,2.0463,0.000289817,0.000289817,0.000289817
26,96.4662,1.68953,11.3198,0.39211,0.87845,1.81242,0.58937,0.81818,0.71824,0.37171,0,0,0,0,1.89402,11.0755,0.4762,1.13093,2.2016,0.000289393,0.000289393,0.000289393
27,99.35,1.66174,11.2139,0.40127,0.86054,1.7748,0.58937,0.81818,0.71824,0.37171,0,0,0,0,1.89402,11.0755,0.4762,1.13093,2.2016,0.000288969,0.000288969,0.000288969
28,103.277,1.50606,11.1486,0.3938,0.78885,1.80788,0.56046,0.72727,0.66816,0.36564,0,0,0,0,1.86806,11.1429,0.48396,1.12053,2.152,0.000288544,0.000288544,0.000288544
29,107.217,1.7643,11.2014,0.40554,0.80697,1.81627,0.5933,0.63636,0.66583,0.40874,0,0,0,0,1.78817,11.1279,0.48305,1.03486,1.98288,0.00028812,0.00028812,0.00028812
30,111.099,1.56246,11.281,0.39776,0.79883,1.65572,0.5933,0.63636,0.66583,0.40874,0,0,0,0,1.78817,11.1279,0.48305,1.03486,1.98288,0.000287696,0.000287696,0.000287696
31,114.993,1.56495,11.0974,0.38903,0.74291,1.68165,0.80972,0.81818,0.78186,0.44214,0,0,0,0,1.82748,11.075,0.47637,1.02823,2.01427,0.000287271,0.000287271,0.000287271
32,118.89,1.52912,11.0123,0.42356,0.77113,1.7531,0.74678,0.80531,0.77225,0.42275,0,0,0,0,1.7337,11.0632,0.47494,1.06242,1.90414,0.000286847,0.000286847,0.000286847
33,122.782,1.50815,10.9517,0.39363,0.7268,1.521,0.74678,0.80531,0.77225,0.42275,0,0,0,0,1.7337,11.0632,0.47494,1.06242,1.90414,0.000286423,0.000286423,0.000286423
34,126.692,1.51049,11.0659,0.39489,0.74171,1.61147,0.70999,0.72727,0.71702,0.41215,0,0,0,0,1.73426,11.1019,0.46981,1.13607,2.01425,0.000285999,0.000285999,0.000285999
35,130.253,1.33907,11.0824,0.39758,0.6938,1.74797,0.70999,0.72727,0.71702,0.41215,0,0,0,0,1.73426,11.1019,0.46981,1.13607,2.01425,0.000285574,0.000285574,0.000285574
36,133.765,1.29336,11.0006,0.3758,0.64985,1.43216,0.71144,0.67449,0.70495,0.39201,0,0,0,0,1.80497,11.1212,0.46342,1.1198,2.09223,0.00028515,0.00028515,0.00028515
37,137.275,1.57957,11.1369,0.37027,0.72525,1.50236,0.81702,0.81238,0.73669,0.43189,0,0,0,0,1.87719,11.0936,0.45585,1.15703,2.12298,0.000284726,0.000284726,0.000284726
38,140.775,1.39386,10.7745,0.38253,0.70338,1.56009,0.81702,0.81238,0.73669,0.43189,0,0,0,0,1.87719,11.0936,0.45585,1.15703,2.12298,0.000284301,0.000284301,0.000284301
39,144.32,1.35529,10.9497,0.37116,0.68663,1.64491,0.74062,0.81818,0.73441,0.41239,0,0,0,0,1.71831,11.0759,0.45191,1.08562,2.00804,0.000283877,0.000283877,0.000283877
40,147.863,1.34769,11.0519,0.38228,0.68626,1.56419,0.73839,0.81818,0.76459,0.40117,0,0,0,0,1.72656,11.0704,0.44484,1.04825,1.99155,0.000283453,0.000283453,0.000283453
41,151.393,1.34501,11.0189,0.38992,0.66454,1.4148,0.73839,0.81818,0.76459,0.40117,0,0,0,0,1.72656,11.0704,0.44484,1.04825,1.99155,0.000283029,0.000283029,0.000283029
42,154.889,1.39315,10.8726,0.38772,0.65208,1.46562,0.81639,0.80924,0.80113,0.44734,0,0,0,0,1.70377,11.0395,0.44311,1.08011,1.99022,0.000282604,0.000282604,0.000282604
43,158.384,1.36384,10.7164,0.36375,0.64115,1.37034,0.81639,0.80924,0.80113,0.44734,0,0,0,0,1.70377,11.0395,0.44311,1.08011,1.99022,0.00028218,0.00028218,0.00028218
44,161.878,1.3081,10.7049,0.34666,0.6547,1.47177,0.81565,0.80553,0.83897,0.44453,0,0,0,0,1.71819,11.0231,0.44111,1.07567,1.99725,0.000281756,0.000281756,0.000281756
45,165.382,1.25207,10.8674,0.38384,0.60742,1.52699,0.73886,0.81818,0.86754,0.42995,0,0,0,0,1.73186,10.9957,0.43972,1.04608,2.02447,0.000281331,0.000281331,0.000281331
46,168.874,1.3646,10.6503,0.38891,0.64401,1.32222,0.73886,0.81818,0.86754,0.42995,0,0,0,0,1.73186,10.9957,0.43972,1.04608,2.02447,0.000280907,0.000280907,0.000280907
47,172.378,1.14643,10.8212,0.36369,0.61303,1.38001,0.81289,0.81818,0.85685,0.43418,0,0,0,0,1.71089,10.9653,0.44691,1.02841,2.05567,0.000280483,0.000280483,0.000280483
48,175.883,1.33371,10.6322,0.387,0.64948,1.32668,0.81733,0.81394,0.84464,0.44701,0,0,0,0,1.71873,10.9315,0.44777,1.04181,2.0851,0.000280059,0.000280059,0.000280059
49,179.385,1.22841,10.7595,0.3696,0.57922,1.34724,0.81733,0.81394,0.84464,0.44701,0,0,0,0,1.71873,10.9315,0.44777,1.04181,2.0851,0.000279634,0.000279634,0.000279634
50,182.901,1.19952,10.6824,0.38635,0.62321,1.47742,0.87701,0.72727,0.82264,0.44038,0,0,0,0,1.68071,10.8785,0.45472,1.13121,2.01183,0.00027921,0.00027921,0.00027921
51,186.412,1.24208,10.5486,0.40962,0.61662,1.34493,0.87701,0.72727,0.82264,0.44038,0,0,0,0,1.68071,10.8785,0.45472,1.13121,2.01183,0.000278786,0.000278786,0.000278786
52,189.925,1.29543,10.5684,0.41956,0.64529,1.31717,0.87907,0.72727,0.84872,0.43674,0,0,0,0,1.62997,10.8855,0.45413,1.10807,1.95167,0.000278361,0.000278361,0.000278361
53,193.443,1.17419,10.6881,0.41013,0.61793,1.27071,0.88,0.72727,0.81357,0.40125,0,0,0,0,1.61366,10.828,0.45528,1.13874,1.90554,0.000277937,0.000277937,0.000277937
54,196.949,1.40169,10.4101,0.40932,0.64322,1.40005,0.88,0.72727,0.81357,0.40125,0,0,0,0,1.61366,10.828,0.45528,1.13874,1.90554,0.000277513,0.000277513,0.000277513
55,200.447,1.37041,10.47,0.45997,0.66551,1.28824,0.88072,0.72727,0.83679,0.4198,0,0,0,0,1.57619,10.8071,0.46016,1.18178,1.82424,0.000277089,0.000277089,0.000277089
56,203.955,1.11476,10.4822,0.418,0.61955,1.4653,0.88078,0.72727,0.84679,0.40456,0,0,0,0,1.56025,10.8064,0.46719,1.17453,1.7955,0.000276664,0.000276664,0.000276664
57,207.452,1.20693,10.54,0.41353,0.61014,1.23504,0.88078,0.72727,0.84679,0.40456,0,0,0,0,1.56025,10.8064,0.46719,1.17453,1.7955,0.00027624,0.00027624,0.00027624
58,210.949,1.37902,10.0867,0.43559,0.60176,1.23625,0.93056,0.72727,0.85158,0.45836,0,0,0,0,1.54907,10.7482,0.47157,1.125,1.81061,0.000275816,0.000275816,0.000275816
59,214.862,1.08476,10.4056,0.40353,0.55937,1.35239,0.93056,0.72727,0.85158,0.45836,0,0,0,0,1.54907,10.7482,0.47157,1.125,1.81061,0.000275391,0.000275391,0.000275391
60,218.767,1.31958,10.3565,0.41473,0.58644,1.36192,0.9559,0.72727,0.824,0.47476,0,0,0,0,1.53482,10.7384,0.4709,1.11646,1.81322,0.000274967,0.000274967,0.000274967
61,222.669,1.27837,10.2025,0.4065,0.56503,1.2141,0.9634,0.72727,0.83231,0.49492,0,0,0,0,1.49947,10.6836,0.47211,1.10935,1.83076,0.000274543,0.000274543,0.000274543
62,226.576,1.30032,10.2059,0.45934,0.60389,1.26103,0.9634,0.72727,0.83231,0.49492,0,0,0,0,1.49947,10.6836,0.47211,1.10935,1.83076,0.000274119,0.000274119,0.000274119
63,230.488,1.15513,10.0444,0.38836,0.56278,1.28191,0.89935,0.81288,0.9235,0.53648,0,0,0,0,1.46183,10.6679,0.46602,1.09572,1.86088,0.000273694,0.000273694,0.000273694
64,234.403,1.19521,10.0177,0.40935,0.57415,1.21232,0.89985,0.81698,0.93869,0.48765,0,0,0,0,1.43691,10.6095,0.46684,1.10787,1.87529,0.00027327,0.00027327,0.00027327
65,237.922,1.2107,10.0606,0.45188,0.56879,1.30936,0.89985,0.81698,0.93869,0.48765,0,0,0,0,1.43691,10.6095,0.46684,1.10787,1.87529,0.000272846,0.000272846,0.000272846
66,241.45,1.2743,9.94942,0.42997,0.59671,1.30078,0.89891,0.80924,0.91914,0.49549,0,0,0,0,1.43205,10.539,0.46569,1.11435,1.8488,0.000272421,0.000272421,0.000272421
67,244.98,1.21071,10.3029,0.42315,0.66555,1.21818,0.89891,0.80924,0.91914,0.49549,0,0,0,0,1.43205,10.539,0.46569,1.11435,1.8488,0.000271997,0.000271997,0.000271997
68,248.507,1.18099,9.88082,0.39419,0.57319,1.23017,1,0.71599,0.90814,0.5309,0,0,0,0,1.40791,10.5034,0.46717,1.08068,1.79782,0.000271573,0.000271573,0.000271573
69,252.038,1.2768,9.78626,0.39906,0.57927,1.3153,0.99742,0.72727,0.8709,0.53366,0,0,0,0,1.35986,10.4147,0.47077,1.05307,1.75646,0.000271149,0.000271149,0.000271149
70,255.561,1.09286,9.85425,0.40932,0.53287,1.28282,0.99742,0.72727,0.8709,0.53366,0,0,0,0,1.35986,10.4147,0.47077,1.05307,1.75646,0.000270724,0.000270724,0.000270724
71,259.096,1.25396,9.72841,0.40659,0.55942,1.22212,0.98902,0.72727,0.82637,0.49883,0,0,0,0,1.41945,10.3266,0.47568,1.11144,1.83728,0.0002703,0.0002703,0.0002703
72,262.623,1.28846,10.0427,0.40633,0.57778,1.17424,0.97532,0.72727,0.86171,0.51249,0,0,0,0,1.46067,10.2119,0.48947,1.06417,1.84648,0.000269876,0.000269876,0.000269876
73,266.131,1.05496,9.90217,0.4114,0.5577,1.26293,0.97532,0.72727,0.86171,0.51249,0,0,0,0,1.46067,10.2119,0.48947,1.06417,1.84648,0.000269451,0.000269451,0.000269451
74,269.664,1.10811,9.82041,0.43865,0.53487,1.23306,0.96327,0.72727,0.88707,0.50169,0,0,0,0,1.50056,10.102,0.49775,1.16509,1.93416,0.000269027,0.000269027,0.000269027
75,273.194,1.04706,9.88914,0.44016,0.54431,1.24585,0.96327,0.72727,0.88707,0.50169,0,0,0,0,1.50056,10.102,0.49775,1.16509,1.93416,0.000268603,0.000268603,0.000268603
76,276.717,1.06308,9.79377,0.41192,0.50128,1.21379,0.98304,0.72727,0.86502,0.50461,0,0,0,0,1.50147,10.0942,0.49866,1.09749,1.98061,0.000268179,0.000268179,0.000268179
77,280.249,1.05769,9.60923,0.4054,0.54527,1.20471,1,0.72153,0.85799,0.49422,0,0,0,0,1.56868,10.126,0.49739,1.05256,2.09544,0.000267754,0.000267754,0.000267754
78,283.781,1.15013,9.55165,0.42417,0.53666,1.12299,1,0.72153,0.85799,0.49422,0,0,0,0,1.56868,10.126,0.49739,1.05256,2.09544,0.00026733,0.00026733,0.00026733
79,287.32,1.01052,9.64198,0.38742,0.51024,1.26804,1,0.71912,0.83051,0.47685,0,0,0,0,1.56716,10.1495,0.48921,1.08005,2.16791,0.000266906,0.000266906,0.000266906
80,290.858,1.18662,9.70505,0.40493,0.6043,1.24226,0.98494,0.72727,0.79423,0.47042,0,0,0,0,1.5767,10.1579,0.47723,1.18563,2.18739,0.000266481,0.000266481,0.000266481
81,294.388,0.91674,9.76176,0.36497,0.54041,1.33589,0.98494,0.72727,0.79423,0.47042,0,0,0,0,1.5767,10.1579,0.47723,1.18563,2.18739,0.000266057,0.000266057,0.000266057
82,297.918,1.00388,9.46437,0.3538,0.54724,1.1828,0.9702,0.72727,0.80726,0.46265,0,0,0,0,1.62542,10.1382,0.46184,1.09769,2.26018,0.000265633,0.000265633,0.000265633
83,301.438,1.16562,9.77573,0.39395,0.59455,1.21559,0.9702,0.72727,0.80726,0.46265,0,0,0,0,1.62542,10.1382,0.46184,1.09769,2.26018,0.000265209,0.000265209,0.000265209
84,304.974,1.14004,9.54343,0.38019,0.54577,1.31368,0.87512,0.63636,0.82877,0.4726,0,0,0,0,1.59773,10.1221,0.43827,0.97947,2.18496,0.000264784,0.000264784,0.000264784
85,308.509,1.28669,9.80105,0.35626,0.54117,1.08485,0.85314,0.72727,0.83357,0.46297,0,0,0,0,1.63578,10.0656,0.42078,1.07049,2.21114,0.00026436,0.00026436,0.00026436
86,312.038,1.1437,9.55158,0.36635,0.50172,1.1371,0.85314,0.72727,0.83357,0.46297,0,0,0,0,1.63578,10.0656,0.42078,1.07049,2.21114,0.000263936,0.000263936,0.000263936
87,315.574,1.09522,9.40128,0.36868,0.50667,1.12583,0.84633,0.72727,0.78726,0.4206,0,0,0,0,1.66538,10.0636,0.40637,1.2877,2.1925,0.000263511,0.000263511,0.000263511
88,319.119,1.10081,9.60722,0.36391,0.50643,1.15702,0.88728,0.71675,0.80389,0.40992,0,0,0,0,1.71481,10.03,0.39872,1.33643,2.23539,0.000263087,0.000263087,0.000263087
89,322.639,1.20105,9.35884,0.39993,0.51256,1.135,0.88728,0.71675,0.80389,0.40992,0,0,0,0,1.71481,10.03,0.39872,1.33643,2.23539,0.000262663,0.000262663,0.000262663
90,326.167,1.2047,9.21902,0.35406,0.55097,1.2525,0.88881,0.72675,0.79479,0.42735,0,0,0,0,1.64498,10.0023,0.39842,1.29464,2.20917,0.000262239,0.000262239,0.000262239
91,329.7,1.06729,9.3485,0.37816,0.47406,1.13448,0.88881,0.72675,0.79479,0.42735,0,0,0,0,1.64498,10.0023,0.39842,1.29464,2.20917,0.000261814,0.000261814,0.000261814
92,333.237,1.26759,9.13847,0.40161,0.54127,1.20431,0.88803,0.72164,0.76286,0.43729,0,0,0,0,1.58837,9.91035,0.40468,1.17785,2.20121,0.00026139,0.00026139,0.00026139
93,336.777,1.01765,9.45475,0.37843,0.50013,1.14874,0.88729,0.71684,0.7625,0.39908,0,0,0,0,1.58451,9.8042,0.41544,1.10218,2.22067,0.000260966,0.000260966,0.000260966
94,340.309,1.02167,9.41885,0.35341,0.52112,1.16266,0.88729,0.71684,0.7625,0.39908,0,0,0,0,1.58451,9.8042,0.41544,1.10218,2.22067,0.000260541,0.000260541,0.000260541
95,343.828,1.02659,9.10969,0.36721,0.50746,1.16729,0.8156,0.81818,0.77102,0.3966,0,0,0,0,1.62441,9.76757,0.42104,1.15162,2.26111,0.000260117,0.000260117,0.000260117
96,347.362,1.04585,9.14165,0.39493,0.50817,1.25541,0.89857,0.80652,0.788,0.42985,0,0,0,0,1.64981,9.82787,0.42781,1.17246,2.25053,0.000259693,0.000259693,0.000259693
97,350.877,1.12668,9.12199,0.38275,0.48134,1.0777,0.89857,0.80652,0.788,0.42985,0,0,0,0,1.64981,9.82787,0.42781,1.17246,2.25053,0.000259269,0.000259269,0.000259269
98,354.4,1.00275,9.13566,0.36062,0.48079,1.1352,0.87739,0.72727,0.76731,0.43775,0,0,0,0,1.61516,9.94119,0.42694,1.06381,2.2155,0.000258844,0.000258844,0.000258844
99,357.914,0.91248,9.05352,0.36076,0.48802,1.17099,0.87739,0.72727,0.76731,0.43775,0,0,0,0,1.61516,9.94119,0.42694,1.06381,2.2155,0.00025842,0.00025842,0.00025842
100,361.435,1.02068,9.06606,0.35352,0.4999,1.13792,0.8767,0.72727,0.7825,0.45228,0,0,0,0,1.60819,9.92132,0.41746,1.04103,2.20856,0.000257996,0.000257996,0.000257996
101,364.951,1.01688,9.1858,0.35039,0.51155,1.13195,0.9896,0.63636,0.76931,0.43707,0,0,0,0,1.59124,9.88053,0.41331,1.0358,2.19569,0.000257571,0.000257571,0.000257571
102,368.465,1.29923,9.07084,0.36559,0.52613,1.17107,0.9896,0.63636,0.76931,0.43707,0,0,0,0,1.59124,9.88053,0.41331,1.0358,2.19569,0.000257147,0.000257147,0.000257147
103,371.968,1.13241,9.07146,0.34587,0.52901,1.2175,0.88731,0.71697,0.7825,0.44715,0,0,0,0,1.57928,9.86118,0.41311,1.04264,2.17117,0.000256723,0.000256723,0.000256723
104,375.492,1.03941,9.21764,0.37232,0.4847,1.17117,0.98182,0.63636,0.7745,0.43294,0,0,0,0,1.56942,9.83858,0.41429,1.07626,2.15665,0.000256299,0.000256299,0.000256299
105,379.01,0.92152,8.77573,0.36005,0.48873,1.24401,0.98182,0.63636,0.7745,0.43294,0,0,0,0,1.56942,9.83858,0.41429,1.07626,2.15665,0.000255874,0.000255874,0.000255874
106,382.543,1.0218,8.92802,0.33793,0.46928,0.98412,0.81307,0.79261,0.78227,0.43491,0,0,0,0,1.58193,9.68272,0.41502,1.13345,2.16465,0.00025545,0.00025545,0.00025545
107,386.072,1.00917,8.68217,0.39409,0.48245,1.08142,0.81307,0.79261,0.78227,0.43491,0,0,0,0,1.58193,9.68272,0.41502,1.13345,2.16465,0.000255026,0.000255026,0.000255026
108,389.593,1.10213,8.64297,0.35835,0.49377,1.17226,0.98051,0.63636,0.707,0.4257,0,0,0,0,1.63792,9.52688,0.41465,1.22956,2.21094,0.000254601,0.000254601,0.000254601
109,393.15,0.93348,9.04501,0.36845,0.46498,1.22468,0.98296,0.63636,0.75465,0.45208,0,0,0,0,1.67346,9.34935,0.41733,1.15504,2.23523,0.000254177,0.000254177,0.000254177
110,396.671,1.0331,8.61032,0.37124,0.47073,1.16539,0.98296,0.63636,0.75465,0.45208,0,0,0,0,1.67346,9.34935,0.41733,1.15504,2.23523,0.000253753,0.000253753,0.000253753
111,400.193,0.89076,8.77051,0.3711,0.43216,1.12108,1,0.71312,0.78286,0.41503,0,0,0,0,1.70382,9.22033,0.41073,1.12128,2.28143,0.000253329,0.000253329,0.000253329
112,403.729,1.15245,8.97191,0.38807,0.54305,1.19753,1,0.71358,0.78731,0.42023,0,0,0,0,1.66681,9.22256,0.40537,0.98119,2.21257,0.000252904,0.000252904,0.000252904
113,407.251,1.08521,8.86319,0.3771,0.45769,1.07005,1,0.71358,0.78731,0.42023,0,0,0,0,1.66681,9.22256,0.40537,0.98119,2.21257,0.00025248,0.00025248,0.00025248
114,410.775,1.30387,8.83221,0.40738,0.52963,1.12373,0.97397,0.63636,0.76562,0.43072,0,0,0,0,1.58241,9.23236,0.40239,0.88246,2.09604,0.000252056,0.000252056,0.000252056
115,414.302,1.1862,8.67571,0.34471,0.53191,1.16002,0.97397,0.63636,0.76562,0.43072,0,0,0,0,1.58241,9.23236,0.40239,0.88246,2.09604,0.000251631,0.000251631,0.000251631
116,417.814,1.09769,8.76201,0.38693,0.46806,1.10702,0.7373,0.81818,0.7745,0.44299,0,0,0,0,1.60413,9.34012,0.40008,0.9081,2.0911,0.000251207,0.000251207,0.000251207
117,421.338,0.96505,8.3398,0.3757,0.47249,1.17396,0.749,0.81818,0.7745,0.41875,0,0,0,0,1.62512,9.34185,0.39824,0.93596,2.121,0.000250783,0.000250783,0.000250783
118,424.86,1.09674,8.6275,0.35861,0.47221,1.13604,0.749,0.81818,0.7745,0.41875,0,0,0,0,1.62512,9.34185,0.39824,0.93596,2.121,0.000250359,0.000250359,0.000250359
119,428.393,1.06233,8.64393,0.36509,0.51232,0.99055,0.88561,0.72727,0.7825,0.41973,0,0,0,0,1.69,9.37033,0.40071,1.00327,2.22811,0.000249934,0.000249934,0.000249934
120,431.922,1.10734,8.57239,0.34981,0.49016,1.05983,0.87624,0.72727,0.7825,0.38114,0,0,0,0,1.75381,9.35866,0.40585,1.09301,2.34248,0.00024951,0.00024951,0.00024951
121,435.444,1.16445,8.54682,0.36384,0.50358,1.06034,0.87624,0.72727,0.7825,0.38114,0,0,0,0,1.75381,9.35866,0.40585,1.09301,2.34248,0.000249086,0.000249086,0.000249086
122,438.974,1.06241,8.43072,0.36965,0.51682,1.1123,0.88691,0.71433,0.77731,0.39539,0,0,0,0,1.8482,9.42069,0.40559,1.18788,2.50958,0.000248661,0.000248661,0.000248661
123,442.503,1.04811,8.691,0.38385,0.50733,1.17349,0.88691,0.71433,0.77731,0.39539,0,0,0,0,1.8482,9.42069,0.40559,1.18788,2.50958,0.000248237,0.000248237,0.000248237
124,446.031,0.85038,8.10308,0.38312,0.43217,1.07486,0.88761,0.71892,0.77731,0.39539,0,0,0,0,1.80825,9.41794,0.40837,1.26366,2.43919,0.000247813,0.000247813,0.000247813
125,449.548,1.21613,8.49371,0.35037,0.49708,0.96474,0.88329,0.72727,0.77731,0.39237,0,0,0,0,1.79476,9.44155,0.40938,1.23969,2.36847,0.000247389,0.000247389,0.000247389
126,453.08,0.94062,8.45171,0.3555,0.43937,1.08232,0.88329,0.72727,0.77731,0.39237,0,0,0,0,1.79476,9.44155,0.40938,1.23969,2.36847,0.000246964,0.000246964,0.000246964
127,456.576,0.96331,8.37358,0.37069,0.45399,1.00173,0.88178,0.72727,0.769,0.43196,0,0,0,0,1.78657,9.48512,0.41315,1.22807,2.36781,0.00024654,0.00024654,0.00024654
128,460.079,1.02677,8.40015,0.34429,0.46469,1.04258,0.87587,0.72727,0.76562,0.42323,0,0,0,0,1.76891,9.45599,0.41183,1.26041,2.35081,0.000246116,0.000246116,0.000246116
129,463.574,1.08543,8.21426,0.34578,0.4876,1.13443,0.87587,0.72727,0.76562,0.42323,0,0,0,0,1.76891,9.45599,0.41183,1.26041,2.35081,0.000245691,0.000245691,0.000245691
130,467.064,1.09129,8.18242,0.37767,0.4718,0.97044,1,0.72478,0.77,0.406,0,0,0,0,1.74535,9.49172,0.4136,1.32967,2.3447,0.000245267,0.000245267,0.000245267
131,470.554,1.02032,8.31664,0.35337,0.49158,1.16131,1,0.72478,0.77,0.406,0,0,0,0,1.74535,9.49172,0.4136,1.32967,2.3447,0.000244843,0.000244843,0.000244843
132,474.043,0.984,8.29577,0.36896,0.45344,1.13499,1,0.80685,0.815,0.41255,0,0,0,0,1.78043,9.48891,0.41515,1.36472,2.39923,0.000244419,0.000244419,0.000244419
133,477.526,1.01708,8.35546,0.36546,0.47228,1.10217,1,0.8003,0.815,0.45496,0,0,0,0,1.71123,9.41186,0.41541,1.34366,2.33682,0.000243994,0.000243994,0.000243994
134,480.994,1.01951,7.95099,0.37126,0.4716,1.09867,1,0.8003,0.815,0.45496,0,0,0,0,1.71123,9.41186,0.41541,1.34366,2.33682,0.00024357,0.00024357,0.00024357
135,484.478,0.92034,8.01496,0.35869,0.44874,1.03615,1,0.80593,0.815,0.46003,0,0,0,0,1.63311,9.2565,0.41002,1.28749,2.25897,0.000243146,0.000243146,0.000243146
136,487.959,1.04202,7.84755,0.39963,0.4654,1.01831,1,0.80963,0.815,0.46806,0,0,0,0,1.60093,9.09536,0.40009,1.22728,2.22048,0.000242721,0.000242721,0.000242721
137,491.431,1.0874,7.95458,0.35171,0.47234,1.12785,1,0.80963,0.815,0.46806,0,0,0,0,1.60093,9.09536,0.40009,1.22728,2.22048,0.000242297,0.000242297,0.000242297
138,494.919,1.03279,8.18563,0.37488,0.45571,1.0802,1,0.81023,0.89682,0.47832,0.13985,0.09091,0.01357,0.00136,1.58836,9.00287,0.39743,1.16643,2.20517,0.000241873,0.000241873,0.000241873
139,498.407,0.89125,7.72223,0.33416,0.44666,1.00039,1,0.81023,0.89682,0.47832,0.13985,0.09091,0.01357,0.00136,1.58836,9.00287,0.39743,1.16643,2.20517,0.000241449,0.000241449,0.000241449
140,501.897,1.1378,7.69235,0.39503,0.48506,1.06464,0.90659,0.88412,0.89682,0.48042,0,0,0,0,1.62673,8.9601,0.3955,1.19319,2.25431,0.000241024,0.000241024,0.000241024
141,505.387,1.05809,7.73685,0.35279,0.47422,1.02162,1,0.81678,0.89,0.46466,0,0,0,0,1.62759,8.97305,0.39598,1.24819,2.26085,0.0002406,0.0002406,0.0002406
142,508.921,1.01671,7.73615,0.34559,0.48805,1.01038,1,0.81678,0.89,0.46466,0,0,0,0,1.62759,8.97305,0.39598,1.24819,2.26085,0.000240176,0.000240176,0.000240176
143,512.466,0.99323,7.86808,0.3572,0.44098,1.01304,0.99337,0.81818,0.89,0.49165,0,0,0,0,1.61338,8.97505,0.39444,1.34121,2.19298,0.000239751,0.000239751,0.000239751
144,516.003,1.13098,8.06123,0.35773,0.49839,1.01788,1,0.80518,0.815,0.46427,0,0,0,0,1.59405,9.07426,0.39704,1.21434,2.09686,0.000239327,0.000239327,0.000239327
145,519.484,0.90092,7.80736,0.34632,0.43255,1.02945,1,0.80518,0.815,0.46427,0,0,0,0,1.59405,9.07426,0.39704,1.21434,2.09686,0.000238903,0.000238903,0.000238903
146,522.991,0.99903,7.96438,0.35609,0.45861,1.0743,1,0.72583,0.7925,0.47537,0,0,0,0,1.58426,9.05584,0.39777,1.18813,2.06667,0.000238479,0.000238479,0.000238479
147,526.481,1.07149,7.66948,0.36998,0.45273,0.96843,1,0.72583,0.7925,0.47537,0,0,0,0,1.58426,9.05584,0.39777,1.18813,2.06667,0.000238054,0.000238054,0.000238054
148,529.969,0.76184,7.60791,0.36888,0.41478,1.23925,1,0.71866,0.7925,0.46569,0,0,0,0,1.57908,9.00288,0.39934,1.10504,2.05088,0.00023763,0.00023763,0.00023763
149,533.47,1.08204,7.6283,0.35607,0.46541,1.06754,1,0.72329,0.79864,0.48223,0,0,0,0,1.55261,8.89998,0.39734,1.06194,2.05511,0.000237206,0.000237206,0.000237206
150,536.955,1.02207,7.67879,0.34904,0.46431,1.09415,1,0.72329,0.79864,0.48223,0,0,0,0,1.55261,8.89998,0.39734,1.06194,2.05511,0.000236781,0.000236781,0.000236781
151,540.443,0.99594,7.69207,0.34997,0.44566,1.10596,1,0.72247,0.875,0.48864,0,0,0,0,1.59401,8.90891,0.39485,1.08809,2.1056,0.000236357,0.000236357,0.000236357
152,543.948,0.91884,7.5499,0.34216,0.44655,1.08359,0.87895,0.81818,0.87029,0.47102,0,0,0,0,1.61734,8.89742,0.39428,1.08916,2.16409,0.000235933,0.000235933,0.000235933
153,547.442,1.05989,7.56554,0.34612,0.43989,1.03538,0.87895,0.81818,0.87029,0.47102,0,0,0,0,1.61734,8.89742,0.39428,1.08916,2.16409,0.000235509,0.000235509,0.000235509
154,550.937,1.01694,7.4537,0.31732,0.46796,1.06706,1,0.81651,0.88423,0.4741,0,0,0,0,1.6134,8.82785,0.39397,1.07909,2.18459,0.000235084,0.000235084,0.000235084
155,554.427,0.82402,7.57586,0.31481,0.41172,1.21938,1,0.81651,0.88423,0.4741,0,0,0,0,1.6134,8.82785,0.39397,1.07909,2.18459,0.00023466,0.00023466,0.00023466
156,557.917,1.05851,7.41524,0.35627,0.45843,0.98412,0.99042,0.81818,0.87125,0.46919,0,0,0,0,1.60687,8.78253,0.39567,1.08162,2.15146,0.000234236,0.000234236,0.000234236
157,561.424,1.06297,7.17849,0.30755,0.45287,0.99606,0.99386,0.81818,0.865,0.4696,0,0,0,0,1.56421,8.7632,0.39548,1.07772,2.06642,0.000233811,0.000233811,0.000233811
158,564.951,1.18853,7.38669,0.37443,0.485,0.96847,0.99386,0.81818,0.865,0.4696,0,0,0,0,1.56421,8.7632,0.39548,1.07772,2.06642,0.000233387,0.000233387,0.000233387
159,568.48,1.06537,7.45838,0.34229,0.46715,1.00573,0.88114,0.81818,0.856,0.48586,0,0,0,0,1.53774,8.76215,0.39734,1.05216,2.02559,0.000232963,0.000232963,0.000232963
160,572.011,1.06602,7.25943,0.36003,0.50035,1.0963,0.99775,0.72727,0.84864,0.49301,0,0,0,0,1.5467,8.79099,0.39692,1.09056,2.05508,0.000232539,0.000232539,0.000232539
161,575.538,0.95361,7.44371,0.34569,0.44998,1.11107,0.99775,0.72727,0.84864,0.49301,0,0,0,0,1.5467,8.79099,0.39692,1.09056,2.05508,0.000232114,0.000232114,0.000232114
162,579.062,0.97867,7.0867,0.35705,0.43914,1.06923,1,0.71677,0.846,0.48556,0,0,0,0,1.55916,8.83492,0.39773,1.17029,2.10384,0.00023169,0.00023169,0.00023169
163,582.583,0.93154,7.08337,0.33533,0.43423,1.0321,1,0.71677,0.846,0.48556,0,0,0,0,1.55916,8.83492,0.39773,1.17029,2.10384,0.000231266,0.000231266,0.000231266
164,586.115,0.9473,7.18456,0.36191,0.44662,1.05918,1,0.70735,0.846,0.4694,0,0,0,0,1.5808,8.84237,0.39786,1.17808,2.18673,0.000230841,0.000230841,0.000230841
165,589.644,0.98232,6.92806,0.3463,0.44284,1.0608,1,0.70528,0.84544,0.47828,0.15022,0.09091,0.01583,0.00317,1.57724,8.76944,0.39717,1.16598,2.23849,0.000230417,0.000230417,0.000230417
166,593.167,0.95686,6.86678,0.36699,0.44583,1.05294,1,0.70528,0.84544,0.47828,0.15022,0.09091,0.01583,0.00317,1.57724,8.76944,0.39717,1.16598,2.23849,0.000229993,0.000229993,0.000229993
167,596.695,0.97192,7.36034,0.32638,0.42566,1.06433,1,0.71828,0.84544,0.50778,0.14903,0.09091,0.01583,0.00158,1.56784,8.64577,0.39693,1.17884,2.23394,0.000229569,0.000229569,0.000229569
168,600.213,0.95764,7.10499,0.3481,0.45035,1.05985,0.95916,0.72727,0.84025,0.47249,0.14602,0.09091,0.01583,0.00158,1.56872,8.59816,0.39496,1.2564,2.20303,0.000229144,0.000229144,0.000229144
169,603.739,1.1318,7.03084,0.33765,0.47279,0.94788,0.95916,0.72727,0.84025,0.47249,0.14602,0.09091,0.01583,0.00158,1.56872,8.59816,0.39496,1.2564,2.20303,0.00022872,0.00022872,0.00022872
170,607.262,1.00357,7.05735,0.35349,0.42253,0.9736,0.96683,0.72727,0.84025,0.46484,0.14597,0.09091,0.01583,0.00317,1.55416,8.60948,0.39584,1.27586,2.17375,0.000228296,0.000228296,0.000228296
171,610.787,0.91422,6.97542,0.36826,0.40371,1.00476,0.96683,0.72727,0.84025,0.46484,0.14597,0.09091,0.01583,0.00317,1.55416,8.60948,0.39584,1.27586,2.17375,0.000227871,0.000227871,0.000227871
172,614.318,0.87066,6.98325,0.34744,0.40417,0.99731,0.96673,0.72727,0.84025,0.47428,0.15028,0.09091,0.01583,0.00317,1.5541,8.64684,0.39463,1.35129,2.17066,0.000227447,0.000227447,0.000227447
173,617.855,0.81543,6.90893,0.37543,0.40378,0.9625,0.96927,0.72727,0.83016,0.45941,0.15341,0.09091,0.01583,0.00317,1.57669,8.62883,0.39411,1.3967,2.17561,0.000227023,0.000227023,0.000227023
174,621.389,0.87992,7.37624,0.34494,0.40913,1.06679,0.96927,0.72727,0.83016,0.45941,0.15341,0.09091,0.01583,0.00317,1.57669,8.62883,0.39411,1.3967,2.17561,0.000226599,0.000226599,0.000226599
175,624.928,0.86002,6.89648,0.32186,0.39122,1.03109,0.98613,0.72727,0.84025,0.45453,0.15633,0.09091,0.01583,0.00317,1.59282,8.62624,0.39736,1.40316,2.18133,0.000226174,0.000226174,0.000226174
176,628.467,0.93178,6.77395,0.34056,0.39993,1.00285,1,0.72006,0.85357,0.47451,0.15706,0.09091,0.01583,0.00317,1.61252,8.67275,0.39718,1.34784,2.19666,0.00022575,0.00022575,0.00022575
177,631.986,1.13073,7.0789,0.33573,0.45787,0.98315,1,0.72006,0.85357,0.47451,0.15706,0.09091,0.01583,0.00317,1.61252,8.67275,0.39718,1.34784,2.19666,0.000225326,0.000225326,0.000225326
178,635.517,1.12512,7.34404,0.34484,0.4821,0.98235,1,0.71744,0.84731,0.47608,0.15753,0.09091,0.01583,0.00317,1.6254,8.68253,0.40165,1.39115,2.1928,0.000224901,0.000224901,0.000224901
179,639.033,0.91835,6.93982,0.32829,0.40762,0.91965,1,0.71744,0.84731,0.47608,0.15753,0.09091,0.01583,0.00317,1.6254,8.68253,0.40165,1.39115,2.1928,0.000224477,0.000224477,0.000224477
180,642.551,0.98056,6.75153,0.35763,0.44652,0.88753,0.98869,0.63636,0.76931,0.4489,0.15756,0.09091,0.01583,0.00317,1.65557,8.61241,0.40091,1.43495,2.21078,0.000224053,0.000224053,0.000224053
181,646.086,0.95535,7.1838,0.33927,0.43086,0.95885,0.98757,0.63636,0.7745,0.42728,0.31545,0.18182,0.0775,0.00933,1.69187,8.49916,0.40267,1.40578,2.24493,0.000223629,0.000223629,0.000223629
182,649.619,0.95962,6.99773,0.33337,0.4239,1.08572,0.98757,0.63636,0.7745,0.42728,0.31545,0.18182,0.0775,0.00933,1.69187,8.49916,0.40267,1.40578,2.24493,0.000223204,0.000223204,0.000223204
183,653.166,1.02347,6.39651,0.33335,0.42634,0.94381,0.86096,0.72727,0.7825,0.42998,0.31531,0.18182,0.0775,0.01092,1.7194,8.37675,0.40289,1.39524,2.26378,0.00022278,0.00022278,0.00022278
184,656.707,1.00844,6.81606,0.35853,0.42858,0.96328,0.8756,0.72727,0.7825,0.43236,0.3184,0.18182,0.06167,0.00933,1.73708,8.53328,0.40222,1.43897,2.27017,0.000222356,0.000222356,0.000222356
185,660.256,0.94585,6.55617,0.32343,0.42484,1.00364,0.8756,0.72727,0.7825,0.43236,0.3184,0.18182,0.06167,0.00933,1.73708,8.53328,0.40222,1.43897,2.27017,0.000221931,0.000221931,0.000221931
186,663.748,0.92177,6.8153,0.3541,0.40044,0.98112,1,0.71364,0.7925,0.42094,0.15843,0.09091,0.01583,0.00475,1.76377,8.59352,0.40161,1.3741,2.28633,0.000221507,0.000221507,0.000221507
187,667.239,0.96276,6.71947,0.36621,0.41498,1.00455,1,0.71364,0.7925,0.42094,0.15843,0.09091,0.01583,0.00475,1.76377,8.59352,0.40161,1.3741,2.28633,0.000221083,0.000221083,0.000221083
188,670.746,0.96442,6.47298,0.34777,0.40783,0.98641,1,0.72183,0.79864,0.42939,0.15247,0.09091,0.01583,0.00317,1.75367,8.6567,0.39924,1.21437,2.28338,0.000220659,0.000220659,0.000220659
189,674.249,0.89551,6.79721,0.32595,0.41364,0.97186,0.99489,0.72727,0.79864,0.43171,0.14142,0.09091,0.01583,0.00158,1.76225,8.63935,0.40075,1.1057,2.28995,0.000220234,0.000220234,0.000220234
190,677.744,0.91999,6.90659,0.3495,0.41507,0.97156,0.99489,0.72727,0.79864,0.43171,0.14142,0.09091,0.01583,0.00158,1.76225,8.63935,0.40075,1.1057,2.28995,0.00021981,0.00021981,0.00021981
191,681.246,0.78836,6.61399,0.33735,0.3834,0.96925,0.99179,0.72727,0.806,0.44819,0.27387,0.18182,0.07321,0.00868,1.75041,8.67968,0.39971,1.04966,2.2913,0.000219386,0.000219386,0.000219386
192,684.752,0.81947,6.77614,0.34149,0.39114,0.98976,0.9912,0.72727,0.806,0.44632,0.25976,0.18182,0.07321,0.01004,1.70544,8.80041,0.39535,0.95831,2.30133,0.000218961,0.000218961,0.000218961
193,688.245,1.01778,6.44063,0.31313,0.42937,0.96997,0.9912,0.72727,0.806,0.44632,0.25976,0.18182,0.07321,0.01004,1.70544,8.80041,0.39535,0.95831,2.30133,0.000218537,0.000218537,0.000218537
194,691.756,1.1575,6.73134,0.33566,0.44662,0.89686,0.99014,0.72727,0.7925,0.44276,0.24738,0.18182,0.07,0.00819,1.72246,8.80133,0.39862,0.98031,2.31366,0.000218113,0.000218113,0.000218113
195,695.251,0.96314,6.74547,0.3614,0.4104,0.95639,0.99014,0.72727,0.7925,0.44276,0.24738,0.18182,0.07,0.00819,1.72246,8.80133,0.39862,0.98031,2.31366,0.000217689,0.000217689,0.000217689
196,698.762,0.80292,6.59983,0.34029,0.37133,0.93971,0.99119,0.72727,0.7925,0.45005,0.21959,0.09091,0.0475,0.0095,1.69158,8.85593,0.40022,0.92657,2.29558,0.000217264,0.000217264,0.000217264
197,702.249,0.8926,7.09095,0.34116,0.42903,1.05749,0.99252,0.72727,0.78731,0.44953,0.22538,0.09091,0.0475,0.00475,1.66159,8.74778,0.39576,0.92694,2.25507,0.00021684,0.00021684,0.00021684
198,705.744,0.79732,6.53088,0.32873,0.40506,0.91757,0.99252,0.72727,0.78731,0.44953,0.22538,0.09091,0.0475,0.00475,1.66159,8.74778,0.39576,0.92694,2.25507,0.000216416,0.000216416,0.000216416
199,709.245,1.04541,6.9707,0.3377,0.43216,0.93037,0.99241,0.72727,0.7925,0.45405,0.4995,0.18182,0.185,0.0185,1.68645,8.68431,0.39283,0.99519,2.26383,0.000215991,0.000215991,0.000215991
200,712.742,0.85101,6.99503,0.34437,0.39554,1.03445,0.99548,0.72727,0.78731,0.45908,0.26284,0.09091,0.0475,0.0095,1.70533,8.75495,0.39167,1.10233,2.25384,0.000215567,0.000215567,0.000215567
201,716.209,0.81475,6.84251,0.334,0.39775,0.92229,0.99548,0.72727,0.78731,0.45908,0.26284,0.09091,0.0475,0.0095,1.70533,8.75495,0.39167,1.10233,2.25384,0.000215143,0.000215143,0.000215143
202,719.695,0.91908,6.27914,0.34521,0.4145,1.03204,1,0.7272,0.78731,0.43711,0.24474,0.09091,0.0475,0.0095,1.74316,8.88259,0.39376,1.27213,2.27615,0.000214719,0.000214719,0.000214719
203,723.169,0.96489,6.96133,0.33303,0.44437,0.93962,1,0.7272,0.78731,0.43711,0.24474,0.09091,0.0475,0.0095,1.74316,8.88259,0.39376,1.27213,2.27615,0.000214294,0.000214294,0.000214294
204,726.667,0.97991,6.37497,0.32016,0.41502,0.96003,0.99216,0.72727,0.7925,0.42975,0.23536,0.09091,0.0475,0.0095,1.75104,8.81748,0.39287,1.23735,2.28194,0.00021387,0.00021387,0.00021387
205,730.171,1.02488,6.44118,0.33137,0.41124,0.94129,0.96704,0.72727,0.779,0.47509,0.24142,0.18182,0.07,0.01175,1.71946,8.66508,0.39457,1.1456,2.25192,0.000213446,0.000213446,0.000213446
206,733.689,1.0143,6.5419,0.35815,0.43223,0.96957,0.96704,0.72727,0.779,0.47509,0.24142,0.18182,0.07,0.01175,1.71946,8.66508,0.39457,1.1456,2.25192,0.000213021,0.000213021,0.000213021
207,737.231,1.04253,6.38989,0.34531,0.42898,1.01143,0.97318,0.72727,0.779,0.45971,0.24329,0.18182,0.07,0.014,1.69804,8.56595,0.39599,1.09875,2.22994,0.000212597,0.000212597,0.000212597
208,740.783,0.958,6.33268,0.33537,0.41666,0.97507,0.9774,0.72727,0.78286,0.47432,0.24772,0.18182,0.07321,0.01682,1.68442,8.44778,0.40302,1.07362,2.18808,0.000212173,0.000212173,0.000212173
209,744.309,1.06624,6.2005,0.36711,0.4169,0.8841,0.9774,0.72727,0.78286,0.47432,0.24772,0.18182,0.07321,0.01682,1.68442,8.44778,0.40302,1.07362,2.18808,0.000211749,0.000211749,0.000211749
210,747.844,0.87164,6.43661,0.31208,0.41455,1.05748,0.98204,0.72727,0.78286,0.47439,0.24819,0.18182,0.07321,0.01682,1.66381,8.43832,0.40455,1.00667,2.15149,0.000211324,0.000211324,0.000211324
211,751.376,0.9408,6.38975,0.33295,0.41921,1.05585,0.98204,0.72727,0.78286,0.47439,0.24819,0.18182,0.07321,0.01682,1.66381,8.43832,0.40455,1.00667,2.15149,0.0002109,0.0002109,0.0002109
212,754.921,0.92434,6.23001,0.33396,0.39191,0.90473,0.9914,0.72727,0.78731,0.48747,0.23301,0.09091,0.0475,0.01425,1.6462,8.36189,0.40498,0.99147,2.1406,0.000210476,0.000210476,0.000210476
213,758.465,0.92043,5.89904,0.33779,0.38882,0.9696,0.98968,0.72727,0.7925,0.49821,0.26268,0.18182,0.125,0.022,1.64361,8.35492,0.40465,1.08874,2.16331,0.000210051,0.000210051,0.000210051
214,762.009,0.99024,5.9095,0.34462,0.40471,0.96306,0.98968,0.72727,0.7925,0.49821,0.26268,0.18182,0.125,0.022,1.64361,8.35492,0.40465,1.08874,2.16331,0.000209627,0.000209627,0.000209627
215,765.56,0.83317,6.25695,0.37446,0.38972,0.99886,0.98772,0.72727,0.7925,0.4785,0.29862,0.18182,0.125,0.025,1.60477,8.37637,0.40347,1.05311,2.14361,0.000209203,0.000209203,0.000209203
216,769.107,0.84271,6.23021,0.33968,0.38149,1.02214,0.98346,0.72727,0.875,0.48603,0.30609,0.18182,0.125,0.02658,1.60314,8.40615,0.40439,1.07995,2.15627,0.000208779,0.000208779,0.000208779
217,772.648,0.97019,6.15162,0.35337,0.41933,0.93901,0.98346,0.72727,0.875,0.48603,0.30609,0.18182,0.125,0.02658,1.60314,8.40615,0.40439,1.07995,2.15627,0.000208354,0.000208354,0.000208354
218,776.203,0.80001,6.14465,0.32457,0.36913,1.03542,0.89908,0.81064,0.88864,0.47772,0.30232,0.18182,0.125,0.02658,1.67038,8.37972,0.40311,1.22511,2.1946,0.00020793,0.00020793,0.00020793
219,779.729,1.09086,6.91251,0.33697,0.44392,0.94234,0.89908,0.81064,0.88864,0.47772,0.30232,0.18182,0.125,0.02658,1.67038,8.37972,0.40311,1.22511,2.1946,0.000207506,0.000207506,0.000207506
220,783.276,1.08233,6.44676,0.34882,0.42502,0.91108,1,0.81515,0.905,0.4941,0.30212,0.18182,0.125,0.01408,1.68859,8.3893,0.4034,1.25258,2.18795,0.000207081,0.000207081,0.000207081
221,786.823,0.89461,6.15257,0.33643,0.39835,0.97077,1,0.81798,0.905,0.4986,0.30001,0.18182,0.125,0.01408,1.67467,8.34154,0.40298,1.22496,2.16767,0.000206657,0.000206657,0.000206657
222,790.357,0.99145,6.52451,0.31627,0.40904,0.93267,1,0.81798,0.905,0.4986,0.30001,0.18182,0.125,0.01408,1.67467,8.34154,0.40298,1.22496,2.16767,0.000206233,0.000206233,0.000206233
223,793.909,0.78354,6.78573,0.33024,0.37799,0.95385,0.99192,0.90909,0.905,0.4986,0.29268,0.18182,0.0775,0.00775,1.68381,8.33412,0.40161,1.24444,2.1965,0.000205809,0.000205809,0.000205809
224,797.455,1.04526,6.44858,0.31098,0.413,0.94254,0.90774,0.89556,0.88864,0.50335,0.29541,0.18182,0.0775,0.00775,1.65868,8.16048,0.39792,1.24666,2.21051,0.000205384,0.000205384,0.000205384
225,800.992,0.8049,5.77738,0.32461,0.37348,1.00873,0.90774,0.89556,0.88864,0.50335,0.29541,0.18182,0.0775,0.00775,1.65868,8.16048,0.39792,1.24666,2.21051,0.00020496,0.00020496,0.00020496
226,804.535,0.81726,5.90908,0.33128,0.37924,0.93849,0.89358,0.81818,0.881,0.51368,0.29184,0.18182,0.06167,0.01233,1.64518,8.11553,0.39788,1.22243,2.2227,0.000204536,0.000204536,0.000204536
227,808.076,0.94041,6.13771,0.33693,0.40257,0.87705,0.89358,0.81818,0.881,0.51368,0.29184,0.18182,0.06167,0.01233,1.64518,8.11553,0.39788,1.22243,2.2227,0.000204111,0.000204111,0.000204111
228,811.632,0.91167,6.13084,0.35118,0.39407,0.89969,0.86105,0.81818,0.87029,0.50756,0.44602,0.27273,0.2,0.02933,1.6335,8.17623,0.39689,1.25781,2.20249,0.000203687,0.000203687,0.000203687
229,815.612,0.93744,6.19588,0.32119,0.42035,0.91654,0.95955,0.72727,0.87523,0.4913,0.27405,0.18182,0.06167,0.0155,1.62554,8.40859,0.39809,1.28493,2.18678,0.000203263,0.000203263,0.000203263
230,819.164,0.71907,6.16508,0.29745,0.37965,1.0388,0.95955,0.72727,0.87523,0.4913,0.27405,0.18182,0.06167,0.0155,1.62554,8.40859,0.39809,1.28493,2.18678,0.000202839,0.000202839,0.000202839
231,822.722,0.79818,6.62631,0.31878,0.36755,0.93593,0.84376,0.81818,0.87029,0.48568,0.24551,0.18182,0.07321,0.02414,1.6342,8.4875,0.39897,1.26322,2.19844,0.000202414,0.000202414,0.000202414
232,826.277,0.88599,6.34636,0.33853,0.41424,1.04368,0.99368,0.81818,0.875,0.48186,0.2282,0.09091,0.0475,0.01425,1.61351,8.41492,0.3994,1.28365,2.17368,0.00020199,0.00020199,0.00020199
233,829.812,0.99307,5.75043,0.31963,0.42034,0.94856,0.99368,0.81818,0.875,0.48186,0.2282,0.09091,0.0475,0.01425,1.61351,8.41492,0.3994,1.28365,2.17368,0.000201566,0.000201566,0.000201566
234,833.356,0.7291,6.39219,0.31527,0.37443,1.00817,0.9721,0.81818,0.875,0.48921,0.46203,0.18182,0.185,0.028,1.59326,8.27987,0.39817,1.27309,2.15679,0.000201141,0.000201141,0.000201141
235,836.908,0.77728,5.90124,0.33818,0.39224,1.04728,0.9721,0.81818,0.875,0.48921,0.46203,0.18182,0.185,0.028,1.59326,8.27987,0.39817,1.27309,2.15679,0.000200717,0.000200717,0.000200717
236,840.457,0.90163,5.82849,0.32556,0.40451,0.91351,0.96559,0.81818,0.875,0.5006,0.4624,0.18182,0.185,0.037,1.57517,8.25136,0.3941,1.20885,2.16831,0.000200293,0.000200293,0.000200293
237,844.43,0.9502,6.54162,0.35687,0.39349,0.93739,0.89113,0.81818,0.87929,0.50998,0.46827,0.18182,0.185,0.037,1.57638,8.38057,0.39398,1.28184,2.18494,0.000199869,0.000199869,0.000199869
238,848.406,0.91019,5.73017,0.3569,0.39718,0.95911,0.89113,0.81818,0.87929,0.50998,0.46827,0.18182,0.185,0.037,1.57638,8.38057,0.39398,1.28184,2.18494,0.000199444,0.000199444,0.000199444
239,852.35,0.77793,6.00501,0.32896,0.37038,1.03635,0.76038,0.86724,0.8515,0.4602,0.46907,0.18182,0.185,0.0185,1.66277,8.58523,0.39585,1.47315,2.21808,0.00019902,0.00019902,0.00019902
240,855.895,0.80184,6.05508,0.33165,0.38091,0.98178,0.75816,0.85677,0.8515,0.43437,0.46789,0.18182,0.185,0.0185,1.68312,8.71731,0.39938,1.46311,2.21783,0.000198596,0.000198596,0.000198596
241,859.439,0.93192,6.66765,0.34457,0.39589,0.97283,0.75816,0.85677,0.8515,0.43437,0.46789,0.18182,0.185,0.0185,1.68312,8.71731,0.39938,1.46311,2.21783,0.000198171,0.000198171,0.000198171
242,862.955,0.93975,6.31039,0.3576,0.4092,0.90832,0.92109,0.72727,0.87029,0.4748,0.47018,0.18182,0.185,0.028,1.69007,8.61924,0.39662,1.41025,2.26039,0.000197747,0.000197747,0.000197747
243,866.5,0.92294,5.56757,0.34496,0.40812,0.89721,0.92109,0.72727,0.87029,0.4748,0.47018,0.18182,0.185,0.028,1.69007,8.61924,0.39662,1.41025,2.26039,0.000197323,0.000197323,0.000197323
244,870.052,0.99385,6.09324,0.33749,0.41973,0.89336,0.94218,0.81818,0.87929,0.48519,0.46451,0.18182,0.185,0.028,1.6685,8.415,0.39787,1.2394,2.29461,0.000196899,0.000196899,0.000196899
245,873.6,0.8851,6.34883,0.36028,0.3941,0.9287,0.90601,0.87825,0.89682,0.51232,0.46215,0.18182,0.185,0.028,1.65814,8.31199,0.39875,1.12827,2.2719,0.000196474,0.000196474,0.000196474
246,877.15,1.08562,6.38664,0.33878,0.43992,0.8418,0.90601,0.87825,0.89682,0.51232,0.46215,0.18182,0.185,0.028,1.65814,8.31199,0.39875,1.12827,2.2719,0.00019605,0.00019605,0.00019605
247,880.702,0.8529,5.86477,0.33877,0.37049,1.02591,1,0.80817,0.89682,0.4922,0.46277,0.18182,0.185,0.028,1.6382,8.29271,0.39927,1.04811,2.22867,0.000195626,0.000195626,0.000195626
248,884.255,0.87985,5.75042,0.3332,0.39834,0.87996,0.9428,0.81818,0.89682,0.48283,0.46224,0.18182,0.185,0.037,1.65677,8.28943,0.39906,1.08417,2.22571,0.000195201,0.000195201,0.000195201
249,887.795,0.89108,6.40104,0.32707,0.40116,1.06222,0.9428,0.81818,0.89682,0.48283,0.46224,0.18182,0.185,0.037,1.65677,8.28943,0.39906,1.08417,2.22571,0.000194777,0.000194777,0.000194777
250,891.339,1.23359,5.84633,0.33816,0.44948,0.90428,0.94263,0.81818,0.89682,0.48379,0.46201,0.18182,0.185,0.037,1.64021,8.36637,0.39776,1.12588,2.18504,0.000194353,0.000194353,0.000194353
251,894.889,0.82416,6.05663,0.32506,0.38622,0.94764,0.94263,0.81818,0.89682,0.48379,0.46201,0.18182,0.185,0.037,1.64021,8.36637,0.39776,1.12588,2.18504,0.000193929,0.000193929,0.000193929
252,898.435,1.0084,6.20744,0.34926,0.40894,0.95826,1,0.80722,0.89682,0.47929,0.4574,0.18182,0.185,0.02325,1.61517,8.37806,0.39466,1.18014,2.15971,0.000193504,0.000193504,0.000193504
253,901.996,0.93431,5.94864,0.31226,0.39255,0.83227,0.90782,0.8964,0.89682,0.50261,0.4099,0.27273,0.22357,0.02711,1.58997,8.32656,0.39074,1.19644,2.15677,0.00019308,0.00019308,0.00019308
254,905.541,1.06832,6.37137,0.33625,0.4172,0.9029,0.90782,0.8964,0.89682,0.50261,0.4099,0.27273,0.22357,0.02711,1.58997,8.32656,0.39074,1.19644,2.15677,0.000192656,0.000192656,0.000192656
255,909.107,0.92802,6.31483,0.34425,0.41426,0.93918,0.90598,0.87797,0.88864,0.51489,0.44795,0.18182,0.185,0.0185,1.58314,8.3455,0.39153,1.2171,2.14219,0.000192231,0.000192231,0.000192231
256,912.672,0.92045,5.99096,0.36384,0.42241,0.93278,0.86861,0.81818,0.86623,0.49075,0.44852,0.18182,0.185,0.0185,1.56212,8.34208,0.38989,1.19268,2.11719,0.000191807,0.000191807,0.000191807
257,916.229,0.97737,5.91256,0.31785,0.39265,0.90335,0.86861,0.81818,0.86623,0.49075,0.44852,0.18182,0.185,0.0185,1.56212,8.34208,0.38989,1.19268,2.11719,0.000191383,0.000191383,0.000191383
258,919.787,0.84015,5.87603,0.34033,0.37211,0.91534,0.82998,0.88895,0.872,0.4823,0.22847,0.09091,0.0475,0.0095,1.57811,8.37614,0.39475,1.21699,2.14388,0.000190959,0.000190959,0.000190959
259,923.34,0.80279,5.73882,0.34777,0.36994,0.93814,0.82998,0.88895,0.872,0.4823,0.22847,0.09091,0.0475,0.0095,1.57811,8.37614,0.39475,1.21699,2.14388,0.000190534,0.000190534,0.000190534
260,926.895,0.85774,5.85914,0.35579,0.384,0.92483,0.88342,0.81818,0.85325,0.4455,0.23744,0.09091,0.0475,0.0095,1.64788,8.49393,0.40216,1.26695,2.18492,0.00019011,0.00019011,0.00019011
261,930.463,0.98364,6.50393,0.32672,0.41087,0.95846,0.88455,0.81818,0.84994,0.43429,0.24115,0.09091,0.0475,0.01425,1.69144,8.54905,0.40674,1.32107,2.21916,0.000189686,0.000189686,0.000189686
262,934.028,1.01385,6.5578,0.323,0.3968,0.87697,0.88455,0.81818,0.84994,0.43429,0.24115,0.09091,0.0475,0.01425,1.69144,8.54905,0.40674,1.32107,2.21916,0.000189261,0.000189261,0.000189261
263,937.578,1.12576,6.27615,0.33471,0.41655,0.84385,0.87836,0.81818,0.85325,0.45043,0.23183,0.09091,0.0475,0.0095,1.67477,8.46311,0.40735,1.27611,2.2026,0.000188837,0.000188837,0.000188837
264,941.123,0.94084,6.07217,0.34239,0.38479,0.92746,0.88107,0.81818,0.87029,0.46774,0.23118,0.09091,0.0475,0.01425,1.6277,8.35585,0.40867,1.20037,2.1671,0.000188413,0.000188413,0.000188413
265,944.653,0.81784,6.08674,0.32592,0.38092,0.96335,0.88107,0.81818,0.87029,0.46774,0.23118,0.09091,0.0475,0.01425,1.6277,8.35585,0.40867,1.20037,2.1671,0.000187989,0.000187989,0.000187989
266,948.214,0.8158,6.83972,0.32544,0.36356,0.94059,0.889,0.81818,0.866,0.46132,0.22101,0.09091,0.03167,0.01267,1.63858,8.14168,0.40827,1.18702,2.18057,0.000187564,0.000187564,0.000187564
267,951.761,0.85494,5.70137,0.3361,0.37072,0.96772,0.889,0.81818,0.866,0.46132,0.22101,0.09091,0.03167,0.01267,1.63858,8.14168,0.40827,1.18702,2.18057,0.00018714,0.00018714,0.00018714
268,955.313,0.87266,6.22958,0.31008,0.38522,0.92897,0.8997,0.8157,0.87523,0.48133,0.40468,0.18182,0.0925,0.01558,1.59981,8.09257,0.40852,1.2005,2.11941,0.000186716,0.000186716,0.000186716
269,958.866,0.88714,6.14475,0.31629,0.39411,1.01588,0.89944,0.81362,0.866,0.47865,0.41738,0.18182,0.0925,0.01558,1.60962,8.09328,0.40813,1.22875,2.10795,0.000186291,0.000186291,0.000186291
270,962.413,0.9133,6.44833,0.30838,0.39318,0.9436,0.89944,0.81362,0.866,0.47865,0.41738,0.18182,0.0925,0.01558,1.60962,8.09328,0.40813,1.22875,2.10795,0.000185867,0.000185867,0.000185867
271,964.564,0.85026,6.72355,0.33129,0.38885,0.90883,0.89912,0.81097,0.86129,0.48668,0.22383,0.09091,0.03167,0.0095,1.67913,8.2311,0.41297,1.26048,2.17171,0.000185443,0.000185443,0.000185443
272,965.862,0.89993,5.73863,0.32452,0.38538,0.85728,0.88141,0.72727,0.80362,0.44282,0.23355,0.09091,0.0475,0.019,1.68113,8.34672,0.41942,1.21552,2.13889,0.000185019,0.000185019,0.000185019
273,967.145,0.81214,5.79607,0.33061,0.37344,0.92608,0.88141,0.72727,0.80362,0.44282,0.23355,0.09091,0.0475,0.019,1.68113,8.34672,0.41942,1.21552,2.13889,0.000184594,0.000184594,0.000184594
274,968.442,1.06815,5.83005,0.34206,0.4101,0.8699,0.88052,0.72727,0.73182,0.40912,0.49711,0.18182,0.185,0.03275,1.6916,8.46398,0.42665,1.23264,2.14587,0.00018417,0.00018417,0.00018417
275,969.728,0.89764,6.09547,0.32871,0.39243,0.98909,0.88052,0.72727,0.73182,0.40912,0.49711,0.18182,0.185,0.03275,1.6916,8.46398,0.42665,1.23264,2.14587,0.000183746,0.000183746,0.000183746
276,971.009,0.89697,6.17668,0.34368,0.39081,1.03981,0.88042,0.72727,0.73182,0.40045,0.49446,0.18182,0.185,0.04175,1.74044,8.4902,0.42917,1.28257,2.18698,0.000183321,0.000183321,0.000183321
277,972.307,0.90665,6.17213,0.35506,0.38899,0.92846,0.87971,0.72727,0.695,0.3935,0.48269,0.18182,0.185,0.04175,1.77882,8.43103,0.42873,1.27633,2.22734,0.000182897,0.000182897,0.000182897
278,973.61,0.80506,5.80703,0.35902,0.37738,0.95868,0.87971,0.72727,0.695,0.3935,0.48269,0.18182,0.185,0.04175,1.77882,8.43103,0.42873,1.27633,2.22734,0.000182473,0.000182473,0.000182473
279,974.897,0.83843,5.71821,0.33406,0.38719,0.90521,0.87395,0.72727,0.8158,0.43709,0.47908,0.18182,0.185,0.037,1.77634,8.34844,0.42505,1.14182,2.24748,0.000182049,0.000182049,0.000182049
280,976.189,0.95599,6.12332,0.33547,0.38023,0.91461,0.86735,0.72727,0.81911,0.42747,0.66837,0.27273,0.2525,0.03,1.75821,8.28137,0.42168,1.06998,2.24128,0.000181624,0.000181624,0.000181624
281,977.469,0.92965,5.71374,0.29796,0.38587,0.88176,0.86735,0.72727,0.81911,0.42747,0.66837,0.27273,0.2525,0.03,1.75821,8.28137,0.42168,1.06998,2.24128,0.0001812,0.0001812,0.0001812
282,978.782,0.99578,6.15531,0.34173,0.417,0.92679,0.85856,0.72727,0.82088,0.42839,0.66315,0.27273,0.2525,0.04375,1.74245,8.2666,0.41864,1.05967,2.24227,0.000180776,0.000180776,0.000180776
283,980.061,0.97859,6.19349,0.31429,0.40125,0.92424,0.85856,0.72727,0.82088,0.42839,0.66315,0.27273,0.2525,0.04375,1.74245,8.2666,0.41864,1.05967,2.24227,0.000180351,0.000180351,0.000180351
284,981.337,0.75166,5.58634,0.33873,0.36405,0.85409,0.86373,0.72727,0.814,0.42441,0.67423,0.27273,0.2525,0.04375,1.73492,8.33213,0.41726,1.1065,2.25172,0.000179927,0.000179927,0.000179927
285,982.573,1.05788,5.44782,0.34956,0.40485,0.87709,0.87958,0.72727,0.7925,0.40323,0.47922,0.18182,0.185,0.0465,1.75396,8.39975,0.41818,1.14701,2.28358,0.000179503,0.000179503,0.000179503
286,983.805,0.82327,5.28793,0.3108,0.36103,0.90366,0.87958,0.72727,0.7925,0.40323,0.47922,0.18182,0.185,0.0465,1.75396,8.39975,0.41818,1.14701,2.28358,0.000179079,0.000179079,0.000179079
287,985.051,0.83644,5.76191,0.31301,0.36079,0.85907,0.88184,0.72727,0.79782,0.42169,0.48286,0.18182,0.185,0.0465,1.76013,8.4116,0.41519,1.17425,2.3144,0.000178654,0.000178654,0.000178654
288,986.305,0.79385,5.78219,0.31895,0.36824,1.02534,0.81496,0.80208,0.82464,0.41184,0.48509,0.18182,0.185,0.0555,1.76496,8.36782,0.41292,1.16933,2.36355,0.00017823,0.00017823,0.00017823
289,987.556,0.85312,5.97134,0.31796,0.38305,0.88272,0.81496,0.80208,0.82464,0.41184,0.48509,0.18182,0.185,0.0555,1.76496,8.36782,0.41292,1.16933,2.36355,0.000177806,0.000177806,0.000177806
290,988.831,0.84917,5.9467,0.32288,0.37715,0.90126,0.78765,0.81818,0.82955,0.42382,0.48624,0.18182,0.185,0.0465,1.73864,8.27929,0.40901,1.12775,2.40326,0.000177381,0.000177381,0.000177381
291,990.129,0.90099,6.24477,0.34737,0.38737,0.8612,0.78765,0.81818,0.82955,0.42382,0.48624,0.18182,0.185,0.0465,1.73864,8.27929,0.40901,1.12775,2.40326,0.000176957,0.000176957,0.000176957
292,991.423,0.88938,5.38827,0.32777,0.37828,0.89406,0.89657,0.81818,0.83986,0.45546,0.48292,0.18182,0.185,0.0465,1.77268,8.08485,0.40389,1.17638,2.49043,0.000176533,0.000176533,0.000176533
293,992.704,0.87943,5.55646,0.35489,0.37092,0.93204,0.88702,0.81818,0.842,0.45966,0.48004,0.18182,0.185,0.04175,1.73068,8.04957,0.39908,1.14169,2.45208,0.000176109,0.000176109,0.000176109
294,993.951,0.84332,5.80718,0.34048,0.35292,0.9421,0.88702,0.81818,0.842,0.45966,0.48004,0.18182,0.185,0.04175,1.73068,8.04957,0.39908,1.14169,2.45208,0.000175684,0.000175684,0.000175684
295,995.225,0.76996,5.28286,0.32612,0.36007,0.94351,0.79904,0.81818,0.82513,0.45455,0.47848,0.18182,0.185,0.04175,1.68123,7.98806,0.39901,1.13847,2.38228,0.00017526,0.00017526,0.00017526
296,996.508,0.86778,5.59179,0.31749,0.36104,0.88223,0.8128,0.79125,0.82727,0.45963,0.4891,0.18182,0.185,0.0465,1.7035,7.9977,0.40007,1.1738,2.4087,0.000174836,0.000174836,0.000174836
297,997.779,0.91301,5.85954,0.31795,0.36776,0.88987,0.8128,0.79125,0.82727,0.45963,0.4891,0.18182,0.185,0.0465,1.7035,7.9977,0.40007,1.1738,2.4087,0.000174411,0.000174411,0.000174411
298,999.063,0.80136,5.75513,0.3434,0.37389,0.96539,0.74161,0.81818,0.8195,0.46108,0.52282,0.18182,0.185,0.0555,1.66959,8.02826,0.40097,1.19383,2.36081,0.000173987,0.000173987,0.000173987
299,1000.35,0.75894,5.98077,0.32494,0.35499,0.90151,0.74161,0.81818,0.8195,0.46108,0.52282,0.18182,0.185,0.0555,1.66959,8.02826,0.40097,1.19383,2.36081,0.000173563,0.000173563,0.000173563
300,1001.64,0.81482,5.70937,0.30297,0.36282,0.8874,0.74459,0.81818,0.82536,0.45629,0.55764,0.18182,0.185,0.037,1.6362,8.08665,0.40433,1.18855,2.30443,0.000173139,0.000173139,0.000173139
301,1002.92,0.82688,5.72025,0.30625,0.34738,0.88778,0.81419,0.81818,0.83364,0.45986,0.54323,0.18182,0.185,0.037,1.60325,8.10478,0.40591,1.22623,2.23369,0.000172714,0.000172714,0.000172714
302,1004.19,0.92451,5.8614,0.31271,0.37868,0.81462,0.81419,0.81818,0.83364,0.45986,0.54323,0.18182,0.185,0.037,1.60325,8.10478,0.40591,1.22623,2.23369,0.00017229,0.00017229,0.00017229
303,1005.47,0.81336,5.82937,0.32892,0.37126,0.8926,0.81404,0.79748,0.81149,0.49073,0.51931,0.18182,0.185,0.037,1.56305,8.01802,0.40456,1.18936,2.16748,0.000171866,0.000171866,0.000171866
304,1006.76,0.87688,5.34795,0.32362,0.38529,0.88903,0.81795,0.81818,0.82364,0.49948,0.4936,0.18182,0.185,0.0375,1.5308,7.95304,0.40362,1.16413,2.12481,0.000171441,0.000171441,0.000171441
305,1008.05,0.88656,5.57649,0.33422,0.36136,0.91269,0.81795,0.81818,0.82364,0.49948,0.4936,0.18182,0.185,0.0375,1.5308,7.95304,0.40362,1.16413,2.12481,0.000171017,0.000171017,0.000171017
306,1009.36,0.71636,5.92037,0.31986,0.34464,0.96038,0.81009,0.81818,0.82864,0.49598,0.4895,0.18182,0.185,0.028,1.515,7.94536,0.40329,1.14241,2.11215,0.000170593,0.000170593,0.000170593
307,1010.64,0.88352,5.57826,0.32617,0.40839,0.91846,0.81009,0.81818,0.82864,0.49598,0.4895,0.18182,0.185,0.028,1.515,7.94536,0.40329,1.14241,2.11215,0.000170169,0.000170169,0.000170169
308,1011.95,0.87033,5.64539,0.32552,0.36772,0.83861,0.80733,0.81818,0.82864,0.48637,0.49418,0.18182,0.185,0.028,1.54146,7.94084,0.40498,1.16001,2.16058,0.000169744,0.000169744,0.000169744
309,1013.25,0.88605,5.74584,0.30524,0.36505,0.8823,0.89962,0.81818,0.83525,0.47318,0.35314,0.27273,0.22357,0.03186,1.54066,7.9911,0.40786,1.29867,2.15411,0.00016932,0.00016932,0.00016932
310,1014.52,1.03718,5.30583,0.31655,0.40269,0.89475,0.89962,0.81818,0.83525,0.47318,0.35314,0.27273,0.22357,0.03186,1.54066,7.9911,0.40786,1.29867,2.15411,0.000168896,0.000168896,0.000168896
311,1015.81,0.99378,5.49372,0.33526,0.37817,0.82309,0.89982,0.81668,0.83194,0.51122,0.35945,0.27273,0.21875,0.03138,1.55254,8.0289,0.40815,1.38404,2.15131,0.000168471,0.000168471,0.000168471
312,1017.1,1.03204,5.83029,0.30961,0.4088,0.97536,0.89161,0.81818,0.83525,0.48976,0.36509,0.27273,0.21875,0.03138,1.58204,8.03313,0.40648,1.3684,2.17472,0.000168047,0.000168047,0.000168047
313,1018.39,0.82736,5.83927,0.31994,0.36557,0.91594,0.89161,0.81818,0.83525,0.48976,0.36509,0.27273,0.21875,0.03138,1.58204,8.03313,0.40648,1.3684,2.17472,0.000167623,0.000167623,0.000167623
314,1019.66,0.86184,5.56834,0.32473,0.35756,0.86126,0.89106,0.81818,0.83194,0.49214,0.62846,0.18182,0.185,0.028,1.56538,7.86236,0.40656,1.26847,2.15506,0.000167199,0.000167199,0.000167199
315,1021.04,0.82595,5.30534,0.3226,0.36437,0.86384,0.89106,0.81818,0.83194,0.49214,0.62846,0.18182,0.185,0.028,1.56538,7.86236,0.40656,1.26847,2.15506,0.000166774,0.000166774,0.000166774
316,1022.32,0.78682,5.19511,0.30371,0.35884,0.88338,0.89113,0.81818,0.83194,0.49456,0.5188,0.18182,0.185,0.03275,1.5814,7.75947,0.40515,1.25748,2.18371,0.00016635,0.00016635,0.00016635
317,1023.6,0.81649,5.49971,0.30281,0.34984,0.83918,0.89215,0.81818,0.824,0.48649,0.35645,0.27273,0.21875,0.04988,1.57031,7.73881,0.40472,1.27244,2.17907,0.000165926,0.000165926,0.000165926
318,1024.88,0.84197,5.61448,0.30121,0.35903,0.87101,0.89215,0.81818,0.824,0.48649,0.35645,0.27273,0.21875,0.04988,1.57031,7.73881,0.40472,1.27244,2.17907,0.000165501,0.000165501,0.000165501
319,1026.19,0.907,5.25822,0.30559,0.37995,0.89218,0.89669,0.81818,0.81362,0.47408,0.35119,0.27273,0.21875,0.04988,1.60862,7.75891,0.40279,1.31034,2.19611,0.000165077,0.000165077,0.000165077
320,1027.47,0.8599,5.32295,0.29305,0.37659,0.91502,0.88995,0.81818,0.797,0.50108,0.39754,0.27273,0.22357,0.05986,1.62202,7.78716,0.40145,1.34794,2.18562,0.000164653,0.000164653,0.000164653
321,1029.16,0.78855,5.10075,0.29872,0.33659,0.92412,0.88995,0.81818,0.797,0.50108,0.39754,0.27273,0.22357,0.05986,1.62202,7.78716,0.40145,1.34794,2.18562,0.000164229,0.000164229,0.000164229
322,1030.88,0.8209,5.21579,0.33193,0.36071,0.92201,0.88938,0.81818,0.797,0.49126,0.36533,0.27273,0.22357,0.07271,1.61381,7.84729,0.40094,1.43516,2.16966,0.000163804,0.000163804,0.000163804
323,1032.59,0.98281,5.55394,0.32757,0.38107,0.87968,0.88938,0.81818,0.797,0.49126,0.36533,0.27273,0.22357,0.07271,1.61381,7.84729,0.40094,1.43516,2.16966,0.00016338,0.00016338,0.00016338
324,1034.32,0.8582,5.94333,0.33209,0.3642,0.84258,0.80766,0.81818,0.78905,0.47784,0.31657,0.27273,0.215,0.0615,1.61385,7.81445,0.39779,1.38897,2.15727,0.000162956,0.000162956,0.000162956
325,1035.64,0.77773,5.62345,0.31696,0.35915,0.94313,0.88949,0.81818,0.82713,0.49857,0.34925,0.27273,0.21875,0.05937,1.61224,7.75408,0.39545,1.32931,2.15744,0.000162531,0.000162531,0.000162531
326,1036.94,0.92013,5.2646,0.29627,0.378,0.8686,0.88949,0.81818,0.82713,0.49857,0.34925,0.27273,0.21875,0.05937,1.61224,7.75408,0.39545,1.32931,2.15744,0.000162107,0.000162107,0.000162107
327,1038.24,0.83721,5.32659,0.31788,0.3616,0.94735,0.89385,0.81818,0.847,0.48943,0.60018,0.18182,0.185,0.056,1.579,7.68387,0.39257,1.22058,2.1483,0.000161683,0.000161683,0.000161683
328,1039.55,0.85179,5.45082,0.32273,0.36174,0.8764,0.89478,0.81818,0.85337,0.47366,0.53868,0.18182,0.185,0.056,1.56473,7.62992,0.38988,1.17256,2.16393,0.000161259,0.000161259,0.000161259
329,1040.85,0.76379,5.25924,0.30565,0.33185,0.84778,0.89478,0.81818,0.85337,0.47366,0.53868,0.18182,0.185,0.056,1.56473,7.62992,0.38988,1.17256,2.16393,0.000160834,0.000160834,0.000160834
330,1042.18,0.94502,5.31147,0.32098,0.40168,0.84309,0.89894,0.81818,0.86225,0.48139,0.52174,0.18182,0.185,0.056,1.55477,7.64131,0.39116,1.14033,2.16335,0.00016041,0.00016041,0.00016041
331,1043.49,0.83905,5.57001,0.31324,0.34842,0.8239,0.89894,0.81818,0.86225,0.48139,0.52174,0.18182,0.185,0.056,1.55477,7.64131,0.39116,1.14033,2.16335,0.000159986,0.000159986,0.000159986
332,1044.8,0.84384,5.43229,0.3167,0.3633,0.95594,0.89867,0.80728,0.87029,0.49943,0.51555,0.18182,0.185,0.0655,1.56319,7.67436,0.39133,1.17481,2.16494,0.000159561,0.000159561,0.000159561
333,1046.53,0.76586,5.47315,0.31709,0.34674,0.95312,0.98707,0.72727,0.86292,0.51079,0.52462,0.18182,0.185,0.047,1.59579,7.80403,0.39479,1.22139,2.16036,0.000159137,0.000159137,0.000159137
334,1047.82,0.8425,5.49173,0.34447,0.3674,0.92753,0.98707,0.72727,0.86292,0.51079,0.52462,0.18182,0.185,0.047,1.59579,7.80403,0.39479,1.22139,2.16036,0.000158713,0.000158713,0.000158713
335,1049.14,0.81883,5.23906,0.32273,0.36712,0.9062,1,0.72111,0.85679,0.52861,0.36266,0.27273,0.21875,0.05037,1.60374,7.9377,0.39488,1.28977,2.14567,0.000158289,0.000158289,0.000158289
336,1050.86,0.91846,4.88891,0.29653,0.37521,0.86455,0.89924,0.81195,0.85229,0.5053,0.3276,0.27273,0.215,0.059,1.56593,8.1291,0.39651,1.27267,2.09855,0.000157864,0.000157864,0.000157864
337,1052.15,0.78685,5.61192,0.33585,0.34304,0.84674,0.89924,0.81195,0.85229,0.5053,0.3276,0.27273,0.215,0.059,1.56593,8.1291,0.39651,1.27267,2.09855,0.00015744,0.00015744,0.00015744
338,1053.46,0.9279,5.54039,0.30527,0.36107,0.84342,0.89863,0.80697,0.839,0.49613,0.49447,0.18182,0.185,0.056,1.54411,8.2221,0.39746,1.26373,2.0768,0.000157016,0.000157016,0.000157016
339,1054.77,0.9194,5.64652,0.34851,0.37235,0.8365,0.89863,0.80697,0.839,0.49613,0.49447,0.18182,0.185,0.056,1.54411,8.2221,0.39746,1.26373,2.0768,0.000156591,0.000156591,0.000156591
340,1056.08,0.90485,5.77047,0.32227,0.37495,0.95035,0.79878,0.72227,0.77408,0.48257,0.48414,0.18182,0.185,0.047,1.5322,8.30586,0.39571,1.22349,2.07203,0.000156167,0.000156167,0.000156167
341,1057.39,0.85608,5.19121,0.30419,0.36969,0.87189,0.79799,0.71906,0.79556,0.47631,0.42195,0.18182,0.185,0.047,1.50953,8.24753,0.39605,1.18323,2.03794,0.000155743,0.000155743,0.000155743
342,1058.68,0.74252,5.43658,0.28956,0.33702,0.96007,0.79799,0.71906,0.79556,0.47631,0.42195,0.18182,0.185,0.047,1.50953,8.24753,0.39605,1.18323,2.03794,0.000155319,0.000155319,0.000155319
343,1059.98,1.02814,5.10235,0.346,0.38719,0.80947,0.79707,0.71529,0.79556,0.46986,0.38406,0.18182,0.185,0.0565,1.5525,8.12206,0.39543,1.15798,2.05894,0.000154894,0.000154894,0.000154894
344,1061.29,0.90294,5.5483,0.31551,0.35718,0.79832,0.85967,0.63636,0.72901,0.46086,0.38155,0.18182,0.185,0.0565,1.58789,8.01137,0.39184,1.18434,2.1058,0.00015447,0.00015447,0.00015447
345,1062.6,0.90801,5.03009,0.30657,0.38235,0.87858,0.85967,0.63636,0.72901,0.46086,0.38155,0.18182,0.185,0.0565,1.58789,8.01137,0.39184,1.18434,2.1058,0.000154046,0.000154046,0.000154046
346,1063.92,0.87476,5.42683,0.33549,0.37261,0.89462,0.86339,0.63636,0.73625,0.45144,0.38577,0.18182,0.185,0.066,1.60335,8.00993,0.39342,1.22478,2.12477,0.000153621,0.000153621,0.000153621
347,1065.18,0.70425,5.26196,0.30638,0.34853,0.89133,0.86339,0.63636,0.73625,0.45144,0.38577,0.18182,0.185,0.066,1.60335,8.00993,0.39342,1.22478,2.12477,0.000153197,0.000153197,0.000153197
348,1066.44,0.84818,4.97359,0.33263,0.34811,0.85036,0.86312,0.63636,0.78081,0.45356,0.40015,0.18182,0.185,0.066,1.53836,8.06075,0.3989,1.20186,2.018,0.000152773,0.000152773,0.000152773
349,1067.7,0.91209,5.06111,0.30636,0.36041,0.79417,0.86308,0.63636,0.7867,0.44608,0.45377,0.18182,0.185,0.0655,1.53018,8.08227,0.40244,1.22555,2.01331,0.000152349,0.000152349,0.000152349
350,1068.97,0.84806,5.26234,0.31103,0.35787,0.83599,0.86308,0.63636,0.7867,0.44608,0.45377,0.18182,0.185,0.0655,1.53018,8.08227,0.40244,1.22555,2.01331,0.000151924,0.000151924,0.000151924
351,1070.25,0.75258,4.45469,0.3039,0.3235,0.95852,0.79833,0.72046,0.74681,0.46784,0.46991,0.18182,0.185,0.0655,1.59749,8.01188,0.40625,1.23947,2.08108,0.0001515,0.0001515,0.0001515
352,1071.5,0.93048,5.38731,0.29567,0.36789,0.88571,0.79925,0.72727,0.76931,0.47684,0.46801,0.18182,0.185,0.0655,1.62855,7.94847,0.40793,1.23431,2.13068,0.000151076,0.000151076,0.000151076
353,1072.77,0.64981,5.06483,0.30171,0.32512,0.85721,0.79925,0.72727,0.76931,0.47684,0.46801,0.18182,0.185,0.0655,1.62855,7.94847,0.40793,1.23431,2.13068,0.000150651,0.000150651,0.000150651
354,1074.07,0.83366,5.02404,0.31027,0.3389,0.85377,0.88697,0.72727,0.77731,0.48594,0.4631,0.18182,0.185,0.0745,1.65376,7.96802,0.41054,1.27152,2.15693,0.000150227,0.000150227,0.000150227
355,1075.36,0.81536,5.545,0.3254,0.34103,0.821,0.88697,0.72727,0.77731,0.48594,0.4631,0.18182,0.185,0.0745,1.65376,7.96802,0.41054,1.27152,2.15693,0.000149803,0.000149803,0.000149803
356,1076.68,0.81296,5.0231,0.30554,0.33779,0.84646,0.88204,0.72727,0.77286,0.47236,0.46116,0.18182,0.185,0.0745,1.69086,7.9326,0.40866,1.30977,2.19644,0.000149379,0.000149379,0.000149379
357,1078,0.76241,4.96548,0.31477,0.35494,0.87415,0.95955,0.63636,0.75763,0.46959,0.46019,0.18182,0.185,0.084,1.7174,7.86,0.40923,1.36805,2.22016,0.000148954,0.000148954,0.000148954
358,1079.31,0.75053,5.19789,0.32971,0.3374,0.8941,0.95955,0.63636,0.75763,0.46959,0.46019,0.18182,0.185,0.084,1.7174,7.86,0.40923,1.36805,2.22016,0.00014853,0.00014853,0.00014853
359,1080.62,0.92843,5.10195,0.30404,0.39051,0.90276,0.88407,0.72727,0.77731,0.46573,0.56784,0.27273,0.239,0.0894,1.70273,7.8327,0.41196,1.33489,2.2074,0.000148106,0.000148106,0.000148106
360,1081.94,0.80494,4.71366,0.2974,0.34457,0.83311,0.88882,0.72727,0.78864,0.48023,0.56981,0.27273,0.239,0.0894,1.70599,7.81897,0.41065,1.42632,2.20547,0.000147681,0.000147681,0.000147681
361,1083.24,0.83598,5.27143,0.3004,0.34255,0.88621,0.88882,0.72727,0.78864,0.48023,0.56981,0.27273,0.239,0.0894,1.70599,7.81897,0.41065,1.42632,2.20547,0.000147257,0.000147257,0.000147257
362,1084.56,0.86033,5.07329,0.30006,0.36675,0.91753,0.89734,0.79641,0.838,0.4796,0.47107,0.18182,0.185,0.084,1.66775,7.81293,0.41051,1.35179,2.18145,0.000146833,0.000146833,0.000146833
363,1085.85,0.89036,5.21114,0.32319,0.35753,0.81663,0.89734,0.79641,0.838,0.4796,0.47107,0.18182,0.185,0.084,1.66775,7.81293,0.41051,1.35179,2.18145,0.000146409,0.000146409,0.000146409
364,1087.15,0.80594,4.7683,0.31186,0.35453,0.85684,0.898,0.80183,0.83525,0.46755,0.4669,0.18182,0.185,0.093,1.61343,7.80257,0.40949,1.29342,2.15674,0.000145984,0.000145984,0.000145984
365,1088.47,0.88545,5.05196,0.29057,0.36867,0.84595,0.89895,0.80962,0.83194,0.45796,0.46471,0.18182,0.185,0.084,1.6157,7.75484,0.40738,1.28085,2.17085,0.00014556,0.00014556,0.00014556
366,1089.79,0.60181,4.72952,0.29058,0.32408,0.89501,0.89895,0.80962,0.83194,0.45796,0.46471,0.18182,0.185,0.084,1.6157,7.75484,0.40738,1.28085,2.17085,0.000145136,0.000145136,0.000145136
367,1091.09,0.80498,5.30783,0.32906,0.35156,0.85464,0.88671,0.81818,0.82625,0.45619,0.44811,0.18182,0.185,0.075,1.59809,7.75039,0.40532,1.25625,2.15216,0.000144711,0.000144711,0.000144711
368,1092.39,0.89705,4.76295,0.33803,0.35576,0.85559,0.89884,0.81818,0.82,0.48346,0.46635,0.18182,0.185,0.075,1.60102,7.76037,0.40429,1.30769,2.13197,0.000144287,0.000144287,0.000144287
369,1093.69,0.94052,4.96411,0.3096,0.38748,0.96628,0.89884,0.81818,0.82,0.48346,0.46635,0.18182,0.185,0.075,1.60102,7.76037,0.40429,1.30769,2.13197,0.000143863,0.000143863,0.000143863
370,1094.99,0.77551,4.69629,0.33383,0.33091,0.84021,0.88836,0.72383,0.779,0.4693,0.47186,0.18182,0.185,0.075,1.58705,7.82283,0.40511,1.37133,2.09072,0.000143439,0.000143439,0.000143439
371,1096.28,0.88434,5.03104,0.31693,0.35015,0.87874,0.88836,0.72383,0.779,0.4693,0.47186,0.18182,0.185,0.075,1.58705,7.82283,0.40511,1.37133,2.09072,0.000143014,0.000143014,0.000143014
372,1097.59,0.82468,4.61313,0.2923,0.36513,0.83132,0.88741,0.71756,0.779,0.4793,0.47819,0.18182,0.185,0.075,1.63264,7.85802,0.4049,1.4896,2.1237,0.00014259,0.00014259,0.00014259
373,1098.88,0.87743,4.65768,0.32835,0.35291,0.78594,0.88713,0.71579,0.797,0.4787,0.47496,0.18182,0.185,0.0845,1.65639,7.78557,0.40309,1.588,2.13816,0.000142166,0.000142166,0.000142166
374,1100.18,0.97334,5.2137,0.31277,0.37238,0.83265,0.88713,0.71579,0.797,0.4787,0.47496,0.18182,0.185,0.0845,1.65639,7.78557,0.40309,1.588,2.13816,0.000141741,0.000141741,0.000141741
375,1101.48,0.7662,5.46397,0.31438,0.34932,0.8205,0.98806,0.63636,0.715,0.47793,0.46993,0.18182,0.185,0.0845,1.6101,7.73612,0.40252,1.53805,2.10979,0.000141317,0.000141317,0.000141317
376,1102.78,0.92739,4.25152,0.32875,0.35689,0.80195,1,0.71821,0.725,0.47187,0.46514,0.18182,0.185,0.0845,1.58143,7.76204,0.40307,1.46895,2.0972,0.000140893,0.000140893,0.000140893
377,1104.07,1.01105,4.96822,0.33257,0.38803,0.82912,1,0.71821,0.725,0.47187,0.46514,0.18182,0.185,0.0845,1.58143,7.76204,0.40307,1.46895,2.0972,0.000140469,0.000140469,0.000140469
378,1105.35,0.79222,5.11119,0.32645,0.34209,0.80537,1,0.72222,0.725,0.46512,0.46557,0.18182,0.185,0.075,1.54816,7.77101,0.40007,1.3078,2.05381,0.000140044,0.000140044,0.000140044
379,1106.64,0.86154,4.91108,0.29369,0.34251,0.87918,1,0.72222,0.725,0.46512,0.46557,0.18182,0.185,0.075,1.54816,7.77101,0.40007,1.3078,2.05381,0.00013962,0.00013962,0.00013962
380,1107.95,0.86454,4.83032,0.30052,0.35644,0.86819,1,0.72609,0.806,0.47322,0.47237,0.18182,0.185,0.075,1.58074,7.82303,0.3986,1.27087,2.08765,0.000139196,0.000139196,0.000139196
381,1109.26,0.85088,4.41614,0.33618,0.34596,0.79865,0.99025,0.81818,0.815,0.49212,0.49352,0.18182,0.185,0.075,1.55698,7.78804,0.39805,1.26141,2.07695,0.000138771,0.000138771,0.000138771
382,1110.56,0.87853,4.73063,0.31777,0.34874,0.82187,0.99025,0.81818,0.815,0.49212,0.49352,0.18182,0.185,0.075,1.55698,7.78804,0.39805,1.26141,2.07695,0.000138347,0.000138347,0.000138347
383,1111.84,0.90694,4.86798,0.29911,0.35415,0.82073,0.97224,0.81818,0.815,0.50643,0.47784,0.18182,0.185,0.075,1.57461,7.7714,0.39734,1.28149,2.13329,0.000137923,0.000137923,0.000137923
384,1113.57,0.75076,4.77257,0.3305,0.36111,0.85982,0.97939,0.81818,0.815,0.494,0.60157,0.27273,0.275,0.084,1.63011,7.70887,0.39519,1.31948,2.21616,0.000137499,0.000137499,0.000137499
385,1114.86,0.90899,4.43002,0.30314,0.34975,0.82277,0.97939,0.81818,0.815,0.494,0.60157,0.27273,0.275,0.084,1.63011,7.70887,0.39519,1.31948,2.21616,0.000137074,0.000137074,0.000137074
386,1116.15,0.91234,4.52102,0.30769,0.36838,0.81118,1,0.81703,0.815,0.4996,0.59994,0.27273,0.275,0.084,1.67366,7.70864,0.39544,1.35174,2.23598,0.00013665,0.00013665,0.00013665
387,1117.87,0.8472,4.90149,0.30675,0.36452,0.90402,1,0.81703,0.815,0.4996,0.59994,0.27273,0.275,0.084,1.67366,7.70864,0.39544,1.35174,2.23598,0.000136226,0.000136226,0.000136226
388,1119.59,0.8672,5.06207,0.31933,0.37143,0.91591,0.87005,0.81818,0.779,0.48733,0.4697,0.18182,0.185,0.0845,1.65912,7.75184,0.39692,1.34825,2.22703,0.000135801,0.000135801,0.000135801
389,1120.89,0.71874,5.09516,0.32037,0.34326,0.85183,0.89877,0.80809,0.779,0.48813,0.48236,0.18182,0.185,0.0935,1.69146,7.78428,0.39456,1.38937,2.27963,0.000135377,0.000135377,0.000135377
390,1122.19,0.76783,4.74665,0.29315,0.32381,0.79312,0.89877,0.80809,0.779,0.48813,0.48236,0.18182,0.185,0.0935,1.69146,7.78428,0.39456,1.38937,2.27963,0.000134953,0.000134953,0.000134953
391,1123.49,0.81876,4.93385,0.30346,0.36273,0.89716,0.89655,0.78993,0.779,0.46254,0.48519,0.18182,0.185,0.084,1.73639,7.89558,0.39008,1.46225,2.3603,0.000134529,0.000134529,0.000134529
392,1124.79,0.95124,4.83067,0.34225,0.35774,0.81964,0.88825,0.72307,0.81149,0.46905,0.4815,0.18182,0.185,0.0745,1.73631,7.98905,0.38606,1.48464,2.37588,0.000134104,0.000134104,0.000134104
393,1126.09,0.83556,4.57505,0.32368,0.37757,0.85442,0.88825,0.72307,0.81149,0.46905,0.4815,0.18182,0.185,0.0745,1.73631,7.98905,0.38606,1.48464,2.37588,0.00013368,0.00013368,0.00013368
394,1127.38,0.82884,4.82073,0.29954,0.35246,0.84202,0.81691,0.81182,0.81364,0.45569,0.49111,0.18182,0.185,0.0655,1.71354,7.96601,0.3811,1.46099,2.37442,0.000133256,0.000133256,0.000133256
395,1128.68,0.74356,4.82013,0.30506,0.33211,0.8053,0.81691,0.81182,0.81364,0.45569,0.49111,0.18182,0.185,0.0655,1.71354,7.96601,0.3811,1.46099,2.37442,0.000132831,0.000132831,0.000132831
396,1129.99,0.71448,4.31443,0.29954,0.33012,0.84912,0.73855,0.81818,0.802,0.47803,0.47508,0.18182,0.185,0.075,1.67681,7.86286,0.37768,1.37414,2.35974,0.000132407,0.000132407,0.000132407
397,1131.29,0.88448,4.73696,0.32533,0.35499,0.78568,0.88537,0.70426,0.80987,0.47571,0.45339,0.18182,0.185,0.0845,1.65088,7.73811,0.37497,1.32782,2.35348,0.000131983,0.000131983,0.000131983
398,1132.58,0.78124,4.8674,0.32657,0.36039,0.95168,0.88537,0.70426,0.80987,0.47571,0.45339,0.18182,0.185,0.0845,1.65088,7.73811,0.37497,1.32782,2.35348,0.000131559,0.000131559,0.000131559
399,1133.87,0.7573,4.26581,0.30788,0.3317,0.8394,0.84071,0.81818,0.824,0.48643,0.43455,0.18182,0.185,0.0845,1.64444,7.61729,0.37522,1.26509,2.37396,0.000131134,0.000131134,0.000131134
400,1135.16,0.80363,4.76173,0.30192,0.33265,0.84508,0.79556,0.81818,0.76864,0.46759,0.56681,0.27273,0.239,0.0989,1.69073,7.57321,0.37549,1.29627,2.43547,0.00013071,0.00013071,0.00013071
401,1136.48,0.9482,4.83363,0.32826,0.36604,0.83869,0.79556,0.81818,0.76864,0.46759,0.56681,0.27273,0.239,0.0989,1.69073,7.57321,0.37549,1.29627,2.43547,0.000130286,0.000130286,0.000130286
402,1137.78,0.90107,4.66769,0.31139,0.35483,0.81135,0.80315,0.81818,0.76864,0.44941,0.53332,0.18182,0.185,0.0935,1.7093,7.62935,0.37759,1.33859,2.45557,0.000129861,0.000129861,0.000129861
403,1139.08,0.96521,4.45572,0.33021,0.36669,0.8105,0.80315,0.81818,0.76864,0.44941,0.53332,0.18182,0.185,0.0935,1.7093,7.62935,0.37759,1.33859,2.45557,0.000129437,0.000129437,0.000129437
404,1140.38,0.77348,5.03514,0.28995,0.3455,0.92321,0.88469,0.81818,0.779,0.45424,0.56375,0.18182,0.185,0.0935,1.70327,7.73525,0.38111,1.35109,2.43124,0.000129013,0.000129013,0.000129013
405,1141.67,0.75095,4.71411,0.30467,0.33142,0.88202,0.86479,0.81818,0.779,0.45304,0.57532,0.18182,0.185,0.0935,1.69454,7.78389,0.38045,1.36062,2.39882,0.000128589,0.000128589,0.000128589
406,1142.97,0.72542,4.61194,0.30294,0.34785,0.90201,0.86479,0.81818,0.779,0.45304,0.57532,0.18182,0.185,0.0935,1.69454,7.78389,0.38045,1.36062,2.39882,0.000128164,0.000128164,0.000128164
407,1144.29,0.78038,4.71037,0.29419,0.3447,0.88844,0.88744,0.81818,0.779,0.45664,0.57119,0.18182,0.185,0.084,1.68234,7.78781,0.38069,1.37461,2.35513,0.00012774,0.00012774,0.00012774
408,1145.59,0.78447,4.8639,0.30095,0.34244,0.9618,0.89918,0.81146,0.851,0.47595,0.53798,0.18182,0.185,0.084,1.67859,7.82228,0.38045,1.42278,2.34689,0.000127316,0.000127316,0.000127316
409,1146.91,1.02442,4.6466,0.2993,0.3989,0.78726,0.89918,0.81146,0.851,0.47595,0.53798,0.18182,0.185,0.084,1.67859,7.82228,0.38045,1.42278,2.34689,0.000126891,0.000126891,0.000126891
410,1148.23,0.9959,4.60634,0.30993,0.37989,0.85057,0.89801,0.80186,0.847,0.48883,0.46089,0.18182,0.185,0.084,1.68379,7.82517,0.38382,1.43539,2.29227,0.000126467,0.000126467,0.000126467
411,1149.54,0.76037,4.7441,0.28946,0.3317,0.87199,0.89801,0.80186,0.847,0.48883,0.46089,0.18182,0.185,0.084,1.68379,7.82517,0.38382,1.43539,2.29227,0.000126043,0.000126043,0.000126043
412,1150.85,1.02969,4.89793,0.30561,0.38478,0.79986,0.89808,0.80251,0.85894,0.49122,0.45275,0.18182,0.185,0.0745,1.67135,7.80002,0.38528,1.36789,2.25918,0.000125619,0.000125619,0.000125619
413,1152.16,0.70934,4.57772,0.29799,0.30301,0.90722,0.89802,0.80199,0.85325,0.47229,0.45792,0.18182,0.185,0.0745,1.72484,7.79735,0.38616,1.36868,2.29644,0.000125194,0.000125194,0.000125194
414,1153.47,0.92222,4.95777,0.31727,0.35552,0.85214,0.89802,0.80199,0.85325,0.47229,0.45792,0.18182,0.185,0.0745,1.72484,7.79735,0.38616,1.36868,2.29644,0.00012477,0.00012477,0.00012477
415,1154.77,0.63887,4.14929,0.32879,0.31037,0.88107,0.89946,0.81375,0.88045,0.47309,0.46787,0.18182,0.185,0.093,1.7524,7.76257,0.38497,1.37556,2.30061,0.000124346,0.000124346,0.000124346
416,1156.04,0.9165,4.40625,0.29773,0.361,0.78496,0.89878,0.81818,0.872,0.47007,0.47223,0.18182,0.185,0.102,1.74653,7.71633,0.38523,1.37968,2.28035,0.000123921,0.000123921,0.000123921
417,1157.31,0.9215,4.19087,0.31509,0.35989,0.8083,0.89878,0.81818,0.872,0.47007,0.47223,0.18182,0.185,0.102,1.74653,7.71633,0.38523,1.37968,2.28035,0.000123497,0.000123497,0.000123497
418,1158.6,0.81608,4.51321,0.3022,0.33028,0.86134,0.88476,0.81818,0.86623,0.47688,0.46659,0.18182,0.185,0.102,1.71046,7.62628,0.38784,1.34959,2.22741,0.000123073,0.000123073,0.000123073
419,1159.92,0.71471,4.68265,0.33424,0.32471,0.89071,0.88476,0.81818,0.86623,0.47688,0.46659,0.18182,0.185,0.102,1.71046,7.62628,0.38784,1.34959,2.22741,0.000122649,0.000122649,0.000122649
420,1161.23,0.79053,4.7633,0.30886,0.33784,0.81357,0.88277,0.81818,0.86129,0.48723,0.66075,0.27273,0.275,0.12,1.67765,7.55343,0.38947,1.33668,2.2037,0.000122224,0.000122224,0.000122224
421,1162.97,0.8985,4.5841,0.29072,0.34673,0.83816,0.87065,0.81818,0.85325,0.49386,0.64837,0.27273,0.275,0.111,1.65143,7.52716,0.39203,1.32385,2.1692,0.0001218,0.0001218,0.0001218
422,1164.28,0.81285,4.08574,0.28483,0.3505,0.83204,0.87065,0.81818,0.85325,0.49386,0.64837,0.27273,0.275,0.111,1.65143,7.52716,0.39203,1.32385,2.1692,0.000121376,0.000121376,0.000121376
423,1165.61,0.85412,4.25904,0.31397,0.34661,0.8005,0.80985,0.81818,0.84864,0.48743,0.64004,0.27273,0.275,0.111,1.60974,7.56442,0.39268,1.31482,2.11017,0.000120951,0.000120951,0.000120951
424,1166.93,0.78648,4.95993,0.33751,0.3477,0.93799,0.81256,0.7901,0.81602,0.47972,0.63498,0.27273,0.275,0.111,1.60985,7.58598,0.39281,1.31667,2.10894,0.000120527,0.000120527,0.000120527
425,1168.23,0.83058,4.44948,0.30196,0.36909,0.82419,0.81256,0.7901,0.81602,0.47972,0.63498,0.27273,0.275,0.111,1.60985,7.58598,0.39281,1.31667,2.10894,0.000120103,0.000120103,0.000120103
426,1169.56,0.93861,4.72096,0.31483,0.36543,0.83346,0.81424,0.79847,0.80068,0.46018,0.64735,0.27273,0.275,0.111,1.63027,7.60109,0.3933,1.38163,2.12162,0.000119679,0.000119679,0.000119679
427,1170.88,0.78491,4.35921,0.30398,0.32563,0.84636,0.81424,0.79847,0.80068,0.46018,0.64735,0.27273,0.275,0.111,1.63027,7.60109,0.3933,1.38163,2.12162,0.000119254,0.000119254,0.000119254
428,1172.2,0.8714,4.95019,0.32067,0.35751,0.86695,0.78167,0.72727,0.79486,0.45713,0.66507,0.27273,0.275,0.1205,1.64209,7.58986,0.39184,1.43918,2.11226,0.00011883,0.00011883,0.00011883
429,1173.5,0.88889,4.13264,0.31155,0.34265,0.80731,0.78484,0.72727,0.78521,0.45865,0.66848,0.27273,0.275,0.1205,1.6372,7.63796,0.39336,1.46314,2.10336,0.000118406,0.000118406,0.000118406
430,1174.82,0.79821,4.96544,0.31629,0.3448,0.82608,0.78484,0.72727,0.78521,0.45865,0.66848,0.27273,0.275,0.1205,1.6372,7.63796,0.39336,1.46314,2.10336,0.000117981,0.000117981,0.000117981
431,1176.14,0.70377,4.84147,0.28423,0.32289,0.82362,0.8343,0.72727,0.81025,0.47615,0.66351,0.27273,0.275,0.111,1.6289,7.61158,0.39009,1.43091,2.1143,0.000117557,0.000117557,0.000117557
432,1177.47,0.86106,4.59248,0.30695,0.37505,0.86944,0.80081,0.73131,0.845,0.49278,0.65616,0.27273,0.275,0.093,1.61871,7.53357,0.38816,1.36929,2.13754,0.000117133,0.000117133,0.000117133
433,1178.75,0.75052,4.65576,0.29291,0.32551,0.7872,0.80081,0.73131,0.845,0.49278,0.65616,0.27273,0.275,0.093,1.61871,7.53357,0.38816,1.36929,2.13754,0.000116709,0.000116709,0.000116709
434,1180.06,0.82181,4.38004,0.28396,0.33932,0.80541,0.81275,0.79104,0.845,0.49739,0.64599,0.27273,0.275,0.099,1.60036,7.43368,0.38718,1.37078,2.13868,0.000116284,0.000116284,0.000116284
435,1181.35,0.75724,4.54326,0.32175,0.34597,0.86198,0.81275,0.79104,0.845,0.49739,0.64599,0.27273,0.275,0.099,1.60036,7.43368,0.38718,1.37078,2.13868,0.00011586,0.00011586,0.00011586
436,1182.64,0.94485,4.88109,0.31581,0.3604,0.80406,0.8163,0.8088,0.829,0.49388,0.64203,0.27273,0.275,0.1085,1.58748,7.40011,0.38926,1.32548,2.13496,0.000115436,0.000115436,0.000115436
437,1183.94,0.88465,4.76712,0.30804,0.34278,0.80269,0.81363,0.79542,0.82406,0.49746,0.70066,0.27273,0.275,0.099,1.59202,7.4087,0.38827,1.34088,2.12075,0.000115011,0.000115011,0.000115011
438,1185.22,0.84163,4.46349,0.30326,0.34472,0.84882,0.81363,0.79542,0.82406,0.49746,0.70066,0.27273,0.275,0.099,1.59202,7.4087,0.38827,1.34088,2.12075,0.000114587,0.000114587,0.000114587
439,1186.52,0.81708,4.16178,0.29599,0.33578,0.79385,0.80762,0.76536,0.81602,0.49753,0.70904,0.27273,0.275,0.093,1.59268,7.49055,0.38438,1.41694,2.1101,0.000114163,0.000114163,0.000114163
440,1187.83,0.83728,4.32979,0.3111,0.33353,0.81208,0.79888,0.72267,0.77177,0.45794,0.66316,0.27273,0.275,0.074,1.59448,7.6867,0.382,1.50499,2.10092,0.000113739,0.000113739,0.000113739
441,1189.12,0.89432,4.33433,0.29813,0.35543,0.80229,0.79888,0.72267,0.77177,0.45794,0.66316,0.27273,0.275,0.074,1.59448,7.6867,0.382,1.50499,2.10092,0.000113314,0.000113314,0.000113314
442,1190.43,0.94436,4.8825,0.28961,0.36082,0.84902,0.79738,0.71657,0.72677,0.44942,0.64909,0.27273,0.275,0.0585,1.60681,7.83404,0.38263,1.61036,2.11902,0.00011289,0.00011289,0.00011289
443,1191.72,0.65041,4.39476,0.27017,0.31953,0.81745,0.79738,0.71657,0.72677,0.44942,0.64909,0.27273,0.275,0.0585,1.60681,7.83404,0.38263,1.61036,2.11902,0.000112466,0.000112466,0.000112466
444,1193.03,0.84873,4.01902,0.28328,0.36371,0.78813,0.79663,0.71349,0.7295,0.43026,0.64338,0.27273,0.275,0.0585,1.60857,7.89239,0.3833,1.63958,2.10519,0.000112041,0.000112041,0.000112041
445,1194.31,0.8467,4.56304,0.28973,0.33759,0.7934,0.87384,0.63046,0.78875,0.4547,0.6576,0.27273,0.275,0.0735,1.59706,7.83263,0.3785,1.59055,2.10528,0.000111617,0.000111617,0.000111617
446,1195.57,0.78301,4.07121,0.28713,0.34038,0.77114,0.87384,0.63046,0.78875,0.4547,0.6576,0.27273,0.275,0.0735,1.59706,7.83263,0.3785,1.59055,2.10528,0.000111193,0.000111193,0.000111193
447,1196.85,0.65318,4.15623,0.29385,0.31153,0.81253,0.75763,0.72727,0.80306,0.47321,0.66538,0.27273,0.275,0.08,1.60066,7.71411,0.37757,1.55707,2.09734,0.000110769,0.000110769,0.000110769
448,1198.13,0.9619,4.66766,0.32827,0.36398,0.77848,0.76858,0.72727,0.80681,0.47476,0.67506,0.27273,0.275,0.1105,1.58386,7.63222,0.37565,1.52366,2.08029,0.000110344,0.000110344,0.000110344
449,1199.41,0.78218,4.36009,0.33281,0.3406,0.87009,0.76858,0.72727,0.80681,0.47476,0.67506,0.27273,0.275,0.1105,1.58386,7.63222,0.37565,1.52366,2.08029,0.00010992,0.00010992,0.00010992
450,1200.71,0.73554,4.16233,0.31762,0.34623,0.87784,0.88645,0.71128,0.83357,0.48116,0.68614,0.27273,0.275,0.12,1.58475,7.57788,0.37498,1.52089,2.07044,0.000109496,0.000109496,0.000109496
451,1202.02,0.91311,4.66141,0.30535,0.34746,0.84749,0.88645,0.71128,0.83357,0.48116,0.68614,0.27273,0.275,0.12,1.58475,7.57788,0.37498,1.52089,2.07044,0.000109071,0.000109071,0.000109071
452,1203.33,0.8471,4.39269,0.30462,0.33661,0.78349,0.87795,0.72727,0.84346,0.4899,0.68988,0.27273,0.275,0.129,1.57748,7.59774,0.37639,1.49152,2.05772,0.000108647,0.000108647,0.000108647
453,1205.08,0.84155,4.51983,0.29715,0.33494,0.91055,0.88789,0.72071,0.85346,0.47297,0.70032,0.27273,0.275,0.11525,1.60112,7.63312,0.37868,1.4787,2.0805,0.000108223,0.000108223,0.000108223
454,1206.37,0.77796,4.59944,0.27696,0.34527,0.92899,0.88789,0.72071,0.85346,0.47297,0.70032,0.27273,0.275,0.11525,1.60112,7.63312,0.37868,1.4787,2.0805,0.000107799,0.000107799,0.000107799
455,1207.68,0.84394,4.35829,0.3331,0.34454,0.83497,0.87546,0.72727,0.85346,0.46012,0.70493,0.27273,0.275,0.10625,1.62169,7.64701,0.37865,1.41753,2.15712,0.000107374,0.000107374,0.000107374
456,1208.99,0.80452,4.45784,0.32606,0.33291,0.86263,0.94467,0.72727,0.86787,0.45731,0.69952,0.27273,0.275,0.0925,1.62321,7.63849,0.37791,1.44191,2.14538,0.00010695,0.00010695,0.00010695
457,1210.28,0.76474,4.39843,0.30292,0.3241,0.78708,0.94467,0.72727,0.86787,0.45731,0.69952,0.27273,0.275,0.0925,1.62321,7.63849,0.37791,1.44191,2.14538,0.000106526,0.000106526,0.000106526
458,1211.59,0.71694,4.16887,0.32896,0.31746,0.87522,0.97745,0.72727,0.86787,0.46389,0.70355,0.27273,0.275,0.09725,1.62816,7.61374,0.37783,1.42622,2.16698,0.000106101,0.000106101,0.000106101
459,1212.87,0.86104,4.24508,0.28727,0.33448,0.80339,0.97745,0.72727,0.86787,0.46389,0.70355,0.27273,0.275,0.09725,1.62816,7.61374,0.37783,1.42622,2.16698,0.000105677,0.000105677,0.000105677
460,1214.19,0.75838,4.36135,0.28012,0.33009,0.78275,0.98578,0.72727,0.85489,0.46279,0.50216,0.18182,0.185,0.08825,1.63405,7.58845,0.37944,1.40782,2.19239,0.000105253,0.000105253,0.000105253
461,1215.5,0.6598,4.38846,0.30594,0.31986,0.87189,1,0.63956,0.84875,0.44472,0.54796,0.18182,0.185,0.06975,1.65223,7.58901,0.37764,1.3991,2.24148,0.000104829,0.000104829,0.000104829
462,1216.82,0.77531,4.2853,0.29524,0.32386,0.79968,1,0.63956,0.84875,0.44472,0.54796,0.18182,0.185,0.06975,1.65223,7.58901,0.37764,1.3991,2.24148,0.000104404,0.000104404,0.000104404
463,1218.13,0.7706,4.39271,0.29855,0.322,0.81077,0.95756,0.72727,0.84544,0.46194,0.8249,0.27273,0.275,0.07875,1.6694,7.69719,0.38037,1.40573,2.26661,0.00010398,0.00010398,0.00010398
464,1219.46,0.9739,4.35771,0.27936,0.37532,0.76031,0.98553,0.72727,0.78731,0.44098,0.83757,0.27273,0.275,0.074,1.68084,7.68284,0.37733,1.43934,2.29195,0.000103556,0.000103556,0.000103556
465,1220.77,0.83267,4.35732,0.30095,0.34066,0.83193,0.98553,0.72727,0.78731,0.44098,0.83757,0.27273,0.275,0.074,1.68084,7.68284,0.37733,1.43934,2.29195,0.000103131,0.000103131,0.000103131
466,1222.06,0.81222,4.25915,0.3259,0.35165,0.82606,0.97954,0.72727,0.78731,0.42724,0.85486,0.27273,0.275,0.083,1.72186,7.70674,0.37845,1.51129,2.33901,0.000102707,0.000102707,0.000102707
467,1223.37,0.88773,4.66425,0.32205,0.3516,0.87861,0.97954,0.72727,0.78731,0.42724,0.85486,0.27273,0.275,0.083,1.72186,7.70674,0.37845,1.51129,2.33901,0.000102283,0.000102283,0.000102283
468,1224.68,0.82027,4.24458,0.28924,0.33421,0.8512,0.97707,0.72727,0.78731,0.42004,0.85411,0.27273,0.275,0.09675,1.7441,7.7245,0.3805,1.54211,2.36205,0.000101859,0.000101859,0.000101859
469,1225.98,0.89528,4.56678,0.30894,0.35866,0.80747,0.98183,0.72727,0.78731,0.41214,0.85457,0.27273,0.275,0.09675,1.77115,7.743,0.38727,1.56506,2.38491,0.000101434,0.000101434,0.000101434
470,1227.24,0.9172,4.49253,0.31631,0.35706,0.80284,0.98183,0.72727,0.78731,0.41214,0.85457,0.27273,0.275,0.09675,1.77115,7.743,0.38727,1.56506,2.38491,0.00010101,0.00010101,0.00010101
471,1228.5,0.65286,4.34053,0.30968,0.31593,0.85831,0.97514,0.72727,0.78731,0.4233,0.85279,0.27273,0.275,0.09675,1.78226,7.69978,0.38723,1.54578,2.38285,0.000100586,0.000100586,0.000100586
472,1229.77,0.86567,4.34555,0.33118,0.33567,0.80737,0.94953,0.72727,0.78731,0.43359,0.8248,0.27273,0.275,0.0925,1.78278,7.68402,0.38954,1.53717,2.37777,0.000100161,0.000100161,0.000100161
473,1231.03,0.91902,3.9684,0.28759,0.35852,0.85224,0.94953,0.72727,0.78731,0.43359,0.8248,0.27273,0.275,0.0925,1.78278,7.68402,0.38954,1.53717,2.37777,9.97371e-05,9.97371e-05,9.97371e-05
474,1232.29,0.80984,4.24439,0.30884,0.34514,0.82829,0.87691,0.72727,0.7725,0.42317,0.81376,0.27273,0.275,0.10625,1.7848,7.70448,0.39199,1.58269,2.36974,9.93129e-05,9.93129e-05,9.93129e-05
475,1233.55,0.87419,4.37777,0.32078,0.34808,0.80598,0.87691,0.72727,0.7725,0.42317,0.81376,0.27273,0.275,0.10625,1.7848,7.70448,0.39199,1.58269,2.36974,9.88886e-05,9.88886e-05,9.88886e-05
476,1234.84,0.79013,4.28876,0.30544,0.32934,0.88826,0.88007,0.72727,0.7725,0.42725,0.79473,0.27273,0.275,0.102,1.82037,7.7353,0.38955,1.58251,2.39197,9.84643e-05,9.84643e-05,9.84643e-05
477,1236.15,0.77828,4.48237,0.31378,0.33302,0.87345,0.88166,0.72727,0.7825,0.4185,0.79322,0.27273,0.275,0.1115,1.81644,7.75601,0.38942,1.55594,2.38721,9.804e-05,9.804e-05,9.804e-05
478,1237.43,0.86383,4.31583,0.29694,0.34946,0.77254,0.88166,0.72727,0.7825,0.4185,0.79322,0.27273,0.275,0.1115,1.81644,7.75601,0.38942,1.55594,2.38721,9.76157e-05,9.76157e-05,9.76157e-05
479,1238.72,0.91879,4.53788,0.34155,0.3519,0.81106,0.87995,0.72727,0.7825,0.42767,0.69273,0.27273,0.275,0.09725,1.79243,7.76638,0.39044,1.5304,2.34174,9.71914e-05,9.71914e-05,9.71914e-05
480,1240.01,0.87527,4.44355,0.32738,0.35544,0.80943,0.79897,0.72727,0.77731,0.42322,0.66449,0.27273,0.275,0.09725,1.81287,7.73462,0.38811,1.56966,2.3591,9.67671e-05,9.67671e-05,9.67671e-05
481,1241.27,0.91175,4.39327,0.30697,0.35928,0.76981,0.79897,0.72727,0.77731,0.42322,0.66449,0.27273,0.275,0.09725,1.81287,7.73462,0.38811,1.56966,2.3591,9.63429e-05,9.63429e-05,9.63429e-05
482,1242.53,0.80556,4.0548,0.30978,0.33514,0.85293,1,0.70893,0.78731,0.42747,0.65853,0.27273,0.275,0.0925,1.77316,7.65791,0.37904,1.49354,2.30524,9.59186e-05,9.59186e-05,9.59186e-05
483,1243.79,0.91233,3.96377,0.31694,0.35065,0.81699,1,0.70893,0.78731,0.42747,0.65853,0.27273,0.275,0.0925,1.77316,7.65791,0.37904,1.49354,2.30524,9.54943e-05,9.54943e-05,9.54943e-05
484,1245.07,0.75112,4.25511,0.32517,0.32291,0.81557,1,0.7089,0.78731,0.42372,0.65675,0.27273,0.275,0.1015,1.81516,7.66265,0.38635,1.60913,2.36036,9.507e-05,9.507e-05,9.507e-05
485,1246.34,0.87505,4.02822,0.33432,0.34052,0.7845,0.71385,0.68253,0.73714,0.42442,0.66321,0.27273,0.275,0.1015,1.80861,7.67804,0.38867,1.57841,2.36354,9.46457e-05,9.46457e-05,9.46457e-05
486,1247.61,0.94531,4.26159,0.31145,0.34056,0.8181,0.71385,0.68253,0.73714,0.42442,0.66321,0.27273,0.275,0.1015,1.80861,7.67804,0.38867,1.57841,2.36354,9.42214e-05,9.42214e-05,9.42214e-05
487,1248.93,0.80767,4.04794,0.2966,0.32306,0.79493,0.86634,0.63636,0.7475,0.43198,0.66844,0.27273,0.275,0.1015,1.82289,7.69616,0.39031,1.61285,2.38013,9.37971e-05,9.37971e-05,9.37971e-05
488,1250.2,0.77103,4.38327,0.29756,0.33218,0.80043,0.86737,0.63636,0.75977,0.45508,0.66368,0.27273,0.275,0.1105,1.83159,7.64696,0.39064,1.62641,2.39209,9.33729e-05,9.33729e-05,9.33729e-05
489,1251.46,0.71197,3.61193,0.33942,0.31598,0.83177,0.86737,0.63636,0.75977,0.45508,0.66368,0.27273,0.275,0.1105,1.83159,7.64696,0.39064,1.62641,2.39209,9.29486e-05,9.29486e-05,9.29486e-05
490,1252.73,0.81513,4.12038,0.28864,0.3355,0.83895,0.86769,0.63636,0.75977,0.46261,0.6544,0.27273,0.275,0.1105,1.81648,7.56212,0.3921,1.54787,2.37757,9.25243e-05,9.25243e-05,9.25243e-05
491,1254.01,0.72333,4.14704,0.30672,0.31943,0.77883,0.86769,0.63636,0.75977,0.46261,0.6544,0.27273,0.275,0.1105,1.81648,7.56212,0.3921,1.54787,2.37757,9.21e-05,9.21e-05,9.21e-05
492,1255.3,0.86167,4.01994,0.2785,0.32894,0.76329,0.78537,0.66742,0.75977,0.46261,0.64368,0.27273,0.275,0.1015,1.78098,7.49742,0.39449,1.4529,2.35396,9.16757e-05,9.16757e-05,9.16757e-05
493,1256.6,0.89628,4.29164,0.33509,0.35084,0.79163,0.79854,0.72128,0.75977,0.45661,0.63688,0.27273,0.2525,0.097,1.77522,7.43668,0.39464,1.4247,2.33248,9.12514e-05,9.12514e-05,9.12514e-05
494,1257.91,0.80109,4.52242,0.29757,0.33514,0.81554,0.79854,0.72128,0.75977,0.45661,0.63688,0.27273,0.2525,0.097,1.77522,7.43668,0.39464,1.4247,2.33248,9.08271e-05,9.08271e-05,9.08271e-05
495,1259.22,0.82063,4.33001,0.292,0.33218,0.81907,0.806,0.75725,0.81602,0.46223,0.63377,0.27273,0.2525,0.1065,1.75443,7.40196,0.39026,1.38293,2.3045,9.04029e-05,9.04029e-05,9.04029e-05
496,1260.51,0.69601,4.18014,0.29734,0.33065,0.84878,0.72924,0.73513,0.79714,0.46019,0.63357,0.27273,0.2525,0.1065,1.75147,7.39233,0.38704,1.32369,2.30467,8.99786e-05,8.99786e-05,8.99786e-05
497,1261.8,1.01219,4.4798,0.29342,0.36346,0.85738,0.72924,0.73513,0.79714,0.46019,0.63357,0.27273,0.2525,0.1065,1.75147,7.39233,0.38704,1.32369,2.30467,8.95543e-05,8.95543e-05,8.95543e-05
498,1263.1,0.68871,4.41782,0.30009,0.32545,0.868,0.72599,0.72299,0.80143,0.46062,0.63175,0.27273,0.2525,0.1155,1.74723,7.40136,0.38661,1.33652,2.28279,8.913e-05,8.913e-05,8.913e-05
499,1264.39,0.84524,4.44728,0.2934,0.33524,0.78245,0.72599,0.72299,0.80143,0.46062,0.63175,0.27273,0.2525,0.1155,1.74723,7.40136,0.38661,1.33652,2.28279,8.87057e-05,8.87057e-05,8.87057e-05
500,1265.68,0.83554,3.99282,0.3004,0.3359,0.84672,0.72659,0.725,0.81429,0.44781,0.63614,0.27273,0.2525,0.1155,1.73841,7.45034,0.38662,1.37454,2.2582,8.82814e-05,8.82814e-05,8.82814e-05
501,1267,0.92931,3.97768,0.31029,0.34905,0.80792,0.66667,0.90909,0.82269,0.43402,0.64031,0.27273,0.2525,0.12225,1.71715,7.50347,0.38577,1.41787,2.22037,8.78571e-05,8.78571e-05,8.78571e-05
502,1268.35,0.85328,4.25955,0.28926,0.34266,0.80419,0.66667,0.90909,0.82269,0.43402,0.64031,0.27273,0.2525,0.12225,1.71715,7.50347,0.38577,1.41787,2.22037,8.74329e-05,8.74329e-05,8.74329e-05
503,1269.65,0.73676,3.9682,0.28801,0.3304,0.83018,0.87293,0.62584,0.83144,0.44339,0.65492,0.27273,0.275,0.129,1.71324,7.53817,0.38661,1.4674,2.20902,8.70086e-05,8.70086e-05,8.70086e-05
504,1270.95,0.71484,4.37893,0.32536,0.31726,0.87028,0.87358,0.62915,0.82304,0.44255,0.65648,0.27273,0.275,0.129,1.73585,7.54095,0.38808,1.46126,2.24153,8.65843e-05,8.65843e-05,8.65843e-05
505,1272.25,0.71077,4.3183,0.30236,0.31695,0.7837,0.87358,0.62915,0.82304,0.44255,0.65648,0.27273,0.275,0.129,1.73585,7.54095,0.38808,1.46126,2.24153,8.616e-05,8.616e-05,8.616e-05
506,1273.54,0.73653,4.40075,0.29615,0.31819,0.79565,0.625,0.90909,0.82304,0.44487,0.65635,0.27273,0.275,0.129,1.75595,7.51232,0.38958,1.45138,2.26633,8.57357e-05,8.57357e-05,8.57357e-05
507,1274.83,0.81971,4.02386,0.31295,0.32558,0.82156,0.625,0.90909,0.82304,0.44487,0.65635,0.27273,0.275,0.129,1.75595,7.51232,0.38958,1.45138,2.26633,8.53114e-05,8.53114e-05,8.53114e-05
508,1276.14,0.72318,3.84434,0.32299,0.31893,0.82858,0.625,0.90909,0.815,0.44956,0.65198,0.27273,0.275,0.12,1.73913,7.48267,0.39037,1.49268,2.24804,8.48871e-05,8.48871e-05,8.48871e-05
509,1277.46,0.86828,3.92427,0.29491,0.34895,0.81228,0.96064,0.72727,0.79864,0.45247,0.65124,0.27273,0.275,0.12,1.71119,7.42565,0.38831,1.41195,2.20033,8.44629e-05,8.44629e-05,8.44629e-05
510,1278.74,0.7888,4.17623,0.31137,0.33635,0.82217,0.96064,0.72727,0.79864,0.45247,0.65124,0.27273,0.275,0.12,1.71119,7.42565,0.38831,1.41195,2.20033,8.40386e-05,8.40386e-05,8.40386e-05
511,1280.04,0.79015,3.83633,0.29926,0.33007,0.87336,1,0.71991,0.79864,0.45247,0.65511,0.27273,0.275,0.111,1.69577,7.40893,0.39141,1.4098,2.19955,8.36143e-05,8.36143e-05,8.36143e-05
512,1281.34,0.84766,4.27028,0.28393,0.33939,0.79828,0.7964,0.81818,0.78864,0.46029,0.6691,0.27273,0.275,0.111,1.6817,7.37935,0.38954,1.41364,2.19316,8.319e-05,8.319e-05,8.319e-05
513,1282.6,0.81276,3.82885,0.29271,0.3295,0.78878,0.7964,0.81818,0.78864,0.46029,0.6691,0.27273,0.275,0.111,1.6817,7.37935,0.38954,1.41364,2.19316,8.27657e-05,8.27657e-05,8.27657e-05
514,1283.89,0.80233,4.04788,0.28645,0.34104,0.86612,0.87132,0.81818,0.797,0.46833,0.68191,0.27273,0.275,0.111,1.68297,7.40814,0.39028,1.42496,2.20323,8.23414e-05,8.23414e-05,8.23414e-05
515,1285.17,0.7549,3.74898,0.29446,0.32372,0.82938,0.87132,0.81818,0.797,0.46833,0.68191,0.27273,0.275,0.111,1.68297,7.40814,0.39028,1.42496,2.20323,8.19171e-05,8.19171e-05,8.19171e-05
516,1286.46,0.73167,3.8809,0.30858,0.31292,0.78075,1,0.77756,0.815,0.46193,0.68668,0.27273,0.315,0.124,1.68125,7.44278,0.39076,1.37931,2.21713,8.14929e-05,8.14929e-05,8.14929e-05
517,1287.73,0.75242,4.10894,0.29874,0.31444,0.83357,1,0.79889,0.815,0.46193,0.68328,0.27273,0.315,0.124,1.66689,7.41514,0.38883,1.30514,2.22609,8.10686e-05,8.10686e-05,8.10686e-05
518,1289,0.82256,3.82912,0.3253,0.3319,0.76203,1,0.79889,0.815,0.46193,0.68328,0.27273,0.315,0.124,1.66689,7.41514,0.38883,1.30514,2.22609,8.06443e-05,8.06443e-05,8.06443e-05
519,1290.28,1.04427,4.12658,0.30746,0.36808,0.72617,1,0.79732,0.815,0.45713,0.6697,0.27273,0.315,0.124,1.66196,7.35505,0.38665,1.27141,2.27192,8.022e-05,8.022e-05,8.022e-05
520,1291.58,0.93989,4.22382,0.31991,0.34847,0.7201,0.97108,0.81818,0.815,0.46575,0.49444,0.35656,0.2975,0.11775,1.62998,7.32253,0.38563,1.20388,2.29152,7.97957e-05,7.97957e-05,7.97957e-05
521,1292.83,0.8536,3.9617,0.30636,0.34372,0.78752,0.97108,0.81818,0.815,0.46575,0.49444,0.35656,0.2975,0.11775,1.62998,7.32253,0.38563,1.20388,2.29152,7.93714e-05,7.93714e-05,7.93714e-05
522,1294.12,0.6432,3.88638,0.32311,0.30717,0.84906,0.94473,0.81818,0.815,0.46587,0.49519,0.35752,0.275,0.108,1.61672,7.25174,0.38307,1.11611,2.33567,7.89471e-05,7.89471e-05,7.89471e-05
523,1295.39,0.88003,3.92811,0.28645,0.35072,0.84846,0.94473,0.81818,0.815,0.46587,0.49519,0.35752,0.275,0.108,1.61672,7.25174,0.38307,1.11611,2.33567,7.85229e-05,7.85229e-05,7.85229e-05
524,1296.68,0.82166,3.97474,0.29319,0.33377,0.83158,0.99452,0.81818,0.815,0.4721,0.43237,0.36364,0.27,0.1075,1.60231,7.19302,0.3812,1.06122,2.35174,7.80986e-05,7.80986e-05,7.80986e-05
525,1297.98,0.85285,3.81579,0.29181,0.34941,0.81319,0.89444,0.81818,0.83537,0.48539,0.43222,0.36364,0.27,0.1055,1.60728,7.14029,0.37718,1.04214,2.38675,7.76743e-05,7.76743e-05,7.76743e-05
526,1299.28,0.89701,3.94251,0.28639,0.34866,0.75273,0.89444,0.81818,0.83537,0.48539,0.43222,0.36364,0.27,0.1055,1.60728,7.14029,0.37718,1.04214,2.38675,7.725e-05,7.725e-05,7.725e-05
527,1300.57,0.83689,4.01037,0.26562,0.32385,0.76206,0.80765,0.81818,0.80599,0.45346,0.66041,0.27273,0.266,0.1047,1.60861,7.15867,0.37675,1.07955,2.38199,7.68257e-05,7.68257e-05,7.68257e-05
528,1301.84,1.02735,3.76505,0.32406,0.34879,0.7673,0.805,0.81818,0.75977,0.43658,0.66179,0.27273,0.266,0.1047,1.61502,7.18511,0.37718,1.10497,2.3834,7.64014e-05,7.64014e-05,7.64014e-05
529,1303.11,0.95332,3.98652,0.34313,0.35064,0.77446,0.805,0.81818,0.75977,0.43658,0.66179,0.27273,0.266,0.1047,1.61502,7.18511,0.37718,1.10497,2.3834,7.59771e-05,7.59771e-05,7.59771e-05
530,1304.36,0.69721,3.73227,0.27981,0.31932,0.83573,0.79557,0.81818,0.75977,0.43658,0.66517,0.27273,0.266,0.1092,1.61851,7.26657,0.37941,1.14813,2.34665,7.55529e-05,7.55529e-05,7.55529e-05
531,1305.61,0.74751,3.82315,0.29278,0.31231,0.81826,0.79557,0.81818,0.75977,0.43658,0.66517,0.27273,0.266,0.1092,1.61851,7.26657,0.37941,1.14813,2.34665,7.51286e-05,7.51286e-05,7.51286e-05
532,1306.85,0.75989,4.12344,0.298,0.31721,0.84206,0.8161,0.81818,0.75977,0.43445,0.66384,0.27273,0.26273,0.10405,1.63423,7.30767,0.37841,1.23294,2.32462,7.47043e-05,7.47043e-05,7.47043e-05
533,1308.14,0.83547,3.5276,0.34101,0.32654,0.85178,0.81755,0.81504,0.75977,0.44315,0.66374,0.27273,0.26273,0.10405,1.61323,7.33045,0.37891,1.24422,2.27424,7.428e-05,7.428e-05,7.428e-05
534,1309.43,0.67917,3.88028,0.2803,0.29916,0.85446,0.81755,0.81504,0.75977,0.44315,0.66374,0.27273,0.26273,0.10405,1.61323,7.33045,0.37891,1.24422,2.27424,7.38557e-05,7.38557e-05,7.38557e-05
535,1310.72,0.66748,3.79401,0.29422,0.30744,0.82188,0.81784,0.8165,0.75305,0.43773,0.66004,0.27273,0.26273,0.09505,1.61271,7.3615,0.37942,1.28088,2.25544,7.34314e-05,7.34314e-05,7.34314e-05
536,1312.01,0.83874,3.74654,0.29721,0.33765,0.82661,0.81794,0.81697,0.75305,0.43754,0.65451,0.27273,0.26273,0.07573,1.59266,7.35552,0.38084,1.25683,2.22768,7.30071e-05,7.30071e-05,7.30071e-05
537,1313.3,0.73499,3.70961,0.3245,0.30983,0.74915,0.81794,0.81697,0.75305,0.43754,0.65451,0.27273,0.26273,0.07573,1.59266,7.35552,0.38084,1.25683,2.22768,7.25829e-05,7.25829e-05,7.25829e-05
538,1314.57,0.77476,3.91302,0.3147,0.32056,0.82322,0.81444,0.79946,0.78864,0.45669,0.65129,0.27273,0.28523,0.07552,1.5792,7.3774,0.37964,1.27256,2.20953,7.21586e-05,7.21586e-05,7.21586e-05
539,1315.86,0.88662,3.89212,0.33298,0.33298,0.81061,0.81444,0.79946,0.78864,0.45669,0.65129,0.27273,0.28523,0.07552,1.5792,7.3774,0.37964,1.27256,2.20953,7.17343e-05,7.17343e-05,7.17343e-05
540,1317.14,0.8387,3.63835,0.34528,0.31844,0.83764,0.81449,0.79974,0.78864,0.45766,0.64679,0.27273,0.28523,0.07552,1.57506,7.35963,0.38143,1.28927,2.20348,7.131e-05,7.131e-05,7.131e-05
541,1318.38,0.83732,3.45743,0.32267,0.33462,0.8204,0.80742,0.76438,0.78864,0.44695,0.64646,0.27273,0.28523,0.07552,1.58791,7.40216,0.38121,1.3374,2.19697,7.08857e-05,7.08857e-05,7.08857e-05
542,1319.64,0.8803,3.58037,0.28832,0.3375,0.8154,0.80742,0.76438,0.78864,0.44695,0.64646,0.27273,0.28523,0.07552,1.58791,7.40216,0.38121,1.3374,2.19697,7.04614e-05,7.04614e-05,7.04614e-05
543,1320.93,0.77654,3.66429,0.28884,0.32933,0.7337,1,0.71686,0.806,0.4234,0.64708,0.27273,0.2885,0.0821,1.60763,7.45451,0.38566,1.40165,2.20694,7.00371e-05,7.00371e-05,7.00371e-05
544,1322.21,0.83273,3.67977,0.29602,0.33577,0.74385,0.8617,0.72727,0.76864,0.43483,0.66479,0.27273,0.30773,0.11236,1.62725,7.45829,0.38745,1.45348,2.22042,6.96129e-05,6.96129e-05,6.96129e-05
545,1323.49,1.10336,3.5681,0.3361,0.37474,0.76896,0.8617,0.72727,0.76864,0.43483,0.66479,0.27273,0.30773,0.11236,1.62725,7.45829,0.38745,1.45348,2.22042,6.91886e-05,6.91886e-05,6.91886e-05
546,1324.77,0.76424,3.71341,0.27854,0.31968,0.77227,0.88954,0.73264,0.779,0.44764,0.65192,0.27273,0.2885,0.12245,1.64045,7.47145,0.39068,1.42977,2.23097,6.87643e-05,6.87643e-05,6.87643e-05
547,1326.02,0.80891,3.70273,0.29991,0.31369,0.77113,0.88954,0.73264,0.779,0.44764,0.65192,0.27273,0.2885,0.12245,1.64045,7.47145,0.39068,1.42977,2.23097,6.834e-05,6.834e-05,6.834e-05
548,1327.29,0.79256,3.96666,0.31558,0.32403,0.7661,0.89344,0.76448,0.779,0.44577,0.67346,0.27273,0.311,0.13145,1.63794,7.41353,0.39047,1.43146,2.22936,6.79157e-05,6.79157e-05,6.79157e-05
549,1328.6,0.83965,3.61585,0.31889,0.3242,0.78266,0.84106,0.72727,0.76864,0.44686,0.67251,0.27273,0.30773,0.13555,1.6253,7.3803,0.38879,1.3919,2.22967,6.74914e-05,6.74914e-05,6.74914e-05
550,1329.89,0.74709,3.56664,0.31261,0.31953,0.8018,0.84106,0.72727,0.76864,0.44686,0.67251,0.27273,0.30773,0.13555,1.6253,7.3803,0.38879,1.3919,2.22967,6.70671e-05,6.70671e-05,6.70671e-05
551,1331.19,0.73508,3.38827,0.29318,0.30253,0.82987,0.87404,0.81818,0.779,0.4494,0.67179,0.27273,0.275,0.12,1.64869,7.29417,0.38629,1.40877,2.2616,6.66429e-05,6.66429e-05,6.66429e-05
552,1332.49,0.81181,3.77039,0.31079,0.30221,0.76629,0.85147,0.81818,0.779,0.44063,0.67656,0.27273,0.275,0.111,1.67871,7.27554,0.38522,1.45113,2.29981,6.62186e-05,6.62186e-05,6.62186e-05
553,1333.78,0.78451,3.62129,0.29317,0.30478,0.802,0.85147,0.81818,0.779,0.44063,0.67656,0.27273,0.275,0.111,1.67871,7.27554,0.38522,1.45113,2.29981,6.57943e-05,6.57943e-05,6.57943e-05
554,1335.07,0.75502,3.59752,0.29571,0.31703,0.78882,0.85695,0.81818,0.779,0.44063,0.69192,0.27273,0.275,0.111,1.70649,7.28907,0.38721,1.52904,2.32922,6.537e-05,6.537e-05,6.537e-05
555,1336.32,0.85309,3.89787,0.29151,0.33401,0.72092,0.85695,0.81818,0.779,0.44063,0.69192,0.27273,0.275,0.111,1.70649,7.28907,0.38721,1.52904,2.32922,6.49457e-05,6.49457e-05,6.49457e-05
556,1337.56,0.65336,3.51439,0.28788,0.29757,0.94095,0.84652,0.81818,0.779,0.44333,0.69948,0.27273,0.275,0.111,1.69602,7.29331,0.38829,1.60167,2.29252,6.45214e-05,6.45214e-05,6.45214e-05
557,1338.83,0.68777,3.67273,0.27428,0.31958,0.79384,0.80613,0.81818,0.76864,0.43817,0.69175,0.27273,0.275,0.111,1.68824,7.32479,0.38702,1.61658,2.2845,6.40971e-05,6.40971e-05,6.40971e-05
558,1340.1,0.7794,3.52714,0.30596,0.32869,0.86227,0.80613,0.81818,0.76864,0.43817,0.69175,0.27273,0.275,0.111,1.68824,7.32479,0.38702,1.61658,2.2845,6.36729e-05,6.36729e-05,6.36729e-05
559,1341.37,0.86172,3.51676,0.31809,0.31484,0.77029,0.81434,0.81818,0.76864,0.43647,0.68316,0.27273,0.275,0.099,1.69926,7.32376,0.38463,1.60383,2.2832,6.32486e-05,6.32486e-05,6.32486e-05
560,1342.62,0.67648,3.57894,0.3145,0.29825,0.87597,0.80959,0.7752,0.76864,0.43647,0.66949,0.27273,0.275,0.099,1.69138,7.3013,0.38477,1.60241,2.2649,6.28243e-05,6.28243e-05,6.28243e-05
561,1343.86,0.87915,3.68164,0.30935,0.32945,0.79968,0.80959,0.7752,0.76864,0.43647,0.66949,0.27273,0.275,0.099,1.69138,7.3013,0.38477,1.60241,2.2649,6.24e-05,6.24e-05,6.24e-05
562,1345.11,0.93087,3.39054,0.30633,0.35099,0.81327,0.80957,0.72727,0.76864,0.43817,0.66678,0.27273,0.275,0.111,1.68454,7.34117,0.38555,1.63626,2.25009,6.19757e-05,6.19757e-05,6.19757e-05
563,1346.38,0.89495,3.17791,0.27639,0.33982,0.77439,0.80957,0.72727,0.76864,0.43817,0.66678,0.27273,0.275,0.111,1.68454,7.34117,0.38555,1.63626,2.25009,6.15514e-05,6.15514e-05,6.15514e-05
564,1347.68,0.70227,3.27094,0.2759,0.30705,0.87122,0.828,0.72727,0.76864,0.43817,0.66255,0.27273,0.275,0.111,1.68969,7.33683,0.3853,1.62072,2.26374,6.11271e-05,6.11271e-05,6.11271e-05
565,1348.97,0.68517,3.46153,0.27674,0.29981,0.80076,0.85855,0.72727,0.76864,0.44161,0.63776,0.27273,0.2525,0.10425,1.69786,7.32167,0.3863,1.63188,2.27064,6.07029e-05,6.07029e-05,6.07029e-05
566,1350.21,0.98938,3.77863,0.28943,0.35704,0.78768,0.85855,0.72727,0.76864,0.44161,0.63776,0.27273,0.2525,0.10425,1.69786,7.32167,0.3863,1.63188,2.27064,6.02786e-05,6.02786e-05,6.02786e-05
567,1351.46,0.91153,3.89833,0.29969,0.34288,0.79615,0.75452,0.72727,0.74364,0.4302,0.6401,0.27273,0.2525,0.10425,1.69263,7.37737,0.38639,1.62633,2.2657,5.98543e-05,5.98543e-05,5.98543e-05
568,1352.73,0.76438,3.82053,0.27841,0.31284,0.80667,0.75903,0.72727,0.74364,0.4302,0.64294,0.27273,0.2525,0.0975,1.69268,7.37306,0.38665,1.56546,2.26049,5.943e-05,5.943e-05,5.943e-05
569,1354.02,0.84892,3.67068,0.29101,0.32337,0.79466,0.75903,0.72727,0.74364,0.4302,0.64294,0.27273,0.2525,0.0975,1.69268,7.37306,0.38665,1.56546,2.26049,5.90057e-05,5.90057e-05,5.90057e-05
570,1355.31,0.83803,3.54306,0.31119,0.31291,0.80244,0.79708,0.71532,0.73845,0.41574,0.64574,0.27273,0.2525,0.107,1.69457,7.37704,0.38734,1.56114,2.2723,5.85814e-05,5.85814e-05,5.85814e-05
571,1356.59,0.82149,3.93894,0.35729,0.33476,0.86204,0.79708,0.71532,0.73845,0.41574,0.64574,0.27273,0.2525,0.107,1.69457,7.37704,0.38734,1.56114,2.2723,5.81571e-05,5.81571e-05,5.81571e-05
572,1357.88,0.77682,3.79053,0.29395,0.31068,0.85007,0.79643,0.71267,0.752,0.4292,0.6437,0.27273,0.2525,0.107,1.69582,7.34942,0.38773,1.48514,2.26425,5.77329e-05,5.77329e-05,5.77329e-05
573,1359.16,0.63937,3.41047,0.30705,0.28491,0.83659,0.79214,0.69512,0.74236,0.42327,0.63732,0.27273,0.2525,0.107,1.71998,7.34202,0.38814,1.5192,2.29067,5.73086e-05,5.73086e-05,5.73086e-05
574,1360.46,0.75653,3.93495,0.27418,0.30347,0.81093,0.79214,0.69512,0.74236,0.42327,0.63732,0.27273,0.2525,0.107,1.71998,7.34202,0.38814,1.5192,2.29067,5.68843e-05,5.68843e-05,5.68843e-05
575,1361.74,0.89351,3.51692,0.32247,0.33951,0.80522,0.79117,0.69116,0.74236,0.42327,0.63259,0.27273,0.2525,0.116,1.68388,7.34872,0.3917,1.54234,2.23869,5.646e-05,5.646e-05,5.646e-05
576,1363.04,0.77524,3.62254,0.31078,0.31698,0.78762,0.74391,0.63636,0.72,0.42268,0.62261,0.27273,0.27821,0.11857,1.68444,7.35166,0.39194,1.53245,2.23442,5.60357e-05,5.60357e-05,5.60357e-05
577,1364.31,0.80649,3.32812,0.29739,0.34316,0.81676,0.74391,0.63636,0.72,0.42268,0.62261,0.27273,0.27821,0.11857,1.68444,7.35166,0.39194,1.53245,2.23442,5.56114e-05,5.56114e-05,5.56114e-05
578,1365.61,0.80049,3.69753,0.28644,0.33369,0.85361,0.74339,0.63636,0.72,0.41714,0.61479,0.27273,0.27821,0.11857,1.69038,7.34893,0.39204,1.56996,2.24278,5.51871e-05,5.51871e-05,5.51871e-05
579,1366.89,0.89578,3.43052,0.28879,0.32324,0.74764,0.74339,0.63636,0.72,0.41714,0.61479,0.27273,0.27821,0.11857,1.69038,7.34893,0.39204,1.56996,2.24278,5.47629e-05,5.47629e-05,5.47629e-05
580,1368.18,0.83652,3.46024,0.32969,0.32568,0.80642,0.73835,0.63636,0.72,0.42382,0.60467,0.27273,0.27821,0.10957,1.70988,7.35549,0.39121,1.6449,2.26542,5.43386e-05,5.43386e-05,5.43386e-05
581,1369.45,0.90823,3.49617,0.28781,0.3353,0.77671,1,0.53257,0.73286,0.42982,0.59842,0.27273,0.27821,0.10957,1.72694,7.34892,0.39198,1.7074,2.28844,5.39143e-05,5.39143e-05,5.39143e-05
582,1370.73,0.87884,3.63668,0.31555,0.34832,0.76941,1,0.53257,0.73286,0.42982,0.59842,0.27273,0.27821,0.10957,1.72694,7.34892,0.39198,1.7074,2.28844,5.349e-05,5.349e-05,5.349e-05
583,1372.01,0.88724,3.47035,0.31968,0.34056,0.73435,1,0.54349,0.73286,0.42982,0.60606,0.27273,0.27821,0.11632,1.73244,7.37108,0.39361,1.78857,2.29319,5.30657e-05,5.30657e-05,5.30657e-05
584,1373.26,0.67474,3.56986,0.30152,0.29202,0.79171,1,0.53934,0.73831,0.43135,0.6046,0.27273,0.27821,0.11632,1.73853,7.37546,0.39358,1.82764,2.3026,5.26414e-05,5.26414e-05,5.26414e-05
585,1374.5,0.73186,3.71811,0.27956,0.29475,0.81944,1,0.53934,0.73831,0.43135,0.6046,0.27273,0.27821,0.11632,1.73853,7.37546,0.39358,1.82764,2.3026,5.22171e-05,5.22171e-05,5.22171e-05
586,1375.75,0.74565,3.86153,0.28544,0.31097,0.79998,0.98856,0.63636,0.769,0.43264,0.59978,0.27273,0.2765,0.12515,1.74777,7.39153,0.39353,1.85424,2.32465,5.17929e-05,5.17929e-05,5.17929e-05
587,1377,0.8019,3.43517,0.3161,0.30711,0.79534,0.98856,0.63636,0.769,0.43264,0.59978,0.27273,0.2765,0.12515,1.74777,7.39153,0.39353,1.85424,2.32465,5.13686e-05,5.13686e-05,5.13686e-05
588,1378.31,0.78931,3.83731,0.2991,0.33276,0.8603,1,0.7186,0.78286,0.43916,0.61011,0.27273,0.27821,0.11632,1.72951,7.43288,0.39156,1.81891,2.31352,5.09443e-05,5.09443e-05,5.09443e-05
589,1379.6,0.73433,3.8853,0.2825,0.34311,0.84636,1,0.71819,0.78286,0.45236,0.61395,0.27273,0.27821,0.10957,1.70003,7.43066,0.39011,1.78368,2.27741,5.052e-05,5.052e-05,5.052e-05
590,1380.9,0.8261,3.85319,0.30099,0.31148,0.79028,1,0.71819,0.78286,0.45236,0.61395,0.27273,0.27821,0.10957,1.70003,7.43066,0.39011,1.78368,2.27741,5.00957e-05,5.00957e-05,5.00957e-05
591,1382.21,0.84902,3.47994,0.2879,0.33199,0.77172,1,0.71982,0.78731,0.45094,0.62563,0.27273,0.28019,0.10977,1.70449,7.41556,0.38973,1.70604,2.29124,4.96714e-05,4.96714e-05,4.96714e-05
592,1383.53,0.60473,3.50473,0.28032,0.30266,0.8687,1,0.71908,0.78731,0.44744,0.62514,0.27273,0.28019,0.10977,1.70414,7.43512,0.38909,1.6394,2.3036,4.92471e-05,4.92471e-05,4.92471e-05
593,1384.83,0.72484,3.33215,0.27926,0.31543,0.80707,1,0.71908,0.78731,0.44744,0.62514,0.27273,0.28019,0.10977,1.70414,7.43512,0.38909,1.6394,2.3036,4.88229e-05,4.88229e-05,4.88229e-05
594,1386.12,0.83459,3.30514,0.2783,0.33354,0.74711,0.84637,0.72727,0.77731,0.45356,0.63548,0.27273,0.28019,0.10977,1.6876,7.41522,0.3891,1.64054,2.27519,4.83986e-05,4.83986e-05,4.83986e-05
595,1387.4,0.84201,3.15695,0.27254,0.32602,0.80938,0.84637,0.72727,0.77731,0.45356,0.63548,0.27273,0.28019,0.10977,1.6876,7.41522,0.3891,1.64054,2.27519,4.79743e-05,4.79743e-05,4.79743e-05
596,1388.7,0.77642,3.60172,0.27887,0.31721,0.79896,1,0.71819,0.78731,0.45563,0.64725,0.27273,0.28019,0.10977,1.67847,7.39108,0.3901,1.65145,2.24894,4.755e-05,4.755e-05,4.755e-05
597,1389.99,0.74512,3.69893,0.2863,0.31127,0.7881,0.98979,0.63636,0.77731,0.44053,0.66707,0.27273,0.28019,0.10302,1.68285,7.37699,0.38868,1.67224,2.23286,4.71257e-05,4.71257e-05,4.71257e-05
598,1391.25,0.87789,3.77246,0.29867,0.3462,0.80539,0.98979,0.63636,0.77731,0.44053,0.66707,0.27273,0.28019,0.10302,1.68285,7.37699,0.38868,1.67224,2.23286,4.67014e-05,4.67014e-05,4.67014e-05
599,1392.55,0.74466,3.86455,0.30335,0.32247,0.86473,0.98945,0.63636,0.77731,0.45251,0.67548,0.27273,0.28019,0.10302,1.68349,7.37185,0.38864,1.70504,2.22406,4.62771e-05,4.62771e-05,4.62771e-05
600,1393.83,0.7261,3.37533,0.27969,0.31334,0.74148,1,0.71903,0.78731,0.46833,0.67245,0.27273,0.28019,0.10977,1.68394,7.31255,0.38846,1.71401,2.20325,4.58529e-05,4.58529e-05,4.58529e-05
601,1395.1,0.79495,3.6123,0.29047,0.31616,0.82582,1,0.71903,0.78731,0.46833,0.67245,0.27273,0.28019,0.10977,1.68394,7.31255,0.38846,1.71401,2.20325,4.54286e-05,4.54286e-05,4.54286e-05
602,1396.39,0.68674,3.34325,0.28784,0.29945,0.82567,0.85349,0.72727,0.75286,0.46786,0.69549,0.27273,0.30071,0.10457,1.65315,7.29743,0.39058,1.70455,2.18065,4.50043e-05,4.50043e-05,4.50043e-05
603,1397.66,0.86927,3.61997,0.28844,0.33609,0.74572,0.85349,0.72727,0.75286,0.46786,0.69549,0.27273,0.30071,0.10457,1.65315,7.29743,0.39058,1.70455,2.18065,4.458e-05,4.458e-05,4.458e-05
604,1398.95,0.61943,3.82077,0.28504,0.29135,0.7739,0.86141,0.72727,0.75731,0.47058,0.69435,0.27273,0.275,0.1115,1.6905,7.23369,0.38578,1.64344,2.23212,4.41557e-05,4.41557e-05,4.41557e-05
605,1400.26,0.72982,3.41572,0.31484,0.30071,0.83787,0.85594,0.72727,0.75731,0.45788,0.69611,0.27273,0.275,0.111,1.68268,7.21696,0.38509,1.54985,2.23551,4.37314e-05,4.37314e-05,4.37314e-05
606,1401.54,0.77882,3.98636,0.30107,0.31637,0.79791,0.85594,0.72727,0.75731,0.45788,0.69611,0.27273,0.275,0.111,1.68268,7.21696,0.38509,1.54985,2.23551,4.33071e-05,4.33071e-05,4.33071e-05
607,1402.83,0.74423,3.54539,0.293,0.30445,0.8248,0.85501,0.72727,0.75731,0.45788,0.68712,0.27273,0.275,0.099,1.68957,7.20474,0.38192,1.52926,2.2571,4.28829e-05,4.28829e-05,4.28829e-05
608,1404.13,0.75054,3.65683,0.30954,0.30056,0.82999,0.85128,0.72727,0.75731,0.45788,0.67913,0.27273,0.275,0.099,1.6858,7.20898,0.38167,1.52682,2.2607,4.24586e-05,4.24586e-05,4.24586e-05
609,1405.42,0.89477,3.63702,0.27284,0.33816,0.78917,0.85128,0.72727,0.75731,0.45788,0.67913,0.27273,0.275,0.099,1.6858,7.20898,0.38167,1.52682,2.2607,4.20343e-05,4.20343e-05,4.20343e-05
610,1406.73,0.67003,4.00674,0.29968,0.29946,0.79014,0.84909,0.72727,0.7625,0.45575,0.63755,0.27273,0.2525,0.1025,1.67006,7.21622,0.38127,1.52315,2.2688,4.161e-05,4.161e-05,4.161e-05
611,1408.01,0.70789,3.52006,0.28995,0.30338,0.81598,0.84909,0.72727,0.7625,0.45575,0.63755,0.27273,0.2525,0.1025,1.67006,7.21622,0.38127,1.52315,2.2688,4.11857e-05,4.11857e-05,4.11857e-05
612,1409.29,0.71484,3.77628,0.29701,0.30723,0.74547,0.795,0.72727,0.7625,0.45575,0.63507,0.27273,0.2525,0.1025,1.67256,7.21454,0.38261,1.5401,2.28505,4.07614e-05,4.07614e-05,4.07614e-05
613,1410.54,0.81824,3.88399,0.30781,0.31062,0.77284,0.77297,0.72727,0.74364,0.44705,0.62674,0.27273,0.2525,0.1025,1.67724,7.21298,0.38275,1.51772,2.28415,4.03371e-05,4.03371e-05,4.03371e-05
614,1411.81,0.68765,3.87742,0.28818,0.29172,0.80822,0.77297,0.72727,0.74364,0.44705,0.62674,0.27273,0.2525,0.1025,1.67724,7.21298,0.38275,1.51772,2.28415,3.99129e-05,3.99129e-05,3.99129e-05
615,1413.06,0.8901,3.47098,0.29734,0.33572,0.72295,0.75505,0.72727,0.74364,0.44645,0.64101,0.27273,0.2525,0.098,1.66707,7.23489,0.38451,1.52943,2.28389,3.94886e-05,3.94886e-05,3.94886e-05
616,1414.32,0.8273,3.82924,0.30272,0.33187,0.80581,0.75564,0.72727,0.74364,0.42554,0.65099,0.27273,0.2525,0.107,1.66973,7.30857,0.38431,1.59034,2.28518,3.90643e-05,3.90643e-05,3.90643e-05
617,1415.56,0.9117,3.43912,0.30829,0.33306,0.76352,0.75564,0.72727,0.74364,0.42554,0.65099,0.27273,0.2525,0.107,1.66973,7.30857,0.38431,1.59034,2.28518,3.864e-05,3.864e-05,3.864e-05
618,1416.81,0.85245,3.68055,0.30522,0.3362,0.72192,0.75389,0.72727,0.74364,0.44356,0.65591,0.27273,0.2525,0.107,1.70074,7.33861,0.3864,1.68282,2.28195,3.82157e-05,3.82157e-05,3.82157e-05
619,1418.06,0.82863,3.40563,0.30114,0.32704,0.75465,0.75389,0.72727,0.74364,0.44356,0.65591,0.27273,0.2525,0.107,1.70074,7.33861,0.3864,1.68282,2.28195,3.77914e-05,3.77914e-05,3.77914e-05
620,1419.31,0.77741,3.83351,0.27818,0.3045,0.7651,0.98885,0.63636,0.77731,0.43489,0.65956,0.27273,0.2525,0.107,1.72673,7.34796,0.38879,1.70913,2.30512,3.73671e-05,3.73671e-05,3.73671e-05
621,1420.61,0.74096,3.35071,0.31189,0.30219,0.79252,0.98814,0.63636,0.77731,0.44827,0.66028,0.27273,0.2525,0.107,1.71777,7.41937,0.39014,1.75614,2.2955,3.69429e-05,3.69429e-05,3.69429e-05
622,1421.89,0.80547,3.5728,0.27369,0.34421,0.80672,0.98814,0.63636,0.77731,0.44827,0.66028,0.27273,0.2525,0.107,1.71777,7.41937,0.39014,1.75614,2.2955,3.65186e-05,3.65186e-05,3.65186e-05
623,1423.19,0.77435,3.33047,0.31798,0.30904,0.78682,0.98912,0.63636,0.7825,0.44575,0.65549,0.27273,0.2525,0.107,1.69851,7.37594,0.3911,1.78647,2.26332,3.60943e-05,3.60943e-05,3.60943e-05
624,1424.49,0.78741,3.65816,0.31986,0.31204,0.83817,0.83739,0.72727,0.78864,0.45784,0.648,0.27273,0.2525,0.116,1.73366,7.38731,0.38894,1.75354,2.29798,3.567e-05,3.567e-05,3.567e-05
625,1425.78,0.90299,3.36789,0.31598,0.32397,0.75139,0.83739,0.72727,0.78864,0.45784,0.648,0.27273,0.2525,0.116,1.73366,7.38731,0.38894,1.75354,2.29798,3.52457e-05,3.52457e-05,3.52457e-05
626,1427.07,0.90133,3.44311,0.31067,0.33085,0.74037,0.98889,0.63636,0.7825,0.43375,0.6505,0.27273,0.2525,0.116,1.73136,7.38873,0.38892,1.78507,2.28506,3.48214e-05,3.48214e-05,3.48214e-05
627,1428.32,0.67456,3.50288,0.31419,0.29639,0.83064,0.98889,0.63636,0.7825,0.43375,0.6505,0.27273,0.2525,0.116,1.73136,7.38873,0.38892,1.78507,2.28506,3.43971e-05,3.43971e-05,3.43971e-05
628,1429.61,0.9363,3.48887,0.29639,0.33305,0.7478,0.88576,0.7068,0.7825,0.43375,0.65493,0.27273,0.2525,0.116,1.74836,7.43752,0.39098,1.81275,2.31098,3.39729e-05,3.39729e-05,3.39729e-05
629,1430.89,0.82235,3.50792,0.28411,0.32573,0.7067,0.88567,0.70622,0.7825,0.43375,0.64908,0.27273,0.2525,0.116,1.76086,7.44383,0.3913,1.81234,2.32602,3.35486e-05,3.35486e-05,3.35486e-05
630,1432.18,0.6871,3.49737,0.28246,0.28692,0.85345,0.88567,0.70622,0.7825,0.43375,0.64908,0.27273,0.2525,0.116,1.76086,7.44383,0.3913,1.81234,2.32602,3.31243e-05,3.31243e-05,3.31243e-05
631,1433.48,0.78729,3.70128,0.29806,0.3041,0.7622,0.88587,0.70754,0.7825,0.44575,0.64012,0.27273,0.2525,0.1065,1.78192,7.39344,0.39265,1.80385,2.36141,3.27e-05,3.27e-05,3.27e-05
632,1434.77,0.73256,3.73546,0.28957,0.3066,0.77279,0.88528,0.70368,0.7825,0.46025,0.66513,0.27273,0.275,0.111,1.7841,7.37873,0.39259,1.78438,2.36301,3.22757e-05,3.22757e-05,3.22757e-05
633,1436.03,0.72149,3.4268,0.3043,0.28828,0.76717,0.88528,0.70368,0.7825,0.46025,0.66513,0.27273,0.275,0.111,1.7841,7.37873,0.39259,1.78438,2.36301,3.18514e-05,3.18514e-05,3.18514e-05
634,1437.35,0.89571,3.41358,0.30791,0.32597,0.75934,0.98466,0.63636,0.7745,0.4655,0.6603,0.27273,0.275,0.111,1.78875,7.40064,0.39173,1.77425,2.37801,3.14271e-05,3.14271e-05,3.14271e-05
635,1438.66,0.66417,3.95545,0.29713,0.30524,0.80633,0.98466,0.63636,0.7745,0.4655,0.6603,0.27273,0.275,0.111,1.78875,7.40064,0.39173,1.77425,2.37801,3.10029e-05,3.10029e-05,3.10029e-05
636,1439.95,0.53871,3.34321,0.28855,0.27259,0.88794,0.97917,0.63636,0.7745,0.45877,0.65713,0.27273,0.275,0.111,1.81182,7.40783,0.39123,1.73593,2.43005,3.05786e-05,3.05786e-05,3.05786e-05
637,1441.25,0.92425,3.40522,0.28842,0.34307,0.71595,0.97674,0.63636,0.77,0.45657,0.65992,0.27273,0.275,0.111,1.80383,7.3939,0.38978,1.68684,2.44461,3.01543e-05,3.01543e-05,3.01543e-05
638,1442.54,0.76116,3.46655,0.2771,0.30544,0.78457,0.97674,0.63636,0.77,0.45657,0.65992,0.27273,0.275,0.111,1.80383,7.3939,0.38978,1.68684,2.44461,2.973e-05,2.973e-05,2.973e-05
639,1443.84,0.76352,3.94066,0.2897,0.31187,0.81122,0.71683,0.69246,0.73714,0.45654,0.61486,0.27273,0.2525,0.09075,1.77811,7.41676,0.38837,1.64148,2.42255,2.93057e-05,2.93057e-05,2.93057e-05
640,1445.15,0.76908,3.66072,0.28628,0.31825,0.73396,0.71269,0.63636,0.73714,0.44804,0.61422,0.27273,0.2525,0.09075,1.79677,7.39396,0.38708,1.61469,2.44615,2.88814e-05,2.88814e-05,2.88814e-05
641,1446.43,0.75282,3.75939,0.28844,0.29501,0.80947,0.71269,0.63636,0.73714,0.44804,0.61422,0.27273,0.2525,0.09075,1.79677,7.39396,0.38708,1.61469,2.44615,2.84571e-05,2.84571e-05,2.84571e-05
642,1447.72,0.67633,3.47468,0.29763,0.29005,0.82444,0.70183,0.63636,0.73714,0.45654,0.61669,0.27273,0.2825,0.09375,1.77923,7.38544,0.38603,1.59997,2.42583,2.80329e-05,2.80329e-05,2.80329e-05
643,1449.01,0.59168,3.54892,0.30491,0.27687,0.81257,0.70183,0.63636,0.73714,0.45654,0.61669,0.27273,0.2825,0.09375,1.77923,7.38544,0.38603,1.59997,2.42583,2.76086e-05,2.76086e-05,2.76086e-05
644,1450.3,0.7002,3.39713,0.29096,0.3038,0.84066,0.71245,0.67786,0.73714,0.44375,0.61008,0.27273,0.2825,0.09375,1.73993,7.36475,0.38296,1.40952,2.37741,2.71843e-05,2.71843e-05,2.71843e-05
645,1451.59,0.73605,3.41891,0.29249,0.30774,0.73952,0.70109,0.64001,0.73714,0.44457,0.61499,0.27273,0.28523,0.09402,1.75801,7.36551,0.38545,1.46267,2.40296,2.676e-05,2.676e-05,2.676e-05
646,1452.87,0.92882,3.78395,0.31877,0.33021,0.78137,0.70109,0.64001,0.73714,0.44457,0.61499,0.27273,0.28523,0.09402,1.75801,7.36551,0.38545,1.46267,2.40296,2.63357e-05,2.63357e-05,2.63357e-05
647,1454.15,0.78577,3.43546,0.32017,0.31243,0.76094,0.7093,0.66737,0.73714,0.44375,0.63374,0.27273,0.2825,0.08475,1.76629,7.37915,0.38433,1.483,2.41666,2.59114e-05,2.59114e-05,2.59114e-05
648,1455.44,0.6926,3.09693,0.29755,0.30031,0.78251,0.70759,0.66167,0.73714,0.45654,0.63726,0.27273,0.2825,0.10325,1.75087,7.37589,0.38399,1.39826,2.36631,2.54871e-05,2.54871e-05,2.54871e-05
649,1456.73,0.59137,3.59615,0.28029,0.28411,0.7658,0.70759,0.66167,0.73714,0.45654,0.63726,0.27273,0.2825,0.10325,1.75087,7.37589,0.38399,1.39826,2.36631,2.50629e-05,2.50629e-05,2.50629e-05
650,1458.03,0.86236,3.41493,0.30758,0.32776,0.75743,0.70009,0.63666,0.73714,0.45735,0.63522,0.27273,0.28523,0.10352,1.77728,7.36161,0.38423,1.44586,2.40384,2.46386e-05,2.46386e-05,2.46386e-05
651,1459.31,0.77479,3.88009,0.31362,0.30847,0.803,0.70009,0.63666,0.73714,0.45735,0.63522,0.27273,0.28523,0.10352,1.77728,7.36161,0.38423,1.44586,2.40384,2.42143e-05,2.42143e-05,2.42143e-05
652,1460.61,0.76559,3.11751,0.29397,0.30163,0.81266,0.71234,0.67751,0.73714,0.44836,0.63374,0.27273,0.2825,0.11,1.76518,7.36021,0.38164,1.40847,2.38438,2.379e-05,2.379e-05,2.379e-05
653,1461.91,0.71429,3.37596,0.27598,0.29894,0.81194,0.71272,0.67875,0.73714,0.44861,0.63412,0.27273,0.2825,0.11,1.76672,7.32624,0.3789,1.39728,2.38662,2.33657e-05,2.33657e-05,2.33657e-05
654,1463.21,1.04626,3.56243,0.29061,0.35711,0.73561,0.71272,0.67875,0.73714,0.44861,0.63412,0.27273,0.2825,0.11,1.76672,7.32624,0.3789,1.39728,2.38662,2.29414e-05,2.29414e-05,2.29414e-05
655,1464.51,0.77943,3.62447,0.27477,0.307,0.77619,0.70567,0.63636,0.73714,0.44861,0.64428,0.27273,0.2525,0.107,1.76629,7.31411,0.37951,1.41187,2.38307,2.25171e-05,2.25171e-05,2.25171e-05
656,1465.79,0.78293,3.48088,0.28334,0.30866,0.73852,0.70281,0.64572,0.73714,0.44811,0.64652,0.27273,0.2525,0.107,1.79154,7.30414,0.38082,1.52927,2.41876,2.20929e-05,2.20929e-05,2.20929e-05
657,1467.07,0.71194,3.36576,0.27633,0.30191,0.80858,0.70281,0.64572,0.73714,0.44811,0.64652,0.27273,0.2525,0.107,1.79154,7.30414,0.38082,1.52927,2.41876,2.16686e-05,2.16686e-05,2.16686e-05
658,1468.33,0.65551,3.49308,0.29008,0.28194,0.79131,0.7723,0.63636,0.73714,0.43986,0.64772,0.27273,0.2825,0.11,1.79684,7.26198,0.38121,1.54903,2.42251,2.12443e-05,2.12443e-05,2.12443e-05
659,1469.59,0.70108,3.64343,0.30518,0.29723,0.81645,0.7723,0.63636,0.73714,0.43986,0.64772,0.27273,0.2825,0.11,1.79684,7.26198,0.38121,1.54903,2.42251,2.082e-05,2.082e-05,2.082e-05
660,1470.84,0.65438,3.25594,0.28548,0.28447,0.76611,0.76171,0.63636,0.73714,0.43986,0.64591,0.27273,0.2825,0.11,1.79505,7.22295,0.38138,1.53745,2.42653,2.03957e-05,2.03957e-05,2.03957e-05
661,1472.1,0.92473,3.79786,0.27387,0.34655,0.74527,0.77712,0.63421,0.74364,0.44146,0.65097,0.27273,0.2825,0.11,1.79776,7.19292,0.38086,1.55409,2.42769,1.99714e-05,1.99714e-05,1.99714e-05
662,1473.35,0.70892,3.38204,0.27936,0.29959,0.78989,0.77712,0.63421,0.74364,0.44146,0.65097,0.27273,0.2825,0.11,1.79776,7.19292,0.38086,1.55409,2.42769,1.95471e-05,1.95471e-05,1.95471e-05
663,1474.63,0.87199,3.47592,0.26415,0.32703,0.79775,0.78567,0.66863,0.74364,0.44146,0.65097,0.27273,0.2825,0.11,1.78241,7.15835,0.37873,1.52341,2.39528,1.91229e-05,1.91229e-05,1.91229e-05
664,1475.92,0.60983,3.61519,0.27453,0.29095,0.79872,0.77716,0.63433,0.74364,0.44146,0.65085,0.27273,0.2825,0.11,1.79332,7.15237,0.37849,1.49884,2.40288,1.86986e-05,1.86986e-05,1.86986e-05
665,1477.21,0.78102,3.9717,0.30113,0.32897,0.79675,0.77716,0.63433,0.74364,0.44146,0.65085,0.27273,0.2825,0.11,1.79332,7.15237,0.37849,1.49884,2.40288,1.82743e-05,1.82743e-05,1.82743e-05
666,1478.5,0.70888,3.50006,0.31031,0.31174,0.79604,0.77589,0.63017,0.75305,0.44577,0.65189,0.27273,0.28523,0.11027,1.79394,7.14751,0.38187,1.49376,2.40461,1.785e-05,1.785e-05,1.785e-05
667,1479.8,0.986,3.37352,0.3559,0.35333,0.7606,0.77589,0.63017,0.75305,0.44577,0.65189,0.27273,0.28523,0.11027,1.79394,7.14751,0.38187,1.49376,2.40461,1.74257e-05,1.74257e-05,1.74257e-05
668,1481.11,0.77825,3.82142,0.30769,0.30883,0.8407,0.77606,0.63076,0.75305,0.44577,0.65347,0.27273,0.28523,0.11027,1.80457,7.14684,0.38313,1.5555,2.3999,1.70014e-05,1.70014e-05,1.70014e-05
669,1482.4,0.7741,3.66617,0.29193,0.31137,0.80823,0.78402,0.66191,0.74364,0.44146,0.65507,0.27273,0.2825,0.11,1.81605,7.16185,0.38335,1.54639,2.4142,1.65771e-05,1.65771e-05,1.65771e-05
670,1483.68,0.65876,3.5702,0.29498,0.31934,0.81634,0.78402,0.66191,0.74364,0.44146,0.65507,0.27273,0.2825,0.11,1.81605,7.16185,0.38335,1.54639,2.4142,1.61529e-05,1.61529e-05,1.61529e-05
671,1484.97,0.80627,3.38627,0.298,0.30508,0.72519,0.7766,0.63252,0.75305,0.44577,0.65157,0.27273,0.28523,0.11927,1.81461,7.13347,0.38305,1.56937,2.40585,1.57286e-05,1.57286e-05,1.57286e-05
672,1486.26,0.64996,3.41175,0.28563,0.27988,0.76679,0.79013,0.68689,0.75305,0.44577,0.65122,0.27273,0.28523,0.11927,1.80131,7.17535,0.38518,1.57996,2.39505,1.53043e-05,1.53043e-05,1.53043e-05
673,1487.56,0.78701,3.40355,0.26532,0.31736,0.77676,0.79013,0.68689,0.75305,0.44577,0.65122,0.27273,0.28523,0.11927,1.80131,7.17535,0.38518,1.57996,2.39505,1.488e-05,1.488e-05,1.488e-05
674,1488.86,0.7625,3.41043,0.28745,0.3042,0.77033,0.79963,0.72575,0.75305,0.44577,0.65395,0.27273,0.28523,0.11927,1.79836,7.18178,0.38477,1.5757,2.39438,1.44557e-05,1.44557e-05,1.44557e-05
675,1490.14,0.60474,3.28317,0.27328,0.27677,0.75468,0.79963,0.72575,0.75305,0.44577,0.65395,0.27273,0.28523,0.11927,1.79836,7.18178,0.38477,1.5757,2.39438,1.40314e-05,1.40314e-05,1.40314e-05
676,1491.43,0.79178,3.70478,0.32406,0.33187,0.75457,0.79264,0.69718,0.74364,0.44146,0.64815,0.27273,0.2525,0.116,1.78385,7.19875,0.38386,1.56566,2.38049,1.36071e-05,1.36071e-05,1.36071e-05
677,1492.73,0.69189,3.53645,0.28736,0.28324,0.7694,0.79684,0.71433,0.74364,0.44146,0.64957,0.27273,0.2825,0.119,1.79014,7.19769,0.38357,1.54123,2.39481,1.31829e-05,1.31829e-05,1.31829e-05
678,1494.01,0.75368,3.2911,0.28189,0.30225,0.80595,0.79684,0.71433,0.74364,0.44146,0.64957,0.27273,0.2825,0.119,1.79014,7.19769,0.38357,1.54123,2.39481,1.27586e-05,1.27586e-05,1.27586e-05
679,1495.3,0.77746,3.59142,0.28441,0.30862,0.76524,0.79526,0.72727,0.74364,0.44146,0.64887,0.27273,0.2825,0.11,1.78906,7.19205,0.3832,1.53137,2.40642,1.23343e-05,1.23343e-05,1.23343e-05
680,1496.59,0.87599,3.71177,0.28844,0.32247,0.72896,0.80349,0.74473,0.75305,0.44577,0.64887,0.27273,0.28523,0.11027,1.78864,7.18985,0.38408,1.54672,2.39226,1.191e-05,1.191e-05,1.191e-05
681,1497.87,0.71143,3.23174,0.27341,0.30115,0.7845,0.80349,0.74473,0.75305,0.44577,0.64887,0.27273,0.28523,0.11027,1.78864,7.18985,0.38408,1.54672,2.39226,1.14857e-05,1.14857e-05,1.14857e-05
682,1499.17,0.78997,3.54455,0.27904,0.31312,0.75602,0.73499,0.81818,0.75305,0.44656,0.64488,0.27273,0.28523,0.11027,1.79142,7.17095,0.38472,1.53102,2.40236,1.10614e-05,1.10614e-05,1.10614e-05
683,1500.46,0.84854,3.53368,0.31564,0.32396,0.78423,0.73499,0.81818,0.75305,0.44656,0.64488,0.27273,0.28523,0.11027,1.79142,7.17095,0.38472,1.53102,2.40236,1.06371e-05,1.06371e-05,1.06371e-05
684,1501.74,0.75671,3.31314,0.2859,0.29344,0.74879,0.7937,0.70151,0.75305,0.44656,0.64367,0.27273,0.28523,0.11027,1.79993,7.18228,0.3841,1.49826,2.40384,1.02129e-05,1.02129e-05,1.02129e-05
685,1503.02,0.85655,3.33752,0.27081,0.31513,0.7449,0.8016,0.73525,0.75305,0.44656,0.6406,0.27273,0.28523,0.11027,1.78672,7.21231,0.38523,1.51005,2.39657,9.78857e-06,9.78857e-06,9.78857e-06
686,1504.3,0.97843,3.55739,0.29187,0.36043,0.73407,0.8016,0.73525,0.75305,0.44656,0.6406,0.27273,0.28523,0.11027,1.78672,7.21231,0.38523,1.51005,2.39657,9.36429e-06,9.36429e-06,9.36429e-06
687,1505.6,0.76969,3.40709,0.30622,0.29151,0.80998,0.64286,0.81818,0.75305,0.44497,0.64367,0.27273,0.28523,0.11027,1.78326,7.22288,0.38492,1.51042,2.379,8.94e-06,8.94e-06,8.94e-06
688,1506.88,0.81058,3.2352,0.2791,0.31133,0.72965,0.70601,0.81818,0.75305,0.44497,0.64624,0.27273,0.28523,0.11027,1.78291,7.2347,0.38504,1.52413,2.37423,8.51571e-06,8.51571e-06,8.51571e-06
689,1508.18,0.77215,3.68041,0.29798,0.31491,0.80665,0.70601,0.81818,0.75305,0.44497,0.64624,0.27273,0.28523,0.11027,1.78291,7.2347,0.38504,1.52413,2.37423,8.09143e-06,8.09143e-06,8.09143e-06
690,1509.48,0.76728,3.32524,0.30188,0.3122,0.75046,0.71388,0.81818,0.75305,0.44497,0.64472,0.27273,0.28523,0.11027,1.78732,7.25289,0.385,1.51941,2.3809,7.66714e-06,7.66714e-06,7.66714e-06
691,1511.89,0.75695,3.29062,0.2869,0.3112,0.75111,0.71388,0.81818,0.75305,0.44497,0.64472,0.27273,0.28523,0.11027,1.78732,7.25289,0.385,1.51941,2.3809,7.24286e-06,7.24286e-06,7.24286e-06
692,1513.15,0.5163,3.34567,0.28752,0.26831,0.79987,0.70925,0.81818,0.75305,0.44497,0.64882,0.27273,0.28523,0.11027,1.77806,7.25955,0.38506,1.50771,2.36931,6.81857e-06,6.81857e-06,6.81857e-06
693,1514.43,0.73709,3.24655,0.28996,0.31268,0.73487,0.71073,0.81818,0.74364,0.44226,0.64594,0.27273,0.2825,0.11,1.77261,7.26171,0.38716,1.53229,2.36157,6.39429e-06,6.39429e-06,6.39429e-06
694,1515.71,0.8179,3.48981,0.27991,0.31276,0.79006,0.71073,0.81818,0.74364,0.44226,0.64594,0.27273,0.2825,0.11,1.77261,7.26171,0.38716,1.53229,2.36157,5.97e-06,5.97e-06,5.97e-06
695,1517.01,0.77425,3.15999,0.28679,0.31832,0.7327,0.78224,0.65462,0.74364,0.44226,0.65228,0.27273,0.2825,0.11,1.80738,7.27658,0.38487,1.53285,2.40567,5.54571e-06,5.54571e-06,5.54571e-06
696,1518.27,0.96246,3.76363,0.29424,0.34719,0.73699,0.78012,0.64596,0.74364,0.44226,0.65533,0.27273,0.2825,0.11,1.79338,7.28044,0.38494,1.55042,2.38622,5.12143e-06,5.12143e-06,5.12143e-06
697,1519.55,0.89905,3.75992,0.332,0.33899,0.72985,0.78012,0.64596,0.74364,0.44226,0.65533,0.27273,0.2825,0.11,1.79338,7.28044,0.38494,1.55042,2.38622,4.69714e-06,4.69714e-06,4.69714e-06
698,1520.86,0.77998,3.28364,0.31623,0.30911,0.81621,0.79619,0.72727,0.74364,0.44226,0.65759,0.27273,0.2825,0.11,1.807,7.29231,0.38443,1.54577,2.402,4.27286e-06,4.27286e-06,4.27286e-06
699,1522.14,0.60328,3.32443,0.27783,0.29306,0.8091,0.79619,0.72727,0.74364,0.44226,0.65759,0.27273,0.2825,0.11,1.807,7.29231,0.38443,1.54577,2.402,3.84857e-06,3.84857e-06,3.84857e-06
700,1523.44,0.6792,3.62718,0.30385,0.30166,0.82264,0.7948,0.72727,0.74364,0.44226,0.65659,0.27273,0.2825,0.11,1.79787,7.28502,0.38455,1.52119,2.39738,3.42429e-06,3.42429e-06,3.42429e-06
