Frame,Visibility,X,Y
0,1,593,290
1,1,591,295
2,1,591,301
3,1,590,308
4,1,588,315
5,1,586,323
6,1,583,336
7,1,581,340
8,1,581,341
9,1,581,338
10,1,581,331
11,1,581,315
12,1,581,310
13,1,581,306
14,1,581,300
15,1,590,285
16,1,590,276
17,1,591,268
18,1,595,260
19,1,596,253
20,1,600,245
21,1,601,235
22,1,603,230
23,1,605,225
24,1,606,218
25,1,608,208
26,1,610,205
27,1,610,200
28,1,611,195
29,1,613,190
30,1,620,185
31,1,621,180
32,1,623,175
33,1,625,166
34,1,626,161
35,1,627,157
36,1,630,151
37,1,631,146
38,1,633,143
39,1,635,138
40,1,636,135
41,1,640,128
42,1,641,125
43,1,643,121
44,1,645,120
45,1,648,121
46,1,650,118
47,1,651,115
48,1,653,110
49,1,655,108
50,1,656,106
51,1,660,101
52,1,660,100
53,1,663,98
54,1,666,95
55,1,668,93
56,1,670,93
57,1,670,91
58,1,671,91
59,1,673,91
60,1,676,91
61,1,678,90
62,1,683,90
63,1,683,88
64,1,685,88
65,1,686,88
66,1,688,90
67,1,693,90
68,1,695,91
69,1,696,90
70,1,698,91
71,1,700,91
72,1,701,93
73,1,703,95
74,1,705,96
75,1,706,103
76,1,710,103
77,1,711,103
78,1,710,110
79,1,716,108
80,1,723,110
81,1,723,110
82,1,723,113
83,1,725,118
84,1,728,121
85,1,731,125
86,1,731,128
87,1,733,135
88,1,733,138
89,1,736,143
90,1,738,146
91,1,741,150
92,1,745,155
93,1,748,161
94,1,748,166
95,1,751,170
96,1,755,178
97,1,756,183
98,1,758,191
99,1,761,198
100,1,763,205
101,1,766,210
102,1,768,218
103,1,770,226
104,1,770,231
105,1,775,240
106,1,776,245
107,1,778,256
108,1,780,263
109,1,785,275
110,1,788,283
111,1,791,295
112,1,793,301
113,1,795,306
114,1,796,303
115,1,795,310
116,1,793,295
117,0,0,0
118,1,790,265
119,1,787,255
120,1,786,245
121,1,785,235
122,1,785,225
123,1,780,215
124,1,781,205
125,1,780,196
126,1,778,188
127,1,776,180
128,1,775,171
129,1,775,163
130,1,773,153
131,1,770,148
132,1,768,141
133,1,766,136
134,1,765,126
135,1,765,121
136,1,763,118
137,1,761,113
138,1,760,108
139,1,758,100
140,1,758,95
141,1,756,90
142,1,755,85
143,1,753,83
144,1,751,75
145,1,750,71
146,1,748,70
147,1,746,66
148,1,741,63
149,1,741,61
150,1,736,56
151,1,736,55
152,1,736,53
153,1,736,50
154,1,736,48
155,1,735,45
156,1,733,43
157,1,735,41
158,1,733,41
159,1,733,41
160,1,731,40
161,1,731,40
162,1,730,41
163,1,730,43
164,1,728,45
165,0,0,0
166,0,0,0
167,1,713,41
168,1,713,43
169,1,713,41
170,1,708,43
171,1,706,43
172,1,706,45
173,1,703,46
174,1,705,48
175,1,703,48
176,1,703,50
177,1,701,53
178,1,701,56
179,1,701,56
180,0,0,0
181,0,0,0
182,0,0,0
183,0,0,0
184,1,630,270
185,0,0,0
186,0,0,0
187,0,0,0
188,1,686,93
189,1,686,98
190,1,685,103
191,1,683,108
192,1,683,113
193,1,681,118
194,1,681,125
195,1,678,128
196,1,678,136
197,1,676,145
198,1,675,150
199,1,673,153
200,1,671,163
201,1,671,170
202,1,670,176
203,1,668,181
204,1,666,193
205,1,666,201
206,1,661,215
207,1,661,221
208,1,663,225
209,1,666,230
210,1,680,235
211,1,683,243
212,1,696,245
213,1,706,250
214,1,723,255
215,1,731,256
216,1,751,261
217,1,761,263
218,1,768,270
219,1,785,281
220,1,800,287
221,1,815,295
222,1,831,305
223,1,845,313
224,1,856,323
225,0,0,0
226,0,0,0
227,0,0,0
228,1,950,375
229,0,0,0
230,1,997,415
231,1,1017,435
232,1,1050,455
233,1,1082,487
234,1,1135,536
235,1,1153,553
236,1,1185,565
237,1,1195,555
238,1,1228,546
239,0,0,0
240,0,0,0
241,0,0,0
242,0,0,0
243,0,0,0
244,0,0,0
245,0,0,0
246,0,0,0
247,0,0,0
248,0,0,0
249,0,0,0
250,0,0,0
251,0,0,0
252,0,0,0
253,0,0,0
254,0,0,0
255,0,0,0
256,0,0,0
257,0,0,0
258,0,0,0
259,0,0,0
260,0,0,0
261,0,0,0
262,0,0,0
263,0,0,0
264,0,0,0
265,0,0,0
266,0,0,0
267,0,0,0
268,0,0,0
269,0,0,0
270,0,0,0
271,0,0,0
272,0,0,0
273,0,0,0
274,0,0,0
275,0,0,0
276,0,0,0
277,0,0,0
278,0,0,0
279,0,0,0
280,0,0,0
281,0,0,0
282,0,0,0
283,0,0,0
284,0,0,0
285,0,0,0
286,0,0,0
287,0,0,0
288,0,0,0
289,0,0,0
290,0,0,0
291,0,0,0
292,0,0,0
293,0,0,0
294,0,0,0
295,0,0,0
296,0,0,0
297,0,0,0
298,0,0,0
299,0,0,0
300,0,0,0
301,0,0,0
302,0,0,0
303,0,0,0
304,0,0,0
305,0,0,0
306,0,0,0
307,0,0,0
308,0,0,0
309,0,0,0
310,0,0,0
311,0,0,0
312,0,0,0
313,0,0,0
314,0,0,0
315,0,0,0
316,0,0,0
317,0,0,0
318,0,0,0
319,0,0,0
320,0,0,0
321,0,0,0
322,0,0,0
323,0,0,0
324,0,0,0
325,0,0,0
326,0,0,0
327,0,0,0
328,0,0,0
329,0,0,0
330,0,0,0
331,0,0,0
332,0,0,0
333,0,0,0
334,0,0,0
335,0,0,0
336,0,0,0
337,0,0,0
338,0,0,0
339,0,0,0
340,0,0,0
341,0,0,0
342,0,0,0
343,0,0,0
344,0,0,0
345,0,0,0
346,0,0,0
347,0,0,0
348,0,0,0
349,0,0,0
350,0,0,0
351,0,0,0
352,0,0,0
353,0,0,0
354,0,0,0
355,0,0,0
356,0,0,0
357,0,0,0
358,0,0,0
359,0,0,0
360,1,972,255
361,1,382,132
362,1,401,124
363,1,420,116
364,1,439,108
365,1,458,100
366,1,478,91
367,1,497,83
368,1,516,75
369,1,535,67
370,1,535,70
371,1,537,72
372,1,537,75
373,1,537,77
374,1,540,80
375,1,541,86
376,1,543,90
377,1,545,95
378,1,548,95
379,1,548,98
380,1,551,100
381,1,555,106
382,1,555,108
383,1,556,111
384,1,556,115
385,1,556,120
386,1,556,123
387,1,561,126
388,1,561,135
389,1,561,140
390,1,563,136
391,1,565,140
392,1,566,146
393,1,568,151
394,1,568,155
395,1,570,161
396,1,573,166
397,1,575,173
398,1,576,178
399,1,578,181
400,1,581,188
401,1,583,191
402,1,583,198
403,1,586,201
404,1,588,206
405,1,590,215
406,1,590,218
407,1,591,225
408,1,595,230
409,1,596,233
410,1,598,241
411,1,600,245
412,1,600,250
413,1,603,256
414,1,606,261
415,1,606,270
416,1,608,276
417,1,610,285
418,1,613,288
419,1,613,296
420,0,0,0
421,1,615,305
422,1,618,303
423,1,618,301
424,1,618,300
425,1,618,286
426,1,618,285
427,1,616,278
428,1,616,271
429,1,616,268
430,1,613,258
431,1,610,251
432,1,610,243
433,1,607,235
434,0,0,0
435,0,0,0
436,1,605,215
437,1,603,205
438,1,603,196
439,1,601,190
440,0,0,0
441,1,600,176
442,0,0,0
443,1,600,168
444,1,601,163
445,1,600,153
446,1,598,150
447,1,595,145
448,1,595,140
449,1,593,136
450,1,591,138
451,1,591,130
452,1,590,123
453,1,590,113
454,1,588,108
455,1,588,100
456,1,588,95
457,1,588,88
458,1,586,85
459,0,0,0
460,0,0,0
461,1,581,71
462,1,581,68
463,1,580,65
464,1,580,63
465,1,575,56
466,1,575,51
467,1,576,48
468,1,575,45
469,1,573,38
470,1,571,35
471,1,571,30
472,1,570,30
473,0,0,0
474,0,0,0
475,0,0,0
476,0,0,0
477,1,565,15
478,1,565,15
479,1,565,12
480,1,563,11
481,1,563,5
482,1,363,380
483,1,362,376
484,1,360,372
485,0,0,0
486,1,358,365
487,1,358,358
488,1,358,356
489,1,356,353
490,1,355,351
491,1,343,354
492,1,332,356
493,1,320,358
494,1,308,361
495,1,301,363
496,1,295,366
497,1,288,368
498,1,288,366
499,1,288,363
500,1,288,360
501,1,288,358
502,1,290,355
503,1,288,356
504,1,290,353
505,1,288,355
506,1,286,356
507,1,286,356
508,1,286,358
509,1,285,358
510,1,298,351
511,1,300,350
512,1,298,351
513,1,300,353
514,1,300,355
515,1,301,356
516,1,305,358
517,1,305,363
518,1,306,366
519,1,306,370
520,1,306,375
521,1,306,376
522,1,308,381
523,1,308,385
524,1,310,386
525,1,280,379
526,1,250,371
527,1,221,364
528,1,191,356
529,1,161,349
530,1,132,342
531,1,102,334
532,1,72,327
533,1,111,331
534,1,150,334
535,1,189,338
536,1,228,342
537,1,268,346
538,1,307,350
539,1,346,353
540,1,385,357
541,1,380,362
542,1,376,366
543,1,376,356
544,1,376,355
545,1,377,348
546,1,378,341
547,1,379,334
548,1,381,326
549,1,382,319
550,1,383,312
551,1,384,305
552,1,385,298
553,1,386,291
554,0,0,0
555,0,0,0
556,0,0,0
557,0,0,0
558,1,392,255
559,1,392,254
560,1,392,253
561,1,392,252
562,1,392,252
563,1,392,251
564,1,392,250
565,1,392,247
566,1,392,245
567,1,470,15
568,1,473,5
569,1,471,11
570,1,470,17
571,1,470,17
572,1,400,245
573,0,0,0
574,0,0,0
575,0,0,0
576,1,466,31
577,1,465,38
578,1,465,41
579,1,465,43
580,1,463,45
581,1,463,46
582,1,465,45
583,1,461,56
584,1,461,58
585,1,460,66
586,1,460,70
587,1,458,73
588,1,458,75
589,1,456,81
590,1,455,83
591,1,455,86
592,1,455,91
593,1,453,98
594,1,455,101
595,1,450,108
596,1,450,113
597,1,450,120
598,1,448,125
599,1,446,130
600,1,446,128
601,1,445,135
602,1,443,141
603,1,441,148
604,1,440,153
605,1,440,161
606,1,438,166
607,1,438,175
608,1,438,180
609,1,433,190
610,1,436,190
611,1,438,190
612,1,443,191
613,1,445,195
614,0,0,0
615,1,460,206
616,1,466,208
617,1,475,215
618,1,481,218
619,1,490,223
620,1,495,225
621,1,508,228
622,1,510,231
623,1,516,233
624,1,521,233
625,1,526,235
626,0,0,0
627,1,545,241
628,1,551,245
629,1,566,251
630,0,0,0
631,0,0,0
632,0,0,0
633,0,0,0
634,0,0,0
635,1,620,278
636,0,0,0
637,0,0,0
638,0,0,0
639,1,660,298
640,1,671,303
641,1,680,311
642,1,703,321
643,1,711,330
644,0,0,0
645,1,744,349
646,1,760,358
647,1,766,360
648,0,0,0
649,1,431,306
650,1,433,305
651,1,435,305
652,0,0,0
653,0,0,0
654,0,0,0
655,1,435,302
656,1,435,300
657,1,927,482
658,1,925,482
659,1,975,512
660,0,0,0
661,0,0,0
662,0,0,0
663,1,1058,591
664,1,1078,611
665,1,1099,630
666,1,1119,650
667,1,1140,670
668,1,1138,651
669,1,1180,666
670,0,0,0
671,1,1215,635
672,1,1230,620
673,1,1237,602
674,1,1173,573
675,1,1110,544
676,1,1046,516
677,1,982,487
678,1,982,487
679,1,982,490
680,1,982,490
681,1,982,490
682,1,982,492
683,1,982,493
684,1,982,495
685,1,982,497
686,1,982,497
687,1,968,495
688,1,955,493
689,1,941,492
690,1,928,490
691,1,914,488
692,1,900,486
693,1,887,485
694,1,873,483
695,1,860,481
696,0,0,0
697,0,0,0
698,0,0,0
699,0,0,0
700,0,0,0
701,0,0,0
702,0,0,0
703,0,0,0
704,0,0,0
705,0,0,0
706,0,0,0
707,0,0,0
708,0,0,0
709,0,0,0
710,0,0,0
711,0,0,0
712,0,0,0
713,0,0,0
714,0,0,0
715,0,0,0
716,0,0,0
717,0,0,0
718,0,0,0
719,0,0,0
720,1,520,437
721,1,517,437
722,1,517,435
723,1,517,432
724,1,520,432
725,1,520,432
726,1,522,430
727,1,522,430
728,1,522,430
729,1,596,459
730,1,670,488
731,1,743,516
732,1,817,545
733,1,820,545
734,1,820,545
735,1,817,547
736,1,817,547
737,1,820,547
738,1,810,551
739,1,800,555
740,1,822,547
741,1,822,545
742,1,822,545
743,1,822,547
744,1,815,557
745,1,812,557
746,1,810,555
747,1,777,557
748,1,745,559
749,1,712,562
750,1,680,564
751,1,647,566
752,1,615,568
753,1,582,570
754,1,550,573
755,1,517,575
756,0,0,0
757,0,0,0
758,0,0,0
759,0,0,0
760,0,0,0
761,0,0,0
762,0,0,0
763,0,0,0
764,0,0,0
765,1,192,597
766,1,192,595
767,1,190,595
768,1,190,595
769,1,190,595
770,1,190,595
771,1,190,595
772,1,190,595
773,1,187,595
774,1,226,592
775,1,266,588
776,1,306,585
777,1,345,582
778,1,384,578
779,1,424,575
780,1,464,571
781,1,503,568
782,1,542,565
783,0,0,0
784,0,0,0
785,0,0,0
786,0,0,0
787,0,0,0
788,0,0,0
789,0,0,0
790,0,0,0
791,0,0,0
792,0,0,0
793,0,0,0
794,0,0,0
795,1,1056,521
796,1,1029,520
797,1,1002,520
798,1,974,519
799,1,947,518
800,1,920,518
801,1,893,517
802,1,866,516
803,1,839,516
804,1,812,515
805,0,0,0
806,0,0,0
807,1,730,513
808,1,526,61
809,0,0,0
810,1,572,159
811,1,594,208
812,1,617,258
813,1,640,307
814,1,663,356
815,1,661,356
816,1,663,355
817,1,661,350
818,1,663,350
819,1,660,340
820,1,661,341
821,1,660,340
822,1,660,336
823,1,660,335
824,1,661,331
825,1,656,325
826,1,656,321
827,1,655,316
828,1,655,313
829,1,655,310
830,1,655,308
831,1,655,305
832,1,653,301
833,1,653,300
834,1,655,296
835,1,653,295
836,1,651,293
837,1,651,290
838,1,651,288
839,1,653,286
840,1,650,285
841,1,650,285
842,1,651,285
843,1,651,283
844,1,650,281
845,1,650,280
846,1,648,278
847,1,648,276
848,1,646,276
849,1,650,275
850,1,648,275
851,1,646,273
852,1,646,273
853,1,646,275
854,1,645,275
855,1,641,273
856,1,641,275
857,1,641,276
858,1,641,280
859,1,641,281
860,1,641,283
861,1,641,285
862,1,641,286
863,1,640,286
864,1,640,282
865,1,640,292
866,1,637,292
867,1,636,296
868,1,636,295
869,1,635,286
870,1,633,283
871,1,631,280
872,1,630,276
873,1,630,271
874,1,628,268
875,1,626,261
876,1,626,256
877,1,625,251
878,1,623,248
879,1,623,245
880,1,620,241
881,1,618,236
882,1,615,235
883,1,615,231
884,1,613,230
885,1,610,226
886,1,610,225
887,1,608,221
888,1,606,216
889,1,603,215
890,1,600,213
891,1,596,208
892,1,593,205
893,1,591,203
894,1,590,203
895,1,583,200
896,1,580,198
897,1,576,198
898,1,573,196
899,1,570,196
900,1,565,195
901,1,562,192
902,1,557,192
903,1,555,192
904,1,552,192
905,1,550,191
906,1,543,193
907,1,540,193
908,1,537,197
909,1,528,196
910,1,520,198
911,1,515,201
912,1,510,203
913,1,501,203
914,1,500,208
915,1,495,212
916,1,491,218
917,1,483,221
918,1,475,225
919,1,470,228
920,1,461,233
921,1,456,243
922,1,443,253
923,1,436,260
924,0,0,0
925,1,415,271
926,0,0,0
927,1,408,243
928,1,406,228
929,1,410,220
930,1,411,198
931,1,413,183
932,1,418,165
933,1,420,150
934,1,420,135
935,1,428,121
936,1,423,110
937,1,431,95
938,1,430,85
939,1,433,70
940,1,433,60
941,1,433,48
942,1,433,38
943,1,433,33
944,1,435,30
945,0,0,0
946,1,443,18
947,0,0,0
948,1,315,230
949,1,310,230
950,1,311,241
951,1,315,248
952,1,311,255
953,1,733,395
954,1,310,273
955,1,306,278
956,1,308,278
957,1,325,292
958,1,342,306
959,1,359,319
960,1,376,333
961,1,376,340
962,1,376,349
963,1,375,358
964,1,375,366
965,1,365,381
966,1,375,386
967,1,365,393
968,1,365,401
969,1,365,406
970,1,360,413
971,1,358,416
972,1,355,416
973,1,364,390
974,1,372,365
975,1,381,339
976,1,390,313
977,1,398,288
978,1,407,262
979,1,415,236
980,1,424,210
981,1,433,185
982,0,0,0
983,0,0,0
984,0,0,0
985,0,0,0
986,0,0,0
987,0,0,0
988,1,493,5
989,1,496,11
990,1,492,15
991,1,495,20
992,1,493,33
993,1,496,40
994,1,496,46
995,1,498,55
996,1,500,60
997,1,501,70
998,1,501,75
999,1,501,83
1000,1,506,91
1001,1,508,101
1002,1,508,110
1003,1,508,121
1004,1,508,128
1005,1,513,138
1006,1,511,150
1007,1,513,161
1008,1,515,171
1009,1,515,183
1010,1,513,196
1011,1,515,210
1012,1,516,223
1013,1,518,235
1014,1,518,245
1015,1,518,256
1016,1,520,268
1017,1,521,281
1018,1,525,296
1019,0,0,0
1020,1,523,286
1021,1,520,286
1022,1,521,278
1023,1,518,261
1024,1,518,246
1025,1,520,235
1026,1,516,218
1027,1,518,205
1028,1,515,191
1029,1,516,180
1030,1,513,165
1031,1,510,153
1032,1,508,143
1033,1,505,137
1034,1,501,121
1035,1,501,115
1036,1,500,103
1037,1,500,98
1038,0,0,0
1039,0,0,0
1040,1,496,71
1041,1,495,63
1042,0,0,0
1043,1,495,48
1044,1,495,45
1045,1,491,35
1046,0,0,0
1047,0,0,0
1048,0,0,0
1049,1,482,12
1050,1,483,15
1051,1,477,10
1052,1,480,10
1053,1,480,10
1054,1,477,10
1055,1,408,74
1056,1,338,138
1057,1,268,202
1058,1,199,267
1059,1,130,331
1060,1,60,395
1061,1,60,395
1062,1,61,393
1063,1,66,390
1064,1,70,386
1065,1,90,366
1066,1,93,363
1067,1,98,358
1068,1,100,356
1069,1,114,359
1070,1,128,362
1071,1,142,366
1072,1,156,369
1073,1,170,372
1074,1,184,376
1075,1,198,379
1076,1,212,382
1077,1,227,385
1078,0,0,0
1079,0,0,0
1080,0,0,0
1081,0,0,0
1082,0,0,0
1083,0,0,0
1084,1,325,408
1085,1,328,395
1086,1,328,380
1087,0,0,0
1088,0,0,0
1089,1,436,15
1090,0,0,0
1091,1,435,31
1092,1,433,41
1093,1,433,48
1094,1,431,53
1095,1,426,58
1096,1,426,63
1097,1,426,70
1098,1,427,80
1099,1,426,85
1100,1,426,91
1101,1,426,101
1102,1,423,115
1103,1,426,120
1104,1,420,135
1105,1,420,143
1106,1,420,153
1107,1,420,163
1108,1,418,175
1109,1,416,181
1110,1,415,195
1111,1,412,205
1112,1,415,220
1113,1,416,226
1114,1,420,230
1115,1,426,225
1116,1,428,225
1117,1,428,220
1118,1,430,215
1119,1,435,205
1120,1,435,200
1121,1,438,200
1122,1,441,196
1123,1,442,200
1124,1,447,197
1125,1,446,201
1126,1,452,200
1127,1,452,197
1128,1,456,196
1129,1,458,198
1130,1,458,196
1131,1,461,196
1132,1,463,198
1133,1,465,200
1134,1,468,203
1135,1,470,205
1136,1,471,206
1137,1,475,213
1138,1,476,215
1139,1,480,218
1140,1,476,223
1141,1,480,221
1142,1,480,225
1143,1,481,226
1144,1,481,228
1145,1,483,231
1146,1,486,235
1147,1,486,241
1148,1,488,245
1149,1,490,250
1150,1,491,255
1151,1,493,260
1152,1,495,261
1153,1,495,268
1154,1,496,271
1155,1,496,273
1156,1,496,280
1157,1,498,285
1158,1,498,288
1159,1,501,295
1160,1,501,296
1161,1,503,305
1162,1,503,310
1163,1,503,313
1164,1,508,321
1165,1,503,325
1166,1,503,325
1167,1,503,323
1168,1,501,325
1169,1,500,310
1170,1,503,305
1171,1,501,298
1172,1,503,288
1173,1,503,280
1174,1,503,270
1175,1,503,260
1176,1,503,255
1177,1,503,246
1178,1,503,243
1179,1,501,233
1180,1,501,228
1181,1,501,221
1182,1,500,216
1183,1,500,206
1184,1,500,201
1185,1,500,198
1186,1,498,193
1187,1,498,188
1188,1,498,181
1189,1,498,176
1190,1,498,171
1191,1,498,166
1192,1,496,161
1193,1,495,155
1194,1,496,151
1195,1,496,146
1196,1,496,143
1197,1,496,140
1198,1,496,136
1199,1,496,135
1200,1,498,130
1201,1,496,128
1202,1,498,125
1203,1,496,121
1204,1,496,116
1205,1,496,115
1206,1,496,111
1207,1,496,110
1208,1,496,108
1209,1,496,108
1210,1,496,108
1211,1,495,108
1212,1,496,108
1213,1,495,108
1214,1,495,103
1215,1,496,102
1216,1,496,102
1217,1,497,102
1218,1,498,101
1219,1,498,100
1220,1,498,100
1221,0,0,0
1222,1,496,100
1223,1,496,98
1224,1,500,100
1225,1,495,100
1226,1,495,101
1227,1,495,101
1228,1,496,103
1229,1,493,101
1230,1,495,108
1231,1,493,108
1232,1,495,108
1233,1,495,110
1234,1,495,111
1235,1,495,111
1236,1,495,113
1237,1,493,116
1238,1,493,118
1239,1,495,121
1240,1,495,125
1241,1,493,126
1242,1,493,128
1243,1,493,136
1244,1,493,140
1245,1,491,146
1246,1,493,150
1247,1,491,155
1248,1,491,161
1249,1,490,163
1250,1,490,166
1251,1,490,173
1252,1,490,178
1253,1,488,181
1254,1,490,190
1255,1,490,195
1256,1,490,200
1257,1,490,206
1258,1,490,215
1259,1,490,220
1260,1,490,225
1261,1,490,231
1262,1,490,236
1263,1,488,243
1264,1,488,250
1265,1,488,258
1266,1,488,268
1267,1,488,275
1268,1,488,283
1269,1,490,288
1270,1,488,298
1271,1,488,305
1272,1,490,308
1273,1,490,305
1274,1,490,295
1275,1,486,286
1276,1,485,281
1277,1,485,273
1278,1,485,261
1279,1,483,255
1280,1,485,246
1281,1,483,235
1282,1,483,230
1283,1,481,223
1284,1,481,216
1285,1,477,210
1286,1,476,200
1287,1,475,193
1288,1,475,190
1289,1,473,180
1290,1,475,178
1291,1,475,173
1292,1,473,166
1293,1,471,161
1294,1,471,151
1295,1,470,146
1296,1,470,143
1297,1,468,136
1298,1,468,135
1299,1,466,128
1300,1,466,123
1301,1,466,121
1302,1,465,118
1303,1,463,116
1304,1,463,115
1305,1,463,110
1306,1,463,108
1307,1,463,103
1308,1,461,101
1309,1,461,98
1310,1,461,96
1311,1,460,93
1312,1,458,91
1313,1,458,90
1314,1,456,90
1315,1,456,88
1316,1,455,86
1317,1,455,88
1318,1,455,90
1319,1,450,86
1320,1,448,85
1321,1,446,83
1322,1,446,81
1323,1,446,81
1324,1,446,81
1325,1,445,81
1326,1,445,81
1327,1,443,81
1328,1,443,81
1329,1,441,83
1330,1,441,85
1331,1,440,86
1332,0,0,0
1333,1,440,91
1334,1,440,93
1335,1,441,103
1336,1,435,100
1337,1,436,106
1338,1,438,106
1339,1,438,108
1340,1,436,108
1341,1,436,110
1342,1,435,113
1343,1,435,116
1344,1,435,121
1345,1,433,125
1346,1,431,128
1347,1,431,135
1348,1,430,140
1349,1,428,145
1350,1,428,146
1351,1,426,151
1352,1,425,155
1353,1,425,160
1354,1,423,165
1355,1,423,170
1356,1,423,178
1357,1,421,181
1358,1,421,191
1359,1,421,198
1360,1,421,206
1361,1,420,213
1362,1,420,218
1363,1,420,226
1364,1,420,230
1365,1,420,230
1366,1,421,228
1367,1,428,221
1368,1,428,216
1369,1,430,215
1370,1,433,208
1371,1,436,205
1372,1,440,201
1373,1,443,200
1374,1,446,196
1375,1,450,193
1376,1,455,191
1377,1,455,191
1378,1,458,190
1379,1,461,190
1380,1,458,191
1381,1,463,191
1382,1,468,190
1383,1,472,187
1384,0,0,0
1385,1,480,190
1386,1,485,190
1387,1,490,190
1388,1,495,191
1389,1,501,193
1390,0,0,0
1391,0,0,0
1392,0,0,0
1393,1,513,201
1394,1,520,202
1395,1,523,206
1396,1,528,208
1397,0,0,0
1398,1,536,216
1399,1,543,220
1400,1,551,225
1401,0,0,0
1402,0,0,0
1403,1,565,241
1404,1,573,246
1405,1,578,255
1406,1,581,261
1407,1,590,268
1408,1,595,275
1409,1,603,283
1410,1,615,295
1411,1,618,301
1412,1,625,311
1413,1,630,321
1414,1,635,328
1415,1,643,336
1416,1,648,350
1417,1,655,363
1418,0,0,0
1419,1,671,390
1420,1,680,403
1421,1,686,421
1422,0,0,0
1423,1,701,456
1424,1,706,468
1425,1,733,430
1426,1,735,430
1427,1,735,435
1428,1,740,434
1429,1,746,433
1430,1,751,432
1431,1,756,431
1432,1,760,415
1433,1,763,411
1434,1,768,406
1435,0,0,0
1436,1,776,391
1437,1,783,386
1438,1,788,385
1439,1,793,383
1440,1,790,380
1441,1,795,376
1442,1,805,372
1443,1,806,368
1444,1,811,366
1445,1,816,365
1446,1,821,363
1447,1,830,363
1448,1,833,361
1449,1,838,360
1450,1,843,358
1451,1,846,360
1452,1,850,360
1453,1,855,360
1454,1,860,361
1455,1,856,363
1456,1,861,366
1457,1,870,368
1458,1,875,370
1459,0,0,0
1460,1,883,376
1461,1,886,378
1462,1,891,383
1463,1,895,386
1464,1,900,390
1465,1,901,393
1466,1,908,396
1467,1,911,401
1468,1,913,406
1469,1,918,413
1470,1,923,416
1471,1,928,423
1472,1,930,431
1473,1,935,436
1474,1,936,443
1475,1,940,448
1476,1,945,458
1477,1,948,468
1478,1,951,471
1479,1,961,488
1480,1,963,475
1481,1,968,470
1482,1,973,460
1483,1,978,455
1484,1,980,446
1485,1,990,446
1486,1,995,441
1487,1,1001,435
1488,1,1006,430
1489,1,1010,425
1490,1,1018,423
1491,1,1023,420
1492,1,1028,418
1493,1,1031,415
1494,1,1035,410
1495,1,1045,406
1496,1,1050,408
1497,1,1056,405
1498,1,1060,405
1499,1,1052,407
1500,1,1071,403
1501,1,1078,401
1502,0,0,0
1503,1,1090,405
1504,1,1098,401
1505,1,1101,401
1506,1,1106,403
1507,1,1111,405
1508,1,1115,405
1509,1,1125,408
1510,1,1128,411
1511,1,1131,413
1512,1,1136,416
1513,1,1140,418
1514,1,1150,421
1515,1,1153,426
1516,1,1158,428
1517,1,1168,433
1518,1,1175,435
1519,1,1178,441
1520,1,1181,445
1521,1,1190,453
1522,1,1193,456
1523,1,1203,466
1524,1,1206,471
1525,1,1210,475
1526,1,1216,481
1527,1,1220,475
1528,1,1221,473
1529,1,1223,466
1530,1,1236,465
1531,1,1241,458
1532,1,1242,457
1533,1,1246,448
1534,1,615,472
1535,1,615,472
1536,1,500,345
1537,0,0,0
1538,1,892,575
1539,1,840,543
1540,1,787,510
1541,1,735,478
1542,1,682,445
1543,1,630,413
1544,1,577,380
1545,1,525,348
1546,1,523,350
1547,1,525,348
1548,1,525,346
1549,1,523,344
1550,1,521,343
1551,1,521,338
1552,1,520,336
1553,1,525,331
1554,1,521,331
1555,1,520,326
1556,1,520,328
1557,1,527,329
1558,1,534,330
1559,1,541,331
1560,1,549,332
1561,1,556,333
1562,1,563,334
1563,1,570,335
1564,1,577,336
1565,1,584,337
1566,0,0,0
1567,0,0,0
1568,0,0,0
1569,0,0,0
1570,0,0,0
1571,0,0,0
1572,0,0,0
1573,0,0,0
1574,0,0,0
1575,1,656,346
1576,1,656,341
1577,1,656,340
1578,1,656,333
1579,1,656,328
1580,1,656,325
1581,1,656,321
1582,1,655,316
1583,1,655,315
1584,1,655,311
1585,1,655,308
1586,1,655,306
1587,1,653,305
1588,1,653,303
1589,1,653,303
1590,1,655,296
1591,1,653,295
1592,1,655,290
1593,1,655,290
1594,1,653,288
1595,1,653,286
1596,1,651,283
1597,1,651,281
1598,1,651,281
1599,1,651,280
1600,1,651,278
1601,1,650,276
1602,1,650,276
1603,1,648,276
1604,1,648,276
1605,1,640,270
1606,1,640,270
1607,1,640,270
1608,1,640,270
1609,1,640,270
1610,1,640,270
1611,1,645,277
1612,1,645,277
1613,1,645,275
1614,1,642,277
1615,1,642,277
1616,1,642,277
1617,1,642,280
1618,1,642,282
1619,1,642,282
1620,1,641,301
1621,1,641,300
1622,1,641,298
1623,1,640,290
1624,1,640,286
1625,1,640,281
1626,1,640,278
1627,1,636,271
1628,1,635,270
1629,1,635,261
1630,1,633,260
1631,1,631,256
1632,1,630,253
1633,1,628,250
1634,1,628,250
1635,1,628,246
1636,1,625,245
1637,1,621,241
1638,1,623,236
1639,1,618,236
1640,1,616,235
1641,1,615,233
1642,1,610,228
1643,1,608,226
1644,1,608,225
1645,1,605,221
1646,1,601,221
1647,1,598,221
1648,1,595,221
1649,1,591,221
1650,1,596,218
1651,1,590,218
1652,1,585,216
1653,1,583,216
1654,1,581,215
1655,1,578,215
1656,1,573,213
1657,1,570,215
1658,1,565,215
1659,1,563,216
1660,1,561,216
1661,1,555,216
1662,1,553,218
1663,1,550,221
1664,1,543,225
1665,1,548,226
1666,1,541,228
1667,1,536,230
1668,0,0,0
1669,1,525,235
1670,1,518,236
1671,1,515,243
1672,1,510,248
1673,1,501,255
1674,0,0,0
1675,1,490,268
1676,1,485,273
1677,0,0,0
1678,1,484,262
1679,1,484,256
1680,0,0,0
1681,0,0,0
1682,0,0,0
1683,1,483,233
1684,1,486,215
1685,1,493,196
1686,1,508,173
1687,1,516,143
1688,1,521,125
1689,1,528,111
1690,1,541,86
1691,1,551,65
1692,1,555,45
1693,1,561,30
1694,1,567,15
1695,1,580,13
1696,1,445,338
1697,1,446,341
1698,1,450,345
1699,1,454,349
1700,1,458,353
1701,0,0,0
1702,0,0,0
1703,1,460,375
1704,1,466,385
1705,1,465,395
1706,0,0,0
1707,0,0,0
1708,1,487,423
1709,1,494,432
1710,1,501,441
1711,1,521,438
1712,1,541,436
1713,1,562,434
1714,1,582,431
1715,1,602,428
1716,1,622,426
1717,1,643,424
1718,1,663,421
1719,1,683,418
1720,0,0,0
1721,0,0,0
1722,0,0,0
1723,0,0,0
1724,0,0,0
1725,0,0,0
1726,0,0,0
1727,0,0,0
1728,0,0,0
1729,0,0,0
1730,0,0,0
1731,0,0,0
1732,1,946,386
1733,1,948,386
1734,1,951,380
1735,1,951,376
1736,1,957,380
1737,1,962,376
1738,1,966,372
1739,1,971,368
1740,1,903,325
1741,1,936,340
1742,1,969,355
1743,1,1002,370
1744,1,1005,367
1745,1,1010,367
1746,1,1014,365
1747,1,1018,364
1748,1,1022,362
1749,1,1026,361
1750,1,1030,359
1751,1,1034,358
1752,1,1038,356
1753,1,1042,355
1754,1,1046,353
1755,0,0,0
1756,0,0,0
1757,0,0,0
1758,0,0,0
1759,0,0,0
1760,0,0,0
1761,0,0,0
1762,0,0,0
1763,0,0,0
1764,0,0,0
1765,0,0,0
1766,0,0,0
1767,0,0,0
1768,0,0,0
1769,0,0,0
1770,1,1111,328
1771,1,1123,283
1772,1,1135,237
1773,1,1147,192
1774,1,1159,146
1775,1,1171,101
1776,1,1183,55
1777,1,1195,10
1778,1,1205,21
1779,1,1211,33
1780,1,1218,48
1781,1,1226,58
1782,1,1231,73
1783,1,1235,96
1784,1,1240,118
1785,0,0,0
1786,1,1258,150
1787,1,1258,166
1788,0,0,0
1789,1,1263,201
1790,1,1263,225
1791,1,1268,230
1792,1,1267,320
1793,1,1265,320
1794,0,0,0
1795,1,1268,246
1796,1,1261,225
1797,1,1255,215
1798,1,1250,197
1799,1,1247,172
1800,1,1246,153
1801,1,1236,131
1802,1,1230,111
1803,1,1220,95
1804,1,1211,73
1805,1,1205,60
1806,1,1196,41
1807,1,1190,20
1808,1,1186,15
1809,1,1170,26
1810,1,1154,38
1811,1,1138,49
1812,1,1122,61
1813,1,1105,72
1814,1,1089,84
1815,1,1073,95
1816,1,1057,107
1817,1,1041,118
1818,0,0,0
1819,0,0,0
1820,0,0,0
1821,0,0,0
1822,0,0,0
1823,0,0,0
1824,0,0,0
1825,0,0,0
1826,0,0,0
1827,0,0,0
1828,0,0,0
1829,0,0,0
1830,0,0,0
1831,0,0,0
1832,0,0,0
1833,0,0,0
1834,0,0,0
1835,0,0,0
1836,0,0,0
1837,0,0,0
1838,0,0,0
1839,0,0,0
1840,0,0,0
1841,0,0,0
1842,0,0,0
1843,0,0,0
1844,0,0,0
1845,1,590,440
1846,1,590,430
1847,1,595,418
1848,1,590,410
1849,1,583,410
1850,1,583,405
1851,1,582,399
1852,1,580,393
1853,1,576,390
1854,1,575,383
1855,1,571,378
1856,1,561,368
1857,1,551,358
1858,1,548,361
1859,1,557,367
1860,1,567,372
1861,1,576,378
1862,1,578,385
1863,1,596,386
1864,1,600,395
1865,1,598,403
1866,1,606,416
1867,1,616,415
1868,1,621,405
1869,1,626,396
1870,1,631,386
1871,1,636,377
1872,1,641,367
1873,1,646,358
1874,1,651,348
1875,1,656,338
1876,1,661,329
1877,0,0,0
1878,0,0,0
1879,0,0,0
1880,0,0,0
1881,1,686,281
1882,1,681,275
1883,1,675,261
1884,1,678,258
1885,0,0,0
1886,1,670,230
1887,1,670,230
1888,1,667,227
1889,1,667,227
1890,1,730,10
1891,1,728,11
1892,1,726,20
1893,1,716,38
1894,1,716,48
1895,1,711,61
1896,1,710,73
1897,1,703,90
1898,1,700,100
1899,1,695,116
1900,1,695,125
1901,1,686,146
1902,1,683,163
1903,1,678,180
1904,1,675,195
1905,1,675,190
1906,1,671,190
1907,1,668,190
1908,1,662,192
1909,1,663,193
1910,1,661,191
1911,1,660,191
1912,1,658,191
1913,1,655,193
1914,1,653,195
1915,1,650,196
1916,1,648,200
1917,1,645,201
1918,1,645,203
1919,1,645,205
1920,1,643,210
1921,1,641,216
1922,1,638,218
1923,1,636,220
1924,1,635,223
1925,1,633,225
1926,1,631,230
1927,1,630,233
1928,1,630,241
1929,1,628,243
1930,1,626,248
1931,1,625,251
1932,1,625,256
1933,1,623,261
1934,1,620,270
1935,1,620,273
1936,1,620,276
1937,1,620,281
1938,1,618,285
1939,1,618,288
1940,1,615,295
1941,1,615,300
1942,1,615,306
1943,1,615,311
1944,1,620,315
1945,0,0,0
1946,1,610,326
1947,1,610,330
1948,1,608,333
1949,1,608,331
1950,1,606,340
1951,1,605,338
1952,1,605,331
1953,1,603,321
1954,1,606,308
1955,1,606,300
1956,1,606,295
1957,1,608,285
1958,1,608,278
1959,1,608,271
1960,1,610,263
1961,1,608,258
1962,1,610,251
1963,1,610,245
1964,1,610,235
1965,1,615,235
1966,1,613,230
1967,1,613,226
1968,1,613,218
1969,1,613,215
1970,1,616,206
1971,1,616,203
1972,1,616,195
1973,1,615,191
1974,1,616,181
1975,1,618,178
1976,1,616,175
1977,1,616,171
1978,1,616,168
1979,1,616,166
1980,1,618,163
1981,0,0,0
1982,1,620,151
1983,1,620,150
1984,1,621,148
1985,1,621,145
1986,1,621,141
1987,1,621,138
1988,1,621,135
1989,1,625,133
1990,1,623,128
1991,1,625,128
1992,1,623,126
1993,1,623,123
1994,1,623,123
1995,0,0,0
1996,0,0,0
1997,1,628,125
1998,1,628,116
1999,1,630,118
2000,1,626,115
2001,1,628,116
2002,1,628,118
2003,1,628,116
2004,1,630,115
2005,1,630,120
2006,1,630,118
2007,1,630,120
2008,1,631,121
2009,0,0,0
2010,1,633,128
2011,1,633,126
2012,1,633,130
2013,0,0,0
2014,1,630,130
2015,1,632,132
2016,1,635,135
2017,1,635,138
2018,1,636,143
2019,1,636,145
2020,1,636,150
2021,1,636,151
2022,1,635,155
2023,1,635,160
2024,1,636,165
2025,1,636,170
2026,1,640,171
2027,1,640,178
2028,1,641,180
2029,1,640,185
2030,1,641,188
2031,1,641,195
2032,1,643,201
2033,1,643,206
2034,1,643,215
2035,1,645,218
2036,1,645,225
2037,1,645,231
2038,1,645,236
2039,1,646,243
2040,1,648,251
2041,1,650,260
2042,1,650,263
2043,1,650,270
2044,1,651,278
2045,1,653,286
2046,1,653,295
2047,1,655,301
2048,1,655,303
2049,1,656,298
2050,1,656,286
2051,1,656,280
2052,1,656,273
2053,1,656,260
2054,1,655,253
2055,1,651,243
2056,1,655,233
2057,1,653,226
2058,1,651,218
2059,1,651,210
2060,1,651,205
2061,1,651,196
2062,1,650,188
2063,1,651,180
2064,1,653,173
2065,1,651,165
2066,1,650,160
2067,1,650,151
2068,1,648,145
2069,1,646,140
2070,1,646,136
2071,1,650,130
2072,1,650,126
2073,1,650,120
2074,1,650,115
2075,1,650,110
2076,1,648,108
2077,1,648,101
2078,1,646,100
2079,1,648,95
2080,1,646,91
2081,1,646,88
2082,1,645,86
2083,1,645,85
2084,1,643,83
2085,1,645,81
2086,1,645,85
2087,1,646,75
2088,1,646,75
2089,1,646,73
2090,1,646,71
2091,1,645,70
2092,1,645,68
2093,1,645,68
2094,1,645,68
2095,1,645,68
2096,1,645,70
2097,1,646,68
2098,1,645,70
2099,0,0,0
2100,1,643,73
2101,1,643,71
2102,1,643,73
2103,1,645,73
2104,1,643,73
2105,0,0,0
2106,0,0,0
2107,1,643,81
2108,1,643,83
2109,1,643,83
2110,1,641,85
2111,1,641,86
2112,1,641,90
2113,1,641,93
2114,1,641,96
2115,1,641,103
2116,1,641,108
2117,1,641,108
2118,1,641,108
2119,1,641,110
2120,1,641,113
2121,1,641,120
2122,1,641,125
2123,0,0,0
2124,1,641,136
2125,1,641,143
2126,1,641,148
2127,1,641,155
2128,1,641,163
2129,1,641,170
2130,1,641,173
2131,1,641,180
2132,1,641,188
2133,1,643,193
2134,1,643,200
2135,1,645,205
2136,0,0,0
2137,1,643,220
2138,1,651,225
2139,1,660,230
2140,1,673,231
2141,1,683,236
2142,1,698,241
2143,1,710,246
2144,1,728,255
2145,0,0,0
2146,0,0,0
2147,1,791,275
2148,1,806,285
2149,1,831,301
2150,1,841,305
2151,1,877,320
2152,1,900,326
2153,0,0,0
2154,0,0,0
2155,1,998,386
2156,1,1025,405
2157,0,0,0
2158,1,1085,443
2159,0,0,0
2160,1,1165,490
2161,1,1216,525
2162,1,1248,548
2163,1,1240,545
2164,1,1232,543
2165,1,1224,540
2166,1,1217,537
2167,1,1209,534
2168,1,1201,532
2169,1,1193,529
2170,1,1185,526
2171,1,1177,523
2172,0,0,0
2173,0,0,0
2174,0,0,0
2175,0,0,0
2176,0,0,0
2177,0,0,0
2178,0,0,0
2179,0,0,0
2180,0,0,0
2181,0,0,0
2182,0,0,0
2183,0,0,0
2184,0,0,0
2185,0,0,0
2186,0,0,0
2187,0,0,0
2188,0,0,0
2189,0,0,0
2190,0,0,0
2191,0,0,0
2192,0,0,0
2193,0,0,0
2194,0,0,0
2195,0,0,0
2196,0,0,0
2197,0,0,0
2198,0,0,0
2199,0,0,0
2200,0,0,0
2201,0,0,0
2202,0,0,0
2203,0,0,0
2204,0,0,0
2205,0,0,0
2206,0,0,0
2207,0,0,0
2208,0,0,0
2209,0,0,0
2210,0,0,0
2211,0,0,0
2212,0,0,0
2213,0,0,0
2214,0,0,0
2215,0,0,0
2216,0,0,0
2217,0,0,0
2218,0,0,0
2219,0,0,0
2220,0,0,0
2221,0,0,0
2222,0,0,0
2223,0,0,0
2224,0,0,0
2225,0,0,0
2226,0,0,0
2227,0,0,0
2228,0,0,0
2229,0,0,0
2230,0,0,0
2231,0,0,0
2232,0,0,0
2233,0,0,0
2234,0,0,0
2235,0,0,0
2236,0,0,0
2237,0,0,0
2238,0,0,0
2239,0,0,0
2240,0,0,0
2241,0,0,0
2242,0,0,0
2243,0,0,0
2244,0,0,0
2245,0,0,0
2246,0,0,0
2247,0,0,0
2248,0,0,0
2249,0,0,0
2250,0,0,0
2251,0,0,0
2252,0,0,0
2253,0,0,0
2254,0,0,0
2255,0,0,0
2256,0,0,0
2257,0,0,0
2258,0,0,0
2259,0,0,0
2260,0,0,0
2261,0,0,0
2262,0,0,0
2263,0,0,0
2264,0,0,0
2265,0,0,0
2266,0,0,0
2267,0,0,0
2268,0,0,0
2269,0,0,0
2270,0,0,0
2271,0,0,0
2272,0,0,0
2273,0,0,0
2274,0,0,0
2275,0,0,0
2276,0,0,0
2277,1,347,232
2278,1,327,317
2279,1,1190,457
2280,1,540,71
2281,1,1207,35
2282,1,465,370
2283,1,455,328
2284,1,445,285
2285,1,435,242
2286,1,425,200
2287,1,427,205
2288,1,427,212
2289,1,430,217
2290,1,430,222
2291,1,430,227
2292,1,430,230
2293,1,430,232
2294,1,430,240
2295,1,430,248
2296,1,430,251
2297,1,431,256
2298,1,433,260
2299,1,433,263
2300,1,433,270
2301,1,435,275
2302,1,436,281
2303,1,436,283
2304,1,438,285
2305,1,438,300
2306,1,440,300
2307,1,440,296
2308,1,438,286
2309,1,440,283
2310,0,0,0
2311,1,436,285
2312,1,438,275
2313,1,440,261
2314,1,440,258
2315,1,440,251
2316,1,438,245
2317,1,438,235
2318,1,438,231
2319,1,440,225
2320,1,438,218
2321,1,436,215
2322,1,435,206
2323,1,435,201
2324,1,433,198
2325,1,433,191
2326,1,433,188
2327,1,435,181
2328,1,435,176
2329,1,433,173
2330,1,433,168
2331,1,433,165
2332,1,435,156
2333,1,433,153
2334,1,433,146
2335,1,433,141
2336,1,431,136
2337,1,431,135
2338,1,431,126
2339,1,430,123
2340,0,0,0
2341,1,430,123
2342,1,430,116
2343,1,430,108
2344,1,430,101
2345,1,430,96
2346,1,430,91
2347,1,430,85
2348,1,430,83
2349,1,430,75
2350,1,430,71
2351,1,430,70
2352,1,428,68
2353,1,428,66
2354,1,428,66
2355,1,428,60
2356,1,428,56
2357,1,427,50
2358,1,428,46
2359,1,428,43
2360,1,428,43
2361,1,428,40
2362,1,428,40
2363,1,428,35
2364,1,428,35
2365,1,428,33
2366,1,423,33
2367,0,0,0
2368,0,0,0
2369,0,0,0
2370,0,0,0
2371,1,430,16
2372,1,430,16
2373,0,0,0
2374,0,0,0
2375,0,0,0
2376,0,0,0
2377,0,0,0
2378,0,0,0
2379,0,0,0
2380,0,0,0
2381,0,0,0
2382,0,0,0
2383,0,0,0
2384,0,0,0
2385,0,0,0
2386,0,0,0
2387,0,0,0
2388,0,0,0
2389,0,0,0
2390,0,0,0
2391,0,0,0
2392,0,0,0
2393,0,0,0
2394,0,0,0
2395,0,0,0
2396,0,0,0
2397,1,328,373
2398,1,328,376
2399,1,328,378
2400,1,331,377
2401,1,334,376
2402,1,337,375
2403,1,340,374
2404,1,342,373
2405,1,345,372
2406,1,348,371
2407,1,351,370
2408,1,354,369
2409,0,0,0
2410,0,0,0
2411,0,0,0
2412,0,0,0
2413,0,0,0
2414,0,0,0
2415,0,0,0
2416,0,0,0
2417,1,380,360
2418,1,381,350
2419,1,379,346
2420,1,377,341
2421,1,375,337
2422,1,373,333
2423,1,371,329
2424,1,369,324
2425,1,367,320
2426,1,420,5
2427,1,420,5
2428,1,420,5
2429,1,420,5
2430,1,420,10
2431,1,420,10
2432,1,420,10
2433,1,420,12
2434,1,417,12
2435,1,417,15
2436,1,395,252
2437,1,393,250
2438,1,392,245
2439,1,392,242
2440,0,0,0
2441,0,0,0
2442,0,0,0
2443,0,0,0
2444,0,0,0
2445,0,0,0
2446,0,0,0
2447,0,0,0
2448,1,420,40
2449,1,420,41
2450,1,420,43
2451,0,0,0
2452,0,0,0
2453,0,0,0
2454,0,0,0
2455,0,0,0
2456,0,0,0
2457,1,420,65
2458,1,420,70
2459,1,420,75
2460,1,420,71
2461,1,420,76
2462,1,418,81
2463,1,420,85
2464,1,418,90
2465,1,420,95
2466,1,420,101
2467,1,420,106
2468,1,420,111
2469,1,420,116
2470,1,420,120
2471,1,420,123
2472,1,421,125
2473,1,421,126
2474,1,421,136
2475,1,421,140
2476,1,420,145
2477,1,420,150
2478,1,420,153
2479,1,420,156
2480,1,418,163
2481,1,420,168
2482,1,420,176
2483,1,420,180
2484,1,418,188
2485,1,418,188
2486,1,420,181
2487,1,420,178
2488,1,433,191
2489,1,443,195
2490,0,0,0
2491,1,448,200
2492,1,463,203
2493,1,473,205
2494,1,483,208
2495,1,495,213
2496,1,503,215
2497,1,513,220
2498,1,523,226
2499,1,536,228
2500,1,545,231
2501,1,555,235
2502,1,573,241
2503,0,0,0
2504,1,598,253
2505,1,618,256
2506,1,626,261
2507,1,643,271
2508,1,648,275
2509,0,0,0
2510,1,675,286
2511,1,692,297
2512,1,705,303
2513,1,725,315
2514,0,0,0
2515,1,761,325
2516,0,0,0
2517,0,0,0
2518,1,813,360
2519,1,841,370
2520,1,845,375
2521,0,0,0
2522,1,895,405
2523,1,915,418
2524,0,0,0
2525,0,0,0
2526,1,970,455
2527,1,1025,502
2528,1,1020,490
2529,1,1053,515
2530,0,0,0
2531,0,0,0
2532,0,0,0
2533,1,1175,590
2534,1,1180,572
2535,1,1245,630
2536,0,0,0
2537,1,1266,598
2538,1,1270,602
2539,1,1172,582
2540,1,1073,562
2541,1,975,542
2542,1,877,522
2543,1,778,502
2544,1,680,482
2545,1,582,462
2546,1,483,442
2547,1,385,422
2548,1,385,425
2549,1,387,425
2550,1,387,425
2551,1,387,425
2552,1,387,425
2553,1,390,427
2554,1,390,427
2555,1,390,430
2556,1,419,425
2557,1,448,420
2558,1,478,416
2559,1,507,411
2560,1,536,406
2561,1,565,401
2562,1,594,396
2563,1,624,392
2564,1,653,387
2565,1,682,382
2566,1,435,335
2567,1,435,335
2568,1,435,335
2569,1,435,335
2570,1,435,335
2571,1,432,335
2572,1,432,332
2573,1,432,330
2574,1,465,435
2575,1,427,332
2576,0,0,0
2577,0,0,0
2578,0,0,0
2579,0,0,0
2580,0,0,0
2581,0,0,0
2582,0,0,0
2583,0,0,0
2584,0,0,0
2585,0,0,0
2586,0,0,0
2587,0,0,0
2588,0,0,0
2589,0,0,0
2590,0,0,0
2591,0,0,0
2592,0,0,0
2593,1,422,317
2594,1,422,317
2595,1,422,317
2596,1,422,315
2597,1,422,317
2598,1,476,319
2599,1,530,321
2600,1,585,323
2601,1,639,325
2602,1,693,327
2603,1,747,329
2604,1,802,331
2605,1,856,333
2606,1,910,335
2607,1,910,331
2608,1,904,336
2609,1,898,341
2610,1,892,346
2611,1,886,350
2612,1,880,355
2613,1,874,360
2614,1,868,365
2615,1,862,370
2616,1,860,367
2617,1,862,367
2618,1,860,367
2619,1,847,366
2620,1,833,365
2621,1,820,363
2622,1,807,362
2623,1,794,361
2624,1,780,360
2625,1,767,359
2626,1,754,357
2627,1,740,356
2628,1,727,355
2629,1,727,352
2630,1,727,352
2631,1,727,350
2632,1,725,350
2633,1,725,350
2634,1,722,350
2635,1,722,347
2636,1,720,347
2637,1,718,347
2638,1,715,347
2639,1,713,347
2640,1,710,347
2641,1,708,347
2642,1,706,347
2643,1,703,348
2644,1,701,348
2645,1,699,348
2646,0,0,0
2647,0,0,0
2648,0,0,0
2649,0,0,0
2650,0,0,0
2651,0,0,0
2652,0,0,0
2653,0,0,0
2654,0,0,0
2655,0,0,0
2656,0,0,0
2657,0,0,0
2658,0,0,0
2659,0,0,0
2660,0,0,0
2661,0,0,0
2662,0,0,0
2663,0,0,0
2664,0,0,0
2665,0,0,0
2666,0,0,0
2667,0,0,0
2668,0,0,0
2669,0,0,0
2670,0,0,0
2671,0,0,0
2672,0,0,0
2673,0,0,0
2674,0,0,0
2675,0,0,0
2676,0,0,0
2677,0,0,0
2678,0,0,0
2679,0,0,0
2680,0,0,0
2681,0,0,0
2682,0,0,0
2683,0,0,0
2684,0,0,0
2685,0,0,0
2686,0,0,0
2687,0,0,0
2688,0,0,0
2689,0,0,0
2690,0,0,0
2691,0,0,0
2692,0,0,0
2693,0,0,0
2694,0,0,0
2695,0,0,0
2696,0,0,0
2697,0,0,0
2698,0,0,0
2699,0,0,0
2700,0,0,0
2701,0,0,0
2702,0,0,0
2703,0,0,0
2704,0,0,0
2705,0,0,0
2706,0,0,0
2707,0,0,0
2708,0,0,0
2709,0,0,0
2710,0,0,0
2711,0,0,0
2712,0,0,0
2713,0,0,0
2714,0,0,0
2715,0,0,0
2716,0,0,0
2717,0,0,0
2718,0,0,0
2719,0,0,0
2720,0,0,0
2721,0,0,0
2722,0,0,0
2723,0,0,0
2724,0,0,0
2725,0,0,0
2726,0,0,0
2727,0,0,0
2728,0,0,0
2729,0,0,0
2730,0,0,0
2731,0,0,0
2732,0,0,0
2733,0,0,0
2734,0,0,0
2735,0,0,0
2736,0,0,0
2737,0,0,0
2738,0,0,0
2739,0,0,0
2740,0,0,0
2741,0,0,0
2742,0,0,0
2743,0,0,0
2744,0,0,0
2745,1,461,356
2746,1,461,355
2747,1,463,355
2748,1,463,351
2749,1,463,350
2750,1,463,350
2751,1,463,350
2752,1,463,340
2753,1,461,340
2754,0,0,0
2755,0,0,0
2756,0,0,0
2757,0,0,0
2758,0,0,0
2759,0,0,0
2760,1,463,301
2761,1,460,296
2762,1,461,290
2763,1,461,285
2764,1,460,276
2765,1,460,270
2766,1,461,263
2767,1,461,256
2768,1,460,251
2769,1,461,245
2770,1,460,241
2771,1,460,233
2772,1,460,228
2773,1,460,223
2774,1,458,220
2775,1,458,216
2776,0,0,0
2777,0,0,0
2778,0,0,0
2779,0,0,0
2780,0,0,0
2781,1,458,188
2782,1,458,181
2783,1,456,180
2784,1,458,176
2785,1,456,173
2786,1,456,170
2787,1,456,168
2788,1,455,165
2789,1,455,165
2790,1,455,161
2791,1,455,157
2792,1,453,151
2793,1,455,151
2794,1,455,146
2795,1,453,145
2796,1,453,141
2797,1,455,140
2798,1,453,140
2799,1,455,140
2800,1,455,137
2801,1,455,135
2802,1,455,132
2803,1,455,132
2804,1,455,130
2805,1,455,132
2806,1,452,132
2807,1,452,130
2808,1,455,130
2809,1,452,130
2810,1,452,130
2811,1,452,130
2812,1,452,130
2813,1,452,130
2814,1,452,132
2815,1,452,132
2816,1,455,132
2817,1,452,135
2818,1,452,135
2819,1,452,135
2820,1,450,138
2821,1,452,137
2822,1,452,137
2823,1,452,140
2824,1,451,141
2825,1,452,145
2826,1,450,141
2827,1,450,143
2828,1,450,150
2829,1,450,150
2830,1,450,152
2831,1,450,155
2832,1,450,160
2833,1,450,161
2834,1,450,165
2835,1,448,171
2836,1,448,173
2837,1,448,176
2838,1,448,180
2839,1,448,180
2840,1,447,185
2841,1,448,188
2842,1,446,191
2843,1,448,196
2844,1,448,201
2845,1,448,206
2846,1,448,210
2847,1,448,215
2848,1,448,220
2849,1,450,225
2850,1,446,228
2851,1,446,230
2852,1,445,235
2853,0,0,0
2854,0,0,0
2855,0,0,0
2856,1,448,256
2857,1,446,258
2858,1,446,258
2859,1,446,255
2860,1,445,250
2861,1,445,245
2862,1,445,241
2863,1,443,233
2864,1,443,230
2865,0,0,0
2866,0,0,0
2867,1,446,226
2868,1,445,223
2869,1,446,220
2870,1,445,220
2871,1,445,220
2872,1,445,220
2873,1,443,221
2874,1,441,221
2875,1,441,221
2876,1,438,221
2877,1,438,223
2878,1,438,225
2879,1,438,228
2880,1,438,230
2881,1,438,231
2882,1,436,235
2883,1,436,240
2884,1,436,241
2885,1,436,243
2886,1,435,246
2887,1,433,250
2888,1,431,255
2889,1,431,258
2890,1,431,261
2891,1,431,268
2892,1,430,273
2893,1,428,283
2894,1,428,288
2895,1,428,295
2896,1,426,300
2897,1,426,311
2898,1,425,323
2899,1,426,330
2900,1,426,338
2901,1,423,356
2902,1,426,356
2903,1,421,361
2904,1,421,356
2905,1,419,349
2906,1,418,342
2907,1,416,335
2908,1,413,336
2909,1,410,338
2910,1,431,408
2911,1,430,393
2912,1,435,370
2913,1,438,350
2914,1,441,333
2915,1,446,310
2916,0,0,0
2917,0,0,0
2918,1,456,251
2919,1,461,235
2920,1,465,216
2921,1,468,198
2922,1,470,180
2923,1,473,166
2924,1,475,150
2925,0,0,0
2926,1,485,126
2927,1,490,110
2928,1,493,96
2929,1,493,81
2930,1,498,71
2931,1,500,58
2932,1,503,50
2933,1,508,40
2934,1,510,31
2935,1,515,16
2936,1,516,11
2937,1,518,8
2938,1,512,10
2939,1,512,35
2940,1,512,60
2941,1,512,85
2942,1,513,111
2943,1,513,136
2944,1,513,161
2945,1,513,186
2946,1,513,211
2947,1,513,236
2948,0,0,0
2949,0,0,0
2950,0,0,0
2951,0,0,0
2952,0,0,0
2953,0,0,0
2954,0,0,0
2955,0,0,0
2956,0,0,0
2957,1,515,488
2958,1,520,473
2959,1,525,458
2960,1,530,443
2961,1,534,428
2962,1,539,413
2963,1,544,397
2964,1,549,382
2965,1,554,367
2966,1,559,352
2967,0,0,0
2968,0,0,0
2969,0,0,0
2970,0,0,0
2971,0,0,0
2972,0,0,0
2973,0,0,0
2974,0,0,0
2975,0,0,0
2976,0,0,0
2977,0,0,0
2978,0,0,0
2979,0,0,0
2980,0,0,0
2981,0,0,0
2982,0,0,0
2983,0,0,0
2984,0,0,0
2985,0,0,0
2986,0,0,0
2987,0,0,0
2988,0,0,0
2989,1,671,5
2990,0,0,0
2991,1,673,16
2992,1,673,21
2993,1,676,33
2994,1,680,41
2995,1,681,48
2996,1,683,58
2997,1,686,71
2998,1,688,80
2999,1,688,88
3000,1,693,98
3001,1,695,108
3002,1,696,116
3003,1,700,125
3004,1,698,136
3005,1,701,150
3006,1,705,163
3007,1,706,173
3008,1,710,183
3009,1,710,198
3010,1,711,208
3011,1,713,220
3012,1,716,235
3013,1,721,245
3014,1,723,260
3015,1,726,273
3016,1,728,286
3017,1,730,283
3018,1,726,268
3019,1,725,251
3020,1,721,236
3021,1,721,223
3022,1,716,210
3023,1,716,203
3024,1,716,190
3025,1,713,175
3026,1,711,161
3027,1,708,148
3028,1,706,138
3029,1,705,128
3030,1,705,120
3031,1,701,110
3032,1,698,101
3033,1,698,90
3034,1,696,81
3035,1,696,73
3036,1,695,66
3037,1,695,58
3038,0,0,0
3039,1,690,46
3040,1,688,41
3041,1,686,36
3042,1,685,31
3043,1,685,28
3044,0,0,0
3045,1,681,18
3046,1,681,11
3047,1,728,333
3048,1,728,336
3049,1,726,338
3050,1,725,338
3051,0,0,0
3052,1,418,406
3053,1,415,405
3054,1,421,391
3055,1,421,383
3056,0,0,0
3057,0,0,0
3058,0,0,0
3059,1,420,358
3060,1,430,348
3061,1,430,348
3062,1,431,348
3063,1,433,350
3064,1,436,351
3065,1,438,355
3066,1,441,361
3067,1,443,368
3068,1,446,375
3069,1,446,381
3070,0,0,0
3071,0,0,0
3072,1,465,416
3073,0,0,0
3074,0,0,0
3075,0,0,0
3076,0,0,0
3077,0,0,0
3078,0,0,0
3079,0,0,0
3080,0,0,0
3081,0,0,0
3082,0,0,0
3083,0,0,0
3084,0,0,0
3085,0,0,0
3086,0,0,0
3087,0,0,0
3088,1,620,60
3089,1,618,65
3090,1,615,71
3091,1,613,85
3092,1,611,90
3093,1,611,96
3094,1,610,101
3095,1,608,110
3096,1,606,120
3097,1,606,128
3098,1,603,136
3099,1,603,148
3100,1,603,155
3101,1,600,168
3102,1,600,180
3103,1,598,191
3104,1,596,201
3105,0,0,0
3106,1,592,205
3107,1,595,210
3108,1,587,207
3109,1,587,207
3110,1,585,210
3111,1,588,213
3112,1,582,210
3113,1,583,216
3114,1,583,220
3115,1,581,223
3116,1,580,228
3117,1,578,231
3118,1,578,233
3119,1,576,235
3120,1,570,243
3121,1,568,246
3122,1,566,251
3123,1,565,255
3124,1,563,260
3125,1,563,268
3126,1,561,270
3127,1,560,275
3128,1,558,280
3129,1,556,285
3130,1,556,288
3131,1,555,295
3132,1,555,296
3133,1,555,301
3134,0,0,0
3135,1,550,275
3136,1,546,271
3137,1,548,256
3138,1,546,245
3139,1,546,233
3140,1,548,226
3141,1,548,218
3142,1,546,208
3143,1,546,203
3144,1,546,195
3145,1,545,188
3146,1,545,178
3147,1,543,170
3148,1,543,163
3149,1,541,155
3150,1,540,155
3151,1,540,148
3152,1,540,141
3153,1,538,135
3154,1,538,126
3155,1,538,121
3156,1,538,116
3157,1,536,110
3158,1,536,103
3159,1,536,100
3160,1,536,95
3161,1,535,93
3162,1,533,90
3163,1,531,86
3164,1,530,85
3165,1,530,81
3166,0,0,0
3167,1,535,71
3168,1,535,71
3169,1,535,70
3170,1,535,70
3171,1,535,68
3172,1,535,68
3173,1,535,66
3174,1,530,68
3175,1,530,66
3176,1,525,70
3177,1,530,92
3178,1,530,92
3179,1,530,92
3180,1,528,85
3181,1,526,86
3182,1,526,90
3183,1,526,91
3184,1,526,95
3185,1,526,98
3186,1,528,101
3187,1,526,106
3188,1,526,110
3189,1,526,113
3190,1,526,116
3191,1,525,121
3192,1,526,125
3193,1,526,130
3194,1,523,136
3195,1,523,138
3196,1,523,141
3197,1,523,146
3198,1,523,150
3199,1,523,153
3200,1,523,160
3201,1,523,163
3202,1,523,170
3203,1,523,176
3204,1,523,181
3205,1,523,188
3206,1,521,195
3207,1,523,201
3208,1,521,208
3209,1,521,213
3210,1,521,220
3211,1,521,225
3212,1,520,231
3213,1,518,236
3214,1,520,243
3215,1,520,250
3216,1,520,258
3217,1,518,263
3218,1,520,271
3219,1,520,280
3220,1,518,288
3221,1,518,295
3222,1,518,305
3223,1,518,313
3224,1,518,316
3225,1,516,325
3226,1,516,333
3227,1,515,341
3228,1,516,350
3229,1,515,356
3230,1,515,366
3231,1,513,375
3232,1,511,381
3233,1,511,391
3234,0,0,0
3235,1,511,393
3236,1,513,390
3237,1,513,380
3238,1,513,378
3239,1,515,375
3240,1,512,367
3241,1,511,361
3242,1,511,356
3243,1,511,350
3244,1,511,346
3245,1,511,341
3246,1,511,336
3247,1,511,330
3248,1,511,326
3249,1,511,323
3250,1,505,322
3251,1,505,320
3252,1,505,317
3253,1,505,317
3254,1,505,316
3255,0,0,0
3256,0,0,0
3257,0,0,0
3258,1,843,385
3259,1,845,381
3260,1,845,380
3261,1,846,378
3262,1,846,375
3263,1,848,375
3264,1,838,374
3265,1,827,372
3266,1,817,371
3267,1,807,370
3268,1,796,368
3269,1,786,367
3270,1,776,366
3271,1,765,364
3272,1,755,363
3273,0,0,0
3274,0,0,0
3275,0,0,0
3276,0,0,0
3277,0,0,0
3278,0,0,0
3279,0,0,0
3280,0,0,0
3281,0,0,0
3282,0,0,0
3283,0,0,0
3284,0,0,0
3285,0,0,0
3286,0,0,0
3287,0,0,0
3288,0,0,0
3289,0,0,0
3290,0,0,0
3291,0,0,0
3292,0,0,0
3293,0,0,0
3294,0,0,0
3295,0,0,0
3296,0,0,0
3297,0,0,0
3298,0,0,0
3299,0,0,0
3300,0,0,0
3301,0,0,0
3302,1,445,323
3303,1,445,323
3304,1,443,326
3305,1,440,325
3306,1,438,328
3307,1,435,328
3308,1,431,333
3309,1,433,338
3310,1,431,338
3311,1,428,345
3312,1,425,352
3313,1,422,355
3314,1,422,360
3315,1,423,361
3316,1,421,368
3317,1,418,371
3318,1,420,378
3319,1,416,386
3320,1,415,391
3321,1,413,393
3322,1,411,391
3323,1,411,391
3324,1,410,388
3325,1,408,383
3326,1,407,390
3327,1,407,387
3328,1,407,385
3329,1,407,385
3330,1,424,385
3331,1,442,385
3332,1,459,385
3333,1,476,385
3334,1,494,385
3335,1,511,385
3336,1,528,385
3337,1,546,385
3338,1,563,385
3339,0,0,0
3340,0,0,0
3341,0,0,0
3342,0,0,0
3343,0,0,0
3344,0,0,0
3345,0,0,0
3346,0,0,0
3347,0,0,0
3348,0,0,0
3349,0,0,0
3350,0,0,0
3351,0,0,0
3352,0,0,0
3353,0,0,0
3354,0,0,0
3355,0,0,0
3356,1,875,386
3357,1,875,385
3358,1,875,390
3359,1,630,373
3360,1,386,356
3361,1,390,358
3362,1,390,356
3363,1,391,355
3364,0,0,0
3365,0,0,0
3366,0,0,0
3367,1,393,350
3368,1,393,348
3369,1,394,344
3370,1,395,340
3371,1,395,338
3372,1,395,333
3373,1,395,331
3374,1,395,326
3375,1,393,323
3376,1,395,313
3377,1,396,310
3378,1,400,300
3379,1,400,295
3380,1,401,288
3381,1,401,283
3382,1,401,276
3383,1,401,271
3384,1,401,268
3385,1,401,261
3386,1,401,260
3387,1,401,255
3388,1,401,251
3389,1,401,251
3390,1,403,243
3391,1,405,240
3392,1,406,235
3393,1,406,231
3394,1,408,228
3395,1,408,223
3396,1,410,220
3397,1,408,216
3398,1,408,213
3399,1,410,208
3400,1,411,205
3401,1,410,205
3402,1,410,201
3403,1,411,200
3404,1,411,200
3405,1,410,197
3406,1,408,198
3407,1,410,195
3408,1,413,193
3409,1,415,190
3410,1,411,188
3411,1,415,188
3412,1,415,187
3413,1,417,185
3414,1,417,182
3415,1,416,180
3416,1,418,181
3417,1,418,181
3418,1,418,180
3419,1,421,180
3420,1,417,182
3421,1,420,182
3422,1,420,182
3423,1,420,182
3424,1,420,182
3425,1,422,182
3426,1,422,185
3427,1,422,187
3428,1,422,187
3429,1,422,190
3430,1,425,190
3431,1,425,190
3432,1,425,190
3433,1,425,192
3434,1,425,192
3435,1,427,195
3436,1,426,196
3437,1,428,200
3438,1,428,200
3439,1,428,203
3440,1,430,205
3441,1,430,208
3442,1,431,213
3443,1,433,215
3444,1,433,218
3445,1,433,220
3446,1,433,223
3447,1,435,226
3448,1,433,231
3449,1,435,235
3450,1,435,246
3451,1,436,248
3452,1,436,251
3453,1,436,255
3454,1,438,260
3455,1,440,270
3456,1,438,268
3457,0,0,0
3458,1,436,261
3459,1,436,256
3460,1,433,251
3461,1,431,246
3462,1,430,243
3463,1,428,241
3464,1,423,230
3465,1,425,230
3466,1,423,230
3467,1,421,228
3468,1,420,225
3469,1,418,220
3470,1,416,218
3471,1,413,216
3472,1,410,216
3473,1,406,215
3474,1,405,215
3475,1,401,215
3476,1,395,212
3477,1,392,212
3478,1,391,215
3479,1,385,216
3480,1,383,220
3481,1,380,220
3482,1,377,217
3483,1,370,222
3484,1,368,226
3485,1,361,230
3486,1,355,233
3487,1,350,241
3488,1,343,248
3489,1,340,253
3490,1,335,258
3491,1,326,268
3492,1,323,275
3493,1,315,288
3494,1,313,301
3495,1,305,313
3496,1,298,325
3497,1,290,340
3498,1,285,356
3499,1,275,375
3500,0,0,0
3501,0,0,0
3502,0,0,0
3503,1,290,312
3504,1,300,285
3505,1,303,270
3506,1,310,245
3507,1,315,221
3508,1,321,205
3509,1,326,190
3510,1,336,171
3511,0,0,0
3512,0,0,0
3513,1,360,118
3514,0,0,0
3515,0,0,0
3516,0,0,0
3517,1,385,63
3518,1,393,48
3519,1,395,43
3520,0,0,0
3521,0,0,0
3522,0,0,0
3523,0,0,0
3524,0,0,0
3525,0,0,0
3526,0,0,0
3527,0,0,0
3528,0,0,0
3529,0,0,0
3530,0,0,0
3531,0,0,0
3532,0,0,0
3533,0,0,0
3534,0,0,0
3535,0,0,0
3536,0,0,0
3537,1,388,343
3538,1,419,347
3539,1,451,351
3540,1,482,355
3541,1,513,358
3542,1,545,362
3543,1,576,366
3544,1,607,370
3545,1,638,374
3546,1,670,378
3547,0,0,0
3548,0,0,0
3549,0,0,0
3550,1,795,393
3551,1,793,390
3552,1,790,390
3553,1,790,388
3554,1,790,385
3555,1,791,383
3556,1,791,380
3557,1,791,378
3558,1,791,375
3559,0,0,0
3560,0,0,0
3561,0,0,0
3562,0,0,0
3563,0,0,0
3564,0,0,0
3565,0,0,0
3566,0,0,0
3567,1,793,353
3568,1,794,348
3569,1,795,343
3570,1,802,342
3571,1,808,340
3572,1,810,340
3573,1,811,335
3574,1,811,328
3575,1,811,323
3576,1,813,321
3577,1,811,313
3578,1,811,310
3579,1,811,308
3580,1,811,305
3581,1,811,303
3582,1,810,301
3583,1,811,300
3584,1,811,298
3585,1,786,153
3586,1,761,8
3587,1,765,11
3588,1,768,13
3589,0,0,0
3590,1,778,35
3591,1,785,45
3592,1,790,58
3593,1,793,70
3594,1,796,80
3595,1,801,86
3596,1,803,100
3597,1,808,110
3598,1,811,125
3599,1,813,135
3600,1,815,150
3601,1,820,165
3602,1,826,176
3603,1,830,191
3604,1,833,206
3605,1,836,223
3606,1,840,233
3607,1,841,248
3608,0,0,0
3609,1,855,280
3610,1,855,280
3611,1,855,275
3612,0,0,0
3613,0,0,0
3614,1,846,241
3615,1,838,230
3616,1,835,216
3617,1,833,203
3618,1,830,188
3619,1,826,178
3620,1,823,165
3621,1,820,155
3622,1,816,141
3623,1,815,135
3624,1,813,123
3625,1,808,111
3626,1,803,101
3627,1,801,95
3628,1,795,88
3629,1,793,81
3630,0,0,0
3631,0,0,0
3632,1,788,58
3633,0,0,0
3634,0,0,0
3635,0,0,0
3636,1,770,33
3637,0,0,0
3638,0,0,0
3639,1,760,11
3640,1,758,8
3641,1,755,6
3642,1,753,6
3643,1,745,10
3644,1,742,10
3645,0,0,0
3646,0,0,0
3647,0,0,0
3648,0,0,0
3649,1,445,382
3650,1,882,482
3651,0,0,0
3652,0,0,0
3653,1,882,485
3654,1,452,345
3655,1,455,345
3656,0,0,0
3657,1,543,323
3658,0,0,0
3659,0,0,0
3660,0,0,0
3661,0,0,0
3662,0,0,0
3663,1,570,390
3664,1,568,413
3665,1,578,418
3666,1,610,281
3667,1,641,143
3668,1,673,6
3669,1,670,5
3670,1,668,5
3671,1,591,368
3672,1,591,355
3673,1,598,338
3674,1,656,31
3675,0,0,0
3676,0,0,0
3677,1,646,46
3678,1,645,50
3679,1,643,56
3680,1,641,60
3681,1,636,70
3682,1,635,75
3683,1,631,83
3684,1,630,90
3685,1,626,98
3686,1,623,106
3687,1,621,113
3688,1,618,123
3689,1,616,128
3690,1,613,136
3691,1,610,150
3692,1,606,161
3693,1,605,170
3694,1,601,181
3695,1,600,191
3696,1,598,206
3697,1,596,215
3698,1,591,221
3699,1,583,220
3700,1,576,221
3701,1,570,221
3702,1,563,223
3703,1,555,226
3704,1,548,228
3705,1,545,235
3706,1,543,241
3707,1,540,243
3708,0,0,0
3709,1,530,250
3710,1,525,250
3711,1,521,251
3712,1,516,250
3713,1,512,245
3714,1,510,247
3715,1,272,185
3716,1,272,185
3717,1,497,262
3718,1,492,262
3719,1,490,262
3720,1,495,258
3721,1,495,260
3722,1,493,263
3723,1,490,266
3724,1,488,270
3725,1,485,271
3726,1,483,278
3727,1,481,281
3728,1,481,286
3729,1,475,288
3730,1,475,290
3731,1,473,296
3732,1,473,300
3733,1,470,303
3734,1,468,306
3735,1,466,310
3736,0,0,0
3737,0,0,0
3738,1,465,330
3739,1,463,328
3740,1,463,321
3741,1,461,311
3742,1,461,301
3743,1,461,296
3744,1,463,283
3745,1,461,271
3746,1,460,260
3747,1,460,248
3748,1,461,241
3749,1,463,230
3750,1,465,226
3751,1,463,215
3752,1,466,206
3753,1,465,195
3754,1,465,188
3755,1,468,178
3756,1,468,168
3757,1,468,161
3758,1,468,153
3759,1,471,145
3760,1,470,136
3761,1,470,128
3762,1,470,123
3763,1,470,116
3764,1,471,113
3765,1,475,110
3766,1,476,101
3767,1,476,95
3768,1,476,90
3769,1,476,85
3770,1,477,82
3771,1,480,75
3772,1,476,71
3773,1,480,70
3774,1,480,63
3775,1,480,60
3776,1,480,56
3777,1,480,55
3778,1,482,52
3779,1,481,50
3780,1,482,45
3781,1,482,42
3782,1,481,45
3783,1,481,41
3784,1,481,38
3785,1,481,35
3786,1,483,33
3787,1,483,31
3788,1,483,28
3789,0,0,0
3790,0,0,0
3791,0,0,0
3792,0,0,0
3793,1,486,11
3794,0,0,0
3795,0,0,0
3796,0,0,0
3797,0,0,0
3798,1,490,10
3799,1,490,10
3800,1,492,10
3801,1,492,10
3802,1,492,10
3803,1,495,10
3804,1,502,10
3805,1,502,10
3806,1,502,10
3807,1,487,30
3808,1,490,22
3809,0,0,0
3810,1,487,30
3811,1,490,27
3812,1,487,30
3813,1,498,28
3814,1,500,30
3815,1,496,31
3816,1,496,31
3817,1,496,36
3818,1,498,40
3819,1,500,45
3820,1,498,46
3821,1,500,48
3822,1,498,48
3823,1,500,47
3824,1,500,47
3825,1,501,60
3826,1,501,63
3827,1,501,68
3828,1,503,70
3829,1,503,71
3830,1,503,75
3831,1,505,81
3832,1,506,85
3833,1,506,88
3834,1,506,93
3835,1,506,98
3836,1,508,100
3837,1,505,113
3838,1,505,118
3839,1,506,115
3840,1,508,113
3841,1,508,121
3842,1,510,128
3843,1,510,130
3844,1,508,145
3845,1,510,146
3846,1,510,150
3847,1,511,150
3848,1,511,151
3849,1,513,151
3850,1,507,217
3851,1,507,220
3852,1,510,180
3853,0,0,0
3854,1,512,195
3855,1,516,203
3856,1,516,208
3857,1,515,215
3858,1,515,218
3859,1,515,225
3860,1,516,231
3861,1,516,235
3862,1,516,246
3863,1,516,251
3864,1,516,255
3865,1,515,260
3866,1,516,270
3867,1,516,278
3868,1,516,286
3869,1,515,296
3870,1,520,300
3871,1,520,305
3872,1,520,310
3873,1,520,311
3874,0,0,0
3875,1,516,321
3876,1,518,323
3877,1,516,325
3878,1,518,325
3879,1,520,323
3880,1,518,321
3881,1,516,315
3882,1,516,313
3883,1,518,311
3884,1,518,310
3885,1,525,301
3886,1,526,305
3887,1,526,308
3888,0,0,0
3889,0,0,0
3890,0,0,0
3891,1,523,303
3892,1,523,303
3893,1,524,303
3894,1,525,303
3895,1,525,302
3896,1,526,302
3897,1,527,302
3898,1,530,302
3899,1,532,302
3900,1,533,305
3901,1,533,301
3902,1,533,303
3903,1,533,305
3904,1,535,305
3905,1,535,305
3906,1,535,306
3907,1,535,308
3908,1,535,310
3909,1,535,311
3910,1,536,313
3911,1,536,316
3912,1,535,320
3913,1,535,323
3914,1,536,326
3915,1,536,326
3916,1,536,330
3917,1,538,333
3918,1,538,335
3919,1,538,338
3920,1,540,340
3921,1,540,348
3922,1,540,350
3923,1,541,353
3924,1,543,356
3925,1,543,360
3926,1,545,365
3927,1,546,368
3928,1,546,375
3929,1,550,380
3930,1,550,385
3931,1,550,388
3932,1,550,393
3933,1,550,393
3934,1,551,393
3935,1,550,390
3936,1,550,386
3937,1,548,385
3938,1,550,381
3939,1,551,376
3940,1,550,375
3941,1,545,368
3942,1,545,368
3943,1,545,366
3944,1,546,366
3945,1,550,363
3946,1,550,360
3947,1,548,358
3948,1,548,355
3949,1,548,351
3950,1,548,350
3951,1,550,348
3952,1,548,346
3953,1,546,341
3954,1,546,340
3955,1,546,338
3956,1,546,338
3957,0,0,0
3958,0,0,0
3959,0,0,0
3960,1,544,339
3961,1,544,339
3962,1,543,340
3963,1,543,340
3964,1,543,340
3965,1,541,338
3966,1,546,336
3967,1,545,338
3968,1,545,338
3969,1,546,336
3970,1,546,338
3971,1,546,341
3972,1,546,341
3973,1,547,347
3974,1,547,347
3975,1,541,350
3976,1,541,350
3977,1,543,350
3978,1,545,351
3979,1,545,353
3980,1,546,355
3981,1,546,356
3982,1,545,358
3983,1,546,361
3984,1,546,365
3985,1,546,368
3986,1,546,375
3987,1,548,378
3988,0,0,0
3989,0,0,0
3990,0,0,0
3991,1,639,356
3992,1,662,351
3993,1,684,345
3994,1,707,340
3995,1,707,340
3996,1,710,342
3997,1,714,344
3998,1,717,347
3999,1,720,349
4000,1,724,351
4001,1,727,353
4002,1,731,355
4003,1,734,358
4004,1,737,360
4005,0,0,0
4006,0,0,0
4007,0,0,0
4008,0,0,0
4009,0,0,0
4010,0,0,0
4011,0,0,0
4012,0,0,0
4013,0,0,0
4014,0,0,0
4015,0,0,0
4016,0,0,0
4017,0,0,0
4018,0,0,0
4019,0,0,0
4020,1,791,395
4021,1,790,391
4022,1,790,390
4023,1,786,383
4024,1,785,376
4025,1,783,375
4026,0,0,0
4027,0,0,0
4028,0,0,0
4029,0,0,0
4030,0,0,0
4031,0,0,0
4032,0,0,0
4033,0,0,0
4034,1,778,336
4035,1,788,333
4036,1,790,333
4037,1,793,330
4038,1,793,330
4039,1,793,330
4040,1,793,329
4041,1,792,329
4042,1,792,329
4043,1,792,329
4044,1,792,329
4045,1,792,328
4046,1,792,328
4047,0,0,0
4048,0,0,0
4049,0,0,0
4050,0,0,0
4051,0,0,0
4052,0,0,0
4053,0,0,0
4054,0,0,0
4055,0,0,0
4056,0,0,0
4057,0,0,0
4058,0,0,0
4059,0,0,0
4060,0,0,0
4061,0,0,0
4062,0,0,0
4063,0,0,0
4064,0,0,0
4065,0,0,0
4066,0,0,0
4067,0,0,0
4068,0,0,0
4069,0,0,0
4070,0,0,0
4071,0,0,0
4072,0,0,0
4073,0,0,0
4074,0,0,0
4075,0,0,0
4076,0,0,0
4077,0,0,0
4078,0,0,0
4079,0,0,0
4080,0,0,0
4081,1,786,321
4082,1,786,321
4083,1,786,323
4084,1,786,326
4085,1,783,330
4086,1,781,333
4087,1,778,336
4088,1,778,340
4089,1,780,343
4090,1,781,348
4091,1,780,351
4092,1,780,356
4093,1,778,363
4094,1,780,368
4095,1,778,373
4096,1,778,373
4097,1,780,375
4098,1,781,378
4099,1,781,381
4100,1,781,385
4101,1,785,388
4102,1,785,393
4103,1,785,395
4104,1,786,395
4105,1,788,396
4106,1,788,395
4107,1,790,393
4108,1,790,393
4109,1,791,390
4110,1,768,393
4111,1,744,396
4112,1,720,399
4113,1,697,402
4114,1,674,405
4115,1,650,408
4116,1,626,410
4117,1,603,413
4118,1,580,416
4119,0,0,0
4120,0,0,0
4121,0,0,0
4122,0,0,0
4123,0,0,0
4124,0,0,0
4125,0,0,0
4126,0,0,0
4127,0,0,0
4128,0,0,0
4129,0,0,0
4130,0,0,0
4131,0,0,0
4132,0,0,0
4133,1,227,460
4134,1,221,428
4135,1,215,395
4136,0,0,0
4137,0,0,0
4138,1,246,323
4139,0,0,0
4140,1,256,293
4141,0,0,0
4142,1,263,246
4143,0,0,0
4144,0,0,0
4145,0,0,0
4146,0,0,0
4147,0,0,0
4148,0,0,0
4149,1,306,126
4150,0,0,0
4151,0,0,0
4152,0,0,0
4153,1,300,105
4154,1,335,317
4155,0,0,0
4156,1,335,307
4157,0,0,0
4158,0,0,0
4159,0,0,0
4160,0,0,0
4161,0,0,0
4162,0,0,0
4163,0,0,0
4164,1,358,63
4165,0,0,0
4166,0,0,0
4167,0,0,0
4168,0,0,0
4169,1,376,93
4170,1,368,73
4171,1,378,90
4172,0,0,0
4173,1,388,111
4174,0,0,0
4175,0,0,0
4176,1,393,126
4177,1,400,122
4178,1,407,135
4179,0,0,0
4180,1,432,132
4181,1,445,130
4182,1,463,130
4183,1,472,132
4184,0,0,0
4185,1,485,125
4186,1,493,128
4187,1,508,126
4188,1,511,128
4189,1,515,122
4190,1,522,127
4191,1,530,132
4192,1,530,132
4193,1,538,135
4194,1,541,135
4195,1,543,135
4196,1,545,138
4197,1,550,140
4198,1,551,143
4199,1,555,150
4200,1,553,150
4201,1,555,151
4202,1,556,155
4203,0,0,0
4204,1,563,161
4205,1,563,163
4206,1,565,166
4207,1,566,171
4208,1,566,176
4209,1,570,180
4210,1,570,186
4211,1,571,190
4212,1,573,196
4213,1,573,201
4214,1,575,206
4215,0,0,0
4216,1,575,215
4217,1,576,218
4218,1,578,220
4219,1,578,225
4220,1,580,228
4221,0,0,0
4222,1,581,241
4223,1,583,245
4224,1,583,250
4225,0,0,0
4226,0,0,0
4227,0,0,0
4228,1,585,271
4229,1,585,276
4230,1,588,280
4231,1,588,285
4232,0,0,0
4233,1,588,293
4234,1,590,296
4235,1,590,301
4236,1,591,311
4237,1,591,315
4238,1,590,323
4239,1,590,330
4240,1,588,333
4241,1,588,335
4242,1,588,331
4243,1,584,330
4244,1,581,330
4245,1,582,327
4246,1,583,324
4247,1,584,320
4248,1,585,317
4249,1,585,311
4250,1,583,305
4251,1,581,298
4252,1,580,295
4253,1,580,286
4254,1,580,278
4255,1,576,273
4256,1,575,268
4257,1,573,261
4258,1,571,256
4259,1,570,253
4260,1,570,246
4261,1,570,240
4262,1,568,235
4263,1,568,228
4264,1,565,221
4265,1,565,218
4266,1,563,215
4267,0,0,0
4268,0,0,0
4269,1,561,203
4270,1,556,196
4271,1,555,193
4272,1,555,190
4273,1,553,188
4274,1,551,183
4275,1,551,183
4276,1,551,180
4277,1,551,178
4278,1,550,173
4279,1,548,166
4280,1,546,165
4281,1,545,163
4282,1,541,160
4283,1,538,156
4284,1,538,156
4285,1,538,155
4286,1,536,153
4287,1,535,153
4288,1,535,151
4289,1,535,150
4290,1,532,150
4291,1,530,148
4292,1,530,146
4293,1,528,148
4294,1,528,146
4295,1,525,145
4296,1,523,146
4297,1,521,146
4298,1,520,148
4299,1,520,146
4300,1,518,148
4301,1,515,148
4302,1,515,146
4303,1,511,150
4304,1,511,151
4305,1,513,155
4306,1,510,155
4307,1,508,156
4308,1,508,160
4309,1,506,161
4310,1,506,161
4311,1,503,165
4312,1,501,168
4313,1,501,171
4314,1,500,175
4315,1,498,178
4316,1,496,181
4317,1,496,186
4318,1,495,188
4319,1,493,193
4320,1,491,201
4321,1,491,203
4322,1,488,206
4323,1,486,213
4324,1,486,215
4325,1,485,216
4326,1,483,223
4327,1,483,230
4328,1,481,235
4329,1,480,241
4330,1,476,248
4331,1,476,255
4332,1,476,260
4333,1,475,266
4334,1,473,270
4335,1,470,271
4336,1,470,281
4337,1,470,288
4338,1,470,295
4339,1,470,301
4340,1,468,310
4341,0,0,0
4342,0,0,0
4343,1,463,313
4344,1,466,305
4345,1,466,296
4346,1,468,286
4347,1,470,280
4348,1,471,273
4349,1,475,263
4350,1,478,258
4351,1,481,248
4352,1,483,241
4353,1,488,233
4354,1,488,228
4355,1,490,221
4356,1,490,216
4357,1,491,208
4358,1,491,205
4359,1,493,198
4360,1,495,193
4361,1,495,188
4362,1,496,181
4363,1,498,178
4364,1,500,175
4365,1,503,178
4366,1,503,173
4367,1,506,165
4368,1,508,161
4369,1,510,155
4370,1,510,153
4371,1,511,150
4372,1,513,146
4373,1,515,143
4374,1,518,141
4375,1,520,138
4376,1,521,136
4377,1,521,136
4378,1,525,135
4379,1,525,135
4380,1,522,132
4381,1,525,130
4382,1,530,127
4383,1,528,125
4384,0,0,0
4385,1,535,123
4386,1,536,121
4387,1,538,121
4388,1,541,120
4389,1,543,123
4390,1,545,118
4391,1,545,123
4392,1,548,121
4393,1,550,123
4394,0,0,0
4395,1,546,126
4396,1,548,128
4397,1,550,130
4398,1,550,130
4399,1,551,130
4400,1,555,133
4401,1,556,135
4402,1,556,136
4403,1,561,141
4404,1,563,141
4405,1,565,146
4406,1,566,148
4407,1,568,151
4408,1,568,156
4409,1,570,161
4410,1,571,166
4411,1,573,168
4412,1,575,171
4413,1,576,175
4414,1,578,176
4415,1,580,181
4416,1,581,188
4417,1,581,191
4418,1,583,198
4419,1,583,201
4420,1,586,206
4421,1,588,213
4422,1,590,218
4423,1,590,225
4424,1,590,230
4425,1,595,235
4426,1,596,240
4427,1,595,241
4428,1,591,243
4429,1,591,245
4430,1,590,245
4431,1,580,240
4432,1,570,236
4433,1,565,236
4434,1,563,236
4435,1,555,231
4436,1,550,231
4437,1,543,231
4438,1,536,231
4439,1,530,235
4440,1,530,233
4441,1,523,233
4442,1,511,235
4443,1,501,235
4444,1,493,236
4445,1,485,236
4446,1,475,243
4447,1,471,245
4448,1,460,248
4449,1,456,255
4450,1,443,260
4451,1,431,266
4452,1,420,268
4453,1,406,276
4454,1,395,286
4455,1,388,298
4456,1,376,308
4457,0,0,0
4458,0,0,0
4459,0,0,0
4460,0,0,0
4461,0,0,0
4462,1,281,391
4463,1,275,380
4464,1,305,355
4465,1,311,333
4466,0,0,0
4467,1,326,303
4468,1,333,288
4469,1,341,275
4470,1,351,256
4471,1,360,241
4472,1,375,228
4473,0,0,0
4474,1,391,198
4475,1,200,403
4476,0,0,0
4477,1,413,163
4478,0,0,0
4479,1,433,145
4480,1,445,130
4481,1,448,121
4482,1,460,115
4483,1,466,110
4484,1,473,105
4485,1,488,95
4486,1,495,85
4487,1,501,76
4488,1,503,73
4489,1,511,70
4490,1,518,65
4491,0,0,0
4492,0,0,0
4493,1,640,322
4494,1,640,322
4495,0,0,0
4496,0,0,0
4497,0,0,0
4498,0,0,0
4499,1,603,80
4500,1,596,31
4501,1,815,361
4502,1,815,363
4503,1,618,30
4504,1,625,28
4505,1,633,28
4506,1,646,15
4507,1,648,11
4508,0,0,0
4509,0,0,0
4510,0,0,0
4511,1,675,30
4512,1,680,31
4513,1,683,35
4514,1,686,40
4515,1,691,41
4516,1,701,45
4517,1,708,46
4518,1,713,50
4519,1,721,55
4520,1,723,58
4521,1,728,61
4522,1,735,68
4523,1,740,70
4524,1,748,75
4525,1,755,83
4526,1,760,88
4527,1,765,95
4528,1,766,100
4529,1,775,106
4530,1,780,111
4531,1,786,118
4532,1,793,125
4533,1,795,135
4534,1,798,138
4535,1,803,143
4536,1,810,150
4537,1,813,163
4538,1,818,170
4539,1,821,180
4540,1,830,188
4541,1,833,196
4542,1,840,208
4543,1,845,218
4544,1,848,228
4545,1,852,232
4546,1,858,245
4547,1,861,255
4548,1,866,261
4549,1,871,275
4550,1,875,281
4551,0,0,0
4552,1,881,298
4553,1,881,298
4554,0,0,0
4555,0,0,0
4556,1,871,251
4557,1,868,243
4558,1,865,226
4559,1,863,220
4560,1,863,206
4561,1,860,193
4562,1,860,181
4563,1,856,166
4564,1,855,153
4565,1,850,146
4566,1,850,136
4567,1,846,123
4568,1,845,116
4569,1,845,110
4570,1,843,95
4571,1,840,86
4572,1,835,73
4573,0,0,0
4574,1,831,61
4575,1,831,58
4576,0,0,0
4577,1,828,41
4578,1,821,38
4579,1,821,30
4580,1,818,16
4581,0,0,0
4582,0,0,0
4583,1,912,280
4584,1,910,282
4585,1,910,285
4586,1,910,287
4587,0,0,0
4588,0,0,0
4589,1,915,306
4590,1,920,321
4591,1,920,323
4592,1,921,328
4593,1,921,335
4594,1,920,340
4595,1,923,346
4596,1,926,351
4597,1,928,360
4598,1,854,376
4599,1,781,392
4600,1,708,407
4601,1,634,423
4602,1,560,439
4603,1,487,454
4604,1,414,470
4605,1,340,486
4606,1,352,482
4607,1,365,479
4608,1,377,475
4609,1,385,475
4610,1,395,480
4611,1,401,480
4612,1,407,481
4613,0,0,0
4614,0,0,0
4615,1,424,482
4616,1,430,483
4617,1,436,484
4618,1,442,484
4619,1,448,484
4620,0,0,0
4621,0,0,0
4622,1,465,486
4623,1,710,13
4624,1,708,28
4625,1,705,30
4626,0,0,0
4627,1,703,43
4628,1,698,48
4629,1,695,56
4630,1,693,61
4631,1,690,71
4632,0,0,0
4633,1,686,88
4634,1,686,96
4635,1,681,110
4636,1,680,118
4637,1,678,128
4638,1,675,136
4639,1,671,150
4640,1,668,163
4641,1,666,176
4642,0,0,0
4643,1,660,198
4644,1,658,208
4645,1,656,220
4646,1,655,230
4647,1,656,235
4648,0,0,0
4649,1,668,236
4650,1,670,241
4651,1,671,245
4652,1,675,248
4653,1,675,248
4654,1,676,255
4655,1,680,258
4656,1,683,261
4657,1,686,268
4658,1,690,273
4659,1,696,273
4660,1,698,273
4661,1,695,282
4662,1,696,283
4663,1,698,284
4664,1,699,284
4665,1,700,285
4666,1,701,285
4667,1,703,285
4668,1,705,288
4669,0,0,0
4670,1,1005,215
4671,1,715,296
4672,1,718,300
4673,1,720,304
4674,1,722,307
4675,1,725,311
4676,1,726,317
4677,1,728,323
4678,1,728,326
4679,1,725,326
4680,1,1001,375
4681,1,1001,373
4682,1,1000,370
4683,1,1000,368
4684,1,1000,365
4685,1,998,365
4686,1,1000,361
4687,1,1000,360
4688,1,1000,360
4689,1,1001,356
4690,1,998,355
4691,1,1000,353
4692,1,998,351
4693,1,998,350
4694,1,518,355
4695,1,993,355
4696,1,993,353
4697,1,995,351
4698,1,993,350
4699,1,801,376
4700,1,800,380
4701,1,795,385
4702,1,793,390
4703,1,790,393
4704,1,786,406
4705,0,0,0
4706,1,557,355
4707,1,780,406
4708,1,781,402
4709,1,782,399
4710,1,783,395
4711,1,783,391
4712,1,783,390
4713,1,783,383
4714,1,783,378
4715,1,1005,340
4716,1,1006,340
4717,1,785,365
4718,1,786,361
4719,1,788,358
4720,1,788,355
4721,1,788,351
4722,1,790,350
4723,1,1006,350
4724,1,1006,351
4725,1,1008,360
4726,1,1006,360
4727,1,1006,365
4728,1,1006,365
4729,1,1006,368
4730,1,805,381
4731,1,1005,375
4732,1,1003,378
4733,1,815,365
4734,0,0,0
4735,1,811,350
4736,1,808,338
4737,1,805,330
4738,1,803,323
4739,1,801,308
4740,1,793,305
4741,1,788,295
4742,1,788,281
4743,1,781,268
4744,1,780,256
4745,1,776,245
4746,1,773,236
4747,1,770,230
4748,1,768,223
4749,1,766,216
4750,1,763,205
4751,1,758,198
4752,1,755,193
4753,1,751,188
4754,1,745,180
4755,1,748,180
4756,1,743,175
4757,1,741,170
4758,1,738,163
4759,1,736,156
4760,1,731,155
4761,0,0,0
4762,0,0,0
4763,0,0,0
4764,1,723,140
4765,1,721,136
4766,1,715,135
4767,1,711,130
4768,1,711,135
4769,1,710,128
4770,1,710,130
4771,1,707,130
4772,1,705,130
4773,1,705,130
4774,1,708,128
4775,1,702,130
4776,1,700,130
4777,1,695,130
4778,1,692,130
4779,1,690,130
4780,1,690,132
4781,1,687,132
4782,1,685,135
4783,1,685,137
4784,0,0,0
4785,1,685,140
4786,1,1017,300
4787,1,1015,295
4788,1,1005,297
4789,1,995,299
4790,1,985,301
4791,1,975,303
4792,1,966,305
4793,1,956,307
4794,1,946,309
4795,1,936,311
4796,1,926,313
4797,0,0,0
4798,0,0,0
4799,0,0,0
4800,0,0,0
4801,0,0,0
4802,0,0,0
4803,0,0,0
4804,0,0,0
4805,0,0,0
4806,0,0,0
4807,0,0,0
4808,0,0,0
4809,0,0,0
4810,0,0,0
4811,0,0,0
4812,0,0,0
4813,0,0,0
4814,0,0,0
4815,1,738,350
4816,1,738,350
4817,1,738,348
4818,1,736,338
4819,1,736,335
4820,1,736,333
4821,1,736,330
4822,1,736,326
4823,1,736,323
4824,1,735,316
4825,1,736,313
4826,1,735,311
4827,1,735,310
4828,1,736,308
4829,1,736,306
4830,1,738,303
4831,1,738,301
4832,1,740,300
4833,1,740,298
4834,1,740,295
4835,1,740,291
4836,1,740,290
4837,1,740,290
4838,1,740,290
4839,1,740,290
4840,1,740,288
4841,1,738,288
4842,1,738,288
4843,1,738,288
4844,1,738,288
4845,0,0,0
4846,0,0,0
4847,0,0,0
4848,1,748,301
4849,1,746,300
4850,0,0,0
4851,1,743,288
4852,1,741,285
4853,1,741,283
4854,1,741,278
4855,1,740,275
4856,1,738,270
4857,1,736,268
4858,1,733,261
4859,1,731,260
4860,1,733,258
4861,1,730,255
4862,1,728,250
4863,1,728,245
4864,1,725,241
4865,1,725,236
4866,1,723,233
4867,1,721,230
4868,1,720,228
4869,1,720,225
4870,1,718,223
4871,1,716,221
4872,1,715,220
4873,1,715,218
4874,1,713,218
4875,1,715,218
4876,1,713,215
4877,1,713,213
4878,1,711,210
4879,1,711,206
4880,1,708,205
4881,1,705,201
4882,1,705,198
4883,1,701,196
4884,1,701,196
4885,1,698,195
4886,1,696,193
4887,1,696,195
4888,1,692,195
4889,1,690,196
4890,1,691,196
4891,1,690,195
4892,1,688,196
4893,1,686,196
4894,1,683,196
4895,1,680,196
4896,1,675,198
4897,1,671,201
4898,1,670,205
4899,1,668,206
4900,1,665,207
4901,1,661,215
4902,0,0,0
4903,1,655,223
4904,1,651,230
4905,1,646,228
4906,0,0,0
4907,0,0,0
4908,1,635,245
4909,1,633,253
4910,1,630,260
4911,1,626,270
4912,1,623,280
4913,1,618,288
4914,1,613,303
4915,1,608,310
4916,1,605,326
4917,0,0,0
4918,0,0,0
4919,0,0,0
4920,1,598,278
4921,1,603,258
4922,1,608,236
4923,1,616,218
4924,1,620,203
4925,1,626,183
4926,1,630,166
4927,1,631,146
4928,1,633,136
4929,1,636,118
4930,0,0,0
4931,0,0,0
4932,1,643,66
4933,1,645,56
4934,1,651,46
4935,0,0,0
4936,0,0,0
4937,0,0,0
4938,1,990,370
4939,0,0,0
4940,1,600,413
4941,1,998,386
4942,1,600,435
4943,1,598,443
4944,1,586,440
4945,1,573,436
4946,1,561,433
4947,1,548,430
4948,1,536,426
4949,1,523,423
4950,1,511,420
4951,1,498,416
4952,1,486,413
4953,1,476,418
4954,1,473,413
4955,1,470,408
4956,1,466,406
4957,1,465,403
4958,1,468,400
4959,1,472,396
4960,1,475,393
4961,1,479,390
4962,1,482,387
4963,1,485,383
4964,1,489,380
4965,1,492,377
4966,1,496,374
4967,0,0,0
4968,0,0,0
4969,0,0,0
4970,0,0,0
4971,0,0,0
4972,0,0,0
4973,0,0,0
4974,0,0,0
4975,0,0,0
4976,0,0,0
4977,0,0,0
4978,0,0,0
4979,0,0,0
4980,1,543,328
4981,1,612,332
4982,1,682,337
4983,1,751,341
4984,1,821,346
4985,1,890,350
4986,1,890,347
4987,1,890,343
4988,1,890,340
4989,1,888,335
4990,1,885,328
4991,1,881,323
4992,1,878,320
4993,1,875,316
4994,1,873,313
4995,0,0,0
4996,0,0,0
4997,0,0,0
4998,0,0,0
4999,0,0,0
5000,0,0,0
5001,0,0,0
5002,1,813,16
5003,0,0,0
5004,1,818,36
5005,1,820,46
5006,1,820,55
5007,1,821,66
5008,0,0,0
5009,0,0,0
5010,1,830,98
5011,1,830,111
5012,1,831,121
5013,1,831,135
5014,1,833,143
5015,1,835,155
5016,1,836,170
5017,1,838,181
5018,1,838,196
5019,1,843,210
5020,1,841,223
5021,1,843,236
5022,1,846,253
5023,1,848,266
5024,1,850,278
5025,1,855,276
5026,1,855,275
5027,1,846,261
5028,1,843,245
5029,1,841,230
5030,1,836,215
5031,1,830,203
5032,1,828,188
5033,1,823,180
5034,1,821,166
5035,1,818,153
5036,1,813,141
5037,1,808,126
5038,1,805,120
5039,1,795,111
5040,1,791,108
5041,1,786,98
5042,0,0,0
5043,0,0,0
5044,0,0,0
5045,0,0,0
5046,0,0,0
5047,0,0,0
5048,1,765,45
5049,1,761,38
5050,1,756,30
5051,1,751,28
5052,1,750,15
5053,0,0,0
5054,0,0,0
5055,1,733,15
5056,1,733,10
5057,0,0,0
5058,1,798,264
5059,1,831,391
5060,1,726,399
5061,1,620,407
5062,1,515,415
5063,1,508,408
5064,0,0,0
5065,1,615,352
5066,1,615,345
5067,1,607,330
5068,1,605,327
5069,1,600,317
5070,1,597,315
5071,1,595,312
5072,1,596,319
5073,1,598,326
5074,1,599,333
5075,1,601,340
5076,1,602,347
5077,1,605,352
5078,1,607,355
5079,1,607,360
5080,1,612,271
5081,1,616,182
5082,1,621,92
5083,1,626,3
5084,1,628,10
5085,1,620,16
5086,1,616,13
5087,1,612,20
5088,1,610,22
5089,1,606,30
5090,1,601,33
5091,1,598,38
5092,1,595,46
5093,1,591,53
5094,1,588,56
5095,1,583,63
5096,1,581,70
5097,1,580,75
5098,1,576,85
5099,1,575,91
5100,1,568,100
5101,1,565,110
5102,1,563,116
5103,1,556,126
5104,1,553,135
5105,1,551,140
5106,1,550,151
5107,1,545,163
5108,1,543,173
5109,1,541,181
5110,1,538,191
5111,1,536,203
5112,1,535,216
5113,1,530,220
5114,0,0,0
5115,1,535,207
5116,1,536,205
5117,1,538,205
5118,1,540,205
5119,1,543,203
5120,1,543,203
5121,1,546,203
5122,1,548,205
5123,1,546,206
5124,1,550,208
5125,1,551,213
5126,1,555,215
5127,1,556,215
5128,1,556,218
5129,1,556,220
5130,1,561,221
5131,1,561,223
5132,1,563,226
5133,1,565,230
5134,1,565,231
5135,1,566,235
5136,1,568,240
5137,1,568,243
5138,1,570,246
5139,1,571,251
5140,1,573,255
5141,1,573,258
5142,1,575,261
5143,1,576,268
5144,1,576,270
5145,1,578,276
5146,1,580,280
5147,1,581,285
5148,1,583,288
5149,1,585,293
5150,1,586,295
5151,1,588,301
5152,1,588,310
5153,1,588,323
5154,1,590,325
5155,1,590,313
5156,0,0,0
5157,1,590,308
5158,1,588,305
5159,1,588,301
5160,1,586,288
5161,1,585,283
5162,1,585,273
5163,1,583,261
5164,1,583,255
5165,1,583,245
5166,1,581,235
5167,1,581,226
5168,1,580,220
5169,1,578,208
5170,1,576,203
5171,1,575,198
5172,1,573,191
5173,1,573,181
5174,1,573,178
5175,1,573,176
5176,1,571,168
5177,1,568,161
5178,1,570,153
5179,1,568,146
5180,1,566,140
5181,1,565,136
5182,1,566,128
5183,1,563,125
5184,1,563,120
5185,1,561,113
5186,1,561,111
5187,1,560,108
5188,1,557,100
5189,1,553,100
5190,1,555,98
5191,1,553,93
5192,1,553,88
5193,1,553,83
5194,1,551,80
5195,1,550,75
5196,1,548,73
5197,1,548,70
5198,1,548,68
5199,1,548,68
5200,1,548,65
5201,1,546,65
5202,1,546,65
5203,1,546,66
5204,1,545,66
5205,1,641,171
5206,1,737,276
5207,1,833,381
5208,1,833,383
5209,1,835,383
5210,1,835,383
5211,1,836,383
5212,1,838,385
5213,1,838,385
5214,1,840,390
5215,1,843,388
5216,1,840,390
5217,1,841,391
5218,1,838,391
5219,1,841,390
5220,1,794,342
5221,1,748,295
5222,1,701,247
5223,1,655,199
5224,1,608,151
5225,1,562,104
5226,1,515,56
5227,1,513,56
5228,1,511,60
5229,1,511,60
5230,1,510,58
5231,0,0,0
5232,0,0,0
5233,0,0,0
5234,0,0,0
5235,1,508,70
5236,1,503,73
5237,1,503,76
5238,1,502,77
5239,1,501,81
5240,1,501,83
5241,1,500,85
5242,1,498,88
5243,1,498,93
5244,1,496,98
5245,1,495,101
5246,1,495,108
5247,1,495,113
5248,1,495,118
5249,1,495,123
5250,1,491,126
5251,1,490,135
5252,1,490,140
5253,1,490,143
5254,1,488,148
5255,1,486,151
5256,1,486,161
5257,1,485,168
5258,1,483,175
5259,1,481,180
5260,1,481,188
5261,1,481,193
5262,1,480,201
5263,1,478,208
5264,1,478,215
5265,1,476,223
5266,1,476,230
5267,1,475,236
5268,1,475,245
5269,1,473,253
5270,1,473,261
5271,1,470,271
5272,1,468,281
5273,1,466,288
5274,1,466,300
5275,1,465,306
5276,1,465,313
5277,1,466,311
5278,1,465,311
5279,1,465,311
5280,1,465,303
5281,1,468,290
5282,1,473,281
5283,1,475,270
5284,1,481,261
5285,1,481,253
5286,1,483,245
5287,1,486,235
5288,1,486,226
5289,1,490,220
5290,1,490,215
5291,1,490,205
5292,1,491,200
5293,1,493,195
5294,1,495,191
5295,0,0,0
5296,0,0,0
5297,1,500,175
5298,1,501,168
5299,1,501,161
5300,1,508,155
5301,1,508,151
5302,1,510,145
5303,1,510,141
5304,1,513,136
5305,1,516,130
5306,1,518,126
5307,1,518,123
5308,1,520,121
5309,1,521,120
5310,1,521,115
5311,1,523,111
5312,1,526,110
5313,1,528,103
5314,1,530,103
5315,1,535,98
5316,1,535,96
5317,1,536,95
5318,1,536,93
5319,1,538,91
5320,1,540,90
5321,1,540,90
5322,1,540,90
5323,1,540,88
5324,1,540,88
5325,1,545,90
5326,1,548,90
5327,1,550,88
5328,1,551,88
5329,1,551,86
5330,1,553,86
5331,0,0,0
5332,1,555,86
5333,1,555,86
5334,1,555,87
5335,1,563,85
5336,1,563,88
5337,1,565,90
5338,1,565,91
5339,1,566,95
5340,0,0,0
5341,0,0,0
5342,0,0,0
5343,0,0,0
5344,0,0,0
5345,0,0,0
5346,1,581,108
5347,1,581,110
5348,1,581,113
5349,1,583,116
5350,1,583,121
5351,1,588,123
5352,1,588,126
5353,1,590,135
5354,1,591,136
5355,1,593,140
5356,1,595,143
5357,1,596,148
5358,1,598,151
5359,1,598,155
5360,1,601,161
5361,1,603,166
5362,1,603,171
5363,1,605,178
5364,1,606,181
5365,1,608,188
5366,1,610,196
5367,1,610,203
5368,1,610,208
5369,1,613,215
5370,1,616,218
5371,1,618,225
5372,1,618,231
5373,1,620,235
5374,1,620,245
5375,1,621,251
5376,1,625,256
5377,1,628,256
5378,1,630,253
5379,1,643,246
5380,1,645,243
5381,1,648,241
5382,1,653,236
5383,1,660,235
5384,1,663,235
5385,1,670,236
5386,1,673,233
5387,1,683,230
5388,1,688,228
5389,1,696,226
5390,1,705,225
5391,1,713,225
5392,1,716,226
5393,1,726,226
5394,1,733,226
5395,1,740,226
5396,1,750,231
5397,1,758,231
5398,1,766,233
5399,1,775,235
5400,1,788,241
5401,1,796,243
5402,1,808,246
5403,1,820,251
5404,1,830,256
5405,1,841,260
5406,1,856,270
5407,1,868,278
5408,1,883,286
5409,1,901,295
5410,1,915,301
5411,1,926,311
5412,1,948,321
5413,1,955,330
5414,0,0,0
5415,0,0,0
5416,1,620,315
5417,1,620,315
5418,0,0,0
5419,1,1071,393
5420,1,1070,365
5421,1,1070,341
5422,1,1070,325
5423,1,1068,300
5424,1,1071,281
5425,1,1070,258
5426,0,0,0
5427,1,1070,216
5428,1,1071,201
5429,1,1073,188
5430,1,1076,170
5431,1,1078,155
5432,1,1081,136
5433,1,1081,120
5434,1,1080,106
5435,1,1083,88
5436,1,1085,75
5437,1,1085,60
5438,1,1086,48
5439,1,1088,36
5440,1,1086,20
5441,1,1086,13
5442,1,1087,10
5443,1,1090,7
5444,1,670,356
5445,1,1083,440
5446,1,1100,461
5447,1,1110,463
5448,1,1127,467
5449,1,1130,472
5450,1,1132,480
5451,1,1094,479
5452,1,1057,478
5453,1,1019,478
5454,1,981,477
5455,1,944,476
5456,1,906,475
5457,1,868,475
5458,1,830,474
5459,1,793,473
5460,0,0,0
5461,0,0,0
5462,0,0,0
5463,1,642,470
5464,1,647,465
5465,1,650,467
5466,1,664,453
5467,1,678,439
5468,1,691,425
5469,1,705,411
5470,1,719,396
5471,1,733,382
5472,1,747,368
5473,1,760,354
5474,1,774,340
5475,1,788,326
5476,1,786,348
5477,1,784,370
5478,1,782,392
5479,1,779,413
5480,1,777,435
5481,1,775,457
5482,1,782,460
5483,1,804,448
5484,1,826,436
5485,1,848,424
5486,1,869,413
5487,1,891,401
5488,1,913,389
5489,1,935,377
5490,1,960,380
5491,1,985,384
5492,1,1009,387
5493,1,1034,391
5494,1,1059,394
5495,1,1084,398
5496,1,1108,401
5497,1,1133,405
5498,1,1158,408
5499,0,0,0
5500,0,0,0
5501,0,0,0
5502,1,1257,422
5503,1,1255,422
5504,1,1255,420
5505,1,1255,420
5506,1,1255,420
5507,1,1122,10
5508,1,1115,10
5509,1,1115,15
5510,1,1116,31
5511,1,1116,38
5512,1,1120,45
5513,1,1116,56
5514,1,1116,63
5515,1,1120,71
5516,1,1116,83
5517,1,1116,98
5518,1,1116,108
5519,1,1116,118
5520,1,1116,126
5521,1,1116,143
5522,1,1116,155
5523,1,1116,165
5524,1,1116,176
5525,1,1116,190
5526,1,1116,201
5527,1,1116,208
5528,1,1120,220
5529,1,1116,235
5530,1,1116,250
5531,1,1116,261
5532,1,1116,275
5533,1,1121,285
5534,1,1121,286
5535,0,0,0
5536,1,1086,278
5537,1,1076,268
5538,1,1061,261
5539,1,1051,255
5540,1,1043,246
5541,1,1031,243
5542,1,1020,240
5543,1,1006,235
5544,1,996,231
5545,1,988,221
5546,1,973,218
5547,1,963,216
5548,1,953,215
5549,1,941,210
5550,1,935,213
5551,1,926,208
5552,1,913,205
5553,1,901,203
5554,1,891,201
5555,1,883,198
5556,1,870,200
5557,1,863,196
5558,1,857,197
5559,1,850,198
5560,1,838,195
5561,1,830,196
5562,1,820,193
5563,1,811,198
5564,1,805,201
5565,1,795,205
5566,1,793,205
5567,1,785,206
5568,1,775,206
5569,1,770,210
5570,1,758,213
5571,1,750,215
5572,1,743,218
5573,1,735,221
5574,1,726,225
5575,1,721,223
5576,1,711,230
5577,1,705,233
5578,1,697,237
5579,1,691,245
5580,1,686,251
5581,1,681,255
5582,1,673,260
5583,1,668,261
5584,1,660,266
5585,1,655,270
5586,1,645,275
5587,1,641,278
5588,1,633,286
5589,1,628,293
5590,1,620,296
5591,1,615,303
5592,1,608,311
5593,1,603,316
5594,1,600,323
5595,1,593,328
5596,1,588,333
5597,1,585,341
5598,1,580,348
5599,1,575,353
5600,1,566,363
5601,1,555,378
5602,1,551,383
5603,1,550,390
5604,1,550,391
5605,1,548,395
5606,1,546,393
5607,0,0,0
5608,0,0,0
5609,1,570,375
5610,1,573,371
5611,1,580,368
5612,1,588,365
5613,1,591,358
5614,1,596,351
5615,1,603,350
5616,1,610,347
5617,1,615,345
5618,1,621,340
5619,1,626,338
5620,1,631,335
5621,1,635,335
5622,1,640,330
5623,1,643,330
5624,1,648,328
5625,1,655,326
5626,1,660,326
5627,1,663,325
5628,1,667,322
5629,1,672,322
5630,1,673,323
5631,1,680,320
5632,1,682,320
5633,1,685,320
5634,1,693,315
5635,1,701,310
5636,0,0,0
5637,1,705,306
5638,1,710,300
5639,1,710,296
5640,1,708,283
5641,1,710,276
5642,1,715,270
5643,1,721,260
5644,1,723,255
5645,1,726,246
5646,1,731,241
5647,1,735,230
5648,1,738,225
5649,1,741,220
5650,1,743,215
5651,1,746,203
5652,1,748,200
5653,1,751,196
5654,1,753,195
5655,1,755,186
5656,1,760,181
5657,1,766,175
5658,1,768,170
5659,1,775,165
5660,1,778,161
5661,1,780,155
5662,1,781,153
5663,1,788,148
5664,1,793,146
5665,1,795,138
5666,1,797,135
5667,1,805,130
5668,1,808,128
5669,1,813,126
5670,1,813,125
5671,1,818,120
5672,1,823,116
5673,1,830,113
5674,1,831,113
5675,1,836,110
5676,1,840,108
5677,1,845,108
5678,1,845,112
5679,1,855,106
5680,1,856,106
5681,1,860,106
5682,1,863,106
5683,1,866,106
5684,1,871,106
5685,1,881,106
5686,1,883,106
5687,1,886,106
5688,1,890,106
5689,1,895,106
5690,1,898,106
5691,1,901,108
5692,1,910,110
5693,1,915,111
5694,1,918,115
5695,1,923,118
5696,1,926,121
5697,1,935,123
5698,1,936,128
5699,1,941,131
5700,1,948,135
5701,1,953,136
5702,1,961,143
5703,1,963,146
5704,1,968,151
5705,1,975,155
5706,1,981,163
5707,1,988,170
5708,1,990,175
5709,1,998,180
5710,1,1003,188
5711,1,1006,195
5712,1,1015,201
5713,1,1020,208
5714,1,1028,218
5715,1,1033,221
5716,1,1041,231
5717,1,1046,243
5718,1,1051,248
5719,1,1058,258
5720,1,1063,268
5721,1,1071,276
5722,1,1076,286
5723,1,1085,300
5724,1,1086,310
5725,1,1096,323
5726,1,1101,331
5727,1,1100,350
5728,1,1172,352
5729,0,0,0
5730,0,0,0
5731,1,1180,350
5732,1,1177,350
5733,1,1103,331
5734,1,1106,328
5735,1,1106,326
5736,1,1175,467
5737,1,1175,467
5738,1,1180,465
5739,1,1182,452
5740,1,1188,438
5741,1,1190,440
5742,0,0,0
5743,0,0,0
5744,1,1192,422
5745,0,0,0
5746,0,0,0
5747,0,0,0
5748,1,1210,360
5749,1,1210,360
5750,1,1199,361
5751,1,1188,362
5752,1,1177,363
5753,1,1166,364
5754,1,1155,364
5755,1,1144,365
5756,1,1133,366
5757,1,1122,367
5758,1,1111,368
5759,0,0,0
5760,0,0,0
5761,0,0,0
5762,0,0,0
5763,0,0,0
5764,0,0,0
5765,0,0,0
5766,0,0,0
5767,0,0,0
5768,0,0,0
5769,1,991,378
5770,1,993,372
5771,1,995,365
5772,1,991,363
5773,1,993,356
5774,1,997,357
5775,1,997,357
5776,1,997,355
5777,1,1000,352
5778,1,978,352
5779,1,957,353
5780,1,935,353
5781,1,913,354
5782,1,892,354
5783,1,870,354
5784,1,848,355
5785,1,827,355
5786,1,805,355
5787,0,0,0
5788,0,0,0
5789,0,0,0
5790,0,0,0
5791,0,0,0
5792,0,0,0
5793,0,0,0
5794,0,0,0
5795,0,0,0
5796,0,0,0
5797,0,0,0
5798,1,545,360
5799,1,545,357
5800,1,545,355
5801,1,545,355
5802,1,545,357
5803,1,545,357
5804,1,540,357
5805,1,539,355
5806,1,538,353
5807,1,537,351
5808,1,536,350
5809,1,535,348
5810,1,534,346
5811,1,533,344
5812,1,532,342
5813,1,531,340
5814,0,0,0
5815,0,0,0
5816,0,0,0
5817,0,0,0
5818,0,0,0
5819,0,0,0
5820,0,0,0
5821,0,0,0
5822,0,0,0
5823,1,522,322
5824,1,965,425
5825,1,817,398
5826,1,668,372
5827,1,520,345
5828,1,515,342
5829,1,512,342
5830,1,509,342
5831,1,506,343
5832,1,503,343
5833,1,500,343
5834,1,497,343
5835,1,494,344
5836,1,491,344
5837,1,488,344
5838,0,0,0
5839,0,0,0
5840,0,0,0
5841,0,0,0
5842,0,0,0
5843,0,0,0
5844,0,0,0
5845,0,0,0
5846,0,0,0
5847,0,0,0
5848,0,0,0
5849,0,0,0
5850,0,0,0
5851,0,0,0
5852,0,0,0
5853,0,0,0
5854,0,0,0
5855,0,0,0
5856,0,0,0
5857,0,0,0
5858,0,0,0
5859,0,0,0
5860,0,0,0
5861,0,0,0
5862,0,0,0
5863,0,0,0
5864,0,0,0
5865,1,406,350
5866,1,408,348
5867,1,410,341
5868,1,411,340
5869,1,413,338
5870,1,413,333
5871,1,411,328
5872,1,411,321
5873,1,410,315
5874,1,411,311
5875,1,411,305
5876,1,411,296
5877,1,411,290
5878,1,411,286
5879,1,411,281
5880,1,411,278
5881,1,411,275
5882,1,410,270
5883,1,415,261
5884,1,413,258
5885,1,415,255
5886,1,415,250
5887,1,415,245
5888,1,415,241
5889,1,415,235
5890,1,416,231
5891,1,416,228
5892,1,416,226
5893,1,418,223
5894,1,418,221
5895,1,420,218
5896,1,420,215
5897,1,417,210
5898,1,417,207
5899,1,421,206
5900,1,420,203
5901,1,421,201
5902,1,421,198
5903,1,421,196
5904,1,423,193
5905,1,421,191
5906,1,421,190
5907,1,422,187
5908,1,422,185
5909,1,423,183
5910,1,425,185
5911,1,425,182
5912,1,425,182
5913,1,425,180
5914,1,428,180
5915,1,425,180
5916,1,427,177
5917,1,427,177
5918,1,427,177
5919,0,0,0
5920,0,0,0
5921,1,432,180
5922,1,430,180
5923,0,0,0
5924,0,0,0
5925,0,0,0
5926,1,431,180
5927,0,0,0
5928,0,0,0
5929,0,0,0
5930,0,0,0
5931,1,436,188
5932,1,436,190
5933,1,436,191
5934,1,438,195
5935,1,436,196
5936,1,436,196
5937,1,438,198
5938,1,436,201
5939,1,438,201
5940,1,438,216
5941,1,440,216
5942,1,440,218
5943,1,441,218
5944,1,441,220
5945,1,443,223
5946,1,443,226
5947,1,443,231
5948,1,443,235
5949,1,445,241
5950,1,445,245
5951,1,445,251
5952,1,446,256
5953,1,445,260
5954,1,445,261
5955,1,445,261
5956,1,443,261
5957,1,441,260
5958,1,440,255
5959,1,435,248
5960,1,433,245
5961,1,430,241
5962,1,425,237
5963,1,421,235
5964,1,420,233
5965,1,416,230
5966,1,413,228
5967,1,410,228
5968,1,406,228
5969,1,403,230
5970,1,400,230
5971,1,395,230
5972,1,395,235
5973,1,388,235
5974,1,380,235
5975,1,377,237
5976,1,372,237
5977,1,368,241
5978,1,365,241
5979,1,361,245
5980,1,355,246
5981,1,350,251
5982,1,348,255
5983,1,340,263
5984,1,331,268
5985,1,323,270
5986,1,316,276
5987,1,313,286
5988,1,305,290
5989,1,298,298
5990,1,290,308
5991,1,285,316
5992,1,276,328
5993,1,263,336
5994,1,260,348
5995,1,250,358
5996,1,241,368
5997,1,226,385
5998,1,220,403
5999,1,208,420
6000,0,0,0
6001,0,0,0
6002,1,191,430
6003,1,198,410
6004,1,201,390
6005,1,208,366
6006,0,0,0
6007,0,0,0
6008,1,220,306
6009,1,230,288
6010,1,235,268
6011,1,241,255
6012,1,243,236
6013,1,245,223
6014,1,255,206
6015,1,256,195
6016,1,261,181
6017,1,270,163
6018,1,275,150
6019,1,278,138
6020,1,286,128
6021,1,288,115
6022,0,0,0
6023,0,0,0
6024,0,0,0
6025,0,0,0
6026,0,0,0
6027,0,0,0
6028,0,0,0
6029,0,0,0
6030,0,0,0
6031,0,0,0
6032,0,0,0
6033,0,0,0
6034,0,0,0
6035,0,0,0
6036,1,353,10
6037,1,439,85
6038,1,525,160
6039,1,611,235
6040,1,697,310
6041,1,783,385
6042,1,776,381
6043,1,770,380
6044,1,765,378
6045,1,761,378
6046,1,756,377
6047,1,752,377
6048,1,720,340
6049,1,687,303
6050,1,654,266
6051,1,622,229
6052,1,590,192
6053,1,557,155
6054,1,524,118
6055,1,492,81
6056,1,460,44
6057,1,427,7
6058,1,430,7
6059,1,432,5
6060,1,435,7
6061,1,437,7
6062,1,445,10
6063,1,446,10
6064,1,448,11
6065,1,456,11
6066,1,460,16
6067,1,460,30
6068,0,0,0
6069,0,0,0
6070,1,468,43
6071,1,470,46
6072,0,0,0
6073,1,475,60
6074,1,476,65
6075,1,483,68
6076,1,485,75
6077,1,488,86
6078,1,491,91
6079,1,493,96
6080,1,496,108
6081,1,498,113
6082,1,500,121
6083,1,506,126
6084,1,505,135
6085,1,510,143
6086,1,511,151
6087,1,515,161
6088,1,516,173
6089,1,520,181
6090,1,521,191
6091,1,523,201
6092,1,526,208
6093,1,528,218
6094,1,533,228
6095,1,535,233
6096,1,536,245
6097,0,0,0
6098,1,540,260
6099,1,541,275
6100,1,538,255
6101,1,538,248
6102,0,0,0
6103,0,0,0
6104,0,0,0
6105,1,528,205
6106,1,526,190
6107,1,526,178
6108,1,521,163
6109,1,520,151
6110,1,518,140
6111,1,516,128
6112,1,515,116
6113,1,511,110
6114,1,510,100
6115,1,508,90
6116,1,502,82
6117,1,500,71
6118,1,498,65
6119,1,496,56
6120,1,491,55
6121,1,491,48
6122,1,488,40
6123,1,486,31
6124,0,0,0
6125,1,485,11
6126,0,0,0
6127,0,0,0
6128,0,0,0
6129,0,0,0
6130,0,0,0
6131,0,0,0
6132,1,415,355
6133,1,410,365
6134,1,383,367
6135,1,357,369
6136,1,330,372
6137,1,303,374
6138,1,277,376
6139,1,250,378
6140,1,223,380
6141,1,197,382
6142,1,170,384
6143,0,0,0
6144,0,0,0
6145,1,90,391
6146,1,86,385
6147,1,85,380
6148,1,87,362
6149,1,95,510
6150,1,111,350
6151,1,115,348
6152,1,125,348
6153,1,188,335
6154,1,166,345
6155,1,143,355
6156,0,0,0
6157,0,0,0
6158,0,0,0
6159,0,0,0
6160,1,222,379
6161,1,238,384
6162,1,254,389
6163,1,269,393
6164,1,285,398
6165,1,301,403
6166,1,307,400
6167,1,308,381
6168,1,310,366
6169,1,311,358
6170,1,390,15
6171,1,388,28
6172,0,0,0
6173,0,0,0
6174,0,0,0
6175,0,0,0
6176,0,0,0
6177,1,378,66
6178,0,0,0
6179,0,0,0
6180,0,0,0
6181,1,370,100
6182,1,366,110
6183,1,366,116
6184,1,365,125
6185,1,361,136
6186,1,361,146
6187,1,360,155
6188,1,355,165
6189,1,355,178
6190,1,351,191
6191,1,351,203
6192,1,358,208
6193,1,372,215
6194,1,393,218
6195,1,410,220
6196,1,430,223
6197,1,441,226
6198,1,458,230
6199,1,470,235
6200,1,480,240
6201,1,491,243
6202,1,501,250
6203,0,0,0
6204,1,525,258
6205,1,536,261
6206,1,541,270
6207,1,553,275
6208,1,561,281
6209,1,566,286
6210,0,0,0
6211,1,590,301
6212,1,593,305
6213,1,598,310
6214,1,603,313
6215,1,608,315
6216,1,616,323
6217,1,621,328
6218,1,626,333
6219,1,631,340
6220,1,635,343
6221,1,641,351
6222,1,645,360
6223,1,648,366
6224,1,650,370
6225,1,657,375
6226,1,657,380
6227,1,660,377
6228,1,663,374
6229,1,666,371
6230,1,669,368
6231,1,672,365
6232,1,675,362
6233,1,678,359
6234,1,681,356
6235,1,684,353
6236,0,0,0
6237,1,690,347
6238,1,690,350
6239,1,690,347
6240,1,695,336
6241,1,698,340
6242,1,698,343
6243,1,700,341
6244,1,700,341
6245,1,703,335
6246,1,706,330
6247,1,708,325
6248,1,710,323
6249,1,711,316
6250,1,713,313
6251,1,715,310
6252,1,716,306
6253,1,718,301
6254,1,721,301
6255,1,721,296
6256,1,723,295
6257,1,726,290
6258,1,728,288
6259,1,730,286
6260,1,731,283
6261,1,733,280
6262,1,733,276
6263,1,735,273
6264,1,738,271
6265,1,740,268
6266,1,741,263
6267,1,741,263
6268,1,750,260
6269,1,750,258
6270,1,748,260
6271,1,751,258
6272,1,753,256
6273,1,755,253
6274,1,758,253
6275,1,760,251
6276,1,763,250
6277,1,765,250
6278,1,766,250
6279,1,768,248
6280,0,0,0
6281,1,776,246
6282,1,778,246
6283,1,780,248
6284,1,781,248
6285,1,781,250
6286,1,786,248
6287,1,790,246
6288,1,791,245
6289,1,795,245
6290,1,796,245
6291,1,800,246
6292,1,801,246
6293,1,803,248
6294,1,806,248
6295,1,810,250
6296,1,811,251
6297,1,815,253
6298,1,818,256
6299,1,820,260
6300,1,820,261
6301,1,825,265
6302,1,826,268
6303,1,830,270
6304,1,831,271
6305,1,835,275
6306,1,838,278
6307,1,841,281
6308,1,843,285
6309,1,846,288
6310,1,850,292
6311,1,855,295
6312,1,856,298
6313,1,858,303
6314,1,860,308
6315,1,866,315
6316,1,868,320
6317,1,873,325
6318,1,876,331
6319,1,881,335
6320,1,885,338
6321,1,888,341
6322,1,890,350
6323,1,895,355
6324,1,900,363
6325,1,901,368
6326,1,906,375
6327,1,910,385
6328,1,911,393
6329,1,915,400
6330,1,925,413
6331,1,926,418
6332,1,928,428
6333,1,927,422
6334,1,932,415
6335,1,935,411
6336,1,936,408
6337,1,936,401
6338,1,938,391
6339,1,941,386
6340,1,943,381
6341,1,945,376
6342,1,945,373
6343,1,948,368
6344,1,948,365
6345,1,948,365
6346,1,950,360
6347,1,953,356
6348,1,953,351
6349,1,955,348
6350,1,956,346
6351,1,961,340
6352,1,963,338
6353,1,963,336
6354,1,963,335
6355,1,965,331
6356,1,966,331
6357,1,966,330
6358,1,966,330
6359,1,966,330
6360,1,971,323
6361,1,967,322
6362,1,978,320
6363,1,972,322
6364,1,972,322
6365,1,975,322
6366,1,975,322
6367,1,977,322
6368,1,977,322
6369,1,980,322
6370,1,982,325
6371,1,985,325
6372,1,988,323
6373,0,0,0
6374,1,990,328
6375,0,0,0
6376,0,0,0
6377,1,995,335
6378,1,995,337
6379,1,997,340
6380,0,0,0
6381,1,325,510
6382,0,0,0
6383,1,296,622
6384,1,281,678
6385,1,796,203
6386,1,801,215
6387,1,801,220
6388,1,803,228
6389,1,806,236
6390,1,810,245
6391,1,808,250
6392,0,0,0
6393,0,0,0
6394,1,815,271
6395,1,815,281
6396,1,815,278
6397,1,815,275
6398,1,815,272
6399,1,813,265
6400,1,812,257
6401,1,810,250
6402,1,806,231
6403,1,805,218
6404,1,805,206
6405,0,0,0
6406,0,0,0
6407,1,801,183
6408,1,800,170
6409,1,796,163
6410,1,795,153
6411,1,793,143
6412,1,790,135
6413,1,790,123
6414,1,790,113
6415,1,788,100
6416,1,785,93
6417,1,783,86
6418,0,0,0
6419,0,0,0
6420,0,0,0
6421,0,0,0
6422,1,775,45
6423,1,775,35
6424,1,770,30
6425,0,0,0
6426,0,0,0
6427,1,765,20
6428,1,767,20
6429,1,770,20
6430,1,668,109
6431,1,566,198
6432,1,464,288
6433,1,361,377
6434,1,259,466
6435,1,157,555
6436,1,157,550
6437,1,731,250
6438,1,728,253
6439,1,722,260
6440,1,717,268
6441,1,711,275
6442,1,705,280
6443,1,700,283
6444,1,700,294
6445,1,701,306
6446,1,693,320
6447,1,685,335
6448,1,683,336
6449,1,429,360
6450,1,175,383
6451,1,176,380
6452,1,676,325
6453,1,671,333
6454,1,666,340
6455,1,661,348
6456,1,656,356
6457,1,653,361
6458,1,646,369
6459,1,640,377
6460,1,633,385
6461,1,625,393
6462,0,0,0
6463,0,0,0
6464,0,0,0
6465,0,0,0
6466,0,0,0
6467,0,0,0
6468,0,0,0
6469,0,0,0
6470,0,0,0
6471,0,0,0
6472,0,0,0
6473,0,0,0
6474,0,0,0
6475,0,0,0
6476,0,0,0
6477,0,0,0
6478,0,0,0
6479,0,0,0
6480,0,0,0
6481,0,0,0
6482,1,107,522
6483,0,0,0
6484,1,107,492
6485,0,0,0
6486,0,0,0
6487,0,0,0
6488,1,112,460
6489,1,115,457
6490,0,0,0
6491,0,0,0
6492,0,0,0
6493,0,0,0
6494,1,126,433
6495,1,231,353
6496,1,138,416
6497,1,145,410
6498,1,150,403
6499,1,150,397
6500,1,155,397
6501,1,160,392
6502,1,162,390
6503,1,168,392
6504,1,173,393
6505,1,203,382
6506,1,232,371
6507,1,262,360
6508,1,242,380
6509,1,223,401
6510,1,203,421
6511,1,216,426
6512,0,0,0
6513,0,0,0
6514,1,253,443
6515,1,254,452
6516,1,255,461
6517,1,255,466
6518,1,267,475
6519,1,270,490
6520,1,365,495
6521,1,365,495
6522,1,375,494
6523,1,385,494
6524,1,395,494
6525,1,405,493
6526,1,415,492
6527,1,425,492
6528,1,435,492
6529,1,445,491
6530,1,455,471
6531,0,0,0
6532,1,463,443
6533,1,463,440
6534,1,467,428
6535,1,471,415
6536,1,456,451
6537,1,442,488
6538,1,427,524
6539,1,412,560
6540,1,450,432
6541,1,488,303
6542,0,0,0
6543,0,0,0
6544,0,0,0
6545,0,0,0
6546,0,0,0
6547,0,0,0
6548,1,495,286
6549,1,498,283
6550,1,498,281
6551,1,500,280
6552,0,0,0
6553,1,508,275
6554,1,510,276
6555,1,516,280
6556,1,513,283
6557,1,510,282
6558,0,0,0
6559,0,0,0
6560,0,0,0
6561,0,0,0
6562,0,0,0
6563,0,0,0
6564,1,550,36
6565,1,548,43
6566,1,550,50
6567,1,548,56
6568,1,546,66
6569,1,546,73
6570,1,538,75
6571,1,536,86
6572,1,536,93
6573,1,536,100
6574,1,535,111
6575,1,535,118
6576,1,535,126
6577,1,532,135
6578,0,0,0
6579,1,527,147
6580,1,533,158
6581,1,539,169
6582,1,545,180
6583,1,540,185
6584,0,0,0
6585,0,0,0
6586,0,0,0
6587,1,591,196
6588,0,0,0
6589,1,623,200
6590,0,0,0
6591,1,655,205
6592,1,661,206
6593,1,673,208
6594,1,678,210
6595,1,688,215
6596,1,701,220
6597,1,711,225
6598,0,0,0
6599,0,0,0
6600,1,740,236
6601,1,747,237
6602,1,753,241
6603,1,763,243
6604,1,855,563
6605,1,778,251
6606,0,0,0
6607,1,795,261
6608,1,808,268
6609,1,815,270
6610,1,820,273
6611,1,828,278
6612,1,835,283
6613,1,841,286
6614,1,848,293
6615,1,848,293
6616,1,855,296
6617,1,861,300
6618,1,868,305
6619,1,873,310
6620,1,880,315
6621,1,883,320
6622,0,0,0
6623,1,896,328
6624,1,901,333
6625,1,910,336
6626,1,911,341
6627,1,918,348
6628,1,921,351
6629,1,925,356
6630,1,935,356
6631,1,935,361
6632,1,938,366
6633,1,943,370
6634,1,948,375
6635,1,951,378
6636,1,955,386
6637,1,962,392
6638,1,965,395
6639,1,971,403
6640,1,971,403
6641,1,975,406
6642,1,975,410
6643,1,975,413
6644,1,975,415
6645,0,0,0
6646,1,992,430
6647,1,990,428
6648,1,993,433
6649,1,995,441
6650,0,0,0
6651,0,0,0
6652,1,964,412
6653,1,954,402
6654,1,943,392
6655,1,933,382
6656,1,922,372
6657,1,912,362
6658,1,902,353
6659,0,0,0
6660,1,881,333
6661,1,899,342
6662,1,916,351
6663,1,934,359
6664,1,952,368
6665,0,0,0
6666,0,0,0
6667,0,0,0
6668,1,1022,403
6669,1,1040,412
6670,1,1041,410
6671,1,1041,408
6672,1,1043,405
6673,1,1043,401
6674,1,1046,396
6675,1,1046,396
6676,1,1048,395
6677,1,1051,393
6678,1,1053,390
6679,1,1055,386
6680,1,1056,381
6681,1,1058,378
6682,1,1060,376
6683,1,1060,375
6684,1,1060,370
6685,1,1063,368
6686,1,1063,368
6687,1,1063,368
6688,1,1063,366
6689,1,1063,366
6690,0,0,0
6691,1,1071,355
6692,1,1073,361
6693,1,1076,361
6694,1,1076,360
6695,1,1078,353
6696,1,1081,350
6697,1,1078,343
6698,1,1078,340
6699,1,1080,336
6700,1,1083,333
6701,1,1083,330
6702,1,1085,326
6703,1,1086,323
6704,1,1086,321
6705,1,1088,323
6706,1,1090,321
6707,1,1095,315
6708,1,1095,311
6709,1,1095,310
6710,1,1096,306
6711,1,1098,305
6712,1,1100,301
6713,1,1100,300
6714,1,1103,296
6715,1,1105,295
6716,1,1105,295
6717,1,1106,293
6718,1,1108,293
6719,1,1110,288
6720,1,1111,283
6721,1,1113,283
6722,1,1115,280
6723,1,1115,280
6724,1,1117,280
6725,1,1117,277
6726,1,1117,275
6727,1,1123,273
6728,1,1123,271
6729,1,1122,270
6730,1,1125,267
6731,1,1127,267
6732,1,1127,265
6733,1,1127,265
6734,1,1133,263
6735,1,1132,262
6736,1,1135,260
6737,1,1136,260
6738,1,1138,260
6739,1,1140,258
6740,1,1142,257
6741,1,1142,260
6742,1,1148,255
6743,1,1148,253
6744,1,1153,250
6745,1,1153,248
6746,1,1155,246
6747,1,1155,245
6748,1,1155,243
6749,1,1158,245
6750,1,1162,240
6751,1,1162,240
6752,1,1162,240
6753,1,1165,240
6754,1,1165,237
6755,1,1165,237
6756,1,1167,240
6757,1,1170,240
6758,1,1170,237
6759,1,1172,237
6760,1,1175,237
6761,1,1177,237
6762,1,1180,237
6763,1,1182,235
6764,1,1185,235
6765,1,1185,235
6766,1,1187,237
6767,1,1186,240
6768,1,1190,238
6769,1,1191,238
6770,1,1195,235
6771,1,1195,232
6772,1,1197,232
6773,1,1200,232
6774,1,1202,235
6775,1,1205,235
6776,1,1205,237
6777,1,1205,237
6778,1,1207,237
6779,1,1210,237
6780,0,0,0
6781,0,0,0
6782,0,0,0
6783,0,0,0
6784,0,0,0
6785,0,0,0
6786,0,0,0
6787,0,0,0
6788,0,0,0
6789,0,0,0
6790,0,0,0
6791,0,0,0
6792,0,0,0
6793,0,0,0
6794,0,0,0
6795,0,0,0
6796,0,0,0
6797,0,0,0
6798,0,0,0
6799,1,88,488
6800,0,0,0
6801,0,0,0
6802,1,125,417
6803,1,140,370
6804,1,141,360
6805,0,0,0
6806,0,0,0
6807,1,163,276
6808,0,0,0
6809,0,0,0
6810,0,0,0
6811,1,170,205
6812,0,0,0
6813,0,0,0
6814,0,0,0
6815,0,0,0
6816,0,0,0
6817,1,242,465
6818,1,246,98
6819,1,250,98
6820,1,253,91
6821,1,255,90
6822,1,271,68
6823,1,273,68
6824,1,275,50
6825,0,0,0
6826,1,281,48
6827,1,286,46
6828,1,298,48
6829,1,325,63
6830,1,325,60
6831,1,326,58
6832,1,328,58
6833,1,331,58
6834,1,333,61
6835,1,336,61
6836,1,336,70
6837,0,0,0
6838,1,350,88
6839,0,0,0
6840,1,355,85
6841,1,360,91
6842,1,365,96
6843,1,366,113
6844,1,376,121
6845,0,0,0
6846,0,0,0
6847,0,0,0
6848,1,437,130
6849,1,447,125
6850,1,457,125
6851,1,488,130
6852,1,497,122
6853,1,515,128
6854,1,521,130
6855,1,536,135
6856,1,545,135
6857,1,563,136
6858,1,570,138
6859,1,580,140
6860,1,588,138
6861,1,593,140
6862,1,600,145
6863,1,606,145
6864,1,616,146
6865,1,621,150
6866,1,626,155
6867,0,0,0
6868,1,635,160
6869,1,645,165
6870,1,645,168
6871,1,648,171
6872,1,655,175
6873,1,660,176
6874,1,666,181
6875,0,0,0
6876,1,673,190
6877,1,676,195
6878,1,681,198
6879,1,685,205
6880,1,686,208
6881,0,0,0
6882,1,696,218
6883,1,698,223
6884,1,700,230
6885,1,706,233
6886,1,710,236
6887,1,711,245
6888,1,713,250
6889,0,0,0
6890,0,0,0
6891,0,0,0
6892,1,725,270
6893,1,728,275
6894,1,731,281
6895,1,733,286
6896,1,736,290
6897,1,738,296
6898,1,738,301
6899,1,740,305
6900,1,740,308
6901,1,741,313
6902,1,745,322
6903,1,747,325
6904,1,748,327
6905,1,750,330
6906,1,755,336
6907,1,753,346
6908,1,756,336
6909,1,760,331
6910,1,760,323
6911,1,763,315
6912,1,765,308
6913,1,766,303
6914,1,766,296
6915,1,770,286
6916,1,770,281
6917,1,773,270
6918,1,775,261
6919,1,776,253
6920,1,778,243
6921,1,780,233
6922,1,781,225
6923,1,781,218
6924,1,783,206
6925,1,785,201
6926,1,785,195
6927,1,786,190
6928,1,788,180
6929,1,788,175
6930,1,791,173
6931,1,793,165
6932,1,796,156
6933,1,796,151
6934,1,796,145
6935,1,796,140
6936,1,797,137
6937,1,803,126
6938,1,803,123
6939,1,805,118
6940,1,806,115
6941,1,808,111
6942,1,808,110
6943,1,810,108
6944,1,810,108
6945,1,815,100
6946,1,816,95
6947,1,818,93
6948,1,818,88
6949,1,820,85
6950,1,820,81
6951,1,821,80
6952,0,0,0
6953,0,0,0
6954,0,0,0
6955,0,0,0
6956,0,0,0
6957,1,830,66
6958,1,831,65
6959,1,831,65
6960,1,831,61
6961,1,833,60
6962,1,835,60
6963,1,836,58
6964,1,838,58
6965,1,840,58
6966,0,0,0
6967,0,0,0
6968,1,845,56
6969,1,846,58
6970,1,846,58
6971,1,848,58
6972,0,0,0
6973,0,0,0
6974,0,0,0
6975,1,856,68
6976,1,858,68
6977,1,860,68
6978,1,861,70
6979,1,861,70
6980,1,863,71
6981,1,865,73
6982,1,866,73
6983,0,0,0
6984,1,870,81
6985,1,870,81
6986,1,870,85
6987,1,873,88
6988,1,873,93
6989,1,875,96
6990,1,876,100
6991,1,881,108
6992,1,881,108
6993,1,883,110
6994,1,885,111
6995,1,886,115
6996,1,888,120
6997,1,888,125
6998,1,890,128
6999,1,891,136
7000,1,891,141
7001,1,893,146
7002,1,895,151
7003,1,895,156
7004,1,898,163
7005,1,898,168
7006,1,900,173
7007,1,901,181
7008,1,901,188
7009,1,903,191
7010,1,906,200
7011,1,908,206
7012,1,908,215
7013,1,910,220
7014,1,911,226
7015,1,911,233
7016,1,913,240
7017,1,915,248
7018,1,915,258
7019,1,916,263
7020,1,920,281
7021,1,921,286
7022,1,923,295
7023,1,926,298
7024,1,928,306
7025,1,928,310
7026,1,928,313
7027,1,930,311
7028,0,0,0
7029,0,0,0
7030,1,925,295
7031,1,921,281
7032,1,918,273
7033,1,916,268
7034,1,916,258
7035,1,911,248
7036,1,910,241
7037,1,908,233
7038,1,908,223
7039,1,906,216
7040,1,903,208
7041,1,901,203
7042,1,900,195
7043,1,900,190
7044,1,898,180
7045,1,896,175
7046,1,895,170
7047,1,893,163
7048,1,891,161
7049,1,888,153
7050,1,885,148
7051,1,883,143
7052,1,881,138
7053,1,881,130
7054,1,880,126
7055,1,875,125
7056,1,873,120
7057,1,871,115
7058,1,870,111
7059,1,870,108
7060,1,866,101
7061,1,865,100
7062,1,861,98
7063,1,860,95
7064,1,858,95
7065,1,856,88
7066,1,855,85
7067,1,853,81
7068,1,850,81
7069,1,850,80
7070,1,846,75
7071,0,0,0
7072,0,0,0
7073,0,0,0
7074,1,840,71
7075,1,838,70
7076,1,835,70
7077,1,833,71
7078,1,830,71
7079,0,0,0
7080,1,828,70
7081,1,821,68
7082,1,820,68
7083,1,818,68
7084,1,818,68
7085,1,815,68
7086,1,813,70
7087,1,811,70
7088,1,808,71
7089,0,0,0
7090,0,0,0
7091,1,801,81
7092,1,801,81
7093,1,796,86
7094,1,795,88
7095,1,793,95
7096,1,793,96
7097,1,790,100
7098,1,790,101
7099,1,786,103
7100,1,785,108
7101,1,781,111
7102,1,780,115
7103,1,778,121
7104,1,776,125
7105,1,776,128
7106,1,770,135
7107,1,770,140
7108,1,768,145
7109,1,766,150
7110,1,760,155
7111,1,760,163
7112,1,758,170
7113,1,756,175
7114,1,755,180
7115,1,751,188
7116,1,750,195
7117,1,748,203
7118,1,747,212
7119,1,743,220
7120,1,743,228
7121,1,741,233
7122,1,738,243
7123,1,738,251
7124,1,736,260
7125,1,728,276
7126,1,728,285
7127,1,725,296
7128,1,725,300
7129,1,725,306
7130,1,723,310
7131,1,723,328
7132,1,723,330
7133,1,725,315
7134,1,725,310
7135,1,725,301
7136,1,725,296
7137,1,726,281
7138,1,728,275
7139,1,728,270
7140,1,733,260
7141,1,733,250
7142,1,735,241
7143,1,738,231
7144,1,738,220
7145,1,741,215
7146,1,743,206
7147,1,746,196
7148,1,746,191
7149,1,750,180
7150,1,751,173
7151,1,751,166
7152,1,753,161
7153,1,755,153
7154,1,756,148
7155,1,758,141
7156,1,760,135
7157,1,766,126
7158,1,766,120
7159,1,768,113
7160,1,768,110
7161,1,776,101
7162,1,778,96
7163,1,778,93
7164,0,0,0
7165,1,783,83
7166,1,783,81
7167,1,786,75
7168,1,790,73
7169,1,790,70
7170,1,790,70
7171,1,793,65
7172,0,0,0
7173,1,803,55
7174,1,803,55
7175,1,803,50
7176,1,806,48
7177,0,0,0
7178,0,0,0
7179,0,0,0
7180,1,813,45
7181,1,816,46
7182,1,818,46
7183,0,0,0
7184,0,0,0
7185,1,823,48
7186,1,830,48
7187,1,835,46
7188,1,836,48
7189,1,838,50
7190,0,0,0
7191,1,845,53
7192,1,846,55
7193,1,858,58
7194,1,860,61
7195,1,861,65
7196,1,861,68
7197,1,863,71
7198,1,865,75
7199,1,870,85
7200,1,873,85
7201,1,876,93
7202,1,883,110
7203,1,885,110
7204,1,888,113
7205,1,890,120
7206,1,893,126
7207,1,895,136
7208,1,900,145
7209,1,901,153
7210,1,906,163
7211,1,908,173
7212,1,911,188
7213,1,915,200
7214,1,918,215
7215,1,923,223
7216,1,925,235
7217,1,928,245
7218,1,933,258
7219,1,935,273
7220,1,938,286
7221,1,943,303
7222,1,945,313
7223,0,0,0
7224,1,956,358
7225,0,0,0
7226,0,0,0
7227,1,951,306
7228,1,951,303
7229,1,942,285
7230,1,938,271
7231,1,936,250
7232,1,935,233
7233,1,928,215
7234,1,926,203
7235,1,923,188
7236,1,921,168
7237,1,920,150
7238,1,915,138
7239,1,911,128
7240,1,910,116
7241,1,901,101
7242,1,900,91
7243,1,898,83
7244,1,896,70
7245,0,0,0
7246,0,0,0
7247,0,0,0
7248,0,0,0
7249,0,0,0
7250,1,875,16
7251,1,873,15
7252,1,942,168
7253,1,1010,320
7254,1,1001,320
7255,1,993,319
7256,1,984,319
7257,1,975,319
7258,1,967,318
7259,1,958,318
7260,1,950,317
7261,1,941,317
7262,1,932,317
7263,0,0,0
7264,0,0,0
7265,0,0,0
7266,0,0,0
7267,0,0,0
7268,0,0,0
7269,0,0,0
7270,0,0,0
7271,0,0,0
7272,0,0,0
7273,0,0,0
7274,0,0,0
7275,0,0,0
7276,0,0,0
7277,0,0,0
7278,0,0,0
7279,0,0,0
7280,0,0,0
7281,0,0,0
7282,0,0,0
7283,0,0,0
7284,0,0,0
7285,0,0,0
7286,1,725,308
7287,1,739,234
7288,1,754,160
7289,1,768,86
7290,1,782,12
7291,1,780,15
7292,1,777,17
7293,1,775,20
7294,1,775,25
7295,1,776,30
7296,1,778,36
7297,1,776,43
7298,1,775,55
7299,1,768,58
7300,1,768,66
7301,1,766,73
7302,1,765,81
7303,1,763,90
7304,1,761,98
7305,1,756,106
7306,1,755,111
7307,1,755,123
7308,1,753,128
7309,1,750,140
7310,1,748,150
7311,1,748,161
7312,1,748,171
7313,1,748,180
7314,1,743,193
7315,1,743,203
7316,1,740,213
7317,1,740,225
7318,1,740,235
7319,1,738,248
7320,0,0,0
7321,1,736,281
7322,1,735,288
7323,0,0,0
7324,1,733,280
7325,1,731,268
7326,1,730,255
7327,1,726,241
7328,1,726,230
7329,1,726,218
7330,1,723,205
7331,1,721,193
7332,1,720,180
7333,1,720,173
7334,1,716,166
7335,1,717,155
7336,1,715,151
7337,1,715,138
7338,1,713,126
7339,1,713,116
7340,1,711,110
7341,1,711,100
7342,1,710,95
7343,1,708,88
7344,1,710,83
7345,0,0,0
7346,0,0,0
7347,1,703,61
7348,1,703,56
7349,0,0,0
7350,0,0,0
7351,0,0,0
7352,0,0,0
7353,0,0,0
7354,0,0,0
7355,1,702,325
7356,0,0,0
7357,1,692,335
7358,1,687,335
7359,1,686,346
7360,1,685,357
7361,1,684,368
7362,1,683,379
7363,1,682,390
7364,1,680,365
7365,1,678,364
7366,1,676,364
7367,1,674,363
7368,1,672,363
7369,1,669,362
7370,1,667,362
7371,1,665,361
7372,1,663,361
7373,1,661,360
7374,1,659,344
7375,1,657,329
7376,0,0,0
7377,1,653,298
7378,1,651,281
7379,1,648,271
7380,1,755,370
7381,1,757,367
7382,1,657,230
7383,1,657,227
7384,0,0,0
7385,0,0,0
7386,0,0,0
7387,0,0,0
7388,0,0,0
7389,0,0,0
7390,1,658,55
7391,1,656,61
7392,1,656,68
7393,1,655,75
7394,1,651,81
7395,1,646,91
7396,1,648,96
7397,1,648,101
7398,1,646,110
7399,1,646,115
7400,1,646,121
7401,1,646,126
7402,1,645,140
7403,1,643,150
7404,1,643,163
7405,1,641,168
7406,1,635,180
7407,1,630,188
7408,1,621,193
7409,1,616,198
7410,0,0,0
7411,1,606,218
7412,1,600,225
7413,1,595,233
7414,1,591,241
7415,1,583,246
7416,1,581,255
7417,1,576,261
7418,1,575,271
7419,1,571,278
7420,1,566,285
7421,1,563,290
7422,1,563,296
7423,1,560,308
7424,1,556,313
7425,1,555,321
7426,1,555,325
7427,1,553,335
7428,1,553,340
7429,1,548,353
7430,1,546,356
7431,1,545,356
7432,1,543,350
7433,1,546,336
7434,1,548,326
7435,1,548,313
7436,1,548,306
7437,1,548,300
7438,1,550,288
7439,1,550,280
7440,1,550,272
7441,1,547,267
7442,1,551,253
7443,1,551,243
7444,1,555,233
7445,1,555,228
7446,1,556,220
7447,1,556,215
7448,1,556,205
7449,1,556,198
7450,1,556,191
7451,1,556,181
7452,1,556,175
7453,1,556,170
7454,1,556,168
7455,1,573,193
7456,1,571,186
7457,1,571,178
7458,1,570,165
7459,1,570,155
7460,1,568,150
7461,1,568,141
7462,1,568,135
7463,1,566,126
7464,1,566,121
7465,1,566,115
7466,1,566,111
7467,1,565,101
7468,1,565,101
7469,1,565,100
7470,1,561,95
7471,1,561,90
7472,1,561,86
7473,1,563,81
7474,1,563,80
7475,1,563,75
7476,1,565,71
7477,1,565,66
7478,1,563,61
7479,1,565,58
7480,1,563,55
7481,1,563,50
7482,1,563,46
7483,1,563,43
7484,1,563,41
7485,1,561,41
7486,1,561,40
7487,1,561,36
7488,1,561,31
7489,1,561,30
7490,1,561,28
7491,1,563,16
7492,0,0,0
7493,0,0,0
7494,0,0,0
7495,0,0,0
7496,0,0,0
7497,0,0,0
7498,0,0,0
7499,1,566,10
7500,1,560,7
7501,0,0,0
7502,0,0,0
7503,0,0,0
7504,0,0,0
7505,0,0,0
7506,1,828,378
7507,1,825,375
7508,1,823,372
7509,1,821,368
7510,1,818,366
7511,1,815,365
7512,1,811,363
7513,1,808,361
7514,1,806,363
7515,1,567,0
7516,1,795,355
7517,1,795,352
7518,1,792,355
7519,1,792,355
7520,1,792,355
7521,1,792,355
7522,1,792,355
7523,1,792,357
7524,1,681,181
7525,1,570,5
7526,1,570,5
7527,1,568,10
7528,1,566,15
7529,1,565,18
7530,1,566,28
7531,1,566,31
7532,1,566,33
7533,1,566,36
7534,1,566,38
7535,1,566,43
7536,1,566,45
7537,1,566,48
7538,1,566,50
7539,1,570,56
7540,1,570,58
7541,1,568,61
7542,1,570,66
7543,1,568,71
7544,1,568,75
7545,1,568,83
7546,1,568,88
7547,1,570,93
7548,1,571,96
7549,1,571,101
7550,1,570,108
7551,1,571,113
7552,1,571,120
7553,1,571,126
7554,1,571,135
7555,1,573,138
7556,1,573,148
7557,1,575,155
7558,1,573,161
7559,1,573,168
7560,1,571,176
7561,1,573,181
7562,1,571,193
7563,1,573,201
7564,1,571,206
7565,1,573,216
7566,1,573,225
7567,1,573,235
7568,1,571,243
7569,1,573,253
7570,1,573,260
7571,1,573,273
7572,1,575,286
7573,1,575,295
7574,1,576,306
7575,1,573,321
7576,1,573,330
7577,1,576,341
7578,1,575,350
7579,1,575,365
7580,1,573,376
7581,1,573,391
7582,1,573,396
7583,1,573,410
7584,1,575,420
7585,1,575,421
7586,1,575,418
7587,1,575,408
7588,1,571,401
7589,1,573,390
7590,1,575,385
7591,1,573,375
7592,1,576,366
7593,1,575,356
7594,1,575,350
7595,1,576,340
7596,1,576,333
7597,1,576,325
7598,1,575,316
7599,1,576,311
7600,1,575,305
7601,1,575,298
7602,1,575,295
7603,1,575,288
7604,1,575,283
7605,1,576,278
7606,1,576,273
7607,1,576,270
7608,1,576,261
7609,1,576,256
7610,1,576,251
7611,1,576,246
7612,1,576,243
7613,1,576,235
7614,1,578,233
7615,0,0,0
7616,0,0,0
7617,1,576,226
7618,1,578,225
7619,1,578,226
7620,1,578,240
7621,1,578,254
7622,1,578,268
7623,1,578,282
7624,0,0,0
7625,0,0,0
7626,0,0,0
7627,0,0,0
7628,0,0,0
7629,0,0,0
7630,0,0,0
7631,0,0,0
7632,0,0,0
7633,0,0,0
7634,0,0,0
7635,0,0,0
7636,0,0,0
7637,0,0,0
7638,0,0,0
7639,0,0,0
7640,0,0,0
7641,0,0,0
7642,0,0,0
7643,0,0,0
7644,0,0,0
7645,0,0,0
7646,0,0,0
7647,0,0,0
7648,0,0,0
7649,0,0,0
7650,0,0,0
7651,1,580,670
7652,1,603,573
7653,1,612,586
7654,1,620,598
7655,1,618,600
7656,1,623,557
7657,1,628,514
7658,1,633,471
7659,1,638,427
7660,0,0,0
7661,0,0,0
7662,1,653,298
7663,0,0,0
7664,0,0,0
7665,0,0,0
7666,0,0,0
7667,0,0,0
7668,0,0,0
7669,0,0,0
7670,1,678,153
7671,1,681,135
7672,1,681,116
7673,1,686,98
7674,1,685,88
7675,0,0,0
7676,0,0,0
7677,1,685,60
7678,0,0,0
7679,1,688,48
7680,1,688,65
7681,1,693,79
7682,1,698,94
7683,1,702,108
7684,1,707,123
7685,1,712,137
7686,1,717,152
7687,1,722,166
7688,1,726,180
7689,1,731,195
7690,0,0,0
7691,0,0,0
7692,0,0,0
7693,0,0,0
7694,1,755,267
7695,1,740,35
7696,0,0,0
7697,0,0,0
7698,0,0,0
7699,1,760,300
7700,1,721,61
7701,0,0,0
7702,0,0,0
7703,0,0,0
7704,1,730,101
7705,1,730,111
7706,0,0,0
7707,0,0,0
7708,1,730,140
7709,1,735,132
7710,1,740,125
7711,1,738,118
7712,1,741,116
7713,1,743,115
7714,0,0,0
7715,1,746,118
7716,0,0,0
7717,0,0,0
7718,0,0,0
7719,1,753,123
7720,1,755,123
7721,1,755,126
7722,1,747,142
7723,1,750,142
7724,1,750,142
7725,1,753,150
7726,1,756,151
7727,1,756,161
7728,1,758,163
7729,1,758,166
7730,1,760,170
7731,1,761,175
7732,1,761,178
7733,1,761,188
7734,1,763,191
7735,1,763,196
7736,1,765,201
7737,1,765,206
7738,1,766,213
7739,1,766,218
7740,1,766,220
7741,1,766,225
7742,1,770,230
7743,1,770,233
7744,1,770,237
7745,1,773,241
7746,1,775,243
7747,1,775,250
7748,1,775,255
7749,1,776,260
7750,1,778,263
7751,1,778,270
7752,1,780,275
7753,1,780,283
7754,1,781,286
7755,1,778,290
7756,1,778,293
7757,1,780,298
7758,1,781,303
7759,1,781,310
7760,1,781,315
7761,1,781,326
7762,0,0,0
7763,0,0,0
7764,1,781,333
7765,1,780,326
7766,1,778,313
7767,1,778,308
7768,1,778,305
7769,0,0,0
7770,1,775,281
7771,1,771,278
7772,1,770,270
7773,1,766,261
7774,1,766,255
7775,1,763,248
7776,1,761,241
7777,1,760,233
7778,1,755,226
7779,1,755,220
7780,1,751,215
7781,1,748,205
7782,1,746,201
7783,1,743,195
7784,1,740,191
7785,1,738,188
7786,1,738,183
7787,1,735,180
7788,1,733,171
7789,1,728,165
7790,1,726,161
7791,1,725,155
7792,1,723,150
7793,1,721,146
7794,1,716,143
7795,1,715,138
7796,1,711,135
7797,1,710,130
7798,1,706,128
7799,1,705,125
7800,1,703,123
7801,1,701,121
7802,1,700,121
7803,1,698,116
7804,1,696,113
7805,1,690,111
7806,1,688,111
7807,1,688,110
7808,1,685,110
7809,1,685,108
7810,1,681,108
7811,1,678,108
7812,1,676,106
7813,1,675,108
7814,1,673,108
7815,1,667,102
7816,1,665,102
7817,1,660,105
7818,1,660,102
7819,1,657,105
7820,1,655,106
7821,1,653,108
7822,1,650,106
7823,1,645,106
7824,1,645,108
7825,1,643,108
7826,1,636,108
7827,1,635,110
7828,1,633,111
7829,1,630,111
7830,1,628,115
7831,1,626,116
7832,1,625,120
7833,1,623,120
7834,1,620,121
7835,1,618,123
7836,1,616,126
7837,0,0,0
7838,0,0,0
7839,1,610,138
7840,1,606,141
7841,1,605,146
7842,1,603,150
7843,1,600,153
7844,1,596,160
7845,1,593,163
7846,1,591,168
7847,1,590,171
7848,1,588,176
7849,1,582,182
7850,1,580,188
7851,1,580,191
7852,1,578,198
7853,1,575,205
7854,1,573,208
7855,1,571,216
7856,1,570,221
7857,1,568,228
7858,1,565,233
7859,1,565,236
7860,1,560,253
7861,1,556,260
7862,1,555,261
7863,1,551,270
7864,1,550,275
7865,1,550,281
7866,1,548,288
7867,1,545,298
7868,1,545,301
7869,1,546,301
7870,1,543,296
7871,1,543,286
7872,1,543,280
7873,1,543,275
7874,1,545,271
7875,1,551,256
7876,1,553,248
7877,1,555,241
7878,1,556,235
7879,1,556,226
7880,1,561,218
7881,1,563,208
7882,1,565,203
7883,1,565,198
7884,1,568,193
7885,1,568,188
7886,1,571,181
7887,1,571,178
7888,1,573,173
7889,1,575,168
7890,1,575,166
7891,1,576,161
7892,1,581,155
7893,1,580,151
7894,1,581,146
7895,1,583,141
7896,1,583,138
7897,0,0,0
7898,1,585,130
7899,1,588,125
7900,1,588,123
7901,1,590,121
7902,1,591,118
7903,1,593,116
7904,1,595,116
7905,1,598,113
7906,1,596,111
7907,1,600,110
7908,1,600,108
7909,1,601,108
7910,1,601,106
7911,0,0,0
7912,0,0,0
7913,0,0,0
7914,0,0,0
7915,0,0,0
7916,0,0,0
7917,0,0,0
7918,1,612,110
7919,1,605,108
7920,1,625,110
7921,1,625,108
7922,1,625,108
7923,1,625,106
7924,1,626,106
7925,1,626,106
7926,1,628,106
7927,1,628,110
7928,1,631,110
7929,1,630,113
7930,1,631,116
7931,1,631,118
7932,1,633,121
7933,1,633,123
7934,1,633,121
7935,1,640,128
7936,1,640,135
7937,1,640,138
7938,1,641,143
7939,1,643,146
7940,1,645,148
7941,1,648,153
7942,1,648,155
7943,1,650,163
7944,1,653,168
7945,1,655,173
7946,1,656,178
7947,1,658,181
7948,1,658,188
7949,1,660,193
7950,1,660,198
7951,1,661,205
7952,1,662,212
7953,1,665,220
7954,1,666,226
7955,1,668,231
7956,1,670,235
7957,1,671,245
7958,1,675,251
7959,1,681,255
7960,1,685,255
7961,1,688,250
7962,1,700,236
7963,1,703,235
7964,1,706,231
7965,1,718,233
7966,1,725,233
7967,1,733,233
7968,1,741,233
7969,1,750,231
7970,1,760,233
7971,1,775,235
7972,1,780,236
7973,1,790,241
7974,1,803,246
7975,1,811,248
7976,1,828,256
7977,1,840,261
7978,1,856,270
7979,1,873,276
7980,1,881,281
7981,1,902,295
7982,1,920,306
7983,1,946,326
7984,1,963,331
7985,0,0,0
7986,1,1025,380
7987,0,0,0
7988,1,967,300
7989,1,955,272
7990,1,940,245
7991,0,0,0
7992,0,0,0
7993,1,908,176
7994,1,895,163
7995,1,883,145
7996,1,871,128
7997,1,868,106
7998,1,858,93
7999,1,845,75
8000,0,0,0
8001,1,818,46
8002,1,811,35
8003,1,806,18
8004,1,790,16
8005,1,783,8
8006,1,959,224
8007,1,1135,440
8008,0,0,0
8009,0,0,0
8010,0,0,0
8011,0,0,0
8012,0,0,0
8013,0,0,0
8014,0,0,0
8015,0,0,0
8016,0,0,0
8017,0,0,0
8018,0,0,0
8019,0,0,0
8020,0,0,0
8021,0,0,0
8022,0,0,0
8023,0,0,0
8024,0,0,0
8025,0,0,0
8026,0,0,0
8027,0,0,0
8028,0,0,0
8029,0,0,0
8030,0,0,0
8031,0,0,0
8032,0,0,0
8033,0,0,0
8034,0,0,0
8035,0,0,0
8036,0,0,0
8037,0,0,0
8038,0,0,0
8039,0,0,0
8040,0,0,0
8041,0,0,0
8042,0,0,0
8043,1,495,391
8044,1,493,390
8045,1,492,389
8046,1,490,388
8047,1,488,388
8048,1,486,387
8049,1,485,386
8050,1,483,385
8051,1,735,351
8052,1,475,393
8053,1,475,402
8054,1,475,410
8055,1,466,392
8056,1,457,373
8057,1,449,355
8058,1,440,337
8059,1,431,319
8060,1,422,300
8061,1,413,282
8062,1,404,264
8063,1,396,246
8064,0,0,0
8065,0,0,0
8066,0,0,0
8067,0,0,0
8068,0,0,0
8069,0,0,0
8070,0,0,0
8071,0,0,0
8072,0,0,0
8073,0,0,0
8074,0,0,0
8075,0,0,0
8076,1,281,8
8077,1,281,13
8078,1,278,20
8079,1,275,30
8080,1,270,36
8081,1,263,48
8082,1,261,56
8083,1,258,63
8084,1,255,71
8085,1,248,81
8086,1,246,91
8087,1,245,100
8088,1,236,111
8089,1,233,123
8090,1,226,135
8091,1,223,143
8092,1,218,153
8093,1,215,166
8094,1,210,176
8095,1,206,188
8096,1,203,198
8097,1,201,208
8098,1,196,223
8099,1,195,233
8100,1,188,241
8101,1,186,255
8102,1,181,268
8103,1,180,278
8104,1,175,290
8105,1,170,301
8106,1,166,315
8107,1,160,321
8108,1,153,328
8109,1,148,335
8110,1,141,340
8111,1,140,350
8112,1,136,355
8113,1,130,365
8114,1,126,370
8115,1,121,378
8116,1,116,390
8117,1,113,396
8118,1,110,406
8119,1,103,418
8120,1,100,430
8121,1,95,445
8122,1,90,453
8123,1,81,455
8124,1,75,443
8125,1,68,431
8126,1,65,423
8127,1,56,420
8128,1,46,415
8129,1,40,410
8130,1,35,403
8131,1,27,395
8132,1,18,391
8133,1,13,386
8134,0,0,0
8135,1,10,377
8136,1,1057,400
8137,1,1061,391
8138,1,1058,388
8139,1,1058,381
8140,1,1055,376
8141,0,0,0
8142,0,0,0
8143,0,0,0
8144,0,0,0
8145,1,486,348
8146,1,372,342
8147,1,258,336
8148,1,144,331
8149,1,30,325
8150,1,30,325
8151,0,0,0
8152,0,0,0
8153,1,37,325
8154,0,0,0
8155,0,0,0
8156,1,61,321
8157,1,60,321
8158,1,61,321
8159,1,60,323
8160,1,71,323
8161,1,71,325
8162,1,71,325
8163,1,73,330
8164,1,75,331
8165,0,0,0
8166,1,75,338
8167,0,0,0
8168,0,0,0
8169,1,75,351
8170,1,71,353
8171,1,71,361
8172,1,70,366
8173,1,70,370
8174,1,70,375
8175,0,0,0
8176,0,0,0
8177,1,121,378
8178,1,123,381
8179,1,126,386
8180,1,128,393
8181,1,135,401
8182,1,136,408
8183,1,140,416
8184,1,143,421
8185,1,148,431
8186,1,151,441
8187,1,155,448
8188,1,156,455
8189,1,163,461
8190,0,0,0
8191,1,1232,495
8192,1,1115,459
8193,1,998,422
8194,1,881,386
8195,1,764,350
8196,1,646,314
8197,1,529,278
8198,1,412,241
8199,1,295,205
8200,1,295,210
8201,1,290,220
8202,1,290,225
8203,1,290,230
8204,1,287,232
8205,1,293,233
8206,1,286,241
8207,1,283,246
8208,1,283,251
8209,1,280,256
8210,1,278,261
8211,1,276,268
8212,1,273,275
8213,1,271,283
8214,1,273,285
8215,1,271,286
8216,1,270,286
8217,1,268,294
8218,1,265,303
8219,1,265,306
8220,1,264,307
8221,1,262,309
8222,1,261,310
8223,1,261,305
8224,1,263,298
8225,1,266,292
8226,1,268,286
8227,1,270,280
8228,1,268,275
8229,1,270,270
8230,1,270,261
8231,1,270,258
8232,1,270,256
8233,1,270,253
8234,1,270,251
8235,1,275,245
8236,1,278,235
8237,1,280,231
8238,1,280,223
8239,1,281,216
8240,1,283,215
8241,1,283,206
8242,1,285,200
8243,1,286,196
8244,1,288,191
8245,1,288,190
8246,1,290,183
8247,1,290,181
8248,1,290,180
8249,1,291,178
8250,1,295,171
8251,1,295,166
8252,1,296,163
8253,1,300,153
8254,1,300,153
8255,1,301,150
8256,1,301,145
8257,1,301,140
8258,1,303,136
8259,1,305,130
8260,1,306,128
8261,1,306,125
8262,1,308,123
8263,1,308,120
8264,1,310,120
8265,1,306,125
8266,1,308,120
8267,1,311,113
8268,1,313,108
8269,1,311,103
8270,1,313,100
8271,1,315,95
8272,1,316,90
8273,1,316,88
8274,1,320,83
8275,1,321,83
8276,1,321,81
8277,1,321,81
8278,1,323,81
8279,1,323,83
8280,1,323,71
8281,1,323,70
8282,1,325,70
8283,1,326,65
8284,1,326,63
8285,1,326,60
8286,1,328,58
8287,1,328,56
8288,1,330,55
8289,1,331,55
8290,1,330,48
8291,1,335,48
8292,1,330,46
8293,1,335,46
8294,1,333,46
8295,1,333,46
8296,1,336,48
8297,1,336,41
8298,1,338,40
8299,0,0,0
8300,0,0,0
8301,1,340,36
8302,0,0,0
8303,0,0,0
8304,0,0,0
8305,0,0,0
8306,0,0,0
8307,0,0,0
8308,0,0,0
8309,0,0,0
8310,1,350,32
8311,1,350,32
8312,1,350,32
8313,1,352,32
8314,1,355,35
8315,1,357,32
8316,1,357,27
8317,1,357,27
8318,1,357,30
8319,0,0,0
8320,1,360,30
8321,1,360,32
8322,1,362,35
8323,1,367,35
8324,1,370,35
8325,1,365,33
8326,1,365,30
8327,1,365,32
8328,0,0,0
8329,0,0,0
8330,1,367,35
8331,1,367,35
8332,1,378,38
8333,1,383,36
8334,1,383,43
8335,1,383,40
8336,1,383,45
8337,1,383,40
8338,1,381,46
8339,1,380,42
8340,1,378,48
8341,1,381,46
8342,1,383,46
8343,1,386,50
8344,1,386,50
8345,1,386,51
8346,1,391,53
8347,1,391,55
8348,1,393,56
8349,1,393,56
8350,1,393,60
8351,1,393,60
8352,1,395,61
8353,1,393,65
8354,1,395,65
8355,1,395,70
8356,1,396,73
8357,1,400,75
8358,1,401,76
8359,1,401,80
8360,0,0,0
8361,1,403,83
8362,1,405,88
8363,1,406,91
8364,1,408,95
8365,1,410,98
8366,1,410,100
8367,1,410,101
8368,1,413,108
8369,1,413,111
8370,1,410,115
8371,1,411,116
8372,1,413,120
8373,1,415,121
8374,1,416,123
8375,1,416,128
8376,1,418,133
8377,1,420,135
8378,1,421,140
8379,1,421,143
8380,1,421,146
8381,1,421,150
8382,1,423,153
8383,1,425,165
8384,1,426,165
8385,1,423,168
8386,1,426,170
8387,0,0,0
8388,1,428,178
8389,1,428,180
8390,1,431,188
8391,1,431,190
8392,1,433,193
8393,1,435,198
8394,1,435,203
8395,1,436,208
8396,1,438,215
8397,1,440,220
8398,1,440,225
8399,1,441,230
8400,1,445,230
8401,1,445,230
8402,1,445,230
8403,1,455,228
8404,1,458,230
8405,1,460,226
8406,1,470,225
8407,1,471,223
8408,1,473,221
8409,1,476,218
8410,1,482,215
8411,1,485,215
8412,1,490,213
8413,1,500,213
8414,1,508,211
8415,1,501,210
8416,1,510,215
8417,1,515,210
8418,0,0,0
8419,1,526,210
8420,1,536,210
8421,1,543,210
8422,1,550,210
8423,1,545,212
8424,1,565,215
8425,1,568,215
8426,1,573,216
8427,1,580,216
8428,1,588,220
8429,1,593,223
8430,1,601,223
8431,1,608,228
8432,1,618,231
8433,1,625,233
8434,1,631,235
8435,1,641,241
8436,1,648,241
8437,1,658,245
8438,1,671,250
8439,1,680,255
8440,1,686,258
8441,1,700,263
8442,1,711,270
8443,1,723,278
8444,1,736,285
8445,0,0,0
8446,0,0,0
8447,1,756,296
8448,1,778,306
8449,1,788,311
8450,1,810,320
8451,0,0,0
8452,1,893,438
8453,1,898,436
8454,0,0,0
8455,0,0,0
8456,0,0,0
8457,1,937,415
8458,1,930,400
8459,1,877,337
8460,1,841,305
8461,1,862,322
8462,1,842,275
8463,1,831,251
8464,1,820,233
8465,1,813,225
8466,0,0,0
8467,0,0,0
8468,1,783,175
8469,0,0,0
8470,0,0,0
8471,0,0,0
8472,0,0,0
8473,0,0,0
8474,1,735,86
8475,1,736,91
8476,1,728,81
8477,1,725,65
8478,0,0,0
8479,0,0,0
8480,0,0,0
8481,1,680,15
8482,1,675,10
8483,1,662,5
8484,1,790,148
8485,1,919,292
8486,1,1047,435
8487,1,90,447
8488,0,0,0
8489,1,997,440
8490,1,1032,455
8491,1,1067,470
8492,1,1065,467
8493,1,1067,467
8494,1,1067,475
8495,1,1067,475
8496,1,972,282
8497,1,970,285
8498,1,972,285
8499,1,972,285
8500,1,838,337
8501,1,704,388
8502,1,570,440
8503,1,435,492
8504,1,301,543
8505,1,167,595
8506,1,1005,282
8507,1,812,366
8508,1,618,451
8509,1,425,536
8510,1,232,620
8511,1,230,620
8512,1,232,620
8513,1,237,620
8514,1,248,619
8515,1,258,618
8516,1,269,617
8517,1,279,616
8518,1,290,616
8519,1,300,615
8520,1,311,614
8521,1,321,613
8522,1,332,612
8523,0,0,0
8524,1,1080,275
8525,1,1080,275
8526,1,1080,272
8527,1,1080,275
8528,1,1082,275
8529,1,1085,277
8530,1,1090,277
8531,1,1090,277
8532,1,1125,381
8533,1,1160,485
8534,1,1167,487
8535,1,1180,485
8536,1,1187,485
8537,0,0,0
8538,1,742,413
8539,1,520,377
8540,1,1220,500
8541,1,990,442
8542,1,1228,513
8543,1,1004,535
8544,1,779,556
8545,1,554,578
8546,1,330,600
8547,1,330,595
8548,1,330,595
8549,1,332,602
8550,1,227,465
8551,1,227,465
8552,1,1067,442
8553,0,0,0
8554,1,1006,450
8555,1,976,454
8556,1,946,458
8557,1,916,462
8558,1,885,466
8559,1,855,470
8560,1,825,474
8561,1,794,478
8562,0,0,0
8563,0,0,0
8564,0,0,0
8565,0,0,0
8566,0,0,0
8567,0,0,0
8568,0,0,0
8569,0,0,0
8570,0,0,0
8571,0,0,0
8572,0,0,0
8573,0,0,0
8574,0,0,0
8575,0,0,0
8576,0,0,0
8577,1,310,542
8578,1,359,550
8579,1,407,558
8580,1,456,565
8581,1,504,573
8582,1,553,581
8583,1,602,589
8584,1,650,596
8585,1,699,604
8586,1,748,612
8587,0,0,0
8588,0,0,0
8589,0,0,0
8590,0,0,0
8591,0,0,0
8592,0,0,0
8593,0,0,0
8594,0,0,0
8595,1,1185,682
8596,1,1182,682
8597,1,1182,682
8598,1,1182,682
8599,1,1182,682
8600,1,1182,682
8601,1,1182,682
8602,1,1180,680
8603,1,1180,680
8604,0,0,0
8605,0,0,0
8606,0,0,0
8607,0,0,0
8608,0,0,0
8609,0,0,0
8610,0,0,0
8611,0,0,0
8612,0,0,0
8613,0,0,0
8614,0,0,0
8615,0,0,0
8616,0,0,0
8617,0,0,0
8618,0,0,0
8619,0,0,0
8620,0,0,0
8621,0,0,0
8622,0,0,0
8623,0,0,0
8624,0,0,0
8625,0,0,0
8626,0,0,0
8627,0,0,0
8628,0,0,0
8629,0,0,0
8630,0,0,0
8631,0,0,0
8632,0,0,0
8633,0,0,0
8634,0,0,0
8635,0,0,0
8636,0,0,0
8637,0,0,0
8638,0,0,0
8639,0,0,0
8640,0,0,0
8641,0,0,0
8642,0,0,0
8643,0,0,0
8644,1,1136,490
8645,0,0,0
8646,0,0,0
8647,1,1130,486
8648,1,662,424
8649,1,195,362
8650,1,195,362
8651,1,197,362
8652,1,197,360
8653,1,197,360
8654,1,197,360
8655,0,0,0
8656,1,197,360
8657,1,195,362
8658,1,227,363
8659,1,259,364
8660,1,291,366
8661,1,322,367
8662,1,354,368
8663,1,386,369
8664,1,418,370
8665,1,450,371
8666,1,482,372
8667,0,0,0
8668,0,0,0
8669,0,0,0
8670,0,0,0
8671,0,0,0
8672,0,0,0
8673,0,0,0
8674,0,0,0
8675,0,0,0
8676,0,0,0
8677,0,0,0
8678,0,0,0
8679,0,0,0
8680,0,0,0
8681,1,960,390
8682,1,1007,250
8683,1,996,253
8684,1,985,255
8685,1,974,258
8686,1,963,260
8687,1,952,263
8688,1,941,266
8689,1,930,268
8690,1,919,271
8691,1,908,274
8692,0,0,0
8693,0,0,0
8694,0,0,0
8695,0,0,0
8696,0,0,0
8697,0,0,0
8698,0,0,0
8699,0,0,0
8700,0,0,0
8701,0,0,0
8702,0,0,0
8703,0,0,0
8704,0,0,0
8705,0,0,0
8706,0,0,0
8707,0,0,0
8708,0,0,0
8709,0,0,0
8710,0,0,0
8711,0,0,0
8712,0,0,0
8713,0,0,0
8714,0,0,0
8715,0,0,0
8716,0,0,0
8717,0,0,0
8718,0,0,0
8719,0,0,0
8720,0,0,0
8721,0,0,0
8722,0,0,0
8723,0,0,0
8724,1,547,360
8725,1,547,357
8726,1,547,360
8727,1,547,360
8728,1,547,360
8729,1,545,360
8730,1,550,360
8731,1,550,362
8732,1,550,360
8733,1,550,360
8734,0,0,0
8735,1,550,360
8736,1,550,360
8737,1,550,360
8738,0,0,0
8739,1,554,362
8740,1,555,364
8741,1,557,365
8742,1,557,365
8743,1,557,367
8744,1,557,365
8745,1,557,367
8746,1,557,367
8747,1,555,367
8748,1,293,246
8749,1,31,126
8750,1,38,143
8751,0,0,0
8752,1,118,118
8753,0,0,0
8754,0,0,0
8755,1,191,110
8756,1,218,113
8757,1,230,116
8758,1,255,113
8759,1,280,116
8760,1,283,111
8761,1,301,113
8762,0,0,0
8763,1,335,116
8764,1,350,121
8765,1,355,122
8766,1,367,122
8767,1,380,121
8768,1,382,125
8769,1,403,125
8770,1,406,128
8771,1,410,130
8772,1,420,137
8773,1,427,140
8774,1,431,141
8775,1,436,145
8776,1,443,145
8777,1,450,148
8778,1,455,150
8779,1,458,151
8780,1,463,156
8781,1,470,161
8782,1,473,165
8783,1,481,170
8784,1,485,175
8785,1,486,178
8786,1,491,183
8787,1,495,190
8788,1,498,196
8789,1,501,200
8790,1,505,205
8791,1,508,206
8792,1,510,215
8793,1,511,216
8794,1,513,220
8795,1,516,225
8796,1,520,230
8797,1,521,235
8798,1,523,241
8799,1,526,245
8800,1,528,251
8801,1,530,258
8802,1,530,263
8803,1,531,268
8804,1,535,273
8805,1,536,275
8806,1,536,281
8807,1,538,288
8808,1,540,290
8809,1,540,296
8810,1,543,300
8811,1,545,306
8812,1,548,311
8813,1,548,313
8814,1,550,323
8815,1,551,326
8816,1,551,325
8817,1,553,311
8818,1,553,310
8819,1,553,303
8820,1,553,295
8821,1,555,290
8822,1,556,278
8823,1,555,268
8824,1,556,258
8825,1,556,248
8826,1,556,241
8827,1,556,231
8828,1,556,226
8829,1,556,220
8830,1,557,212
8831,1,556,205
8832,1,556,200
8833,1,556,193
8834,1,556,191
8835,0,0,0
8836,1,560,178
8837,1,560,171
8838,1,560,163
8839,1,561,155
8840,1,561,151
8841,1,563,146
8842,1,563,140
8843,1,561,136
8844,1,563,128
8845,1,563,123
8846,1,563,121
8847,1,561,118
8848,1,561,115
8849,1,561,113
8850,1,563,110
8851,1,563,108
8852,1,563,101
8853,1,565,100
8854,1,565,96
8855,1,565,93
8856,1,566,90
8857,1,566,88
8858,1,566,85
8859,1,568,83
8860,1,568,81
8861,1,566,76
8862,1,565,75
8863,1,566,73
8864,1,566,73
8865,1,566,75
8866,1,568,73
8867,1,568,71
8868,1,570,70
8869,1,570,68
8870,1,570,68
8871,1,571,68
8872,1,571,66
8873,1,571,66
8874,1,571,66
8875,1,571,66
8876,1,571,66
8877,1,571,68
8878,1,570,68
8879,1,570,70
8880,1,570,75
8881,1,570,75
8882,1,571,75
8883,1,573,76
8884,1,573,76
8885,0,0,0
8886,1,576,81
8887,1,576,83
8888,1,576,85
8889,1,576,86
8890,1,575,90
8891,1,575,93
8892,1,575,96
8893,1,575,100
8894,1,576,101
8895,1,576,108
8896,1,575,110
8897,1,576,115
8898,1,576,115
8899,1,576,118
8900,1,578,120
8901,1,578,126
8902,1,576,135
8903,1,578,138
8904,1,580,141
8905,1,580,146
8906,1,580,151
8907,1,581,155
8908,1,581,165
8909,1,581,170
8910,1,581,173
8911,1,581,180
8912,1,583,188
8913,1,583,190
8914,1,583,195
8915,1,583,201
8916,1,585,206
8917,1,586,215
8918,1,586,221
8919,1,586,230
8920,1,586,235
8921,1,586,243
8922,1,586,251
8923,1,586,260
8924,1,586,268
8925,0,0,0
8926,0,0,0
8927,1,588,298
8928,1,586,293
8929,1,586,288
8930,1,585,287
8931,1,585,276
8932,1,583,270
8933,1,581,261
8934,1,581,253
8935,1,580,245
8936,1,578,235
8937,1,576,226
8938,1,575,221
8939,1,573,218
8940,1,575,208
8941,1,570,203
8942,1,568,195
8943,1,570,183
8944,1,565,176
8945,1,563,170
8946,1,561,163
8947,1,557,160
8948,1,556,151
8949,1,555,145
8950,1,553,140
8951,1,551,135
8952,1,550,126
8953,1,548,121
8954,1,546,116
8955,1,548,115
8956,1,546,108
8957,1,541,103
8958,1,540,100
8959,1,538,93
8960,1,536,88
8961,1,535,85
8962,1,535,81
8963,1,530,81
8964,1,528,75
8965,1,528,73
8966,1,526,71
8967,1,523,71
8968,1,523,70
8969,1,523,71
8970,1,360,340
8971,1,515,60
8972,1,360,340
8973,1,360,341
8974,1,358,343
8975,1,355,343
8976,1,356,343
8977,1,355,346
8978,1,354,348
8979,1,352,350
8980,1,351,353
8981,1,423,202
8982,1,495,50
8983,1,495,50
8984,1,492,47
8985,1,495,48
8986,1,493,48
8987,1,491,48
8988,1,490,48
8989,1,488,48
8990,1,485,50
8991,1,483,50
8992,1,481,53
8993,1,480,55
8994,1,475,56
8995,1,475,56
8996,1,473,60
8997,1,471,61
8998,1,471,63
8999,1,470,66
9000,1,466,73
9001,1,465,75
9002,1,458,80
9003,1,458,80
9004,1,458,81
9005,1,456,85
9006,1,455,90
9007,1,455,96
9008,1,453,100
9009,1,450,108
9010,1,448,111
9011,1,446,116
9012,1,446,121
9013,1,445,126
9014,1,441,133
9015,1,441,138
9016,1,440,143
9017,1,438,150
9018,1,435,153
9019,1,433,161
9020,1,431,166
9021,1,430,175
9022,1,430,178
9023,1,428,188
9024,1,426,195
9025,1,426,203
9026,1,421,215
9027,1,420,221
9028,1,430,221
9029,1,430,225
9030,1,445,221
9031,1,456,220
9032,1,465,218
9033,1,475,216
9034,1,483,220
9035,1,495,220
9036,1,503,221
9037,1,511,223
9038,1,523,225
9039,1,536,226
9040,1,541,228
9041,1,551,233
9042,1,563,236
9043,1,571,241
9044,1,580,248
9045,1,601,260
9046,1,618,268
9047,1,635,271
9048,1,646,281
9049,1,658,286
9050,1,680,303
9051,1,698,315
9052,1,715,326
9053,1,737,342
9054,1,758,360
9055,1,785,378
9056,1,805,396
9057,0,0,0
9058,0,0,0
9059,1,886,516
9060,1,914,556
9061,1,941,596
9062,1,968,636
9063,1,995,676
9064,1,922,532
9065,1,957,561
9066,1,992,590
9067,1,1000,617
9068,1,1035,662
9069,1,1085,702
9070,1,1115,707
9071,1,1085,665
9072,1,1055,623
9073,1,1025,582
9074,1,995,540
9075,1,965,498
9076,1,961,498
9077,1,951,498
9078,1,945,496
9079,1,941,495
9080,1,936,496
9081,1,930,497
9082,1,922,500
9083,1,915,507
9084,1,910,515
9085,1,899,508
9086,1,888,501
9087,1,876,494
9088,1,865,487
9089,1,854,480
9090,1,843,473
9091,1,832,466
9092,1,821,459
9093,1,810,452
9094,0,0,0
9095,0,0,0
9096,0,0,0
9097,0,0,0
9098,0,0,0
9099,0,0,0
9100,0,0,0
9101,0,0,0
9102,0,0,0
9103,0,0,0
9104,0,0,0
9105,0,0,0
9106,0,0,0
9107,0,0,0
9108,1,642,347
9109,1,642,345
9110,1,642,342
9111,1,642,340
9112,1,642,340
9113,1,642,340
9114,1,642,340
9115,1,642,340
9116,1,645,342
9117,1,651,344
9118,1,658,345
9119,1,664,347
9120,1,670,348
9121,1,677,350
9122,1,683,352
9123,1,689,353
9124,1,696,355
9125,1,702,356
9126,0,0,0
9127,0,0,0
9128,0,0,0
9129,0,0,0
9130,0,0,0
9131,0,0,0
9132,0,0,0
9133,0,0,0
9134,0,0,0
9135,0,0,0
9136,0,0,0
9137,0,0,0
9138,0,0,0
9139,0,0,0
9140,0,0,0
9141,0,0,0
9142,0,0,0
9143,0,0,0
9144,0,0,0
9145,0,0,0
9146,0,0,0
9147,0,0,0
9148,0,0,0
9149,0,0,0
9150,0,0,0
9151,0,0,0
9152,0,0,0
9153,0,0,0
9154,0,0,0
9155,0,0,0
9156,0,0,0
9157,0,0,0
9158,0,0,0
9159,0,0,0
9160,0,0,0
9161,0,0,0
9162,0,0,0
9163,0,0,0
9164,0,0,0
9165,0,0,0
9166,0,0,0
9167,0,0,0
9168,0,0,0
9169,0,0,0
9170,0,0,0
9171,0,0,0
9172,0,0,0
9173,0,0,0
9174,0,0,0
9175,0,0,0
9176,0,0,0
9177,0,0,0
9178,0,0,0
9179,0,0,0
9180,1,1050,445
9181,1,1052,447
9182,1,824,491
9183,1,595,536
9184,1,367,580
9185,1,642,587
9186,1,635,578
9187,1,627,568
9188,1,620,559
9189,1,613,549
9190,1,606,540
9191,1,598,530
9192,1,591,521
9193,1,584,511
9194,1,576,502
9195,0,0,0
9196,0,0,0
9197,0,0,0
9198,0,0,0
9199,0,0,0
9200,0,0,0
9201,0,0,0
9202,0,0,0
9203,0,0,0
9204,0,0,0
9205,0,0,0
9206,0,0,0
9207,0,0,0
9208,0,0,0
9209,0,0,0
9210,1,460,351
9211,1,460,350
9212,1,460,348
9213,1,460,346
9214,1,461,340
9215,1,461,336
9216,1,461,331
9217,1,461,325
9218,1,461,315
9219,1,461,310
9220,1,461,303
9221,1,460,296
9222,1,460,288
9223,1,460,283
9224,1,458,276
9225,1,458,273
9226,1,458,270
9227,1,460,261
9228,1,460,255
9229,1,458,248
9230,1,458,243
9231,1,458,235
9232,1,460,230
9233,1,458,225
9234,1,458,220
9235,1,456,215
9236,1,456,208
9237,1,455,203
9238,1,455,200
9239,1,455,198
9240,1,456,193
9241,1,455,190
9242,1,455,187
9243,1,456,180
9244,1,455,178
9245,1,456,175
9246,1,456,170
9247,1,456,165
9248,1,455,161
9249,1,452,162
9250,1,455,155
9251,1,455,155
9252,1,455,151
9253,1,455,150
9254,1,455,148
9255,0,0,0
9256,0,0,0
9257,0,0,0
9258,1,452,140
9259,1,452,137
9260,1,452,135
9261,1,452,132
9262,1,452,130
9263,1,452,127
9264,1,455,126
9265,1,455,121
9266,1,453,125
9267,1,455,123
9268,1,455,123
9269,1,453,126
9270,1,452,122
9271,1,452,122
9272,1,450,122
9273,1,450,122
9274,1,450,122
9275,1,450,122
9276,1,450,125
9277,1,450,125
9278,0,0,0
9279,0,0,0
9280,1,450,127
9281,1,450,121
9282,1,450,130
9283,1,450,132
9284,1,450,132
9285,1,448,135
9286,1,448,136
9287,1,448,136
9288,1,448,138
9289,1,448,140
9290,1,446,140
9291,1,446,143
9292,1,446,145
9293,1,446,148
9294,1,446,151
9295,1,446,155
9296,1,445,160
9297,1,446,163
9298,1,446,166
9299,1,448,171
9300,1,446,175
9301,1,446,178
9302,1,446,181
9303,1,445,183
9304,1,445,188
9305,1,445,190
9306,1,445,196
9307,1,443,201
9308,1,445,205
9309,1,445,208
9310,1,446,216
9311,1,446,221
9312,1,448,226
9313,1,446,233
9314,1,448,236
9315,0,0,0
9316,0,0,0
9317,1,445,258
9318,1,446,255
9319,1,446,248
9320,1,448,243
9321,1,455,233
9322,1,455,226
9323,1,456,220
9324,1,460,215
9325,1,461,208
9326,1,463,203
9327,1,465,200
9328,1,466,195
9329,1,468,193
9330,1,470,193
9331,1,475,188
9332,1,480,182
9333,1,481,178
9334,1,483,176
9335,1,486,173
9336,1,491,170
9337,1,495,166
9338,1,498,163
9339,1,503,163
9340,1,508,160
9341,1,510,160
9342,1,513,156
9343,1,521,156
9344,1,526,156
9345,1,525,156
9346,1,530,155
9347,1,535,153
9348,1,540,156
9349,1,545,156
9350,1,552,160
9351,1,557,162
9352,1,563,163
9353,1,571,166
9354,1,578,170
9355,1,581,171
9356,1,591,178
9357,1,596,186
9358,1,603,193
9359,1,615,196
9360,1,623,208
9361,1,631,216
9362,1,643,226
9363,1,650,233
9364,1,660,245
9365,1,670,260
9366,1,681,273
9367,1,688,288
9368,1,705,310
9369,1,723,323
9370,1,731,340
9371,1,740,360
9372,0,0,0
9373,1,766,361
9374,1,776,355
9375,1,761,336
9376,1,758,311
9377,1,760,285
9378,1,755,255
9379,1,753,233
9380,1,751,215
9381,1,748,193
9382,1,743,170
9383,1,740,150
9384,1,740,128
9385,1,735,110
9386,1,735,88
9387,1,726,66
9388,1,726,56
9389,1,725,41
9390,1,726,31
9391,1,725,18
9392,1,725,10
9393,1,477,402
9394,1,480,400
9395,1,482,400
9396,1,484,398
9397,1,485,397
9398,1,487,395
9399,1,488,393
9400,1,490,392
9401,1,491,390
9402,0,0,0
9403,0,0,0
9404,0,0,0
9405,0,0,0
9406,0,0,0
9407,0,0,0
9408,0,0,0
9409,0,0,0
9410,0,0,0
9411,0,0,0
9412,0,0,0
9413,0,0,0
9414,0,0,0
9415,0,0,0
9416,0,0,0
9417,0,0,0
9418,0,0,0
9419,0,0,0
9420,0,0,0
9421,0,0,0
9422,0,0,0
9423,0,0,0
9424,0,0,0
9425,0,0,0
9426,0,0,0
9427,0,0,0
9428,0,0,0
9429,0,0,0
9430,0,0,0
9431,0,0,0
9432,0,0,0
9433,0,0,0
9434,0,0,0
9435,0,0,0
9436,0,0,0
9437,0,0,0
9438,0,0,0
9439,0,0,0
9440,0,0,0
9441,0,0,0
9442,0,0,0
9443,0,0,0
9444,0,0,0
9445,0,0,0
9446,0,0,0
9447,0,0,0
9448,0,0,0
9449,0,0,0
9450,0,0,0
9451,0,0,0
9452,1,571,305
9453,1,571,305
9454,1,571,303
9455,1,574,277
9456,1,578,251
9457,1,581,224
9458,1,584,198
9459,1,588,172
9460,1,591,146
9461,1,595,120
9462,1,598,94
9463,1,601,67
9464,0,0,0
9465,1,608,15
9466,1,610,35
9467,1,608,43
9468,1,605,56
9469,1,605,65
9470,1,603,75
9471,1,601,86
9472,1,601,98
9473,1,600,110
9474,1,601,123
9475,1,598,135
9476,1,596,146
9477,1,596,161
9478,1,593,178
9479,1,593,190
9480,1,588,216
9481,1,588,221
9482,1,588,233
9483,1,588,241
9484,1,588,255
9485,1,588,270
9486,1,588,278
9487,1,588,278
9488,1,591,260
9489,1,593,253
9490,1,593,245
9491,1,600,221
9492,1,600,208
9493,1,601,196
9494,1,603,181
9495,1,610,175
9496,1,610,162
9497,1,616,151
9498,1,620,138
9499,1,623,128
9500,1,626,120
9501,1,630,110
9502,1,631,100
9503,1,633,93
9504,1,635,86
9505,0,0,0
9506,1,643,66
9507,1,645,60
9508,1,646,56
9509,1,650,48
9510,1,656,46
9511,1,660,41
9512,1,660,33
9513,1,660,16
9514,1,611,326
9515,1,613,331
9516,1,615,340
9517,1,618,350
9518,1,616,361
9519,1,620,368
9520,1,616,375
9521,1,615,381
9522,1,615,390
9523,1,697,397
9524,1,779,403
9525,1,861,410
9526,1,856,400
9527,0,0,0
9528,1,845,381
9529,1,842,367
9530,1,845,367
9531,1,835,330
9532,1,825,294
9533,1,815,258
9534,1,805,221
9535,1,795,184
9536,1,785,148
9537,1,775,112
9538,1,765,75
9539,1,755,38
9540,1,745,2
9541,1,747,2
9542,1,745,2
9543,1,750,5
9544,0,0,0
9545,1,755,8
9546,1,758,8
9547,1,760,8
9548,1,763,13
9549,0,0,0
9550,0,0,0
9551,0,0,0
9552,1,775,35
9553,1,776,43
9554,0,0,0
9555,1,786,56
9556,1,786,63
9557,1,788,70
9558,1,788,81
9559,1,790,85
9560,1,793,93
9561,1,795,98
9562,1,801,103
9563,1,801,110
9564,1,805,120
9565,1,806,126
9566,1,806,136
9567,1,811,148
9568,1,811,156
9569,1,813,168
9570,1,815,173
9571,1,816,190
9572,1,816,198
9573,1,813,208
9574,1,806,216
9575,1,800,220
9576,1,793,225
9577,1,790,228
9578,1,783,241
9579,1,778,245
9580,1,775,250
9581,1,773,258
9582,1,768,268
9583,1,765,273
9584,1,761,278
9585,1,756,286
9586,1,755,290
9587,1,751,296
9588,1,750,303
9589,1,748,311
9590,1,741,323
9591,1,741,328
9592,1,740,335
9593,1,736,338
9594,1,735,350
9595,1,731,353
9596,1,730,353
9597,1,730,337
9598,1,733,333
9599,1,733,330
9600,1,735,313
9601,1,733,306
9602,1,733,295
9603,1,733,285
9604,1,733,273
9605,1,738,263
9606,1,736,255
9607,1,735,245
9608,1,736,235
9609,1,738,226
9610,1,736,216
9611,1,736,208
9612,1,735,200
9613,1,735,193
9614,1,735,181
9615,1,740,180
9616,1,736,170
9617,1,736,161
9618,1,738,151
9619,1,736,143
9620,1,736,136
9621,1,738,128
9622,1,738,121
9623,1,736,115
9624,1,738,110
9625,1,738,101
9626,1,736,96
9627,1,736,90
9628,1,738,85
9629,1,738,75
9630,1,736,73
9631,1,736,68
9632,1,736,63
9633,1,736,56
9634,1,738,50
9635,1,736,46
9636,1,738,40
9637,1,738,35
9638,1,738,31
9639,1,740,16
9640,1,740,13
9641,1,740,11
9642,1,738,8
9643,0,0,0
9644,0,0,0
9645,0,0,0
9646,0,0,0
9647,0,0,0
9648,0,0,0
9649,0,0,0
9650,0,0,0
9651,0,0,0
9652,0,0,0
9653,0,0,0
9654,0,0,0
9655,0,0,0
9656,0,0,0
9657,0,0,0
9658,0,0,0
9659,0,0,0
9660,0,0,0
9661,0,0,0
9662,0,0,0
9663,0,0,0
9664,0,0,0
9665,0,0,0
9666,0,0,0
9667,0,0,0
9668,0,0,0
9669,0,0,0
9670,0,0,0
9671,0,0,0
9672,0,0,0
9673,0,0,0
9674,0,0,0
9675,0,0,0
9676,0,0,0
9677,0,0,0
9678,0,0,0
9679,0,0,0
9680,0,0,0
9681,0,0,0
9682,0,0,0
9683,0,0,0
9684,0,0,0
9685,0,0,0
9686,0,0,0
9687,0,0,0
9688,0,0,0
9689,1,737,10
9690,1,740,10
9691,1,740,12
9692,1,737,15
9693,1,740,13
9694,1,740,16
9695,1,740,28
9696,1,740,33
9697,1,740,41
9698,1,738,46
9699,1,738,55
9700,1,738,58
9701,1,738,66
9702,1,738,73
9703,1,738,80
9704,1,738,85
9705,1,736,96
9706,1,738,101
9707,1,736,111
9708,1,736,116
9709,1,736,123
9710,1,736,135
9711,1,736,141
9712,1,736,153
9713,1,735,160
9714,1,736,170
9715,1,735,180
9716,1,735,190
9717,1,736,205
9718,1,738,215
9719,1,740,226
9720,1,735,233
9721,1,736,243
9722,1,736,256
9723,1,738,270
9724,1,738,281
9725,1,738,298
9726,1,740,311
9727,1,736,330
9728,1,735,341
9729,0,0,0
9730,1,735,335
9731,1,735,323
9732,1,731,308
9733,1,730,300
9734,1,731,293
9735,1,726,271
9736,1,728,260
9737,1,728,248
9738,1,726,235
9739,1,725,225
9740,1,723,216
9741,1,723,205
9742,1,721,193
9743,1,720,183
9744,1,720,173
9745,1,716,168
9746,1,715,161
9747,1,713,150
9748,1,711,141
9749,1,710,136
9750,1,713,128
9751,1,710,123
9752,1,708,116
9753,1,706,108
9754,1,706,98
9755,1,705,91
9756,1,705,86
9757,1,703,81
9758,1,701,75
9759,1,701,70
9760,1,700,63
9761,1,696,58
9762,1,695,56
9763,0,0,0
9764,1,691,48
9765,1,695,46
9766,1,475,418
9767,1,475,413
9768,1,473,405
9769,0,0,0
9770,0,0,0
9771,0,0,0
9772,0,0,0
9773,1,471,368
9774,1,471,365
9775,1,471,358
9776,1,471,355
9777,1,471,351
9778,1,471,348
9779,1,473,345
9780,1,475,345
9781,0,0,0
9782,0,0,0
9783,0,0,0
9784,1,500,383
9785,1,511,391
9786,1,520,403
9787,1,518,408
9788,1,554,314
9789,1,590,219
9790,1,627,124
9791,1,663,30
9792,0,0,0
9793,0,0,0
9794,0,0,0
9795,1,656,41
9796,1,656,45
9797,1,653,48
9798,1,653,55
9799,1,651,56
9800,1,650,60
9801,1,651,65
9802,1,648,70
9803,1,648,80
9804,1,646,83
9805,1,645,91
9806,1,643,98
9807,1,641,103
9808,1,638,113
9809,1,638,118
9810,1,635,123
9811,1,635,135
9812,1,635,145
9813,1,633,155
9814,1,631,161
9815,1,630,171
9816,1,631,181
9817,1,630,191
9818,1,628,201
9819,1,626,208
9820,1,625,218
9821,1,620,221
9822,1,616,225
9823,1,611,230
9824,1,610,230
9825,0,0,0
9826,1,596,246
9827,1,593,255
9828,1,593,258
9829,1,590,271
9830,1,588,278
9831,1,585,285
9832,1,482,258
9833,1,378,232
9834,1,275,205
9835,1,271,200
9836,1,271,196
9837,0,0,0
9838,0,0,0
9839,1,957,325
9840,1,957,325
9841,1,957,325
9842,1,957,325
9843,1,978,315
9844,1,1000,305
9845,1,1000,307
9846,1,575,330
9847,1,572,340
9848,1,570,351
9849,1,573,358
9850,1,570,363
9851,1,568,368
9852,1,571,375
9853,1,570,386
9854,1,1006,196
9855,1,565,401
9856,1,566,405
9857,1,566,411
9858,1,566,418
9859,1,565,421
9860,1,567,440
9861,1,565,440
9862,1,562,442
9863,1,560,440
9864,1,560,432
9865,1,561,416
9866,1,561,416
9867,1,561,410
9868,1,561,406
9869,1,560,401
9870,1,558,397
9871,1,557,392
9872,1,556,387
9873,1,554,382
9874,1,553,378
9875,1,552,373
9876,1,550,368
9877,1,549,364
9878,0,0,0
9879,0,0,0
9880,0,0,0
9881,0,0,0
9882,0,0,0
9883,0,0,0
9884,0,0,0
9885,1,538,326
9886,1,538,328
9887,1,540,330
9888,1,540,331
9889,1,540,330
9890,1,538,331
9891,1,540,331
9892,1,540,333
9893,1,543,331
9894,1,545,333
9895,1,546,335
9896,1,545,336
9897,1,545,340
9898,1,546,340
9899,1,548,340
9900,1,540,336
9901,1,543,340
9902,1,540,345
9903,1,540,350
9904,1,541,355
9905,1,545,363
9906,0,0,0
9907,1,553,378
9908,1,555,388
9909,1,553,391
9910,1,557,397
9911,1,561,403
9912,1,566,409
9913,1,570,415
9914,1,574,421
9915,1,578,427
9916,1,583,433
9917,1,587,439
9918,1,591,445
9919,1,593,438
9920,1,595,430
9921,1,598,420
9922,1,600,413
9923,1,600,408
9924,1,603,401
9925,1,600,395
9926,1,601,391
9927,1,601,386
9928,1,603,381
9929,1,605,381
9930,1,606,378
9931,0,0,0
9932,0,0,0
9933,0,0,0
9934,0,0,0
9935,0,0,0
9936,0,0,0
9937,1,616,350
9938,1,618,348
9939,1,620,348
9940,1,621,346
9941,1,623,346
9942,1,623,343
9943,0,0,0
9944,1,626,343
9945,1,463,375
9946,1,466,366
9947,1,461,368
9948,1,458,366
9949,1,456,361
9950,1,455,356
9951,1,453,355
9952,1,450,348
9953,1,446,345
9954,0,0,0
9955,0,0,0
9956,1,440,340
9957,1,436,338
9958,1,435,336
9959,1,433,336
9960,1,643,361
9961,1,645,366
9962,1,643,370
9963,1,645,373
9964,1,645,376
9965,1,646,378
9966,1,648,381
9967,1,648,385
9968,1,648,386
9969,1,650,390
9970,1,650,393
9971,1,423,361
9972,1,653,403
9973,1,653,411
9974,0,0,0
9975,1,652,425
9976,1,652,425
9977,1,652,422
9978,1,655,420
9979,1,656,412
9980,1,658,404
9981,1,659,396
9982,1,660,388
9983,1,663,385
9984,1,663,386
9985,1,663,380
9986,1,663,385
9987,1,706,389
9988,1,749,394
9989,1,792,398
9990,1,834,402
9991,1,877,407
9992,1,920,411
9993,1,898,306
9994,1,862,309
9995,1,826,312
9996,1,790,314
9997,1,754,317
9998,1,718,320
9999,1,682,323
10000,1,645,326
10001,1,609,329
10002,1,573,332
10003,0,0,0
10004,0,0,0
10005,1,465,340
10006,1,463,338
10007,1,461,333
10008,1,461,325
10009,1,461,321
10010,1,461,311
10011,1,461,306
10012,1,461,300
10013,1,460,295
10014,1,460,286
10015,1,460,281
10016,1,458,275
10017,1,458,271
10018,1,458,268
10019,1,456,260
10020,1,458,250
10021,1,458,246
10022,1,456,243
10023,1,458,235
10024,1,456,233
10025,1,456,228
10026,1,456,223
10027,1,456,218
10028,1,455,215
10029,1,455,208
10030,1,455,203
10031,1,453,200
10032,1,453,196
10033,1,450,193
10034,1,451,193
10035,0,0,0
10036,0,0,0
10037,1,453,181
10038,1,453,178
10039,1,453,175
10040,1,453,171
10041,1,450,171
10042,1,450,168
10043,1,450,166
10044,1,450,163
10045,1,448,161
10046,1,446,160
10047,1,448,156
10048,1,448,156
10049,1,448,155
10050,0,0,0
10051,1,447,152
10052,1,447,150
10053,1,447,147
10054,1,445,147
10055,1,445,145
10056,1,445,145
10057,1,445,145
10058,1,445,145
10059,1,445,145
10060,1,445,145
10061,1,445,145
10062,1,445,145
10063,1,445,145
10064,1,445,145
10065,1,445,150
10066,1,445,150
10067,1,445,148
10068,1,445,148
10069,1,445,148
10070,1,441,148
10071,1,443,148
10072,1,441,151
10073,1,440,153
10074,1,442,157
10075,1,440,160
10076,1,440,160
10077,1,441,161
10078,1,440,166
10079,1,441,168
10080,1,440,171
10081,1,440,173
10082,1,440,175
10083,1,440,178
10084,1,440,178
10085,1,440,181
10086,1,440,188
10087,1,438,190
10088,1,438,193
10089,1,440,196
10090,1,440,201
10091,1,440,205
10092,1,440,208
10093,1,436,215
10094,1,438,218
10095,1,436,221
10096,1,436,225
10097,1,435,230
10098,1,436,233
10099,1,438,241
10100,1,436,245
10101,1,436,251
10102,1,436,256
10103,1,436,256
10104,1,440,251
10105,1,443,246
10106,1,446,241
10107,1,455,233
10108,1,456,228
10109,1,458,226
10110,1,465,225
10111,1,471,220
10112,1,475,216
10113,1,477,212
10114,1,485,208
10115,1,486,205
10116,1,493,201
10117,1,500,200
10118,1,508,198
10119,1,511,195
10120,1,518,190
10121,1,525,190
10122,1,528,190
10123,1,535,187
10124,1,538,188
10125,1,553,188
10126,1,557,185
10127,1,568,181
10128,1,575,181
10129,1,583,181
10130,1,590,185
10131,1,600,181
10132,1,605,185
10133,1,617,185
10134,1,627,187
10135,1,635,190
10136,1,645,190
10137,1,656,190
10138,1,665,195
10139,1,675,200
10140,1,688,201
10141,1,701,205
10142,1,713,208
10143,1,725,215
10144,1,738,220
10145,1,750,223
10146,1,763,230
10147,1,778,233
10148,1,790,241
10149,1,806,246
10150,1,820,256
10151,1,833,263
10152,1,856,275
10153,1,873,285
10154,1,886,293
10155,1,910,308
10156,1,923,315
10157,1,945,330
10158,1,973,350
10159,1,981,355
10160,1,1005,377
10161,1,1027,390
10162,1,1045,402
10163,1,1053,398
10164,1,1061,393
10165,1,1069,389
10166,1,1077,384
10167,1,1085,380
10168,1,1078,363
10169,1,1076,345
10170,1,1076,331
10171,1,1071,315
10172,1,1068,296
10173,1,1060,280
10174,1,1056,261
10175,1,1051,246
10176,1,1043,231
10177,1,1041,216
10178,1,1035,203
10179,1,1031,190
10180,1,1028,173
10181,0,0,0
10182,1,1016,146
10183,1,1015,138
10184,1,1008,126
10185,1,1006,120
10186,1,1003,108
10187,1,996,98
10188,1,995,86
10189,1,988,76
10190,1,988,73
10191,1,981,65
10192,1,978,56
10193,1,976,50
10194,1,975,45
10195,1,970,36
10196,1,966,31
10197,1,961,16
10198,0,0,0
10199,1,948,13
10200,1,946,13
10201,1,945,8
10202,1,943,5
10203,0,0,0
10204,0,0,0
10205,0,0,0
10206,0,0,0
10207,0,0,0
10208,0,0,0
10209,0,0,0
10210,0,0,0
10211,0,0,0
10212,0,0,0
10213,0,0,0
10214,0,0,0
10215,0,0,0
10216,0,0,0
10217,0,0,0
10218,0,0,0
10219,0,0,0
10220,0,0,0
10221,0,0,0
10222,0,0,0
10223,0,0,0
10224,0,0,0
10225,0,0,0
10226,0,0,0
10227,0,0,0
10228,0,0,0
10229,0,0,0
10230,0,0,0
10231,0,0,0
10232,0,0,0
10233,0,0,0
10234,0,0,0
10235,1,840,8
10236,1,840,11
10237,1,836,15
10238,1,836,30
10239,1,833,33
10240,1,830,38
10241,1,828,45
10242,1,823,50
10243,1,821,56
10244,1,820,61
10245,1,818,66
10246,1,815,73
10247,1,813,85
10248,0,0,0
10249,1,808,98
10250,1,806,101
10251,1,801,110
10252,1,800,116
10253,1,795,128
10254,1,793,136
10255,1,791,143
10256,1,790,153
10257,1,788,161
10258,1,785,173
10259,1,783,180
10260,1,778,190
10261,1,776,196
10262,1,775,206
10263,1,770,218
10264,1,770,231
10265,1,766,241
10266,1,766,253
10267,1,758,268
10268,1,758,280
10269,0,0,0
10270,0,0,0
10271,0,0,0
10272,0,0,0
10273,1,758,255
10274,1,756,246
10275,1,760,230
10276,1,761,216
10277,1,763,203
10278,1,765,188
10279,1,766,176
10280,1,768,165
10281,1,770,150
10282,1,773,138
10283,1,775,126
10284,1,775,116
10285,1,778,101
10286,0,0,0
10287,1,778,85
10288,1,780,71
10289,1,781,65
10290,1,786,58
10291,0,0,0
10292,1,790,40
10293,1,790,33
10294,0,0,0
10295,0,0,0
10296,0,0,0
10297,1,1163,405
10298,1,1158,406
10299,0,0,0
10300,0,0,0
10301,1,1150,412
10302,1,1143,418
10303,1,1140,420
10304,1,1135,426
10305,1,1135,435
10306,1,1132,435
10307,1,1130,435
10308,1,1132,435
10309,1,1132,435
10310,1,1132,435
10311,0,0,0
10312,0,0,0
10313,0,0,0
10314,0,0,0
10315,0,0,0
10316,0,0,0
10317,0,0,0
10318,0,0,0
10319,0,0,0
10320,1,1191,415
10321,1,1186,406
10322,1,1186,395
10323,1,1183,388
10324,1,1180,380
10325,1,1175,372
10326,1,1165,367
10327,1,1155,368
10328,1,1150,370
10329,1,1145,365
10330,1,1145,372
10331,1,1128,378
10332,1,1112,385
10333,1,1102,392
10334,1,1100,405
10335,1,1097,410
10336,1,1092,404
10337,1,1086,398
10338,1,1080,392
10339,1,1075,386
10340,1,1070,380
10341,1,1064,374
10342,1,1058,368
10343,1,1053,362
10344,1,1048,356
10345,0,0,0
10346,0,0,0
10347,0,0,0
10348,0,0,0
10349,0,0,0
10350,0,0,0
10351,0,0,0
10352,0,0,0
10353,0,0,0
10354,0,0,0
10355,0,0,0
10356,0,0,0
10357,1,976,278
10358,0,0,0
10359,0,0,0
10360,1,883,48
10361,1,883,55
10362,1,886,68
10363,1,886,76
10364,1,890,86
10365,1,890,100
10366,1,893,111
10367,1,893,120
10368,1,895,126
10369,1,896,141
10370,1,896,151
10371,1,900,165
10372,1,896,176
10373,1,898,191
10374,1,891,200
10375,1,885,205
10376,1,861,200
10377,1,848,193
10378,1,830,200
10379,1,811,201
10380,1,805,205
10381,1,793,210
10382,1,772,212
10383,1,766,216
10384,1,751,218
10385,1,743,225
10386,1,731,226
10387,1,721,228
10388,1,713,233
10389,1,703,236
10390,1,696,240
10391,1,686,243
10392,1,678,248
10393,1,671,253
10394,1,660,261
10395,1,658,261
10396,1,650,270
10397,1,643,271
10398,1,631,276
10399,1,626,280
10400,1,620,286
10401,1,615,295
10402,1,608,300
10403,1,603,306
10404,1,601,311
10405,1,596,313
10406,1,593,313
10407,1,590,314
10408,1,586,314
10409,1,583,315
10410,1,580,315
10411,1,580,306
10412,1,585,294
10413,1,590,281
10414,1,591,270
10415,1,598,258
10416,1,600,248
10417,1,603,235
10418,1,605,230
10419,1,606,221
10420,1,610,215
10421,1,615,203
10422,1,615,195
10423,1,618,188
10424,1,621,180
10425,1,625,171
10426,1,626,163
10427,1,633,155
10428,1,635,148
10429,1,636,138
10430,1,643,130
10431,1,645,126
10432,1,648,118
10433,1,650,111
10434,1,655,108
10435,1,656,101
10436,1,658,96
10437,1,661,91
10438,1,663,88
10439,1,666,83
10440,1,671,76
10441,1,671,71
10442,1,675,68
10443,1,676,61
10444,1,680,58
10445,1,681,55
10446,1,683,50
10447,1,688,45
10448,1,688,43
10449,1,695,38
10450,1,696,35
10451,1,698,33
10452,1,700,31
10453,1,703,30
10454,1,705,28
10455,0,0,0
10456,0,0,0
10457,1,715,10
10458,1,727,10
10459,1,727,10
10460,1,727,10
10461,1,727,10
10462,1,730,10
10463,1,730,10
10464,1,730,10
10465,1,730,10
10466,1,732,10
10467,0,0,0
10468,0,0,0
10469,0,0,0
10470,0,0,0
10471,0,0,0
10472,0,0,0
10473,0,0,0
10474,0,0,0
10475,0,0,0
10476,0,0,0
10477,0,0,0
10478,0,0,0
10479,0,0,0
10480,0,0,0
10481,0,0,0
10482,0,0,0
10483,0,0,0
10484,0,0,0
10485,1,760,7
10486,0,0,0
10487,0,0,0
10488,0,0,0
10489,0,0,0
10490,0,0,0
10491,1,772,10
10492,1,772,10
10493,1,772,7
10494,1,772,12
10495,1,772,10
10496,1,772,12
10497,1,778,5
10498,1,778,11
10499,1,770,12
10500,1,776,16
10501,1,778,18
10502,1,777,30
10503,1,780,30
10504,1,781,31
10505,1,781,35
10506,1,783,36
10507,1,785,41
10508,1,785,45
10509,1,786,46
10510,1,786,50
10511,1,786,56
10512,1,786,58
10513,1,786,65
10514,1,788,68
10515,1,786,71
10516,1,788,75
10517,1,790,83
10518,1,790,86
10519,1,790,90
10520,1,791,95
10521,1,793,100
10522,1,791,108
10523,1,793,111
10524,1,795,116
10525,1,795,123
10526,1,796,128
10527,1,798,135
10528,1,798,140
10529,1,798,146
10530,1,801,153
10531,1,801,156
10532,1,801,165
10533,1,803,171
10534,1,803,176
10535,1,803,188
10536,1,805,191
10537,1,806,200
10538,1,806,206
10539,1,806,216
10540,1,808,223
10541,1,810,231
10542,1,810,236
10543,1,811,246
10544,1,813,255
10545,1,815,268
10546,1,816,273
10547,1,816,283
10548,1,816,290
10549,1,816,298
10550,1,816,305
10551,1,818,313
10552,1,818,321
10553,1,818,328
10554,1,820,336
10555,1,820,343
10556,1,821,351
10557,1,823,363
10558,1,826,370
10559,1,826,376
10560,0,0,0
10561,1,840,405
10562,1,840,405
10563,1,833,391
10564,1,831,391
10565,1,830,380
10566,1,835,365
10567,0,0,0
10568,0,0,0
10569,0,0,0
10570,1,836,351
10571,1,836,350
10572,1,838,341
10573,1,838,340
10574,1,840,336
10575,1,840,326
10576,1,840,323
10577,1,840,313
10578,1,841,310
10579,1,840,305
10580,1,841,300
10581,1,841,296
10582,1,840,290
10583,1,840,288
10584,1,841,285
10585,1,841,281
10586,1,841,278
10587,1,841,275
10588,1,843,271
10589,1,843,270
10590,1,845,266
10591,1,845,266
10592,1,845,263
10593,1,846,261
10594,1,846,258
10595,1,846,255
10596,1,846,251
10597,1,846,250
10598,1,846,246
10599,1,848,245
10600,1,848,245
10601,1,846,245
10602,1,848,243
10603,1,848,245
10604,1,848,243
10605,0,0,0
10606,0,0,0
10607,0,0,0
10608,0,0,0
10609,0,0,0
10610,0,0,0
10611,0,0,0
10612,0,0,0
10613,0,0,0
10614,0,0,0
10615,0,0,0
10616,0,0,0
10617,1,855,245
10618,0,0,0
10619,0,0,0
10620,0,0,0
10621,0,0,0
10622,0,0,0
10623,0,0,0
10624,0,0,0
10625,0,0,0
10626,0,0,0
10627,0,0,0
10628,1,860,268
10629,1,860,270
10630,1,860,271
10631,1,860,275
10632,1,861,278
10633,1,860,283
10634,1,861,288
10635,1,860,288
10636,1,860,295
10637,1,861,300
10638,1,861,303
10639,1,861,306
10640,1,863,310
10641,1,865,315
10642,1,863,321
10643,1,865,325
10644,1,866,331
10645,1,866,338
10646,1,868,343
10647,1,868,350
10648,1,868,358
10649,1,870,363
10650,1,865,373
10651,1,866,375
10652,1,866,380
10653,1,868,385
10654,1,868,390
10655,1,870,395
10656,1,873,401
10657,1,873,405
10658,1,873,403
10659,1,870,397
10660,1,870,390
10661,1,870,386
10662,1,870,381
10663,1,870,380
10664,1,870,378
10665,0,0,0
10666,0,0,0
10667,1,570,251
10668,1,318,668
10669,0,0,0
10670,1,923,236
10671,1,1225,20
10672,1,1220,20
10673,1,1220,20
10674,1,1180,36
10675,1,1140,52
10676,1,1100,68
10677,1,1059,84
10678,1,1019,100
10679,1,979,116
10680,1,939,132
10681,1,899,148
10682,1,859,164
10683,0,0,0
10684,0,0,0
10685,0,0,0
10686,0,0,0
10687,0,0,0
10688,0,0,0
10689,0,0,0
10690,0,0,0
10691,0,0,0
10692,1,457,325
10693,1,460,325
10694,1,460,325
10695,1,469,356
10696,1,479,387
10697,1,488,418
10698,1,497,449
10699,1,506,480
10700,1,516,511
10701,1,525,542
10702,1,522,540
10703,1,527,545
10704,1,530,541
10705,1,533,536
10706,1,535,532
10707,1,538,527
10708,1,541,523
10709,1,544,519
10710,1,547,514
10711,1,549,510
10712,1,552,505
10713,0,0,0
10714,0,0,0
10715,0,0,0
10716,0,0,0
10717,0,0,0
10718,0,0,0
10719,0,0,0
10720,0,0,0
10721,0,0,0
10722,0,0,0
10723,0,0,0
10724,0,0,0
10725,0,0,0
10726,0,0,0
10727,0,0,0
10728,0,0,0
10729,0,0,0
10730,0,0,0
10731,0,0,0
10732,0,0,0
10733,0,0,0
10734,0,0,0
10735,0,0,0
10736,0,0,0
10737,1,622,395
10738,1,622,392
10739,1,613,384
10740,1,604,376
10741,1,596,369
10742,1,587,361
10743,1,578,353
10744,1,570,346
10745,1,561,338
10746,1,552,330
10747,1,555,327
10748,1,568,327
10749,1,581,327
10750,1,594,327
10751,1,607,327
10752,1,620,327
10753,1,620,325
10754,1,617,325
10755,1,627,372
10756,1,588,354
10757,1,550,336
10758,0,0,0
10759,0,0,0
10760,1,576,15
10761,1,580,30
10762,1,580,41
10763,0,0,0
10764,1,581,61
10765,1,586,71
10766,1,588,86
10767,1,590,108
10768,1,593,121
10769,0,0,0
10770,0,0,0
10771,1,593,151
10772,1,595,163
10773,1,598,175
10774,0,0,0
10775,0,0,0
10776,0,0,0
10777,0,0,0
10778,0,0,0
10779,0,0,0
10780,0,0,0
10781,0,0,0
10782,0,0,0
10783,0,0,0
10784,1,618,313
10785,1,615,320
10786,1,615,332
10787,1,616,340
10788,0,0,0
10789,1,615,367
10790,1,620,388
10791,1,622,377
10792,0,0,0
10793,1,628,421
10794,1,631,436
10795,1,631,446
10796,1,630,460
10797,1,591,280
10798,1,602,332
10799,1,613,384
10800,1,623,437
10801,1,634,489
10802,1,645,541
10803,1,647,547
10804,1,650,565
10805,1,650,556
10806,1,651,547
10807,1,651,538
10808,1,652,529
10809,1,652,520
10810,1,647,515
10811,0,0,0
10812,0,0,0
10813,1,507,412
10814,1,657,470
10815,1,656,465
10816,1,662,445
10817,0,0,0
10818,1,546,363
10819,1,660,416
10820,0,0,0
10821,0,0,0
10822,0,0,0
10823,0,0,0
10824,0,0,0
10825,1,665,366
10826,0,0,0
10827,0,0,0
10828,1,456,113
10829,1,564,224
10830,1,671,335
10831,1,670,326
10832,0,0,0
10833,1,668,305
10834,1,670,300
10835,0,0,0
10836,1,671,285
10837,1,671,276
10838,1,671,271
10839,1,673,258
10840,1,675,251
10841,1,673,246
10842,1,673,233
10843,1,671,231
10844,1,671,225
10845,1,675,235
10846,0,0,0
10847,0,0,0
10848,0,0,0
10849,1,676,198
10850,1,676,191
10851,1,678,183
10852,1,680,180
10853,1,681,175
10854,0,0,0
10855,0,0,0
10856,1,683,161
10857,1,683,161
10858,1,682,150
10859,1,685,156
10860,1,680,151
10861,1,683,150
10862,1,686,143
10863,0,0,0
10864,0,0,0
10865,0,0,0
10866,0,0,0
10867,1,685,115
10868,1,686,112
10869,1,687,109
10870,1,688,106
10871,1,688,104
10872,1,689,101
10873,1,690,98
10874,1,690,96
10875,1,690,95
10876,1,689,94
10877,1,689,93
10878,1,688,92
10879,1,688,91
10880,0,0,0
10881,1,695,86
10882,1,695,83
10883,1,695,83
10884,0,0,0
10885,0,0,0
10886,0,0,0
10887,0,0,0
10888,1,702,67
10889,1,700,67
10890,1,702,67
10891,1,702,62
10892,0,0,0
10893,0,0,0
10894,1,706,68
10895,1,706,70
10896,1,708,66
10897,1,710,66
10898,1,711,66
10899,1,713,68
10900,1,715,66
10901,1,715,68
10902,1,715,70
10903,0,0,0
10904,0,0,0
10905,1,710,81
10906,0,0,0
10907,0,0,0
10908,0,0,0
10909,0,0,0
10910,1,721,83
10911,1,723,85
10912,1,725,88
10913,1,723,91
10914,1,718,91
10915,1,718,91
10916,1,716,88
10917,0,0,0
10918,1,715,90
10919,1,715,88
10920,1,718,92
10921,1,721,95
10922,1,721,98
10923,1,721,101
10924,0,0,0
10925,0,0,0
10926,0,0,0
10927,0,0,0
10928,1,726,126
10929,1,730,128
10930,1,731,135
10931,1,733,138
10932,1,735,143
10933,1,735,148
10934,1,735,147
10935,1,733,151
10936,1,736,155
10937,1,735,161
10938,1,736,163
10939,1,736,165
10940,1,736,171
10941,1,738,178
10942,1,738,183
10943,1,740,188
10944,1,740,195
10945,1,740,201
10946,1,740,208
10947,1,740,210
10948,1,741,221
10949,1,741,230
10950,0,0,0
10951,0,0,0
10952,0,0,0
10953,0,0,0
10954,0,0,0
10955,0,0,0
10956,0,0,0
10957,0,0,0
10958,0,0,0
10959,0,0,0
10960,0,0,0
10961,0,0,0
10962,0,0,0
10963,0,0,0
10964,0,0,0
10965,0,0,0
10966,0,0,0
10967,0,0,0
10968,0,0,0
10969,0,0,0
10970,0,0,0
10971,0,0,0
10972,0,0,0
10973,0,0,0
10974,0,0,0
10975,0,0,0
10976,0,0,0
10977,0,0,0
10978,0,0,0
10979,0,0,0
10980,0,0,0
10981,0,0,0
10982,0,0,0
10983,0,0,0
10984,0,0,0
10985,0,0,0
10986,0,0,0
10987,0,0,0
10988,0,0,0
10989,0,0,0
10990,0,0,0
10991,0,0,0
10992,0,0,0
10993,0,0,0
10994,0,0,0
10995,0,0,0
10996,0,0,0
10997,0,0,0
10998,0,0,0
10999,0,0,0
11000,0,0,0
11001,0,0,0
11002,0,0,0
11003,0,0,0
11004,0,0,0
11005,0,0,0
11006,0,0,0
11007,0,0,0
11008,0,0,0
11009,0,0,0
11010,0,0,0
11011,0,0,0
11012,0,0,0
11013,0,0,0
11014,0,0,0
11015,0,0,0
11016,0,0,0
11017,0,0,0
11018,0,0,0
11019,0,0,0
11020,0,0,0
11021,0,0,0
11022,0,0,0
11023,0,0,0
11024,0,0,0
11025,0,0,0
11026,0,0,0
11027,0,0,0
11028,0,0,0
11029,0,0,0
11030,0,0,0
11031,0,0,0
11032,0,0,0
11033,0,0,0
11034,0,0,0
11035,0,0,0
11036,1,1231,470
11037,0,0,0
11038,1,1188,516
11039,0,0,0
11040,0,0,0
11041,0,0,0
11042,0,0,0
11043,0,0,0
11044,0,0,0
11045,0,0,0
11046,0,0,0
11047,0,0,0
11048,0,0,0
11049,0,0,0
11050,0,0,0
11051,1,1138,675
11052,1,1165,455
11053,1,1135,458
11054,1,1105,460
11055,0,0,0
11056,0,0,0
11057,0,0,0
11058,0,0,0
11059,0,0,0
11060,0,0,0
11061,0,0,0
11062,0,0,0
11063,0,0,0
11064,0,0,0
11065,0,0,0
11066,0,0,0
11067,0,0,0
11068,0,0,0
11069,0,0,0
11070,0,0,0
11071,0,0,0
11072,0,0,0
11073,0,0,0
11074,0,0,0
11075,0,0,0
11076,1,602,365
11077,1,1065,377
11078,1,1060,360
11079,0,0,0
11080,1,985,212
11081,1,1070,271
11082,1,1068,251
11083,0,0,0
11084,1,1073,221
11085,0,0,0
11086,1,1072,210
11087,1,1070,207
11088,0,0,0
11089,1,920,121
11090,1,900,137
11091,1,992,415
11092,1,1005,177
11093,1,990,172
11094,1,972,155
11095,0,0,0
11096,0,0,0
11097,0,0,0
11098,0,0,0
11099,0,0,0
11100,0,0,0
11101,0,0,0
11102,0,0,0
11103,0,0,0
11104,0,0,0
11105,0,0,0
11106,1,816,75
11107,1,793,90
11108,1,783,96
11109,0,0,0
11110,1,743,116
11111,1,733,125
11112,1,716,130
11113,1,710,138
11114,1,701,150
11115,1,696,160
11116,1,686,166
11117,1,675,176
11118,0,0,0
11119,1,661,191
11120,1,653,201
11121,1,648,210
11122,1,643,218
11123,1,635,226
11124,1,631,233
11125,1,626,241
11126,1,621,246
11127,1,620,251
11128,1,618,255
11129,1,616,255
11130,0,0,0
11131,1,618,258
11132,0,0,0
11133,0,0,0
11134,0,0,0
11135,1,603,268
11136,1,603,268
11137,1,600,271
11138,1,598,275
11139,1,596,280
11140,1,595,283
11141,1,591,286
11142,1,591,288
11143,1,588,296
11144,1,585,300
11145,1,588,301
11146,1,588,306
11147,1,586,313
11148,1,583,315
11149,1,583,321
11150,1,581,325
11151,1,581,330
11152,1,578,333
11153,1,578,338
11154,1,575,350
11155,1,573,353
11156,1,573,358
11157,1,575,361
11158,1,575,365
11159,1,573,366
11160,0,0,0
11161,1,572,330
11162,0,0,0
11163,0,0,0
11164,1,576,336
11165,1,575,325
11166,0,0,0
11167,1,576,305
11168,1,575,300
11169,1,576,295
11170,1,575,285
11171,1,573,280
11172,1,573,273
11173,1,571,270
11174,1,566,258
11175,1,576,250
11176,1,576,245
11177,1,576,235
11178,1,576,231
11179,1,575,223
11180,1,575,218
11181,1,576,210
11182,1,576,205
11183,1,576,200
11184,1,576,193
11185,1,575,188
11186,1,575,181
11187,1,575,176
11188,1,575,171
11189,1,575,168
11190,1,576,168
11191,1,576,161
11192,1,576,155
11193,1,576,151
11194,1,576,146
11195,1,576,141
11196,1,576,138
11197,1,576,135
11198,1,573,128
11199,1,575,126
11200,1,575,123
11201,1,575,121
11202,1,575,120
11203,1,575,118
11204,1,576,118
11205,1,578,115
11206,1,576,113
11207,1,578,113
11208,1,578,110
11209,1,576,108
11210,1,578,108
11211,1,578,106
11212,1,580,103
11213,1,578,103
11214,1,580,103
11215,1,578,103
11216,1,578,103
11217,1,576,103
11218,1,578,108
11219,1,578,110
11220,1,581,110
11221,1,578,108
11222,1,580,106
11223,0,0,0
11224,0,0,0
11225,0,0,0
11226,1,578,106
11227,1,576,106
11228,1,578,108
11229,1,578,110
11230,1,578,110
11231,1,578,113
11232,1,578,113
11233,1,578,115
11234,1,576,115
11235,1,580,121
11236,1,578,125
11237,1,578,128
11238,1,578,133
11239,1,578,135
11240,1,580,136
11241,1,580,143
11242,1,578,146
11243,1,578,151
11244,1,580,155
11245,1,580,161
11246,1,580,166
11247,1,581,173
11248,1,580,180
11249,1,581,183
11250,1,578,191
11251,1,578,196
11252,1,578,205
11253,1,580,208
11254,1,580,215
11255,1,580,220
11256,1,580,230
11257,1,580,235
11258,1,581,241
11259,1,581,246
11260,1,580,256
11261,1,580,266
11262,1,581,273
11263,1,581,283
11264,1,581,290
11265,1,581,303
11266,1,580,300
11267,1,578,290
11268,1,576,281
11269,1,575,270
11270,1,575,260
11271,1,573,250
11272,1,571,241
11273,1,568,233
11274,1,568,226
11275,1,565,218
11276,1,560,210
11277,1,556,201
11278,1,555,195
11279,1,551,190
11280,1,551,183
11281,1,550,178
11282,1,546,170
11283,1,543,163
11284,1,543,155
11285,1,541,150
11286,1,540,143
11287,1,536,136
11288,1,535,130
11289,1,535,126
11290,1,533,120
11291,1,528,116
11292,1,526,111
11293,1,525,110
11294,1,523,108
11295,1,520,98
11296,1,518,95
11297,1,518,91
11298,1,516,86
11299,1,515,83
11300,1,513,81
11301,0,0,0
11302,0,0,0
11303,0,0,0
11304,1,501,73
11305,1,501,71
11306,1,500,71
11307,1,496,71
11308,1,496,71
11309,1,496,71
11310,1,491,71
11311,1,491,68
11312,1,490,66
11313,1,488,65
11314,1,486,65
11315,1,485,65
11316,1,483,66
11317,1,481,66
11318,1,475,66
11319,1,473,68
11320,1,473,68
11321,1,471,71
11322,1,468,73
11323,1,468,73
11324,1,466,75
11325,1,461,81
11326,1,460,81
11327,1,458,85
11328,1,458,85
11329,1,456,86
11330,1,455,88
11331,1,455,93
11332,1,453,96
11333,1,447,105
11334,1,448,108
11335,1,448,110
11336,1,446,113
11337,1,445,118
11338,1,443,123
11339,1,441,126
11340,0,0,0
11341,1,438,136
11342,1,436,143
11343,1,435,146
11344,1,433,150
11345,1,431,153
11346,1,428,161
11347,1,426,166
11348,1,423,173
11349,1,421,180
11350,1,421,188
11351,1,420,193
11352,1,418,201
11353,1,416,208
11354,1,415,220
11355,1,415,222
11356,1,416,230
11357,1,415,228
11358,1,413,225
11359,1,413,223
11360,1,408,221
11361,1,405,221
11362,1,403,223
11363,1,400,225
11364,1,396,225
11365,1,393,226
11366,1,390,231
11367,1,386,235
11368,1,386,240
11369,1,383,243
11370,1,375,245
11371,1,370,253
11372,1,366,260
11373,1,363,266
11374,1,356,273
11375,1,353,283
11376,1,350,295
11377,1,338,305
11378,1,333,315
11379,1,326,335
11380,1,316,348
11381,1,310,361
11382,1,300,376
11383,1,295,393
11384,1,283,420
11385,0,0,0
11386,0,0,0
11387,0,0,0
11388,0,0,0
11389,0,0,0
11390,1,180,605
11391,1,173,598
11392,0,0,0
11393,0,0,0
11394,0,0,0
11395,1,121,538
11396,1,101,521
11397,0,0,0
11398,1,66,486
11399,1,50,468
11400,1,38,460
11401,1,22,432
11402,0,0,0
11403,1,334,391
11404,1,489,371
11405,1,645,350
11406,1,801,330
11407,1,801,326
11408,1,801,328
11409,1,803,328
11410,1,801,325
11411,1,798,326
11412,1,796,326
11413,1,795,328
11414,1,795,331
11415,1,748,352
11416,1,701,372
11417,1,655,393
11418,1,608,414
11419,1,561,434
11420,1,514,455
11421,1,468,476
11422,1,421,497
11423,1,374,517
11424,0,0,0
11425,0,0,0
11426,0,0,0
11427,1,187,600
11428,1,190,602
11429,1,190,602
11430,1,194,592
11431,1,197,581
11432,1,201,570
11433,1,205,560
11434,1,208,550
11435,1,212,539
11436,1,216,528
11437,1,220,518
11438,1,223,508
11439,1,227,497
11440,1,225,497
11441,1,208,482
11442,1,191,468
11443,1,181,470
11444,1,168,458
11445,1,216,498
11446,1,205,495
11447,1,201,491
11448,0,0,0
11449,0,0,0
11450,1,417,437
11451,1,417,437
11452,1,417,435
11453,1,417,435
11454,0,0,0
11455,1,417,435
11456,1,420,435
11457,1,412,438
11458,1,405,441
11459,1,397,445
11460,1,389,448
11461,1,381,451
11462,1,374,454
11463,1,366,457
11464,1,358,461
11465,1,351,464
11466,0,0,0
11467,0,0,0
11468,0,0,0
11469,0,0,0
11470,0,0,0
11471,0,0,0
11472,0,0,0
11473,0,0,0
11474,0,0,0
11475,0,0,0
11476,0,0,0
11477,0,0,0
11478,0,0,0
11479,0,0,0
11480,0,0,0
11481,0,0,0
11482,0,0,0
11483,0,0,0
11484,0,0,0
11485,0,0,0
11486,0,0,0
11487,0,0,0
11488,0,0,0
11489,0,0,0
11490,0,0,0
11491,0,0,0
11492,0,0,0
11493,0,0,0
11494,0,0,0
11495,0,0,0
11496,0,0,0
11497,0,0,0
11498,0,0,0
11499,0,0,0
11500,0,0,0
11501,0,0,0
11502,1,65,582
11503,1,107,597
11504,1,800,305
11505,0,0,0
11506,1,802,305
11507,1,802,305
11508,1,802,300
11509,1,800,292
11510,1,800,295
11511,1,791,296
11512,1,782,297
11513,1,773,298
11514,1,764,300
11515,1,755,301
11516,1,746,302
11517,1,737,303
11518,1,728,304
11519,1,719,305
11520,0,0,0
11521,0,0,0
11522,0,0,0
11523,0,0,0
11524,0,0,0
11525,0,0,0
11526,0,0,0
11527,0,0,0
11528,0,0,0
11529,0,0,0
11530,0,0,0
11531,0,0,0
11532,0,0,0
11533,0,0,0
11534,0,0,0
11535,0,0,0
11536,0,0,0
11537,0,0,0
11538,0,0,0
11539,0,0,0
11540,0,0,0
11541,0,0,0
11542,0,0,0
11543,0,0,0
11544,0,0,0
11545,0,0,0
11546,0,0,0
11547,1,466,338
11548,1,463,335
11549,1,465,331
11550,1,466,328
11551,1,465,323
11552,1,465,315
11553,1,465,308
11554,1,465,300
11555,1,465,295
11556,1,465,286
11557,1,465,280
11558,1,463,275
11559,1,465,270
11560,1,463,261
11561,1,463,256
11562,1,461,251
11563,1,461,246
11564,1,463,243
11565,1,466,233
11566,1,465,230
11567,1,463,226
11568,1,463,220
11569,1,461,215
11570,1,461,208
11571,1,461,205
11572,1,463,200
11573,1,461,195
11574,1,463,190
11575,1,460,188
11576,1,460,181
11577,1,460,178
11578,1,460,175
11579,1,460,173
11580,1,458,170
11581,1,458,168
11582,1,456,166
11583,1,458,161
11584,1,456,160
11585,1,456,155
11586,1,456,151
11587,1,456,150
11588,1,456,148
11589,1,456,143
11590,1,455,140
11591,1,456,138
11592,1,456,138
11593,1,455,136
11594,1,455,136
11595,1,455,132
11596,1,457,130
11597,1,457,130
11598,1,457,130
11599,1,456,130
11600,1,456,130
11601,1,456,128
11602,1,456,126
11603,1,460,125
11604,1,456,125
11605,1,456,120
11606,1,456,125
11607,0,0,0
11608,0,0,0
11609,0,0,0
11610,1,455,130
11611,1,455,130
11612,1,455,130
11613,1,455,130
11614,1,455,130
11615,1,455,132
11616,1,455,133
11617,1,455,135
11618,1,453,136
11619,1,455,138
11620,1,453,140
11621,1,453,141
11622,1,455,146
11623,1,453,150
11624,1,455,148
11625,1,455,151
11626,1,455,155
11627,1,452,157
11628,1,453,161
11629,1,453,163
11630,1,453,165
11631,1,453,168
11632,1,453,171
11633,1,453,176
11634,1,455,180
11635,0,0,0
11636,1,453,188
11637,1,453,191
11638,1,453,200
11639,1,451,201
11640,1,452,205
11641,1,452,210
11642,1,452,212
11643,1,451,220
11644,1,453,223
11645,1,453,228
11646,1,453,233
11647,1,453,245
11648,1,453,253
11649,1,453,253
11650,1,453,250
11651,1,453,246
11652,0,0,0
11653,1,456,231
11654,1,456,228
11655,1,465,226
11656,1,468,221
11657,1,471,215
11658,1,473,208
11659,1,475,205
11660,1,481,201
11661,1,481,200
11662,1,483,193
11663,1,485,190
11664,1,491,188
11665,1,495,183
11666,1,498,183
11667,1,500,181
11668,1,503,178
11669,1,506,176
11670,1,510,178
11671,1,513,176
11672,1,520,173
11673,1,525,173
11674,1,528,171
11675,1,535,171
11676,1,536,171
11677,1,543,173
11678,1,548,176
11679,1,555,178
11680,1,561,180
11681,1,565,183
11682,1,573,190
11683,1,578,196
11684,1,586,201
11685,1,591,206
11686,1,601,215
11687,1,610,220
11688,1,621,226
11689,1,630,235
11690,1,636,246
11691,1,645,258
11692,1,656,275
11693,1,671,295
11694,1,681,305
11695,1,695,321
11696,1,700,336
11697,1,711,355
11698,1,726,381
11699,1,735,405
11700,1,743,390
11701,1,753,361
11702,1,741,340
11703,1,738,315
11704,1,731,295
11705,1,730,268
11706,1,725,245
11707,1,723,221
11708,1,715,193
11709,1,715,175
11710,1,710,148
11711,1,706,123
11712,1,703,108
11713,1,698,90
11714,1,696,73
11715,0,0,0
11716,1,695,40
11717,0,0,0
11718,0,0,0
11719,0,0,0
11720,0,0,0
11721,0,0,0
11722,0,0,0
11723,1,501,211
11724,1,473,235
11725,1,445,259
11726,0,0,0
11727,1,390,308
11728,1,414,330
11729,1,437,351
11730,1,461,373
11731,1,484,394
11732,1,508,416
11733,1,510,408
11734,1,510,406
11735,0,0,0
11736,0,0,0
11737,0,0,0
11738,0,0,0
11739,0,0,0
11740,1,511,381
11741,1,511,381
11742,1,515,383
11743,1,513,383
11744,1,515,385
11745,1,535,381
11746,1,554,377
11747,1,574,373
11748,1,594,369
11749,1,613,365
11750,1,633,361
11751,1,653,357
11752,1,672,353
11753,1,692,349
11754,0,0,0
11755,0,0,0
11756,0,0,0
11757,0,0,0
11758,0,0,0
11759,0,0,0
11760,1,830,321
11761,1,786,323
11762,1,742,325
11763,1,698,327
11764,1,655,330
11765,1,611,332
11766,1,567,334
11767,1,523,336
11768,1,525,335
11769,1,523,326
11770,1,521,325
11771,1,521,326
11772,1,521,325
11773,1,521,323
11774,1,521,323
11775,1,525,323
11776,1,521,323
11777,1,523,323
11778,1,520,316
11779,1,518,313
11780,1,516,311
11781,1,516,308
11782,1,515,308
11783,1,515,305
11784,1,515,303
11785,1,513,303
11786,1,511,301
11787,1,511,303
11788,1,511,303
11789,1,510,301
11790,1,516,228
11791,1,523,154
11792,1,530,81
11793,1,536,8
11794,1,536,15
11795,1,535,28
11796,1,536,35
11797,1,536,45
11798,1,535,56
11799,1,530,71
11800,1,528,83
11801,1,528,96
11802,1,526,106
11803,1,526,115
11804,1,526,126
11805,1,521,138
11806,1,518,153
11807,1,516,165
11808,1,515,180
11809,1,511,195
11810,1,511,208
11811,1,510,226
11812,1,510,236
11813,1,508,251
11814,1,508,270
11815,1,508,276
11816,1,504,277
11817,1,501,278
11818,1,501,275
11819,1,501,270
11820,1,501,245
11821,1,510,241
11822,1,510,225
11823,1,513,208
11824,1,515,196
11825,1,518,183
11826,1,518,175
11827,1,518,161
11828,1,518,146
11829,1,521,136
11830,1,523,125
11831,1,523,115
11832,1,525,108
11833,1,525,98
11834,1,525,91
11835,1,528,83
11836,0,0,0
11837,0,0,0
11838,1,538,56
11839,1,538,48
11840,1,538,43
11841,1,540,31
11842,0,0,0
11843,1,543,16
11844,0,0,0
11845,1,546,6
11846,0,0,0
11847,0,0,0
11848,0,0,0
11849,1,553,333
11850,1,730,330
11851,1,725,333
11852,1,720,336
11853,1,715,339
11854,1,710,342
11855,1,706,345
11856,1,701,348
11857,1,696,351
11858,1,691,354
11859,1,686,356
11860,0,0,0
11861,0,0,0
11862,0,0,0
11863,0,0,0
11864,0,0,0
11865,0,0,0
11866,0,0,0
11867,1,647,380
11868,1,645,387
11869,1,645,395
11870,1,640,415
11871,1,637,381
11872,1,634,348
11873,1,631,314
11874,1,628,280
11875,1,625,246
11876,1,622,212
11877,1,620,179
11878,1,617,145
11879,1,614,111
11880,0,0,0
11881,0,0,0
11882,1,605,10
11883,1,602,10
11884,1,600,10
11885,1,605,6
11886,1,608,11
11887,1,608,18
11888,1,602,17
11889,0,0,0
11890,0,0,0
11891,1,615,46
11892,1,615,51
11893,1,616,60
11894,1,616,66
11895,1,620,73
11896,1,620,85
11897,1,621,93
11898,1,623,100
11899,1,625,110
11900,1,626,115
11901,1,628,125
11902,1,628,136
11903,1,631,146
11904,1,633,155
11905,1,633,166
11906,1,635,181
11907,1,635,190
11908,1,633,196
11909,1,630,196
11910,1,615,202
11911,1,610,206
11912,1,605,215
11913,1,600,216
11914,1,595,221
11915,1,590,228
11916,1,585,235
11917,1,581,241
11918,1,578,246
11919,1,573,253
11920,1,568,260
11921,1,566,266
11922,1,565,270
11923,1,561,278
11924,1,560,285
11925,1,561,288
11926,1,555,296
11927,1,553,301
11928,1,548,308
11929,1,545,313
11930,1,543,320
11931,1,541,326
11932,1,538,333
11933,1,536,338
11934,1,535,348
11935,1,535,350
11936,1,530,348
11937,1,528,341
11938,1,526,338
11939,1,526,331
11940,1,540,356
11941,1,540,353
11942,1,546,340
11943,1,550,335
11944,1,555,325
11945,1,561,321
11946,1,565,315
11947,1,570,308
11948,1,575,303
11949,1,580,298
11950,1,583,295
11951,1,588,288
11952,1,591,285
11953,1,596,281
11954,1,601,278
11955,1,610,271
11956,1,613,268
11957,1,620,263
11958,1,621,260
11959,1,626,255
11960,1,631,251
11961,1,636,248
11962,1,643,243
11963,1,645,241
11964,1,651,240
11965,1,657,235
11966,1,663,236
11967,1,665,230
11968,1,671,228
11969,1,676,226
11970,1,683,230
11971,1,688,225
11972,1,695,221
11973,1,698,220
11974,1,703,218
11975,1,711,216
11976,1,715,216
11977,1,722,217
11978,1,723,215
11979,1,731,213
11980,1,736,213
11981,1,742,212
11982,1,750,212
11983,1,750,215
11984,1,758,218
11985,1,765,216
11986,1,772,217
11987,1,776,216
11988,1,780,218
11989,1,788,218
11990,1,795,220
11991,1,801,220
11992,1,805,221
11993,1,810,225
11994,1,818,226
11995,1,821,228
11996,1,828,230
11997,1,835,233
11998,1,843,236
11999,1,848,240
12000,1,855,243
12001,1,858,246
12002,1,866,250
12003,1,873,255
12004,1,876,258
12005,1,883,261
12006,1,891,266
12007,1,896,270
12008,1,901,273
12009,1,911,280
12010,1,916,283
12011,1,923,288
12012,1,928,295
12013,1,935,300
12014,1,941,308
12015,1,948,315
12016,1,955,321
12017,1,961,328
12018,1,966,335
12019,1,973,341
12020,1,980,348
12021,1,988,355
12022,1,991,366
12023,1,996,373
12024,1,1005,378
12025,1,1008,386
12026,1,1018,393
12027,1,1026,401
12028,1,1033,411
12029,1,1040,420
12030,1,1048,435
12031,1,1051,428
12032,1,1058,421
12033,1,1060,416
12034,1,1061,408
12035,1,1063,405
12036,1,1062,405
12037,1,1068,391
12038,1,1068,390
12039,1,1070,386
12040,1,1077,379
12041,1,1085,372
12042,1,1092,364
12043,1,1100,357
12044,1,1107,350
12045,1,1106,350
12046,1,1110,346
12047,1,1113,341
12048,1,1115,338
12049,1,1116,335
12050,1,1121,330
12051,1,1125,328
12052,1,1126,325
12053,1,1128,323
12054,1,1133,321
12055,1,1138,320
12056,1,1143,316
12057,1,1148,313
12058,1,1150,313
12059,1,1156,313
12060,1,1155,313
12061,1,1160,311
12062,1,1165,310
12063,1,1168,310
12064,1,1175,306
12065,1,1176,306
12066,1,1181,305
12067,1,1185,306
12068,1,1186,306
12069,1,1190,308
12070,1,1193,308
12071,1,1195,310
12072,1,1203,311
12073,1,1205,315
12074,1,1208,316
12075,1,1213,320
12076,1,1215,321
12077,1,1220,323
12078,1,1221,325
12079,1,1227,330
12080,1,1228,328
12081,1,1230,330
12082,1,1231,333
12083,1,1235,336
12084,1,1236,340
12085,1,1237,342
12086,1,1240,347
12087,0,0,0
12088,0,0,0
12089,1,1246,360
12090,1,1245,365
12091,1,1245,365
12092,1,1245,365
12093,1,1245,365
12094,1,1247,372
12095,1,1247,380
12096,1,1250,380
12097,0,0,0
12098,0,0,0
12099,0,0,0
12100,0,0,0
12101,0,0,0
12102,0,0,0
12103,1,1235,415
12104,1,1232,420
12105,1,1235,422
12106,1,1235,422
12107,1,1235,425
12108,1,1235,425
12109,1,1235,425
12110,1,1232,425
12111,1,1235,425
12112,1,1232,425
12113,1,1232,425
12114,1,1237,430
12115,1,1237,430
12116,1,1235,435
12117,1,1235,435
12118,1,997,404
12119,1,760,373
12120,1,522,342
12121,1,522,342
12122,1,522,342
12123,1,1217,437
12124,1,1217,437
12125,1,1215,435
12126,1,1203,433
12127,1,1192,431
12128,1,1180,429
12129,1,1169,427
12130,1,1157,425
12131,1,1145,424
12132,1,1134,422
12133,1,1122,420
12134,1,1111,418
12135,0,0,0
12136,0,0,0
12137,0,0,0
12138,0,0,0
12139,0,0,0
12140,0,0,0
12141,0,0,0
12142,0,0,0
12143,0,0,0
12144,0,0,0
12145,0,0,0
12146,0,0,0
12147,0,0,0
12148,0,0,0
12149,0,0,0
12150,0,0,0
12151,0,0,0
12152,0,0,0
12153,0,0,0
12154,0,0,0
12155,0,0,0
12156,0,0,0
12157,0,0,0
12158,0,0,0
12159,0,0,0
12160,0,0,0
12161,0,0,0
12162,0,0,0
12163,0,0,0
12164,0,0,0
12165,0,0,0
12166,1,740,357
12167,1,737,357
12168,1,742,357
12169,1,747,357
12170,1,753,357
12171,1,758,356
12172,1,763,356
12173,1,768,356
12174,1,773,356
12175,1,779,356
12176,1,784,356
12177,0,0,0
12178,0,0,0
12179,0,0,0
12180,0,0,0
12181,0,0,0
12182,0,0,0
12183,0,0,0
12184,0,0,0
12185,0,0,0
12186,0,0,0
12187,0,0,0
12188,0,0,0
12189,0,0,0
12190,0,0,0
12191,0,0,0
12192,0,0,0
12193,0,0,0
12194,0,0,0
12195,0,0,0
12196,0,0,0
12197,0,0,0
12198,0,0,0
12199,0,0,0
12200,0,0,0
12201,0,0,0
12202,0,0,0
12203,0,0,0
12204,0,0,0
12205,0,0,0
12206,0,0,0
12207,0,0,0
12208,0,0,0
12209,0,0,0
12210,0,0,0
12211,0,0,0
12212,0,0,0
12213,0,0,0
12214,0,0,0
12215,0,0,0
12216,0,0,0
12217,0,0,0
12218,0,0,0
12219,0,0,0
12220,0,0,0
12221,0,0,0
12222,0,0,0
12223,0,0,0
12224,0,0,0
12225,0,0,0
12226,0,0,0
12227,0,0,0
12228,0,0,0
12229,0,0,0
12230,0,0,0
12231,0,0,0
12232,0,0,0
12233,0,0,0
12234,0,0,0
12235,0,0,0
12236,0,0,0
12237,0,0,0
12238,0,0,0
12239,0,0,0
12240,0,0,0
12241,0,0,0
12242,0,0,0
12243,0,0,0
12244,0,0,0
12245,0,0,0
12246,0,0,0
12247,0,0,0
12248,0,0,0
12249,0,0,0
12250,0,0,0
12251,0,0,0
12252,0,0,0
12253,0,0,0
12254,0,0,0
12255,0,0,0
12256,0,0,0
12257,0,0,0
12258,0,0,0
12259,0,0,0
12260,0,0,0
12261,0,0,0
12262,0,0,0
12263,0,0,0
12264,0,0,0
12265,0,0,0
12266,0,0,0
12267,0,0,0
12268,0,0,0
12269,0,0,0
12270,1,1272,340
12271,0,0,0
12272,1,1240,387
12273,1,1230,413
12274,0,0,0
12275,0,0,0
12276,0,0,0
12277,0,0,0
12278,1,1215,532
12279,1,1190,602
12280,0,0,0
12281,1,1220,600
12282,0,0,0
12283,1,1242,435
12284,0,0,0
12285,1,1180,465
12286,1,1177,465
12287,1,1156,499
12288,1,1134,533
12289,1,1112,568
12290,1,1091,602
12291,1,1070,636
12292,1,1048,670
12293,1,1037,633
12294,1,1026,596
12295,1,1014,560
12296,1,1003,523
12297,1,1000,520
12298,1,1085,502
12299,1,1171,483
12300,1,1256,465
12301,1,1243,490
12302,0,0,0
12303,0,0,0
12304,1,1218,546
12305,0,0,0
12306,0,0,0
12307,1,1200,665
12308,1,1170,677
12309,1,1128,646
12310,1,1087,615
12311,1,1045,584
12312,1,1004,553
12313,1,962,522
12314,1,986,494
12315,1,1010,466
12316,0,0,0
12317,0,0,0
12318,1,1081,383
12319,1,1080,340
12320,1,1075,307
12321,1,1085,267
12322,0,0,0
12323,1,967,145
12324,0,0,0
12325,1,1085,203
12326,1,916,125
12327,0,0,0
12328,0,0,0
12329,0,0,0
12330,1,1056,168
12331,0,0,0
12332,1,842,192
12333,1,845,202
12334,1,855,189
12335,1,865,176
12336,1,876,163
12337,1,886,150
12338,1,896,137
12339,1,906,124
12340,1,917,111
12341,1,927,98
12342,1,937,85
12343,0,0,0
12344,0,0,0
12345,1,892,80
12346,1,887,102
12347,1,874,81
12348,1,861,60
12349,1,848,66
12350,1,840,71
12351,1,836,83
12352,1,830,86
12353,1,818,93
12354,1,815,96
12355,1,810,100
12356,1,805,110
12357,1,803,115
12358,1,793,125
12359,1,791,133
12360,1,786,136
12361,1,785,143
12362,1,780,151
12363,1,776,161
12364,1,775,165
12365,1,770,171
12366,1,768,180
12367,1,765,181
12368,1,761,191
12369,1,758,198
12370,1,755,206
12371,1,753,213
12372,1,753,218
12373,1,750,228
12374,1,748,233
12375,1,743,243
12376,1,743,250
12377,1,741,256
12378,1,740,261
12379,1,736,270
12380,1,735,275
12381,1,733,283
12382,1,731,290
12383,1,733,298
12384,1,731,306
12385,1,730,313
12386,0,0,0
12387,0,0,0
12388,0,0,0
12389,0,0,0
12390,1,725,305
12391,1,723,295
12392,1,723,286
12393,1,721,273
12394,1,720,261
12395,1,720,253
12396,1,716,243
12397,1,716,233
12398,1,715,223
12399,1,715,215
12400,1,713,203
12401,1,711,196
12402,1,711,190
12403,1,710,178
12404,1,710,171
12405,1,706,163
12406,1,708,156
12407,1,706,150
12408,1,705,138
12409,1,703,133
12410,1,703,125
12411,0,0,0
12412,1,701,110
12413,1,700,101
12414,1,700,96
12415,1,698,88
12416,1,696,83
12417,1,693,75
12418,1,693,70
12419,1,693,68
12420,1,690,58
12421,1,688,55
12422,1,690,50
12423,1,688,45
12424,1,688,38
12425,1,686,33
12426,1,685,30
12427,0,0,0
12428,1,683,15
12429,1,681,10
12430,1,680,6
12431,1,678,5
12432,0,0,0
12433,0,0,0
12434,0,0,0
12435,0,0,0
12436,0,0,0
12437,0,0,0
12438,0,0,0
12439,0,0,0
12440,0,0,0
12441,0,0,0
12442,0,0,0
12443,0,0,0
12444,0,0,0
12445,0,0,0
12446,0,0,0
12447,0,0,0
12448,0,0,0
12449,0,0,0
12450,0,0,0
12451,0,0,0
12452,0,0,0
12453,0,0,0
12454,0,0,0
12455,0,0,0
12456,0,0,0
12457,0,0,0
12458,0,0,0
12459,0,0,0
12460,0,0,0
12461,0,0,0
12462,0,0,0
12463,0,0,0
12464,0,0,0
12465,0,0,0
12466,0,0,0
12467,0,0,0
12468,0,0,0
12469,0,0,0
12470,0,0,0
12471,0,0,0
12472,0,0,0
12473,0,0,0
12474,0,0,0
12475,0,0,0
12476,0,0,0
12477,0,0,0
12478,0,0,0
12479,0,0,0
12480,0,0,0
12481,1,615,11
12482,0,0,0
12483,1,610,15
12484,0,0,0
12485,1,608,30
12486,0,0,0
12487,1,605,40
12488,1,603,45
12489,1,603,50
12490,1,601,56
12491,1,600,63
12492,1,600,70
12493,1,596,76
12494,1,596,81
12495,1,595,93
12496,1,596,98
12497,1,595,103
12498,1,591,110
12499,1,591,116
12500,1,590,123
12501,1,588,135
12502,1,588,141
12503,1,586,151
12504,1,583,161
12505,1,583,168
12506,1,583,178
12507,1,583,188
12508,1,581,196
12509,1,581,206
12510,1,580,216
12511,1,578,223
12512,1,576,233
12513,1,576,243
12514,1,575,251
12515,1,575,260
12516,1,573,271
12517,1,571,281
12518,1,571,286
12519,1,571,283
12520,1,570,275
12521,1,573,270
12522,1,575,256
12523,1,576,255
12524,1,576,248
12525,1,580,230
12526,1,580,225
12527,1,580,216
12528,1,581,208
12529,1,581,200
12530,1,583,191
12531,1,585,185
12532,1,588,176
12533,1,586,170
12534,1,588,163
12535,1,590,155
12536,1,590,151
12537,1,590,146
12538,1,590,141
12539,1,590,138
12540,1,591,135
12541,0,0,0
12542,1,598,126
12543,1,600,121
12544,1,600,116
12545,1,600,113
12546,1,601,110
12547,0,0,0
12548,1,601,103
12549,1,603,101
12550,1,603,98
12551,1,603,98
12552,1,603,98
12553,1,605,96
12554,1,606,96
12555,1,606,90
12556,1,606,88
12557,1,608,86
12558,1,610,85
12559,0,0,0
12560,0,0,0
12561,0,0,0
12562,1,615,81
12563,1,615,81
12564,1,615,81
12565,0,0,0
12566,0,0,0
12567,0,0,0
12568,1,616,85
12569,0,0,0
12570,1,620,100
12571,1,621,98
12572,1,623,100
12573,1,625,101
12574,1,625,100
12575,1,626,101
12576,1,628,101
12577,1,628,103
12578,1,631,108
12579,1,631,108
12580,1,630,110
12581,1,630,113
12582,1,631,118
12583,1,631,123
12584,1,633,125
12585,1,635,125
12586,1,635,130
12587,1,636,136
12588,1,636,140
12589,1,636,148
12590,1,640,150
12591,1,641,155
12592,1,641,161
12593,1,641,165
12594,1,643,170
12595,1,643,175
12596,1,645,180
12597,1,645,188
12598,1,645,193
12599,1,645,198
12600,1,646,208
12601,1,650,215
12602,1,650,220
12603,1,651,223
12604,1,651,230
12605,0,0,0
12606,1,655,246
12607,1,653,248
12608,1,653,248
12609,1,655,248
12610,1,650,240
12611,1,647,237
12612,1,645,232
12613,1,642,230
12614,1,645,228
12615,1,641,225
12616,1,640,222
12617,1,636,223
12618,1,636,223
12619,1,635,220
12620,1,633,220
12621,1,630,220
12622,1,628,218
12623,1,625,220
12624,1,621,221
12625,1,618,220
12626,1,616,221
12627,1,616,223
12628,1,615,225
12629,1,608,231
12630,1,610,228
12631,1,608,233
12632,1,605,236
12633,1,601,243
12634,1,600,248
12635,1,596,256
12636,1,596,261
12637,1,593,271
12638,1,591,280
12639,1,590,288
12640,1,588,298
12641,1,578,311
12642,1,575,325
12643,1,571,336
12644,1,566,355
12645,1,578,330
12646,1,595,297
12647,0,0,0
12648,1,628,236
12649,1,635,218
12650,1,648,200
12651,1,658,173
12652,1,675,141
12653,0,0,0
12654,1,706,90
12655,1,718,70
12656,1,733,43
12657,1,751,21
12658,1,756,16
12659,1,884,224
12660,1,1012,432
12661,1,1012,427
12662,1,1015,422
12663,1,1022,420
12664,1,1020,417
12665,1,1017,412
12666,1,1015,412
12667,1,1012,415
12668,1,1012,417
12669,1,1007,422
12670,1,970,409
12671,1,932,396
12672,1,895,383
12673,0,0,0
12674,0,0,0
12675,0,0,0
12676,0,0,0
12677,0,0,0
12678,0,0,0
12679,0,0,0
12680,0,0,0
12681,0,0,0
12682,0,0,0
12683,0,0,0
12684,0,0,0
12685,0,0,0
12686,0,0,0
12687,0,0,0
12688,0,0,0
12689,0,0,0
12690,0,0,0
12691,0,0,0
12692,0,0,0
12693,0,0,0
12694,0,0,0
12695,0,0,0
12696,0,0,0
12697,0,0,0
12698,0,0,0
12699,1,1105,350
12700,1,1107,352
12701,1,1110,360
12702,1,1130,368
12703,1,1150,376
12704,1,1170,384
12705,1,1190,392
12706,1,1210,400
12707,1,1225,412
12708,1,1020,517
12709,1,1047,515
12710,1,1217,342
12711,1,1222,342
12712,1,1232,342
12713,0,0,0
12714,0,0,0
12715,0,0,0
12716,0,0,0
12717,0,0,0
12718,0,0,0
12719,0,0,0
12720,0,0,0
12721,0,0,0
12722,0,0,0
12723,0,0,0
12724,0,0,0
12725,0,0,0
12726,1,1265,525
12727,1,1254,523
12728,1,1244,521
12729,0,0,0
12730,0,0,0
12731,0,0,0
12732,1,1202,512
12733,1,1191,510
12734,1,1180,508
12735,1,1170,506
12736,0,0,0
12737,0,0,0
12738,0,0,0
12739,0,0,0
12740,0,0,0
12741,0,0,0
12742,0,0,0
12743,0,0,0
12744,0,0,0
12745,0,0,0
12746,0,0,0
12747,0,0,0
12748,0,0,0
12749,0,0,0
12750,0,0,0
12751,0,0,0
12752,0,0,0
12753,0,0,0
12754,0,0,0
12755,0,0,0
12756,0,0,0
12757,0,0,0
12758,0,0,0
12759,0,0,0
12760,0,0,0
12761,0,0,0
12762,0,0,0
12763,0,0,0
12764,0,0,0
12765,0,0,0
12766,0,0,0
12767,0,0,0
12768,0,0,0
12769,0,0,0
12770,0,0,0
12771,0,0,0
12772,0,0,0
12773,0,0,0
12774,0,0,0
12775,0,0,0
12776,0,0,0
12777,0,0,0
12778,0,0,0
12779,0,0,0
12780,0,0,0
12781,0,0,0
12782,1,673,408
12783,1,683,341
12784,1,683,346
12785,1,683,352
12786,1,683,358
12787,1,683,363
12788,1,687,365
12789,1,691,367
12790,1,695,370
12791,1,699,372
12792,1,703,374
12793,1,707,376
12794,1,711,378
12795,1,715,381
12796,1,719,383
12797,1,723,385
12798,1,726,380
12799,1,728,378
12800,1,728,375
12801,1,723,365
12802,1,723,360
12803,1,725,356
12804,1,725,356
12805,1,726,355
12806,1,728,355
12807,1,728,355
12808,1,728,355
12809,1,728,356
12810,1,721,361
12811,1,715,366
12812,1,708,371
12813,1,702,376
12814,1,695,381
12815,1,689,386
12816,1,682,391
12817,1,676,396
12818,1,669,401
12819,0,0,0
12820,0,0,0
12821,0,0,0
12822,0,0,0
12823,0,0,0
12824,0,0,0
12825,0,0,0
12826,0,0,0
12827,0,0,0
12828,0,0,0
12829,0,0,0
12830,0,0,0
12831,0,0,0
12832,0,0,0
12833,0,0,0
12834,0,0,0
12835,0,0,0
12836,0,0,0
12837,0,0,0
12838,0,0,0
12839,0,0,0
12840,0,0,0
12841,1,518,516
12842,1,507,524
12843,1,496,533
12844,1,485,541
12845,1,479,541
12846,1,473,541
12847,1,466,541
12848,1,460,541
12849,1,454,541
12850,1,448,541
12851,1,443,540
12852,1,426,532
12853,1,410,525
12854,1,663,522
12855,1,916,518
12856,1,770,428
12857,1,623,338
12858,1,466,571
12859,1,628,345
12860,1,758,458
12861,1,887,572
12862,1,437,575
12863,1,425,572
12864,0,0,0
12865,1,397,570
12866,1,390,570
12867,0,0,0
12868,1,375,570
12869,1,464,572
12870,1,552,575
12871,1,552,577
12872,1,550,577
12873,0,0,0
12874,1,431,588
12875,1,500,598
12876,1,569,607
12877,1,638,616
12878,1,706,626
12879,1,775,636
12880,1,844,645
12881,1,913,654
12882,1,982,664
12883,1,1050,674
12884,0,0,0
12885,0,0,0
12886,1,1257,702
12887,0,0,0
12888,1,1245,705
12889,1,1191,675
12890,1,1137,644
12891,1,1083,614
12892,1,1029,583
12893,1,975,553
12894,1,922,522
12895,1,868,492
12896,1,814,462
12897,1,760,431
12898,0,0,0
12899,0,0,0
12900,1,598,340
12901,1,830,330
12902,1,830,335
12903,1,780,305
12904,1,830,336
12905,1,831,335
12906,1,833,341
12907,1,819,329
12908,1,805,318
12909,1,791,306
12910,1,801,324
12911,1,811,343
12912,1,821,362
12913,1,831,380
12914,1,686,328
12915,0,0,0
12916,1,673,350
12917,1,671,361
12918,1,833,385
12919,1,835,395
12920,1,833,406
12921,1,835,420
12922,1,835,431
12923,0,0,0
12924,1,830,458
12925,1,688,441
12926,1,693,450
12927,1,698,460
12928,1,702,474
12929,1,706,488
12930,1,705,486
12931,1,704,484
12932,1,702,483
12933,1,701,481
12934,1,700,479
12935,1,699,477
12936,1,698,475
12937,1,696,474
12938,1,695,472
12939,0,0,0
12940,0,0,0
12941,0,0,0
12942,0,0,0
12943,0,0,0
12944,0,0,0
12945,0,0,0
12946,0,0,0
12947,0,0,0
12948,0,0,0
12949,0,0,0
12950,0,0,0
12951,0,0,0
12952,0,0,0
12953,0,0,0
12954,0,0,0
12955,1,675,441
12956,1,670,438
12957,1,665,436
12958,1,660,433
12959,1,655,431
12960,1,650,428
12961,1,645,426
12962,1,640,423
12963,1,635,421
12964,1,630,418
12965,0,0,0
12966,0,0,0
12967,0,0,0
12968,0,0,0
12969,0,0,0
12970,0,0,0
12971,0,0,0
12972,0,0,0
12973,0,0,0
12974,0,0,0
12975,0,0,0
12976,0,0,0
12977,0,0,0
12978,0,0,0
12979,0,0,0
12980,0,0,0
12981,0,0,0
12982,0,0,0
12983,0,0,0
12984,0,0,0
12985,1,525,365
12986,1,520,365
12987,1,518,365
12988,1,516,360
12989,1,516,358
12990,1,511,358
12991,1,510,358
12992,1,510,355
12993,1,510,351
12994,1,508,348
12995,1,511,341
12996,1,511,340
12997,1,511,336
12998,1,510,335
12999,1,510,331
13000,1,510,328
13001,1,510,326
13002,1,510,326
13003,1,508,325
13004,1,508,323
13005,1,507,323
13006,1,506,323
13007,1,505,323
13008,1,504,323
13009,1,503,323
13010,1,502,323
13011,1,500,323
13012,1,499,323
13013,1,498,323
13014,0,0,0
13015,0,0,0
13016,0,0,0
13017,0,0,0
13018,0,0,0
13019,0,0,0
13020,0,0,0
13021,0,0,0
13022,0,0,0
13023,0,0,0
13024,0,0,0
13025,0,0,0
13026,0,0,0
13027,0,0,0
13028,0,0,0
13029,0,0,0
13030,0,0,0
13031,0,0,0
13032,0,0,0
13033,0,0,0
13034,0,0,0
13035,0,0,0
13036,0,0,0
13037,0,0,0
13038,0,0,0
13039,0,0,0
13040,0,0,0
13041,0,0,0
13042,0,0,0
13043,0,0,0
13044,0,0,0
13045,0,0,0
13046,0,0,0
13047,0,0,0
13048,0,0,0
13049,0,0,0
13050,0,0,0
13051,0,0,0
13052,0,0,0
13053,0,0,0
13054,0,0,0
13055,0,0,0
13056,0,0,0
13057,0,0,0
13058,0,0,0
13059,0,0,0
13060,1,448,325
13061,1,448,326
13062,1,443,326
13063,1,441,330
13064,1,440,331
13065,1,437,337
13066,1,435,340
13067,1,435,340
13068,0,0,0
13069,0,0,0
13070,0,0,0
13071,0,0,0
13072,0,0,0
13073,1,525,210
13074,0,0,0
13075,1,515,207
13076,1,1242,15
13077,1,705,380
13078,0,0,0
13079,0,0,0
13080,0,0,0
13081,0,0,0
13082,0,0,0
13083,0,0,0
13084,0,0,0
13085,0,0,0
13086,1,695,336
13087,1,695,338
13088,1,695,348
13089,1,695,350
13090,1,695,350
13091,1,695,351
13092,1,695,355
13093,1,695,360
13094,1,695,365
13095,1,697,370
13096,0,0,0
13097,1,705,388
13098,0,0,0
13099,0,0,0
13100,0,0,0
13101,1,711,380
13102,0,0,0
13103,0,0,0
13104,1,711,363
13105,1,713,360
13106,1,711,356
13107,1,711,355
13108,1,713,351
13109,1,711,350
13110,0,0,0
13111,1,715,345
13112,0,0,0
13113,0,0,0
13114,0,0,0
13115,1,745,175
13116,1,967,82
13117,1,965,85
13118,1,960,77
13119,1,687,95
13120,0,0,0
13121,0,0,0
13122,0,0,0
13123,1,720,335
13124,0,0,0
13125,0,0,0
13126,0,0,0
13127,0,0,0
13128,0,0,0
13129,0,0,0
13130,1,722,340
13131,1,485,172
13132,1,490,170
13133,1,495,167
13134,1,495,165
13135,1,495,165
13136,1,495,165
13137,1,495,172
13138,0,0,0
13139,0,0,0
13140,1,713,380
13141,1,711,385
13142,1,711,390
13143,1,713,393
13144,1,711,393
13145,1,711,390
13146,1,711,386
13147,1,710,381
13148,1,710,378
13149,1,711,375
13150,1,708,368
13151,1,705,365
13152,1,705,365
13153,1,705,363
13154,1,703,360
13155,0,0,0
13156,1,698,350
13157,1,700,348
13158,1,700,350
13159,0,0,0
13160,0,0,0
13161,0,0,0
13162,0,0,0
13163,1,701,361
13164,1,703,365
13165,0,0,0
13166,1,705,375
13167,0,0,0
13168,1,706,388
13169,1,708,393
13170,1,710,388
13171,1,710,385
13172,1,710,381
13173,1,710,376
13174,1,710,373
13175,1,710,368
13176,1,710,365
13177,1,710,361
13178,1,711,358
13179,1,711,355
13180,1,710,351
13181,1,710,350
13182,1,710,348
13183,1,710,348
13184,1,708,346
13185,1,694,341
13186,1,680,335
13187,1,666,330
13188,1,653,325
13189,1,639,319
13190,1,625,314
13191,1,611,309
13192,1,597,303
13193,1,583,298
13194,0,0,0
13195,0,0,0
13196,0,0,0
13197,0,0,0
13198,0,0,0
13199,0,0,0
13200,0,0,0
13201,0,0,0
13202,0,0,0
13203,0,0,0
13204,0,0,0
13205,0,0,0
13206,0,0,0
13207,0,0,0
13208,0,0,0
13209,0,0,0
13210,0,0,0
13211,0,0,0
13212,0,0,0
13213,0,0,0
13214,0,0,0
13215,0,0,0
13216,0,0,0
13217,0,0,0
13218,0,0,0
13219,0,0,0
13220,0,0,0
13221,0,0,0
13222,0,0,0
13223,0,0,0
13224,0,0,0
13225,0,0,0
13226,0,0,0
13227,0,0,0
13228,1,98,111
13229,1,98,115
13230,1,159,137
13231,1,221,158
13232,1,282,180
13233,1,344,202
13234,1,405,224
13235,1,466,245
13236,1,528,267
13237,1,589,289
13238,1,651,310
13239,1,712,332
13240,1,712,332
13241,1,715,332
13242,1,715,332
13243,1,715,332
13244,1,715,332
13245,0,0,0
13246,0,0,0
13247,0,0,0
13248,1,713,348
13249,1,713,348
13250,1,711,348
13251,1,713,348
13252,1,710,351
13253,1,711,353
13254,1,713,356
13255,1,711,360
13256,1,710,361
13257,1,711,366
13258,1,708,368
13259,1,713,375
13260,1,710,381
13261,1,710,383
13262,1,711,383
13263,1,711,388
13264,1,711,388
13265,1,713,385
13266,1,713,385
13267,1,711,383
13268,1,711,383
13269,1,713,381
13270,1,711,380
13271,1,710,381
13272,1,710,378
13273,1,706,368
13274,1,706,366
13275,1,710,370
13276,1,710,367
13277,1,710,365
13278,1,710,362
13279,1,710,362
13280,1,710,360
13281,1,710,360
13282,1,708,358
13283,1,710,355
13284,1,680,343
13285,1,649,330
13286,1,619,318
13287,1,588,306
13288,1,558,294
13289,1,527,282
13290,1,497,269
13291,1,466,257
13292,1,436,245
13293,0,0,0
13294,0,0,0
13295,0,0,0
13296,0,0,0
13297,0,0,0
13298,0,0,0
13299,0,0,0
13300,0,0,0
13301,0,0,0
13302,0,0,0
13303,1,101,110
13304,1,101,115
13305,1,105,114
13306,1,110,113
13307,1,114,112
13308,1,119,110
13309,1,123,109
13310,1,128,108
13311,1,132,107
13312,1,137,106
13313,1,141,105
13314,0,0,0
13315,0,0,0
13316,0,0,0
13317,0,0,0
13318,0,0,0
13319,1,168,98
13320,1,696,355
13321,1,695,351
13322,1,695,348
13323,0,0,0
13324,1,697,332
13325,1,697,332
13326,0,0,0
13327,0,0,0
13328,0,0,0
13329,0,0,0
13330,0,0,0
13331,0,0,0
13332,0,0,0
13333,0,0,0
13334,0,0,0
13335,0,0,0
13336,0,0,0
13337,0,0,0
13338,0,0,0
13339,1,692,297
13340,1,692,295
13341,1,692,292
13342,1,692,290
13343,1,692,290
13344,1,692,290
13345,0,0,0
13346,0,0,0
13347,0,0,0
13348,1,690,282
13349,1,692,282
13350,1,692,280
13351,1,692,280
13352,1,692,277
13353,1,692,277
13354,1,692,277
13355,1,692,280
13356,1,347,167
13357,1,490,175
13358,1,490,177
13359,1,302,172
13360,1,295,172
13361,1,287,177
13362,1,263,178
13363,0,0,0
13364,0,0,0
13365,0,0,0
13366,0,0,0
13367,0,0,0
13368,0,0,0
13369,0,0,0
13370,0,0,0
13371,1,695,282
13372,1,695,280
13373,1,697,277
13374,1,360,175
13375,1,825,177
13376,1,677,177
13377,1,885,177
13378,1,892,175
13379,1,1027,87
13380,0,0,0
13381,0,0,0
13382,0,0,0
13383,0,0,0
13384,0,0,0
13385,1,906,149
13386,1,886,160
13387,1,866,170
13388,1,846,180
13389,0,0,0
13390,0,0,0
13391,0,0,0
13392,1,765,222
13393,1,382,172
13394,0,0,0
13395,0,0,0
13396,0,0,0
13397,1,782,215
13398,0,0,0
13399,0,0,0
13400,1,797,215
13401,1,797,215
13402,1,802,215
13403,1,807,215
13404,1,812,217
13405,1,817,220
13406,1,820,222
13407,1,825,225
13408,1,827,225
13409,1,830,225
13410,1,838,230
13411,1,845,233
13412,1,848,240
13413,1,850,242
13414,1,855,245
13415,1,860,250
13416,1,868,258
13417,1,873,263
13418,1,881,271
13419,1,885,283
13420,1,890,290
13421,1,896,301
13422,1,908,310
13423,1,916,323
13424,1,925,336
13425,1,930,342
13426,1,936,363
13427,1,946,376
13428,1,955,390
13429,1,968,403
13430,1,971,390
13431,0,0,0
13432,1,970,356
13433,1,965,336
13434,1,965,325
13435,1,963,301
13436,1,960,276
13437,0,0,0
13438,1,951,243
13439,1,951,230
13440,1,946,218
13441,1,943,200
13442,1,946,181
13443,1,941,165
13444,1,938,151
13445,1,936,140
13446,1,935,125
13447,1,928,113
13448,1,928,100
13449,1,926,90
13450,1,925,81
13451,1,921,68
13452,1,920,60
13453,1,915,50
13454,1,915,45
13455,1,916,40
13456,1,913,33
13457,1,915,20
13458,1,913,13
13459,1,913,8
13460,1,832,186
13461,1,752,365
13462,1,752,365
13463,1,752,367
13464,1,755,356
13465,1,758,346
13466,1,761,336
13467,1,764,325
13468,1,766,314
13469,1,769,304
13470,1,772,294
13471,1,775,283
13472,1,778,272
13473,0,0,0
13474,0,0,0
13475,0,0,0
13476,0,0,0
13477,0,0,0
13478,0,0,0
13479,0,0,0
13480,0,0,0
13481,0,0,0
13482,0,0,0
13483,0,0,0
13484,0,0,0
13485,0,0,0
13486,0,0,0
13487,0,0,0
13488,0,0,0
13489,0,0,0
13490,0,0,0
13491,0,0,0
13492,0,0,0
13493,0,0,0
13494,0,0,0
13495,0,0,0
13496,0,0,0
13497,1,850,10
13498,1,848,16
13499,1,848,28
13500,0,0,0
13501,0,0,0
13502,0,0,0
13503,0,0,0
13504,0,0,0
13505,0,0,0
13506,0,0,0
13507,0,0,0
13508,0,0,0
13509,1,835,91
13510,1,833,98
13511,1,831,106
13512,1,831,115
13513,1,830,125
13514,0,0,0
13515,1,826,136
13516,1,826,146
13517,1,823,156
13518,1,821,166
13519,1,821,178
13520,1,818,188
13521,1,820,196
13522,1,818,208
13523,1,816,216
13524,1,816,228
13525,1,816,236
13526,1,815,248
13527,1,816,261
13528,1,816,271
13529,1,815,281
13530,0,0,0
13531,0,0,0
13532,1,811,301
13533,0,0,0
13534,1,815,280
13535,1,815,270
13536,1,818,253
13537,1,818,243
13538,1,821,233
13539,1,823,223
13540,0,0,0
13541,1,825,200
13542,1,826,191
13543,1,828,178
13544,1,828,171
13545,1,831,165
13546,1,836,156
13547,1,838,148
13548,1,838,138
13549,1,840,128
13550,1,841,123
13551,1,843,116
13552,1,845,110
13553,1,848,101
13554,1,848,96
13555,0,0,0
13556,0,0,0
13557,1,850,83
13558,1,855,73
13559,1,855,71
13560,1,858,73
13561,1,860,66
13562,1,860,61
13563,0,0,0
13564,0,0,0
13565,0,0,0
13566,0,0,0
13567,0,0,0
13568,0,0,0
13569,0,0,0
13570,1,868,38
13571,1,870,38
13572,1,870,41
13573,1,1158,408
13574,0,0,0
13575,1,1112,408
13576,1,1089,408
13577,1,1066,408
13578,1,1043,408
13579,1,1020,408
13580,1,1018,388
13581,0,0,0
13582,1,890,30
13583,0,0,0
13584,0,0,0
13585,0,0,0
13586,0,0,0
13587,1,1001,278
13588,1,900,41
13589,1,995,263
13590,1,898,46
13591,1,900,50
13592,0,0,0
13593,0,0,0
13594,0,0,0
13595,1,903,58
13596,1,906,63
13597,1,908,68
13598,0,0,0
13599,1,911,81
13600,1,911,83
13601,1,911,90
13602,1,913,96
13603,1,913,103
13604,1,916,108
13605,1,920,113
13606,1,921,120
13607,1,921,126
13608,1,923,136
13609,1,923,141
13610,1,925,148
13611,1,925,156
13612,1,926,165
13613,1,926,176
13614,1,932,182
13615,1,926,195
13616,1,921,205
13617,1,925,216
13618,1,891,211
13619,1,883,218
13620,1,870,221
13621,1,856,226
13622,1,846,235
13623,1,832,240
13624,1,823,243
13625,1,815,250
13626,1,803,258
13627,1,796,261
13628,1,781,270
13629,1,775,273
13630,1,765,280
13631,1,751,286
13632,1,741,290
13633,1,733,296
13634,1,726,303
13635,1,723,310
13636,0,0,0
13637,0,0,0
13638,1,698,321
13639,1,690,328
13640,1,685,336
13641,1,675,341
13642,1,663,350
13643,1,660,355
13644,1,651,360
13645,1,645,363
13646,1,635,370
13647,1,633,376
13648,1,625,381
13649,1,620,388
13650,1,612,392
13651,1,607,395
13652,1,600,402
13653,1,608,400
13654,1,616,398
13655,1,625,396
13656,1,633,394
13657,1,641,392
13658,1,649,390
13659,1,657,388
13660,1,666,386
13661,1,674,384
13662,0,0,0
13663,0,0,0
13664,0,0,0
13665,0,0,0
13666,0,0,0
13667,0,0,0
13668,0,0,0
13669,0,0,0
13670,0,0,0
13671,0,0,0
13672,0,0,0
13673,0,0,0
13674,0,0,0
13675,0,0,0
13676,0,0,0
13677,0,0,0
13678,0,0,0
13679,0,0,0
13680,0,0,0
13681,0,0,0
13682,0,0,0
13683,0,0,0
13684,0,0,0
13685,0,0,0
13686,0,0,0
13687,0,0,0
13688,0,0,0
13689,0,0,0
13690,1,912,327
13691,1,912,327
13692,1,912,327
13693,1,912,325
13694,1,912,325
13695,1,913,326
13696,1,914,327
13697,1,914,327
13698,1,915,328
13699,1,916,329
13700,1,917,330
13701,1,918,331
13702,1,918,331
13703,1,919,332
13704,0,0,0
13705,0,0,0
13706,0,0,0
13707,0,0,0
13708,0,0,0
13709,0,0,0
13710,0,0,0
13711,0,0,0
13712,0,0,0
13713,0,0,0
13714,0,0,0
13715,0,0,0
13716,0,0,0
13717,0,0,0
13718,0,0,0
13719,0,0,0
13720,0,0,0
13721,0,0,0
13722,0,0,0
13723,0,0,0
13724,0,0,0
13725,0,0,0
13726,0,0,0
13727,1,938,351
13728,1,938,348
13729,1,943,343
13730,1,941,340
13731,1,943,338
13732,1,941,336
13733,1,941,335
13734,1,943,338
13735,1,945,335
13736,1,905,337
13737,1,866,339
13738,1,826,340
13739,1,787,342
13740,1,747,344
13741,1,708,346
13742,1,668,348
13743,1,629,350
13744,1,589,351
13745,0,0,0
13746,1,510,355
13747,1,515,363
13748,1,510,355
13749,1,510,355
13750,1,520,356
13751,1,510,355
13752,1,510,357
13753,1,507,352
13754,1,507,347
13755,1,513,355
13756,1,511,350
13757,1,513,343
13758,1,513,338
13759,1,511,331
13760,0,0,0
13761,1,511,321
13762,1,511,315
13763,1,511,310
13764,1,511,305
13765,1,511,298
13766,1,510,295
13767,1,510,290
13768,1,510,286
13769,1,510,285
13770,1,511,275
13771,1,511,273
13772,1,511,271
13773,1,513,270
13774,1,513,268
13775,1,511,260
13776,1,511,258
13777,1,511,255
13778,1,511,251
13779,1,511,248
13780,1,511,243
13781,1,511,241
13782,1,510,235
13783,1,511,233
13784,1,510,230
13785,1,512,235
13786,1,512,232
13787,1,875,317
13788,1,873,321
13789,1,871,326
13790,1,869,330
13791,1,867,334
13792,1,864,339
13793,1,862,343
13794,1,860,347
13795,1,858,352
13796,1,856,356
13797,0,0,0
13798,0,0,0
13799,0,0,0
13800,0,0,0
13801,0,0,0
13802,0,0,0
13803,0,0,0
13804,0,0,0
13805,0,0,0
13806,0,0,0
13807,0,0,0
13808,0,0,0
13809,0,0,0
13810,0,0,0
13811,0,0,0
13812,0,0,0
13813,0,0,0
13814,0,0,0
13815,1,816,438
13816,1,815,438
13817,1,815,438
13818,1,812,437
13819,1,810,436
13820,1,808,435
13821,1,808,433
13822,1,806,433
13823,1,804,433
13824,1,801,432
13825,1,799,432
13826,1,797,431
13827,1,795,431
13828,1,792,430
13829,1,790,430
13830,1,500,340
13831,1,500,336
13832,1,501,335
13833,1,501,330
13834,1,501,325
13835,1,501,323
13836,1,501,321
13837,1,500,315
13838,1,500,313
13839,1,501,311
13840,1,500,308
13841,1,500,306
13842,1,500,305
13843,1,500,303
13844,0,0,0
13845,1,503,300
13846,1,503,301
13847,1,505,292
13848,1,505,290
13849,1,505,290
13850,1,505,287
13851,1,505,289
13852,1,505,291
13853,1,505,292
13854,1,505,294
13855,1,505,296
13856,1,505,298
13857,1,505,300
13858,1,505,301
13859,1,505,303
13860,1,505,305
13861,1,508,308
13862,1,508,305
13863,1,508,298
13864,1,510,295
13865,1,510,286
13866,1,511,283
13867,1,513,276
13868,1,513,271
13869,1,518,268
13870,1,518,261
13871,1,518,258
13872,1,520,255
13873,1,523,251
13874,1,525,250
13875,1,526,246
13876,1,530,241
13877,1,535,236
13878,1,536,233
13879,1,538,231
13880,1,540,226
13881,1,543,223
13882,1,545,221
13883,1,548,218
13884,1,551,216
13885,1,555,215
13886,1,556,215
13887,1,557,212
13888,1,560,210
13889,1,563,206
13890,1,566,208
13891,1,570,208
13892,1,573,205
13893,1,578,203
13894,1,581,200
13895,1,580,197
13896,1,585,197
13897,1,590,197
13898,1,591,195
13899,1,598,198
13900,1,598,195
13901,1,603,195
13902,1,607,197
13903,1,610,200
13904,1,612,200
13905,1,618,200
13906,1,621,200
13907,1,628,201
13908,1,635,201
13909,1,636,203
13910,1,645,210
13911,1,651,213
13912,1,658,215
13913,1,668,218
13914,1,673,223
13915,1,678,228
13916,1,685,233
13917,1,688,236
13918,1,695,243
13919,1,701,251
13920,1,712,262
13921,1,721,270
13922,1,731,281
13923,1,745,292
13924,1,752,300
13925,1,758,328
13926,1,756,330
13927,1,758,331
13928,0,0,0
13929,1,768,280
13930,1,768,248
13931,1,768,228
13932,0,0,0
13933,1,765,191
13934,1,765,175
13935,1,760,163
13936,1,760,145
13937,1,763,130
13938,1,761,113
13939,1,763,101
13940,1,761,91
13941,1,760,80
13942,0,0,0
13943,0,0,0
13944,1,760,43
13945,1,758,31
13946,1,753,18
13947,1,751,13
13948,1,751,11
13949,0,0,0
13950,1,748,10
13951,1,783,303
13952,1,786,300
13953,1,788,301
13954,1,790,305
13955,1,788,306
13956,1,790,305
13957,1,791,305
13958,1,789,297
13959,1,787,290
13960,1,785,282
13961,1,784,275
13962,1,782,267
13963,1,780,260
13964,1,778,252
13965,1,776,244
13966,1,774,237
13967,0,0,0
13968,0,0,0
13969,0,0,0
13970,0,0,0
13971,0,0,0
13972,0,0,0
13973,0,0,0
13974,0,0,0
13975,0,0,0
13976,0,0,0
13977,0,0,0
13978,0,0,0
13979,0,0,0
13980,0,0,0
13981,0,0,0
13982,0,0,0
13983,0,0,0
13984,0,0,0
13985,0,0,0
13986,0,0,0
13987,0,0,0
13988,0,0,0
13989,0,0,0
13990,0,0,0
13991,0,0,0
13992,0,0,0
13993,0,0,0
13994,0,0,0
13995,1,720,17
13996,1,715,15
13997,1,716,18
13998,1,716,30
13999,1,715,36
14000,1,716,43
14001,1,716,50
14002,1,716,60
14003,1,716,70
14004,1,716,75
14005,1,715,85
14006,1,715,95
14007,1,715,103
14008,1,715,110
14009,1,715,118
14010,1,711,126
14011,1,711,140
14012,1,711,151
14013,1,711,161
14014,1,710,176
14015,1,708,188
14016,1,706,200
14017,1,706,210
14018,1,705,218
14019,1,706,230
14020,1,703,241
14021,1,703,251
14022,1,703,268
14023,1,703,278
14024,0,0,0
14025,1,703,286
14026,1,700,283
14027,1,701,271
14028,1,698,251
14029,1,698,241
14030,1,700,228
14031,1,698,216
14032,1,696,205
14033,1,695,191
14034,1,695,181
14035,1,693,170
14036,1,690,165
14037,1,686,148
14038,1,685,138
14039,1,681,126
14040,1,685,121
14041,1,681,111
14042,1,681,101
14043,1,680,93
14044,1,680,83
14045,1,680,75
14046,1,678,68
14047,0,0,0
14048,0,0,0
14049,0,0,0
14050,0,0,0
14051,0,0,0
14052,1,671,33
14053,1,670,30
14054,0,0,0
14055,0,0,0
14056,0,0,0
14057,1,671,13
14058,1,669,52
14059,0,0,0
14060,0,0,0
14061,0,0,0
14062,1,663,208
14063,1,661,246
14064,1,660,285
14065,1,658,324
14066,1,657,363
14067,1,655,402
14068,1,657,405
14069,1,654,406
14070,1,651,406
14071,1,648,407
14072,1,645,408
14073,1,642,409
14074,1,639,410
14075,1,636,410
14076,1,633,411
14077,1,630,388
14078,1,630,381
14079,1,628,358
14080,1,623,336
14081,1,620,313
14082,1,620,303
14083,1,620,288
14084,1,620,281
14085,1,617,227
14086,1,620,227
14087,1,620,230
14088,1,618,231
14089,1,617,232
14090,0,0,0
14091,0,0,0
14092,0,0,0
14093,0,0,0
14094,1,623,43
14095,1,620,46
14096,1,620,53
14097,1,620,58
14098,1,618,65
14099,1,616,71
14100,1,611,83
14101,1,611,90
14102,1,611,98
14103,1,611,101
14104,1,608,111
14105,1,608,120
14106,1,608,128
14107,1,606,138
14108,1,606,148
14109,1,605,155
14110,1,603,166
14111,1,600,176
14112,1,596,188
14113,1,591,195
14114,1,585,201
14115,0,0,0
14116,1,573,225
14117,1,565,231
14118,1,555,237
14119,1,555,245
14120,1,550,253
14121,1,546,261
14122,1,541,275
14123,1,538,281
14124,1,536,286
14125,1,530,296
14126,1,528,305
14127,1,526,310
14128,1,523,313
14129,1,520,323
14130,0,0,0
14131,0,0,0
14132,1,510,348
14133,1,511,350
14134,1,511,358
14135,1,510,361
14136,1,510,363
14137,0,0,0
14138,0,0,0
14139,1,513,341
14140,1,515,333
14141,1,515,325
14142,1,516,315
14143,1,518,308
14144,1,520,300
14145,1,520,293
14146,1,521,285
14147,1,525,273
14148,1,526,261
14149,1,528,251
14150,1,533,241
14151,1,536,231
14152,1,536,221
14153,1,536,216
14154,1,541,203
14155,1,543,193
14156,1,545,188
14157,1,546,178
14158,1,548,170
14159,1,550,165
14160,1,553,156
14161,1,555,148
14162,1,556,140
14163,1,560,130
14164,1,565,125
14165,1,566,116
14166,1,570,110
14167,1,573,100
14168,1,575,95
14169,1,578,88
14170,1,580,81
14171,1,581,75
14172,1,583,70
14173,1,588,61
14174,1,588,60
14175,1,595,51
14176,1,596,48
14177,1,600,41
14178,1,603,33
14179,1,605,28
14180,1,605,16
14181,1,615,13
14182,1,616,10
14183,1,618,10
14184,1,623,8
14185,0,0,0
14186,0,0,0
14187,0,0,0
14188,0,0,0
14189,0,0,0
14190,0,0,0
14191,0,0,0
14192,0,0,0
14193,0,0,0
14194,0,0,0
14195,0,0,0
14196,0,0,0
14197,0,0,0
14198,0,0,0
14199,0,0,0
14200,0,0,0
14201,0,0,0
14202,0,0,0
14203,0,0,0
14204,0,0,0
14205,0,0,0
14206,0,0,0
14207,0,0,0
14208,0,0,0
14209,0,0,0
14210,0,0,0
14211,0,0,0
14212,0,0,0
14213,0,0,0
14214,0,0,0
14215,0,0,0
14216,0,0,0
14217,0,0,0
14218,0,0,0
14219,0,0,0
14220,0,0,0
14221,0,0,0
14222,0,0,0
14223,0,0,0
14224,0,0,0
14225,0,0,0
14226,0,0,0
14227,0,0,0
14228,0,0,0
14229,0,0,0
14230,0,0,0
14231,0,0,0
14232,0,0,0
14233,0,0,0
14234,0,0,0
14235,0,0,0
14236,0,0,0
14237,0,0,0
14238,1,838,10
14239,1,841,13
14240,0,0,0
14241,1,855,20
14242,1,858,33
14243,1,863,41
14244,1,868,48
14245,1,873,58
14246,1,876,66
14247,1,883,73
14248,1,890,81
14249,1,895,91
14250,1,901,100
14251,1,910,113
14252,1,915,123
14253,1,920,128
14254,1,925,141
14255,1,933,151
14256,1,936,161
14257,1,941,175
14258,1,948,188
14259,1,953,201
14260,1,960,212
14261,1,963,223
14262,1,971,241
14263,1,976,256
14264,1,986,271
14265,1,991,288
14266,1,996,300
14267,1,1005,315
14268,1,1008,331
14269,1,1011,322
14270,1,1014,313
14271,1,1016,304
14272,0,0,0
14273,0,0,0
14274,1,1025,276
14275,1,1021,268
14276,1,1025,248
14277,1,1026,235
14278,1,1025,223
14279,1,1025,215
14280,1,1026,203
14281,1,1028,188
14282,1,1030,178
14283,1,1028,165
14284,1,1030,153
14285,1,1030,143
14286,1,1030,135
14287,1,1031,121
14288,1,1031,115
14289,1,1033,108
14290,1,1033,96
14291,1,1033,88
14292,1,1033,83
14293,1,1033,73
14294,1,1033,66
14295,1,1033,60
14296,1,1033,55
14297,1,1035,46
14298,1,1035,38
14299,1,1036,31
14300,0,0,0
14301,1,1035,16
14302,1,1035,11
14303,1,1035,17
14304,1,1035,15
14305,1,1041,6
14306,1,1043,5
14307,1,1035,7
14308,1,1035,7
14309,1,1035,7
14310,1,1021,27
14311,1,1007,47
14312,1,992,67
14313,1,978,87
14314,1,964,106
14315,1,950,126
14316,1,936,146
14317,1,922,166
14318,1,908,186
14319,0,0,0
14320,0,0,0
14321,0,0,0
14322,0,0,0
14323,0,0,0
14324,0,0,0
14325,0,0,0
14326,0,0,0
14327,1,780,365
14328,1,1037,20
14329,1,1040,7
14330,0,0,0
14331,0,0,0
14332,1,1040,10
14333,1,1037,10
14334,1,1043,5
14335,1,1041,5
14336,1,1041,8
14337,1,1040,15
14338,1,1042,22
14339,1,1038,31
14340,1,1038,38
14341,1,1038,43
14342,1,1038,48
14343,1,1040,50
14344,1,1040,55
14345,1,1040,60
14346,1,1040,68
14347,1,1041,73
14348,1,1041,83
14349,1,1041,88
14350,1,1040,96
14351,1,1041,101
14352,1,1041,111
14353,1,1040,123
14354,1,1036,128
14355,1,1038,136
14356,1,1038,146
14357,1,1038,155
14358,1,1036,163
14359,1,1036,170
14360,1,1040,176
14361,1,1036,190
14362,1,1036,200
14363,1,1040,205
14364,1,1036,216
14365,1,1036,226
14366,1,1036,235
14367,1,1036,246
14368,1,1036,258
14369,1,1036,266
14370,1,1035,283
14371,1,1037,290
14372,1,1035,300
14373,1,1036,313
14374,0,0,0
14375,0,0,0
14376,0,0,0
14377,1,1043,306
14378,1,1043,296
14379,1,1041,285
14380,1,1041,273
14381,1,1040,261
14382,1,1040,248
14383,1,1037,242
14384,1,1038,230
14385,1,1041,225
14386,1,1041,215
14387,1,1041,203
14388,1,1041,191
14389,1,1041,181
14390,1,1043,176
14391,1,1041,168
14392,1,1043,155
14393,1,1041,150
14394,1,1041,141
14395,1,1041,135
14396,1,1041,128
14397,1,1041,123
14398,1,1041,118
14399,1,1040,115
14400,0,0,0
14401,1,1041,101
14402,1,1041,96
14403,1,1041,86
14404,1,1041,81
14405,1,1041,75
14406,1,1041,71
14407,1,1041,66
14408,1,1041,63
14409,1,1041,58
14410,0,0,0
14411,0,0,0
14412,1,1040,48
14413,1,1038,48
14414,1,1038,46
14415,1,1041,45
14416,1,1041,41
14417,1,1041,38
14418,1,1041,35
14419,1,1040,33
14420,1,1036,31
14421,1,1036,31
14422,1,1036,31
14423,1,1035,31
14424,1,1035,33
14425,1,1033,31
14426,1,1033,31
14427,1,1031,33
14428,1,1030,36
14429,1,1026,38
14430,1,1031,36
14431,1,1031,40
14432,1,1031,41
14433,1,1031,41
14434,1,1030,43
14435,1,1030,46
14436,1,1030,46
14437,1,1030,48
14438,1,1033,55
14439,1,1031,56
14440,1,1031,58
14441,1,1030,63
14442,1,1031,68
14443,1,1030,73
14444,1,1031,76
14445,1,1028,85
14446,1,1028,88
14447,1,1026,95
14448,1,1026,100
14449,1,1026,103
14450,1,1025,110
14451,1,1026,115
14452,1,1026,123
14453,1,1026,128
14454,1,1026,136
14455,1,1026,143
14456,1,1026,151
14457,1,1028,156
14458,1,1026,168
14459,1,1028,176
14460,1,1025,188
14461,1,1025,191
14462,1,1025,201
14463,1,1025,208
14464,1,1023,218
14465,1,1023,228
14466,1,1025,235
14467,1,1025,246
14468,1,1025,258
14469,1,1023,268
14470,1,1023,278
14471,1,1025,288
14472,1,1026,301
14473,1,1025,315
14474,1,1026,323
14475,1,1023,325
14476,1,1020,328
14477,1,1016,330
14478,1,1013,333
14479,1,1010,335
14480,1,1010,325
14481,1,1006,320
14482,1,1005,310
14483,1,1001,300
14484,1,1000,290
14485,1,995,283
14486,1,990,276
14487,1,988,273
14488,1,983,270
14489,1,980,260
14490,1,976,251
14491,1,970,245
14492,1,968,241
14493,1,963,233
14494,1,960,228
14495,1,955,223
14496,1,953,220
14497,1,950,215
14498,1,948,215
14499,1,945,208
14500,1,941,205
14501,1,936,203
14502,1,935,201
14503,1,928,195
14504,1,925,196
14505,1,922,190
14506,1,925,193
14507,1,920,191
14508,1,912,187
14509,1,912,185
14510,1,910,185
14511,1,907,185
14512,0,0,0
14513,0,0,0
14514,0,0,0
14515,0,0,0
14516,0,0,0
14517,1,885,187
14518,1,885,187
14519,0,0,0
14520,0,0,0
14521,0,0,0
14522,1,875,195
14523,1,873,195
14524,1,870,196
14525,1,866,198
14526,1,861,201
14527,1,860,205
14528,1,856,206
14529,1,856,208
14530,1,850,216
14531,1,848,218
14532,1,845,221
14533,1,843,225
14534,1,841,230
14535,1,840,231
14536,1,836,241
14537,1,835,243
14538,1,831,248
14539,1,830,253
14540,1,828,256
14541,1,823,263
14542,1,820,270
14543,1,818,276
14544,1,816,281
14545,1,813,286
14546,1,811,293
14547,1,811,298
14548,1,808,305
14549,1,806,310
14550,1,802,312
14551,1,800,320
14552,1,797,320
14553,1,797,321
14554,1,797,321
14555,1,797,322
14556,1,797,323
14557,1,797,324
14558,1,797,324
14559,1,797,325
14560,1,797,326
14561,1,797,326
14562,1,797,327
14563,1,802,322
14564,1,805,315
14565,1,808,311
14566,1,810,306
14567,1,813,301
14568,1,815,295
14569,1,820,290
14570,1,821,286
14571,1,821,281
14572,1,823,275
14573,1,826,271
14574,1,828,261
14575,1,830,258
14576,1,831,255
14577,1,833,250
14578,1,836,246
14579,1,838,245
14580,1,841,243
14581,1,843,240
14582,1,845,232
14583,1,847,230
14584,1,850,227
14585,1,850,225
14586,1,852,225
14587,1,856,221
14588,1,858,220
14589,1,863,221
14590,1,863,218
14591,1,868,218
14592,1,867,217
14593,1,870,215
14594,1,870,215
14595,1,872,215
14596,1,875,217
14597,1,877,217
14598,1,882,217
14599,1,885,215
14600,1,887,215
14601,1,890,217
14602,1,893,218
14603,1,892,217
14604,1,900,223
14605,1,897,225
14606,1,897,225
14607,1,902,230
14608,1,905,230
14609,1,907,232
14610,1,910,235
14611,1,911,240
14612,1,913,243
14613,1,916,246
14614,1,918,250
14615,1,921,253
14616,1,925,260
14617,1,926,261
14618,1,928,270
14619,1,930,273
14620,1,935,280
14621,1,938,283
14622,1,940,288
14623,1,941,298
14624,1,945,305
14625,1,948,310
14626,1,950,321
14627,1,953,328
14628,1,956,335
14629,1,960,337
14630,1,961,348
14631,1,965,353
14632,1,966,363
14633,1,970,370
14634,1,973,378
14635,1,975,388
14636,1,978,396
14637,1,981,408
14638,1,983,420
14639,1,988,428
14640,1,1000,440
14641,1,992,447
14642,1,996,458
14643,1,998,446
14644,1,998,438
14645,1,996,431
14646,1,998,421
14647,1,998,416
14648,1,998,408
14649,1,1000,403
14650,1,998,395
14651,1,998,390
14652,1,998,381
14653,1,998,376
14654,1,998,368
14655,1,998,370
14656,1,998,365
14657,1,998,360
14658,1,998,353
14659,1,998,348
14660,0,0,0
14661,1,996,338
14662,1,996,336
14663,1,996,333
14664,1,996,331
14665,1,996,328
14666,1,995,326
14667,1,996,326
14668,0,0,0
14669,1,995,323
14670,0,0,0
14671,1,995,320
14672,1,995,320
14673,1,995,317
14674,1,1003,313
14675,1,1000,313
14676,1,1000,311
14677,1,1000,311
14678,1,998,311
14679,1,998,313
14680,1,998,313
14681,1,996,315
14682,1,996,316
14683,1,998,321
14684,1,996,323
14685,1,1000,325
14686,1,1000,328
14687,1,998,331
14688,0,0,0
14689,0,0,0
14690,0,0,0
14691,0,0,0
14692,0,0,0
14693,1,1000,350
14694,1,1000,353
14695,1,1000,356
14696,1,1000,360
14697,1,1001,365
14698,1,1000,373
14699,1,1001,378
14700,1,1001,381
14701,1,1001,388
14702,1,1001,393
14703,1,1000,401
14704,1,1000,406
14705,1,1000,413
14706,1,1001,420
14707,1,998,430
14708,1,1000,438
14709,0,0,0
14710,0,0,0
14711,1,1000,445
14712,1,1003,441
14713,1,1003,438
14714,1,1003,431
14715,1,1000,428
14716,1,1003,421
14717,1,1003,415
14718,1,1003,408
14719,1,1003,403
14720,1,1003,401
14721,1,1003,393
14722,1,1005,390
14723,1,1006,388
14724,1,1006,386
14725,1,1006,383
14726,1,1006,381
14727,1,1006,381
14728,1,1006,380
14729,1,1006,381
14730,1,1008,376
14731,1,1008,375
14732,1,1007,372
14733,1,1000,377
14734,1,1008,368
14735,0,0,0
14736,0,0,0
14737,0,0,0
14738,0,0,0
14739,1,997,367
14740,1,997,367
14741,1,1008,366
14742,1,1015,377
14743,1,1015,377
14744,1,1015,377
14745,1,1012,377
14746,1,1013,378
14747,1,1013,380
14748,1,1015,380
14749,1,1013,381
14750,1,1015,383
14751,1,1015,385
14752,1,1015,388
14753,1,1012,397
14754,1,1012,400
14755,1,1015,400
14756,1,1015,403
14757,1,1015,408
14758,1,1015,415
14759,1,1015,420
14760,1,1016,420
14761,1,1015,427
14762,1,1016,435
14763,1,1016,440
14764,1,1018,443
14765,1,1018,441
14766,1,1020,438
14767,1,1020,435
14768,1,1020,431
14769,1,1020,421
14770,1,1021,420
14771,1,1021,416
14772,1,1021,416
14773,1,1023,413
14774,1,1021,411
14775,1,1021,413
14776,1,1023,410
14777,1,1025,406
14778,1,1025,403
14779,1,1025,401
14780,1,1025,401
14781,1,1025,401
14782,1,1128,473
14783,1,1107,459
14784,1,1086,445
14785,1,1064,430
14786,1,1043,416
14787,1,1022,402
14788,1,1022,402
14789,1,1023,405
14790,1,1030,408
14791,1,1028,403
14792,1,1028,403
14793,1,1028,401
14794,1,1030,401
14795,1,1028,401
14796,1,1030,403
14797,1,1030,405
14798,1,1031,406
14799,1,1031,408
14800,1,1030,411
14801,0,0,0
14802,0,0,0
14803,1,1030,420
14804,1,1030,426
14805,1,1028,431
14806,1,1030,436
14807,1,1028,443
14808,1,1030,446
14809,1,1030,448
14810,1,1030,443
14811,1,1031,440
14812,1,1031,435
14813,1,1033,433
14814,1,1032,430
14815,1,1030,430
14816,1,1030,427
14817,1,1033,423
14818,1,1033,423
14819,1,1033,421
14820,1,1030,425
14821,1,1027,425
14822,1,1027,422
14823,1,1030,415
14824,1,1030,415
14825,1,1030,412
14826,1,1030,412
14827,1,1030,410
14828,1,1030,410
14829,1,1030,410
14830,1,1030,410
14831,1,1030,410
14832,1,1035,422
14833,1,1032,422
14834,1,1032,422
14835,1,1032,422
14836,1,1032,422
14837,1,1030,422
14838,1,1032,425
14839,1,1032,425
14840,1,1032,427
14841,1,1032,432
14842,1,1035,432
14843,1,1035,432
14844,1,1035,432
14845,1,1035,435
14846,1,1035,435
14847,1,1035,435
14848,1,1035,435
14849,1,997,433
14850,1,958,432
14851,1,920,430
14852,1,882,429
14853,1,843,427
14854,1,805,426
14855,1,767,424
14856,1,728,422
14857,1,690,421
14858,0,0,0
14859,0,0,0
14860,0,0,0
14861,0,0,0
14862,0,0,0
14863,0,0,0
14864,0,0,0
14865,0,0,0
14866,0,0,0
14867,1,307,405
14868,1,311,404
14869,1,315,402
14870,1,319,401
14871,1,323,400
14872,1,327,399
14873,1,331,397
14874,1,335,396
14875,1,339,395
14876,0,0,0
14877,0,0,0
14878,0,0,0
14879,0,0,0
14880,0,0,0
14881,0,0,0
14882,0,0,0
14883,0,0,0
14884,0,0,0
14885,0,0,0
14886,0,0,0
14887,0,0,0
14888,0,0,0
14889,0,0,0
14890,0,0,0
14891,0,0,0
14892,0,0,0
14893,0,0,0
14894,0,0,0
14895,0,0,0
14896,0,0,0
14897,0,0,0
14898,0,0,0
14899,0,0,0
14900,0,0,0
14901,0,0,0
14902,0,0,0
14903,0,0,0
14904,0,0,0
14905,0,0,0
14906,0,0,0
14907,0,0,0
14908,0,0,0
14909,0,0,0
14910,1,481,350
14911,1,481,351
14912,1,481,350
14913,1,481,346
14914,1,480,348
14915,1,472,342
14916,1,480,341
14917,1,476,336
14918,1,476,333
14919,1,476,330
14920,1,476,326
14921,1,476,325
14922,1,475,323
14923,1,476,321
14924,1,475,316
14925,1,476,315
14926,1,478,313
14927,1,478,311
14928,1,478,308
14929,1,478,305
14930,1,478,300
14931,1,480,300
14932,1,480,298
14933,1,480,297
14934,1,477,295
14935,1,477,295
14936,1,477,295
14937,1,477,295
14938,1,476,296
14939,1,476,298
14940,1,480,313
14941,1,483,328
14942,1,485,306
14943,1,486,305
14944,1,486,308
14945,1,486,308
14946,1,486,308
14947,1,486,303
14948,1,485,298
14949,1,488,295
14950,1,486,288
14951,1,488,285
14952,1,488,280
14953,1,488,278
14954,1,488,276
14955,1,490,270
14956,1,493,266
14957,1,498,261
14958,1,501,260
14959,1,508,256
14960,1,510,251
14961,1,515,248
14962,1,516,243
14963,1,521,236
14964,1,523,235
14965,1,528,231
14966,1,530,230
14967,1,533,225
14968,1,535,223
14969,1,536,221
14970,1,538,223
14971,1,541,218
14972,1,548,215
14973,1,550,212
14974,1,555,206
14975,1,561,206
14976,1,563,203
14977,1,568,200
14978,1,573,196
14979,1,580,198
14980,1,581,193
14981,1,590,190
14982,1,591,190
14983,1,596,188
14984,1,602,190
14985,1,606,188
14986,1,612,187
14987,0,0,0
14988,1,623,183
14989,1,631,183
14990,1,635,185
14991,1,642,185
14992,1,650,187
14993,1,655,187
14994,1,667,190
14995,1,676,188
14996,1,683,191
14997,1,695,193
14998,1,705,196
14999,1,713,201
15000,1,725,203
15001,1,735,206
15002,1,745,215
15003,1,756,218
15004,1,770,223
15005,1,780,230
15006,1,792,227
15007,1,802,235
15008,1,820,245
15009,0,0,0
15010,1,850,267
15011,1,853,251
15012,1,853,243
15013,1,847,225
15014,1,845,212
15015,1,836,203
15016,1,833,188
15017,1,831,173
15018,1,830,161
15019,1,821,150
15020,1,820,140
15021,1,818,128
15022,1,816,121
15023,1,815,115
15024,1,813,103
15025,1,810,98
15026,1,805,91
15027,1,803,86
15028,1,795,83
15029,0,0,0
15030,1,791,71
15031,1,790,65
15032,1,790,60
15033,1,788,55
15034,0,0,0
15035,0,0,0
15036,0,0,0
15037,0,0,0
15038,0,0,0
15039,0,0,0
15040,0,0,0
15041,0,0,0
15042,0,0,0
15043,0,0,0
15044,0,0,0
15045,0,0,0
15046,0,0,0
15047,0,0,0
15048,0,0,0
15049,0,0,0
15050,0,0,0
15051,0,0,0
15052,0,0,0
15053,0,0,0
15054,0,0,0
15055,0,0,0
15056,0,0,0
15057,1,728,70
15058,1,726,73
15059,0,0,0
15060,1,716,86
15061,1,716,90
15062,1,715,95
15063,1,715,98
15064,1,713,101
15065,1,711,108
15066,1,710,113
15067,1,708,120
15068,1,706,126
15069,1,706,130
15070,1,705,138
15071,1,703,146
15072,1,703,153
15073,1,700,163
15074,1,698,170
15075,1,698,175
15076,1,696,181
15077,1,695,193
15078,1,691,205
15079,1,690,215
15080,1,688,220
15081,1,688,231
15082,1,686,241
15083,1,685,250
15084,1,685,260
15085,1,681,270
15086,1,680,281
15087,1,681,286
15088,1,680,298
15089,1,678,300
15090,1,688,283
15091,1,686,276
15092,1,688,261
15093,1,688,248
15094,1,695,233
15095,1,696,221
15096,1,700,210
15097,1,701,200
15098,1,705,188
15099,1,708,176
15100,1,711,163
15101,1,713,151
15102,1,715,140
15103,1,717,135
15104,1,721,123
15105,1,726,115
15106,1,731,103
15107,1,733,98
15108,1,733,90
15109,1,736,81
15110,1,738,73
15111,0,0,0
15112,0,0,0
15113,0,0,0
15114,1,755,46
15115,0,0,0
15116,1,761,35
15117,1,763,30
15118,1,768,28
15119,0,0,0
15120,0,0,0
15121,1,770,15
15122,0,0,0
15123,0,0,0
15124,1,1108,376
15125,1,1100,368
15126,1,1100,363
15127,1,1098,360
15128,1,1099,356
15129,1,1100,352
15130,1,1100,357
15131,0,0,0
15132,0,0,0
15133,0,0,0
15134,1,978,376
15135,1,1070,405
15136,1,1056,405
15137,1,1045,418
15138,1,1026,430
15139,1,1001,425
15140,1,975,421
15141,1,950,416
15142,1,941,403
15143,1,941,386
15144,0,0,0
15145,0,0,0
15146,0,0,0
15147,0,0,0
15148,1,928,306
15149,1,930,290
15150,1,936,251
15151,1,912,170
15152,1,887,89
15153,1,863,8
15154,1,865,8
15155,1,868,11
15156,1,871,15
15157,0,0,0
15158,0,0,0
15159,0,0,0
15160,0,0,0
15161,0,0,0
15162,0,0,0
15163,0,0,0
15164,0,0,0
15165,0,0,0
15166,1,895,75
15167,1,896,85
15168,1,900,90
15169,1,901,98
15170,1,905,110
15171,1,910,113
15172,1,911,123
15173,1,913,130
15174,1,916,140
15175,1,916,148
15176,1,920,160
15177,1,921,173
15178,1,920,181
15179,0,0,0
15180,1,881,195
15181,1,860,203
15182,0,0,0
15183,1,815,221
15184,1,795,233
15185,1,781,243
15186,1,763,248
15187,1,750,255
15188,1,730,268
15189,1,721,273
15190,1,703,283
15191,1,688,290
15192,1,675,301
15193,1,668,310
15194,1,648,316
15195,0,0,0
15196,1,630,331
15197,1,623,336
15198,1,618,343
15199,1,608,350
15200,1,603,356
15201,0,0,0
15202,0,0,0
15203,1,575,378
15204,1,575,376
15205,1,572,380
15206,1,570,377
15207,1,570,377
15208,1,567,377
15209,1,572,380
15210,1,571,358
15211,1,570,360
15212,1,570,360
15213,1,570,360
15214,1,570,356
15215,1,568,356
15216,1,568,353
15217,1,568,350
15218,1,563,350
15219,1,565,348
15220,1,561,343
15221,1,560,343
15222,1,560,343
15223,1,556,343
15224,1,555,341
15225,1,557,342
15226,1,555,342
15227,1,556,343
15228,1,556,343
15229,1,555,343
15230,1,553,343
15231,1,551,343
15232,1,548,345
15233,1,550,348
15234,1,548,348
15235,1,545,350
15236,1,541,350
15237,1,541,351
15238,1,540,356
15239,1,538,358
15240,1,538,360
15241,1,538,363
15242,1,536,366
15243,1,536,370
15244,0,0,0
15245,0,0,0
15246,1,533,378
15247,1,530,380
15248,1,530,386
15249,1,528,391
15250,1,526,395
15251,1,525,401
15252,1,525,405
15253,1,523,411
15254,1,521,418
15255,1,520,430
15256,1,516,430
15257,1,516,428
15258,1,515,421
15259,1,510,416
15260,1,508,411
15261,1,501,411
15262,1,500,405
15263,1,498,403
15264,1,498,396
15265,1,496,395
15266,1,491,393
15267,1,488,391
15268,1,486,391
15269,1,483,391
15270,1,477,382
15271,1,475,382
15272,1,473,378
15273,1,473,380
15274,1,470,376
15275,1,466,378
15276,1,463,380
15277,1,460,375
15278,1,456,376
15279,1,458,376
15280,1,452,377
15281,1,450,376
15282,1,445,376
15283,1,440,376
15284,1,435,380
15285,1,431,385
15286,1,431,390
15287,1,428,385
15288,1,428,385
15289,1,428,388
15290,1,421,393
15291,1,420,393
15292,1,418,393
15293,1,415,401
15294,1,411,403
15295,1,406,405
15296,1,401,410
15297,1,400,415
15298,1,395,418
15299,1,393,423
15300,1,397,422
15301,1,402,420
15302,1,406,419
15303,1,411,418
15304,1,415,417
15305,1,420,415
15306,1,424,414
15307,1,428,413
15308,1,433,412
15309,0,0,0
15310,0,0,0
15311,0,0,0
15312,0,0,0
15313,0,0,0
15314,0,0,0
15315,0,0,0
15316,0,0,0
15317,0,0,0
15318,0,0,0
15319,0,0,0
15320,0,0,0
15321,0,0,0
15322,0,0,0
15323,0,0,0
15324,0,0,0
15325,0,0,0
15326,0,0,0
15327,0,0,0
15328,0,0,0
15329,1,526,385
15330,1,497,364
15331,1,467,342
15332,1,438,321
15333,1,408,299
15334,1,379,278
15335,1,349,256
15336,1,320,235
15337,1,1247,32
15338,0,0,0
15339,0,0,0
15340,1,1002,10
15341,1,872,20
15342,0,0,0
15343,1,870,25
15344,1,694,89
15345,1,518,153
15346,1,515,161
15347,1,515,166
15348,1,513,171
15349,1,511,178
15350,1,511,181
15351,1,508,190
15352,1,508,196
15353,1,503,206
15354,1,501,218
15355,1,503,223
15356,1,503,230
15357,1,503,233
15358,1,500,246
15359,0,0,0
15360,1,1222,695
15361,0,0,0
15362,1,495,270
15363,1,493,278
15364,1,495,283
15365,1,493,288
15366,1,1212,662
15367,0,0,0
15368,0,0,0
15369,0,0,0
15370,0,0,0
15371,1,493,300
15372,0,0,0
15373,1,982,550
15374,1,503,285
15375,1,501,281
15376,0,0,0
15377,1,1037,510
15378,1,508,248
15379,1,510,241
15380,1,515,230
15381,1,516,218
15382,1,520,206
15383,1,521,198
15384,0,0,0
15385,1,526,181
15386,1,526,176
15387,1,526,168
15388,1,528,165
15389,1,528,155
15390,1,530,150
15391,1,535,143
15392,0,0,0
15393,0,0,0
15394,1,540,113
15395,1,543,98
15396,0,0,0
15397,0,0,0
15398,1,550,83
15399,1,551,73
15400,1,553,70
15401,1,553,65
15402,1,555,60
15403,1,556,55
15404,1,558,48
15405,1,565,48
15406,1,566,43
15407,1,568,31
15408,0,0,0
15409,1,571,13
15410,1,571,10
15411,1,572,17
15412,1,572,17
15413,1,572,17
15414,1,572,17
15415,0,0,0
15416,0,0,0
15417,1,510,368
15418,1,591,392
15419,1,671,415
15420,1,752,439
15421,1,832,462
15422,1,913,486
15423,1,931,485
15424,1,949,484
15425,1,967,482
15426,1,985,481
15427,1,1003,480
15428,0,0,0
15429,0,0,0
15430,0,0,0
15431,0,0,0
15432,0,0,0
15433,1,1110,473
15434,1,1111,466
15435,0,0,0
15436,0,0,0
15437,0,0,0
15438,0,0,0
15439,1,1017,622
15440,1,1017,620
15441,1,1017,620
15442,0,0,0
15443,0,0,0
15444,0,0,0
15445,0,0,0
15446,0,0,0
15447,0,0,0
15448,0,0,0
15449,0,0,0
15450,0,0,0
15451,0,0,0
15452,0,0,0
15453,0,0,0
15454,0,0,0
15455,0,0,0
15456,0,0,0
15457,0,0,0
15458,0,0,0
15459,0,0,0
15460,0,0,0
15461,0,0,0
15462,0,0,0
15463,0,0,0
15464,1,1028,468
15465,1,1002,460
15466,0,0,0
15467,0,0,0
15468,1,977,455
15469,1,967,454
15470,1,957,452
15471,1,947,451
15472,1,937,449
15473,1,927,448
15474,1,918,446
15475,1,908,445
15476,1,898,444
15477,1,888,442
15478,0,0,0
15479,0,0,0
15480,1,858,438
15481,1,846,421
15482,1,856,403
15483,1,846,393
15484,1,840,390
15485,1,840,380
15486,0,0,0
15487,0,0,0
15488,0,0,0
15489,0,0,0
15490,0,0,0
15491,1,843,299
15492,1,843,285
15493,1,845,281
15494,1,845,275
15495,1,846,267
15496,1,847,259
15497,1,848,251
15498,0,0,0
15499,0,0,0
15500,1,846,238
15501,1,846,234
15502,1,846,229
15503,1,845,225
15504,0,0,0
15505,0,0,0
15506,1,845,217
15507,1,850,217
15508,1,850,217
15509,1,850,220
15510,1,850,220
15511,1,850,221
15512,1,850,225
15513,1,850,227
15514,1,850,227
15515,1,847,230
15516,1,850,235
15517,1,850,277
15518,1,851,318
15519,1,852,360
15520,1,852,402
15521,1,855,405
15522,1,855,402
15523,0,0,0
15524,1,801,13
15525,0,0,0
15526,0,0,0
15527,0,0,0
15528,0,0,0
15529,0,0,0
15530,0,0,0
15531,0,0,0
15532,1,808,41
15533,1,810,46
15534,1,813,55
15535,1,815,58
15536,1,818,65
15537,1,820,70
15538,1,820,71
15539,1,828,86
15540,1,823,88
15541,1,825,100
15542,1,825,102
15543,1,827,110
15544,1,830,115
15545,1,831,121
15546,1,833,126
15547,1,835,143
15548,1,835,148
15549,1,835,151
15550,1,808,158
15551,1,781,165
15552,1,775,165
15553,0,0,0
15554,0,0,0
15555,1,741,180
15556,0,0,0
15557,1,710,203
15558,1,695,206
15559,1,678,210
15560,1,660,221
15561,0,0,0
15562,0,0,0
15563,0,0,0
15564,0,0,0
15565,0,0,0
15566,1,590,255
15567,0,0,0
15568,1,566,268
15569,1,556,276
15570,1,548,276
15571,1,540,285
15572,1,531,291
15573,1,525,296
15574,1,516,300
15575,1,508,303
15576,1,500,310
15577,1,496,313
15578,1,483,321
15579,1,480,322
15580,1,473,328
15581,0,0,0
15582,0,0,0
15583,0,0,0
15584,0,0,0
15585,1,865,270
15586,1,421,361
15587,1,415,366
15588,1,406,370
15589,1,401,375
15590,1,396,380
15591,1,391,386
15592,1,386,393
15593,1,378,396
15594,1,378,405
15595,1,375,408
15596,1,368,418
15597,0,0,0
15598,0,0,0
15599,1,357,432
15600,0,0,0
15601,0,0,0
15602,0,0,0
15603,1,863,358
15604,1,863,363
15605,1,863,366
15606,0,0,0
15607,0,0,0
15608,1,863,380
15609,1,863,385
15610,1,860,383
15611,1,858,383
15612,1,860,381
15613,1,799,388
15614,1,738,395
15615,1,677,402
15616,1,640,400
15617,1,602,399
15618,1,565,397
15619,1,528,396
15620,1,490,394
15621,1,453,393
15622,1,416,391
15623,1,378,390
15624,1,341,388
15625,1,340,385
15626,1,338,383
15627,1,333,383
15628,1,333,381
15629,1,331,378
15630,0,0,0
15631,0,0,0
15632,0,0,0
15633,1,336,378
15634,1,335,376
15635,1,333,376
15636,1,331,376
15637,1,330,376
15638,1,328,376
15639,1,328,375
15640,1,326,376
15641,1,325,375
15642,1,325,376
15643,1,323,378
15644,1,321,378
15645,1,328,375
15646,1,326,375
15647,1,325,375
15648,1,323,375
15649,0,0,0
15650,0,0,0
15651,0,0,0
15652,0,0,0
15653,1,315,376
15654,1,315,376
15655,1,313,378
15656,1,310,378
15657,1,308,378
15658,1,306,381
15659,1,305,383
15660,1,311,388
15661,1,311,386
15662,1,310,386
15663,1,310,385
15664,1,308,385
15665,1,306,385
15666,1,305,386
15667,1,305,386
15668,1,303,388
15669,1,301,390
15670,1,301,391
15671,0,0,0
15672,1,300,401
15673,1,298,403
15674,1,298,405
15675,1,298,403
15676,1,296,403
15677,1,295,408
15678,1,295,410
15679,1,293,410
15680,1,290,416
15681,1,290,418
15682,1,290,420
15683,1,290,420
15684,1,290,430
15685,1,288,430
15686,1,288,431
15687,1,288,431
15688,1,288,435
15689,1,286,438
15690,1,282,442
15691,1,280,445
15692,1,280,447
15693,1,277,452
15694,1,277,455
15695,1,276,456
15696,1,276,460
15697,1,275,465
15698,1,275,470
15699,1,276,473
15700,1,271,481
15701,1,270,485
15702,1,268,490
15703,1,266,496
15704,1,265,496
15705,1,270,496
15706,1,268,495
15707,1,263,495
15708,1,261,490
15709,1,260,485
15710,1,258,481
15711,1,256,476
15712,1,256,475
15713,1,253,471
15714,1,251,470
15715,1,248,466
15716,1,245,461
15717,1,243,463
15718,1,241,458
15719,1,236,460
15720,1,240,455
15721,1,237,452
15722,1,235,450
15723,1,235,446
15724,1,233,445
15725,1,231,443
15726,1,228,440
15727,1,226,435
15728,0,0,0
15729,0,0,0
15730,0,0,0
15731,0,0,0
15732,0,0,0
15733,1,210,430
15734,1,206,431
15735,1,220,436
15736,1,216,433
15737,1,207,427
15738,1,210,430
15739,1,208,428
15740,1,206,423
15741,1,203,421
15742,1,201,421
15743,1,195,421
15744,1,193,421
15745,1,190,421
15746,1,183,421
15747,1,181,421
15748,1,178,423
15749,1,176,423
15750,1,177,422
15751,1,177,422
15752,1,177,422
15753,1,180,423
15754,1,178,421
15755,1,175,421
15756,1,170,423
15757,1,170,421
15758,1,166,423
15759,1,166,423
15760,1,162,425
15761,1,160,425
15762,1,155,426
15763,1,151,428
15764,1,146,431
15765,1,151,431
15766,1,150,433
15767,1,146,433
15768,1,145,436
15769,1,145,436
15770,1,136,436
15771,1,136,441
15772,1,135,440
15773,1,135,437
15774,1,132,442
15775,1,130,448
15776,1,128,448
15777,1,123,450
15778,1,121,455
15779,1,120,456
15780,1,115,457
15781,1,115,462
15782,1,112,465
15783,1,110,465
15784,1,107,467
15785,1,102,472
15786,1,328,500
15787,1,554,529
15788,1,780,558
15789,1,1006,586
15790,1,998,581
15791,1,989,575
15792,1,981,570
15793,1,972,564
15794,1,964,559
15795,1,956,554
15796,1,947,548
15797,1,939,543
15798,1,930,538
15799,0,0,0
15800,0,0,0
15801,0,0,0
15802,0,0,0
15803,0,0,0
15804,0,0,0
15805,0,0,0
15806,0,0,0
15807,0,0,0
15808,0,0,0
15809,0,0,0
15810,0,0,0
15811,0,0,0
15812,0,0,0
15813,0,0,0
15814,0,0,0
15815,0,0,0
15816,0,0,0
15817,0,0,0
15818,0,0,0
15819,0,0,0
15820,0,0,0
15821,0,0,0
15822,0,0,0
15823,0,0,0
15824,0,0,0
15825,0,0,0
15826,0,0,0
15827,0,0,0
15828,0,0,0
15829,0,0,0
15830,0,0,0
15831,1,653,360
15832,1,650,356
15833,1,653,356
15834,1,653,355
15835,1,650,353
15836,1,648,350
15837,1,648,350
15838,1,648,345
15839,1,648,340
15840,1,646,331
15841,1,645,330
15842,1,645,325
15843,1,645,321
15844,1,643,320
15845,1,643,315
15846,1,643,313
15847,1,643,310
15848,1,641,308
15849,1,641,303
15850,1,641,301
15851,1,641,298
15852,1,641,298
15853,1,640,295
15854,1,638,298
15855,1,640,293
15856,1,637,292
15857,1,640,290
15858,1,640,288
15859,1,640,286
15860,1,640,285
15861,1,640,283
15862,1,638,280
15863,1,638,280
15864,1,638,280
15865,1,636,278
15866,1,636,278
15867,1,636,276
15868,1,635,278
15869,1,635,278
15870,1,630,272
15871,1,630,270
15872,1,630,272
15873,1,635,276
15874,1,636,281
15875,1,635,280
15876,1,635,283
15877,1,633,285
15878,1,633,285
15879,1,635,286
15880,1,630,285
15881,1,630,287
15882,1,630,292
15883,1,630,292
15884,1,630,295
15885,1,630,283
15886,1,628,280
15887,1,626,276
15888,1,626,270
15889,1,625,268
15890,1,623,261
15891,1,621,258
15892,1,621,253
15893,1,618,248
15894,1,620,245
15895,1,616,241
15896,1,615,236
15897,1,613,235
15898,1,613,231
15899,1,610,230
15900,1,610,228
15901,1,608,226
15902,1,608,223
15903,1,606,220
15904,1,605,216
15905,1,601,215
15906,1,600,213
15907,1,596,208
15908,1,595,206
15909,1,593,206
15910,1,591,201
15911,1,588,200
15912,1,581,198
15913,1,578,196
15914,1,576,196
15915,1,572,192
15916,1,572,192
15917,1,573,193
15918,1,567,190
15919,1,562,190
15920,1,560,192
15921,1,552,187
15922,1,550,187
15923,1,548,190
15924,1,548,191
15925,1,540,187
15926,1,537,187
15927,1,535,190
15928,1,526,190
15929,1,525,195
15930,1,523,195
15931,1,518,198
15932,1,513,201
15933,1,505,205
15934,1,502,207
15935,1,498,215
15936,1,495,216
15937,1,490,223
15938,1,483,228
15939,1,475,233
15940,1,471,240
15941,1,463,246
15942,1,460,256
15943,1,452,267
15944,1,445,276
15945,1,442,282
15946,1,435,295
15947,1,432,310
15948,1,430,303
15949,1,431,286
15950,1,433,271
15951,1,438,253
15952,1,443,230
15953,1,445,220
15954,1,450,196
15955,0,0,0
15956,1,460,165
15957,1,463,150
15958,1,468,136
15959,1,475,126
15960,0,0,0
15961,0,0,0
15962,1,488,93
15963,1,490,83
15964,1,495,73
15965,1,496,66
15966,0,0,0
15967,0,0,0
15968,1,513,41
15969,1,516,36
15970,1,518,20
15971,1,523,13
15972,1,527,20
15973,1,527,20
15974,1,527,20
15975,1,540,13
15976,1,541,8
15977,0,0,0
15978,0,0,0
15979,0,0,0
15980,0,0,0
15981,0,0,0
15982,0,0,0
15983,0,0,0
15984,0,0,0
15985,0,0,0
15986,0,0,0
15987,0,0,0
15988,0,0,0
15989,0,0,0
15990,0,0,0
15991,0,0,0
15992,0,0,0
15993,0,0,0
15994,0,0,0
15995,0,0,0
15996,0,0,0
15997,0,0,0
15998,0,0,0
15999,0,0,0
16000,0,0,0
16001,0,0,0
16002,1,628,10
16003,1,630,15
16004,0,0,0
16005,1,636,28
16006,1,641,35
16007,1,641,40
16008,1,643,45
16009,1,645,50
16010,1,648,55
16011,0,0,0
16012,1,655,68
16013,1,658,73
16014,1,660,81
16015,1,661,88
16016,1,663,98
16017,1,666,101
16018,1,666,110
16019,1,668,118
16020,1,671,123
16021,1,676,130
16022,1,676,141
16023,1,680,151
16024,1,680,161
16025,1,683,170
16026,1,686,181
16027,1,688,191
16028,1,693,200
16029,1,693,208
16030,1,695,218
16031,1,696,230
16032,1,698,241
16033,1,700,255
16034,1,701,261
16035,0,0,0
16036,0,0,0
16037,1,710,286
16038,1,708,276
16039,1,706,260
16040,1,705,246
16041,1,700,231
16042,1,698,216
16043,1,695,203
16044,1,695,190
16045,1,693,175
16046,1,688,165
16047,1,686,151
16048,1,685,140
16049,1,681,130
16050,1,681,125
16051,1,678,113
16052,1,675,101
16053,1,673,93
16054,1,671,85
16055,1,671,75
16056,0,0,0
16057,0,0,0
16058,1,677,245
16059,1,663,46
16060,1,661,40
16061,0,0,0
16062,0,0,0
16063,1,651,16
16064,0,0,0
16065,1,650,10
16066,1,665,301
16067,1,665,310
16068,1,663,315
16069,1,660,326
16070,1,655,331
16071,1,656,340
16072,1,653,341
16073,1,650,351
16074,0,0,0
16075,1,646,365
16076,1,542,390
16077,1,438,415
16078,1,435,408
16079,1,434,392
16080,1,432,375
16081,1,428,370
16082,1,424,365
16083,1,420,360
16084,1,422,360
16085,1,427,360
16086,1,430,362
16087,1,435,367
16088,1,435,370
16089,1,440,380
16090,1,445,390
16091,1,450,400
16092,1,463,408
16093,1,460,416
16094,1,476,417
16095,1,491,418
16096,1,506,418
16097,1,522,419
16098,1,538,420
16099,1,553,421
16100,1,552,406
16101,1,552,392
16102,1,551,378
16103,1,550,363
16104,1,550,356
16105,1,545,333
16106,1,538,315
16107,1,538,303
16108,1,531,285
16109,1,561,10
16110,0,0,0
16111,0,0,0
16112,1,555,33
16113,1,555,36
16114,1,553,43
16115,1,551,48
16116,1,551,55
16117,1,548,61
16118,1,548,71
16119,1,546,76
16120,1,545,85
16121,1,541,95
16122,1,540,101
16123,1,538,111
16124,1,536,120
16125,1,530,123
16126,1,526,136
16127,1,525,150
16128,1,523,161
16129,1,523,173
16130,1,521,181
16131,1,525,198
16132,1,525,205
16133,1,545,215
16134,1,557,215
16135,1,568,218
16136,1,580,228
16137,1,583,231
16138,1,593,240
16139,1,601,245
16140,1,606,248
16141,1,616,258
16142,1,625,263
16143,1,630,270
16144,1,633,273
16145,1,641,280
16146,1,643,286
16147,1,645,295
16148,1,650,298
16149,1,656,306
16150,1,660,311
16151,1,662,320
16152,1,670,325
16153,1,671,333
16154,1,675,338
16155,0,0,0
16156,1,686,363
16157,1,685,365
16158,1,683,358
16159,1,683,350
16160,1,683,341
16161,1,681,333
16162,1,680,323
16163,1,681,315
16164,1,683,306
16165,1,680,296
16166,1,678,286
16167,1,676,278
16168,1,675,271
16169,1,671,261
16170,1,670,246
16171,1,668,241
16172,1,668,233
16173,1,668,223
16174,1,666,216
16175,1,665,210
16176,1,663,203
16177,1,663,195
16178,1,661,190
16179,1,661,180
16180,1,661,173
16181,1,658,166
16182,1,658,161
16183,1,656,155
16184,1,655,148
16185,1,653,141
16186,1,651,135
16187,1,653,128
16188,1,651,123
16189,1,650,116
16190,1,650,113
16191,1,648,108
16192,1,648,103
16193,1,645,100
16194,1,646,95
16195,1,645,90
16196,1,643,85
16197,1,641,83
16198,0,0,0
16199,1,640,76
16200,0,0,0
16201,0,0,0
16202,0,0,0
16203,0,0,0
16204,0,0,0
16205,0,0,0
16206,0,0,0
16207,0,0,0
16208,0,0,0
16209,0,0,0
16210,0,0,0
16211,0,0,0
16212,0,0,0
16213,0,0,0
16214,1,623,45
16215,0,0,0
16216,0,0,0
16217,0,0,0
16218,0,0,0
16219,0,0,0
16220,0,0,0
16221,1,616,33
16222,0,0,0
16223,0,0,0
16224,0,0,0
16225,0,0,0
16226,0,0,0
16227,0,0,0
16228,0,0,0
16229,0,0,0
16230,1,605,41
16231,0,0,0
16232,1,601,41
16233,1,601,45
16234,1,601,45
16235,1,598,45
16236,1,596,45
16237,1,596,48
16238,1,596,48
16239,1,598,53
16240,1,596,53
16241,1,595,55
16242,1,595,58
16243,1,593,61
16244,1,593,65
16245,1,591,70
16246,1,591,73
16247,1,590,75
16248,1,588,80
16249,1,588,81
16250,1,588,83
16251,1,586,86
16252,1,586,91
16253,1,585,100
16254,1,583,103
16255,1,581,108
16256,1,581,113
16257,1,581,120
16258,1,580,125
16259,1,578,128
16260,1,575,136
16261,1,575,141
16262,1,573,148
16263,1,573,153
16264,1,570,161
16265,1,570,166
16266,1,570,173
16267,1,568,178
16268,1,566,188
16269,1,565,193
16270,1,565,201
16271,1,563,208
16272,1,563,216
16273,1,561,226
16274,1,561,233
16275,1,560,235
16276,1,557,245
16277,1,556,253
16278,1,556,258
16279,1,553,271
16280,1,553,280
16281,1,553,286
16282,1,550,301
16283,1,551,305
16284,1,553,298
16285,1,551,288
16286,1,551,281
16287,1,550,271
16288,1,553,260
16289,1,551,253
16290,1,553,250
16291,1,553,245
16292,1,555,235
16293,1,555,230
16294,1,555,223
16295,1,556,218
16296,1,555,212
16297,1,556,203
16298,1,556,200
16299,1,556,193
16300,1,556,190
16301,1,560,178
16302,1,560,175
16303,1,560,170
16304,1,560,168
16305,1,560,165
16306,1,561,161
16307,1,561,155
16308,1,563,150
16309,1,563,146
16310,1,565,143
16311,1,566,138
16312,1,566,135
16313,1,566,130
16314,1,566,128
16315,1,568,123
16316,1,568,121
16317,1,568,120
16318,1,568,120
16319,1,570,120
16320,1,571,116
16321,1,571,118
16322,0,0,0
16323,0,0,0
16324,0,0,0
16325,1,573,110
16326,1,573,110
16327,1,573,110
16328,1,573,110
16329,1,573,108
16330,1,575,110
16331,1,573,110
16332,1,575,110
16333,1,575,111
16334,1,573,110
16335,1,575,116
16336,1,576,111
16337,1,578,113
16338,1,580,113
16339,1,581,115
16340,1,580,113
16341,1,581,115
16342,1,581,118
16343,1,581,121
16344,1,583,125
16345,0,0,0
16346,0,0,0
16347,0,0,0
16348,0,0,0
16349,0,0,0
16350,1,586,143
16351,1,586,148
16352,1,586,153
16353,1,588,156
16354,1,588,161
16355,1,588,163
16356,1,590,166
16357,1,590,173
16358,1,590,178
16359,1,593,181
16360,1,593,190
16361,1,593,195
16362,1,595,203
16363,1,593,210
16364,1,595,215
16365,1,596,220
16366,1,596,226
16367,1,600,233
16368,1,600,241
16369,1,600,245
16370,1,598,251
16371,1,598,258
16372,1,596,260
16373,1,593,260
16374,1,591,256
16375,1,583,255
16376,1,580,255
16377,1,573,253
16378,1,577,250
16379,1,575,252
16380,1,575,243
16381,1,573,243
16382,1,571,241
16383,1,570,241
16384,0,0,0
16385,0,0,0
16386,0,0,0
16387,0,0,0
16388,0,0,0
16389,0,0,0
16390,0,0,0
16391,0,0,0
16392,1,545,241
16393,1,541,245
16394,1,540,248
16395,1,536,253
16396,1,530,258
16397,1,528,261
16398,1,525,268
16399,1,521,273
16400,1,518,281
16401,1,515,288
16402,1,511,298
16403,1,510,308
16404,1,510,315
16405,1,501,328
16406,1,500,338
16407,0,0,0
16408,1,488,368
16409,1,481,383
16410,1,482,377
16411,1,467,395
16412,1,486,381
16413,1,485,345
16414,0,0,0
16415,0,0,0
16416,1,500,285
16417,1,502,267
16418,1,508,236
16419,1,513,218
16420,1,516,190
16421,1,521,173
16422,1,523,155
16423,1,526,136
16424,1,530,123
16425,1,540,103
16426,1,545,90
16427,1,550,73
16428,0,0,0
16429,1,555,45
16430,1,560,36
16431,1,561,16
16432,1,562,15
16433,1,626,90
16434,1,690,165
16435,1,754,240
16436,1,818,315
16437,1,815,323
16438,1,812,332
16439,1,810,340
16440,1,807,348
16441,1,804,357
16442,1,801,365
16443,1,799,373
16444,1,796,382
16445,1,793,390
16446,1,793,388
16447,1,793,388
16448,1,793,386
16449,1,793,385
16450,1,790,385
16451,1,788,385
16452,1,788,386
16453,1,786,385
16454,1,785,385
16455,1,780,385
16456,1,780,383
16457,1,780,381
16458,1,781,376
16459,1,781,375
16460,1,781,373
16461,1,783,373
16462,1,766,369
16463,1,749,364
16464,1,733,360
16465,1,716,356
16466,1,699,352
16467,1,682,347
16468,1,665,343
16469,1,648,339
16470,1,632,335
16471,0,0,0
16472,1,598,326
16473,1,602,329
16474,1,605,332
16475,1,608,335
16476,1,612,338
16477,1,616,341
16478,1,619,344
16479,1,622,347
16480,1,626,350
16481,1,625,361
16482,1,626,365
16483,1,630,370
16484,1,635,376
16485,1,661,368
16486,1,687,360
16487,1,714,351
16488,1,740,343
16489,1,766,335
16490,1,766,331
16491,1,766,331
16492,1,766,326
16493,1,766,325
16494,1,763,313
16495,1,763,311
16496,1,761,306
16497,0,0,0
16498,0,0,0
16499,0,0,0
16500,1,736,18
16501,1,738,33
16502,1,740,43
16503,1,742,50
16504,1,751,61
16505,1,751,71
16506,1,753,86
16507,1,751,96
16508,1,753,101
16509,1,753,116
16510,1,755,126
16511,1,755,136
16512,1,760,153
16513,1,760,165
16514,1,761,178
16515,0,0,0
16516,0,0,0
16517,0,0,0
16518,1,766,216
16519,1,766,208
16520,1,765,198
16521,1,761,188
16522,1,760,175
16523,1,756,163
16524,1,755,153
16525,1,751,138
16526,1,748,128
16527,1,746,116
16528,1,741,111
16529,1,740,103
16530,1,738,98
16531,1,735,86
16532,1,731,75
16533,1,728,68
16534,1,726,58
16535,1,725,55
16536,1,721,46
16537,1,721,40
16538,0,0,0
16539,0,0,0
16540,0,0,0
16541,0,0,0
16542,1,705,10
16543,0,0,0
16544,0,0,0
16545,1,700,11
16546,0,0,0
16547,0,0,0
16548,0,0,0
16549,0,0,0
16550,0,0,0
16551,0,0,0
16552,0,0,0
16553,0,0,0
16554,0,0,0
16555,0,0,0
16556,1,471,391
16557,1,465,385
16558,1,465,383
16559,0,0,0
16560,0,0,0
16561,0,0,0
16562,0,0,0
16563,1,485,383
16564,0,0,0
16565,0,0,0
16566,0,0,0
16567,0,0,0
16568,0,0,0
16569,0,0,0
16570,0,0,0
16571,0,0,0
16572,0,0,0
16573,0,0,0
16574,0,0,0
16575,0,0,0
16576,0,0,0
16577,0,0,0
16578,0,0,0
16579,0,0,0
16580,0,0,0
16581,0,0,0
16582,0,0,0
16583,0,0,0
16584,1,610,58
16585,1,610,66
16586,1,608,73
16587,0,0,0
16588,1,605,86
16589,1,601,93
16590,1,600,101
16591,1,598,110
16592,1,596,118
16593,1,595,125
16594,1,591,130
16595,1,588,140
16596,1,588,151
16597,1,586,161
16598,1,583,175
16599,1,581,181
16600,1,580,195
16601,1,578,205
16602,1,580,208
16603,1,588,221
16604,1,591,223
16605,1,603,233
16606,1,605,241
16607,1,608,245
16608,1,615,248
16609,1,618,250
16610,1,623,251
16611,1,626,258
16612,1,628,268
16613,1,631,270
16614,1,635,273
16615,1,636,278
16616,1,641,281
16617,1,641,286
16618,1,643,293
16619,1,645,298
16620,1,651,303
16621,1,653,308
16622,1,656,315
16623,1,656,321
16624,1,660,325
16625,1,661,330
16626,1,668,338
16627,1,670,341
16628,1,673,348
16629,1,673,350
16630,1,673,355
16631,1,673,358
16632,1,673,365
16633,1,673,375
16634,1,673,381
16635,0,0,0
16636,1,678,403
16637,1,681,401
16638,1,683,395
16639,1,683,391
16640,1,683,385
16641,1,683,380
16642,0,0,0
16643,1,686,366
16644,1,686,365
16645,1,688,360
16646,1,686,356
16647,1,686,355
16648,1,686,353
16649,1,685,341
16650,1,687,340
16651,1,689,338
16652,1,691,337
16653,1,694,335
16654,1,696,334
16655,1,698,332
16656,1,700,331
16657,1,701,328
16658,1,701,325
16659,1,705,321
16660,1,701,315
16661,1,703,311
16662,1,703,308
16663,1,703,303
16664,1,705,301
16665,1,705,300
16666,1,706,298
16667,1,710,296
16668,1,710,292
16669,1,711,290
16670,1,713,290
16671,1,715,286
16672,1,716,285
16673,1,721,281
16674,1,723,278
16675,1,725,275
16676,1,726,275
16677,1,728,271
16678,1,728,271
16679,1,731,270
16680,1,726,268
16681,1,728,266
16682,1,730,263
16683,1,733,261
16684,1,733,261
16685,1,736,261
16686,1,738,260
16687,1,740,258
16688,1,741,256
16689,1,744,256
16690,1,747,256
16691,1,750,255
16692,1,753,255
16693,1,754,255
16694,1,756,254
16695,1,758,254
16696,1,759,254
16697,1,760,254
16698,1,762,254
16699,1,764,253
16700,1,765,253
16701,1,766,255
16702,1,768,256
16703,1,768,256
16704,0,0,0
16705,0,0,0
16706,1,775,261
16707,1,776,261
16708,1,778,268
16709,1,780,270
16710,1,783,275
16711,1,785,278
16712,1,788,281
16713,1,790,283
16714,1,791,285
16715,1,795,286
16716,1,797,287
16717,1,801,295
16718,1,803,296
16719,1,803,298
16720,1,805,301
16721,1,808,306
16722,1,810,311
16723,1,810,315
16724,1,813,321
16725,1,815,326
16726,1,816,330
16727,1,820,335
16728,1,823,338
16729,1,827,345
16730,1,828,350
16731,1,831,355
16732,1,833,363
16733,1,836,368
16734,1,840,376
16735,1,843,383
16736,1,846,391
16737,1,850,396
16738,1,851,403
16739,1,853,411
16740,1,855,425
16741,1,860,418
16742,1,860,415
16743,1,861,408
16744,1,861,403
16745,1,861,401
16746,1,863,393
16747,1,863,388
16748,1,865,383
16749,1,868,378
16750,1,868,375
16751,1,870,370
16752,1,871,365
16753,1,871,361
16754,1,873,358
16755,1,875,360
16756,1,875,356
16757,1,876,351
16758,1,876,348
16759,1,875,347
16760,1,881,341
16761,1,881,340
16762,0,0,0
16763,0,0,0
16764,1,885,336
16765,1,885,336
16766,1,885,338
16767,1,886,336
16768,1,888,336
16769,1,886,336
16770,1,891,332
16771,1,895,329
16772,1,900,325
16773,1,905,322
16774,1,910,318
16775,1,914,315
16776,1,919,311
16777,1,924,308
16778,1,929,304
16779,0,0,0
16780,0,0,0
16781,0,0,0
16782,0,0,0
16783,0,0,0
16784,0,0,0
16785,0,0,0
16786,0,0,0
16787,0,0,0
16788,0,0,0
16789,0,0,0
16790,0,0,0
16791,0,0,0
16792,0,0,0
16793,0,0,0
16794,0,0,0
16795,0,0,0
16796,0,0,0
16797,0,0,0
16798,0,0,0
16799,0,0,0
16800,0,0,0
16801,0,0,0
16802,0,0,0
16803,0,0,0
16804,0,0,0
16805,0,0,0
16806,0,0,0
16807,0,0,0
16808,0,0,0
16809,0,0,0
16810,0,0,0
16811,0,0,0
16812,0,0,0
16813,0,0,0
16814,0,0,0
16815,0,0,0
16816,0,0,0
16817,0,0,0
16818,0,0,0
16819,0,0,0
16820,0,0,0
16821,0,0,0
16822,0,0,0
16823,0,0,0
16824,0,0,0
16825,0,0,0
16826,0,0,0
16827,0,0,0
16828,0,0,0
16829,0,0,0
16830,0,0,0
16831,0,0,0
16832,0,0,0
16833,0,0,0
16834,0,0,0
16835,0,0,0
16836,0,0,0
16837,0,0,0
16838,0,0,0
16839,0,0,0
16840,0,0,0
16841,0,0,0
16842,0,0,0
16843,0,0,0
16844,0,0,0
16845,1,1246,68
16846,1,1205,67
16847,1,1163,86
16848,1,1135,93
16849,1,1103,108
16850,1,1078,116
16851,1,1055,120
16852,1,1028,135
16853,1,1005,143
16854,1,993,151
16855,1,973,156
16856,1,955,161
16857,1,938,170
16858,1,925,180
16859,1,915,190
16860,1,903,195
16861,1,893,205
16862,1,880,210
16863,1,873,216
16864,1,861,223
16865,1,855,230
16866,1,845,236
16867,1,836,245
16868,1,830,251
16869,1,820,260
16870,1,813,270
16871,1,806,275
16872,1,803,281
16873,1,791,295
16874,1,783,298
16875,1,781,301
16876,1,778,310
16877,1,776,315
16878,1,768,323
16879,1,766,330
16880,1,763,338
16881,1,755,348
16882,1,751,351
16883,1,748,353
16884,1,742,350
16885,0,0,0
16886,1,742,342
16887,1,743,328
16888,1,741,325
16889,1,740,311
16890,1,743,300
16891,1,743,295
16892,1,743,285
16893,1,741,271
16894,0,0,0
16895,1,743,253
16896,1,743,243
16897,1,741,233
16898,1,741,226
16899,1,741,218
16900,1,740,206
16901,1,740,201
16902,1,738,195
16903,1,738,190
16904,1,736,178
16905,1,741,178
16906,1,740,170
16907,1,738,161
16908,1,738,151
16909,1,738,143
16910,1,736,138
16911,1,738,128
16912,1,736,125
16913,1,736,120
16914,1,736,115
16915,1,735,110
16916,1,736,103
16917,1,735,98
16918,1,735,93
16919,1,735,90
16920,1,733,86
16921,1,733,83
16922,1,731,76
16923,1,731,73
16924,1,731,71
16925,1,731,68
16926,1,730,65
16927,1,730,60
16928,1,730,56
16929,0,0,0
16930,1,728,50
16931,1,726,48
16932,1,726,45
16933,1,725,43
16934,1,725,43
16935,1,725,41
16936,1,726,40
16937,1,725,35
16938,1,726,35
16939,1,725,31
16940,0,0,0
16941,0,0,0
16942,0,0,0
16943,0,0,0
16944,0,0,0
16945,0,0,0
16946,0,0,0
16947,0,0,0
16948,0,0,0
16949,0,0,0
16950,0,0,0
16951,0,0,0
16952,0,0,0
16953,0,0,0
16954,0,0,0
16955,0,0,0
16956,1,710,31
16957,1,710,36
16958,1,708,36
16959,1,711,40
16960,1,710,40
16961,1,710,43
16962,1,708,40
16963,1,711,43
16964,1,708,45
16965,1,710,53
16966,1,708,55
16967,1,708,55
16968,1,708,56
16969,1,708,58
16970,1,708,60
16971,1,708,63
16972,1,706,66
16973,0,0,0
16974,1,706,75
16975,1,706,81
16976,1,705,85
16977,1,705,90
16978,1,703,96
16979,1,703,101
16980,1,701,108
16981,1,701,111
16982,1,701,116
16983,1,701,120
16984,1,700,123
16985,1,700,126
16986,1,698,138
16987,1,698,145
16988,1,696,151
16989,1,698,155
16990,1,696,165
16991,1,695,173
16992,1,695,180
16993,1,695,188
16994,1,695,195
16995,1,690,201
16996,1,693,205
16997,1,692,215
16998,1,690,223
16999,1,690,230
17000,1,690,241
17001,1,690,248
17002,1,690,260
17003,1,690,266
17004,1,690,273
17005,1,690,285
17006,1,690,288
17007,1,690,298
17008,1,690,305
17009,1,690,305
17010,1,685,286
17011,1,683,283
17012,1,683,280
17013,1,681,271
17014,1,680,260
17015,1,680,251
17016,1,678,243
17017,1,678,236
17018,1,676,230
17019,1,676,221
17020,1,673,216
17021,1,671,206
17022,1,670,203
17023,1,668,196
17024,1,668,193
17025,1,668,188
17026,1,665,182
17027,1,666,180
17028,1,666,171
17029,1,663,168
17030,1,663,163
17031,1,661,161
17032,1,660,155
17033,1,658,151
17034,1,658,146
17035,1,656,143
17036,1,655,140
17037,1,653,138
17038,1,653,136
17039,1,651,135
17040,1,655,128
17041,1,653,126
17042,1,653,126
17043,1,651,121
17044,1,653,120
17045,1,651,115
17046,1,650,115
17047,1,648,115
17048,1,648,113
17049,1,646,113
17050,1,646,115
17051,1,645,115
17052,1,645,116
17053,1,645,116
17054,1,645,116
17055,1,633,118
17056,1,631,113
17057,1,633,115
17058,1,630,113
17059,1,631,116
17060,1,630,113
17061,1,630,116
17062,1,628,120
17063,1,628,120
17064,1,628,121
17065,1,626,126
17066,1,622,132
17067,1,622,132
17068,1,620,135
17069,1,620,135
17070,1,616,141
17071,1,616,146
17072,1,616,148
17073,1,615,150
17074,1,615,151
17075,1,615,155
17076,1,613,161
17077,1,613,163
17078,1,613,168
17079,1,610,170
17080,1,610,176
17081,1,608,181
17082,1,606,183
17083,1,606,191
17084,1,606,196
17085,1,605,203
17086,1,605,208
17087,1,601,215
17088,1,601,218
17089,1,601,225
17090,1,600,231
17091,1,600,236
17092,1,598,245
17093,1,600,253
17094,1,598,260
17095,1,596,270
17096,1,595,271
17097,1,595,271
17098,1,595,271
17099,0,0,0
17100,1,601,256
17101,1,605,253
17102,1,608,250
17103,1,608,245
17104,1,615,241
17105,1,616,240
17106,1,621,235
17107,1,623,231
17108,1,628,230
17109,1,633,230
17110,1,635,226
17111,1,643,225
17112,1,646,225
17113,1,651,226
17114,1,655,228
17115,1,658,225
17116,1,668,225
17117,1,671,225
17118,1,678,225
17119,1,685,225
17120,1,690,228
17121,1,696,228
17122,1,705,231
17123,1,710,233
17124,0,0,0
17125,1,726,243
17126,1,733,248
17127,1,740,258
17128,1,753,263
17129,1,761,268
17130,0,0,0
17131,0,0,0
17132,0,0,0
17133,0,0,0
17134,1,803,271
17135,1,801,255
17136,1,795,240
17137,1,791,216
17138,1,786,200
17139,1,785,183
17140,1,780,163
17141,1,775,145
17142,1,773,128
17143,1,766,118
17144,1,766,108
17145,1,755,96
17146,1,753,83
17147,1,755,68
17148,1,750,55
17149,1,740,43
17150,1,740,31
17151,1,740,20
17152,1,736,10
17153,0,0,0
17154,0,0,0
17155,0,0,0
17156,0,0,0
17157,0,0,0
17158,0,0,0
17159,0,0,0
17160,0,0,0
17161,0,0,0
17162,0,0,0
17163,0,0,0
17164,0,0,0
17165,0,0,0
17166,0,0,0
17167,0,0,0
17168,0,0,0
17169,0,0,0
17170,0,0,0
17171,0,0,0
17172,0,0,0
17173,0,0,0
17174,0,0,0
17175,0,0,0
17176,0,0,0
17177,0,0,0
17178,0,0,0
17179,0,0,0
17180,0,0,0
17181,0,0,0
17182,0,0,0
17183,0,0,0
17184,0,0,0
17185,0,0,0
17186,0,0,0
17187,0,0,0
17188,0,0,0
17189,0,0,0
17190,0,0,0
17191,1,1140,550
17192,1,1150,540
17193,1,1114,507
17194,1,1078,474
17195,1,1042,442
17196,1,1006,409
17197,1,970,376
17198,1,934,344
17199,1,898,311
17200,1,862,278
17201,1,827,245
17202,0,0,0
17203,0,0,0
17204,0,0,0
17205,0,0,0
17206,0,0,0
17207,0,0,0
17208,1,575,16
17209,1,575,30
17210,1,573,36
17211,1,571,46
17212,1,571,56
17213,1,570,66
17214,1,568,75
17215,1,566,85
17216,1,565,98
17217,1,561,110
17218,1,561,121
17219,1,556,128
17220,1,553,140
17221,1,551,155
17222,1,548,168
17223,1,546,183
17224,1,545,198
17225,1,541,215
17226,1,540,226
17227,1,538,236
17228,1,535,250
17229,1,535,261
17230,1,530,283
17231,1,528,288
17232,1,528,281
17233,1,528,275
17234,0,0,0
17235,1,543,235
17236,1,546,221
17237,1,550,208
17238,1,555,193
17239,1,565,180
17240,1,570,166
17241,1,578,150
17242,1,580,136
17243,1,588,123
17244,1,591,111
17245,1,600,95
17246,1,601,85
17247,1,606,73
17248,1,608,66
17249,1,610,60
17250,1,621,48
17251,1,625,43
17252,1,628,31
17253,1,630,15
17254,0,0,0
17255,1,630,20
17256,1,607,134
17257,1,583,247
17258,1,560,361
17259,1,556,365
17260,1,556,355
17261,1,555,345
17262,1,555,335
17263,1,555,335
17264,1,798,376
17265,1,1041,418
17266,1,553,356
17267,1,553,361
17268,1,1030,391
17269,1,1031,388
17270,1,1028,381
17271,1,1028,378
17272,1,1030,370
17273,1,1003,366
17274,1,976,362
17275,1,948,359
17276,1,921,355
17277,1,920,360
17278,1,918,374
17279,1,915,388
17280,1,908,390
17281,1,902,393
17282,1,896,396
17283,1,889,398
17284,1,882,400
17285,1,876,403
17286,1,870,406
17287,1,863,408
17288,1,861,388
17289,1,862,372
17290,1,863,356
17291,1,863,341
17292,1,860,326
17293,1,856,310
17294,1,860,298
17295,1,863,287
17296,1,867,275
17297,1,867,255
17298,1,867,235
17299,1,870,235
17300,1,870,232
17301,1,867,232
17302,1,867,232
17303,0,0,0
17304,0,0,0
17305,0,0,0
17306,0,0,0
17307,0,0,0
17308,0,0,0
17309,0,0,0
17310,1,833,48
17311,1,836,60
17312,1,838,68
17313,1,841,75
17314,1,843,85
17315,1,846,93
17316,1,848,101
17317,1,855,110
17318,1,855,118
17319,1,858,126
17320,1,858,138
17321,1,861,150
17322,1,866,161
17323,1,866,173
17324,1,866,178
17325,1,850,188
17326,1,835,198
17327,1,808,201
17328,1,791,208
17329,1,775,216
17330,1,756,225
17331,1,736,230
17332,1,723,231
17333,1,705,243
17334,1,696,246
17335,1,680,253
17336,1,668,261
17337,1,650,266
17338,1,641,271
17339,1,628,283
17340,1,621,288
17341,1,610,296
17342,1,605,303
17343,1,593,310
17344,1,583,315
17345,1,575,325
17346,1,568,333
17347,1,563,338
17348,1,551,340
17349,1,607,367
17350,1,610,367
17351,1,610,370
17352,1,608,372
17353,1,606,373
17354,1,603,374
17355,1,601,376
17356,1,600,378
17357,1,595,378
17358,1,473,331
17359,1,470,325
17360,1,463,321
17361,1,456,311
17362,1,446,305
17363,1,441,298
17364,1,435,295
17365,1,423,285
17366,1,416,278
17367,1,408,273
17368,1,401,270
17369,1,391,263
17370,1,381,256
17371,0,0,0
17372,1,366,248
17373,1,360,243
17374,1,353,241
17375,0,0,0
17376,1,335,233
17377,1,330,231
17378,1,321,230
17379,1,316,225
17380,1,308,220
17381,1,300,216
17382,1,295,215
17383,1,286,208
17384,1,280,208
17385,1,271,206
17386,1,261,203
17387,1,256,201
17388,1,246,200
17389,1,242,200
17390,1,228,200
17391,1,225,198
17392,1,221,196
17393,1,221,196
17394,1,221,195
17395,1,210,192
17396,1,210,192
17397,1,227,190
17398,1,232,190
17399,1,235,187
17400,1,241,188
17401,1,245,186
17402,1,253,185
17403,1,256,183
17404,1,261,181
17405,1,265,185
17406,1,273,181
17407,1,276,181
17408,1,283,181
17409,1,288,183
17410,1,295,185
17411,1,298,183
17412,1,303,183
17413,1,306,188
17414,1,315,187
17415,1,321,191
17416,1,325,193
17417,1,333,195
17418,1,338,196
17419,1,343,195
17420,1,348,201
17421,1,350,198
17422,1,355,203
17423,1,361,206
17424,1,368,210
17425,1,372,212
17426,1,376,216
17427,1,383,218
17428,1,386,223
17429,1,391,228
17430,1,401,230
17431,1,403,233
17432,1,408,236
17433,1,410,241
17434,1,418,245
17435,1,421,248
17436,1,428,253
17437,1,433,260
17438,1,438,263
17439,1,446,270
17440,1,450,275
17441,1,456,280
17442,1,460,286
17443,1,468,293
17444,1,473,296
17445,1,476,308
17446,1,481,310
17447,1,486,315
17448,1,490,321
17449,1,496,325
17450,1,501,333
17451,1,508,341
17452,1,511,350
17453,1,518,355
17454,1,526,363
17455,1,530,370
17456,1,536,376
17457,1,543,386
17458,1,548,393
17459,1,551,401
17460,0,0,0
17461,0,0,0
17462,1,566,415
17463,1,568,408
17464,1,568,403
17465,1,573,395
17466,1,575,391
17467,1,576,385
17468,1,578,380
17469,1,581,376
17470,1,583,370
17471,1,583,366
17472,0,0,0
17473,1,588,356
17474,1,588,355
17475,1,590,348
17476,1,596,341
17477,1,600,340
17478,1,601,333
17479,1,603,330
17480,1,605,326
17481,1,608,323
17482,1,608,321
17483,1,612,320
17484,1,615,315
17485,1,616,313
17486,1,618,311
17487,1,621,310
17488,1,625,310
17489,1,626,310
17490,1,626,306
17491,1,630,305
17492,1,635,303
17493,1,636,301
17494,1,636,300
17495,1,641,298
17496,1,643,298
17497,1,645,298
17498,1,648,298
17499,1,650,300
17500,1,653,300
17501,1,655,301
17502,1,656,303
17503,1,658,305
17504,1,660,308
17505,1,663,306
17506,1,665,307
17507,1,668,308
17508,1,668,310
17509,1,668,313
17510,1,671,313
17511,1,673,315
17512,1,673,315
17513,1,666,317
17514,1,660,319
17515,1,653,322
17516,1,646,324
17517,1,639,326
17518,1,633,328
17519,1,626,330
17520,1,619,333
17521,1,612,335
17522,0,0,0
17523,0,0,0
17524,0,0,0
17525,0,0,0
17526,0,0,0
17527,0,0,0
17528,0,0,0
17529,0,0,0
17530,0,0,0
17531,0,0,0
17532,0,0,0
17533,0,0,0
17534,0,0,0
17535,0,0,0
17536,0,0,0
17537,0,0,0
17538,0,0,0
17539,0,0,0
17540,0,0,0
17541,0,0,0
17542,0,0,0
17543,0,0,0
17544,0,0,0
17545,0,0,0
17546,0,0,0
17547,0,0,0
17548,0,0,0
17549,0,0,0
17550,0,0,0
17551,0,0,0
17552,0,0,0
17553,0,0,0
17554,0,0,0
17555,0,0,0
17556,1,377,412
17557,0,0,0
17558,1,530,402
17559,1,536,401
17560,1,543,400
17561,1,549,399
17562,1,555,398
17563,1,562,396
17564,1,568,395
17565,1,574,394
17566,1,581,393
17567,1,587,392
17568,0,0,0
17569,0,0,0
17570,0,0,0
17571,0,0,0
17572,0,0,0
17573,0,0,0
17574,0,0,0
17575,0,0,0
17576,0,0,0
17577,0,0,0
17578,0,0,0
17579,0,0,0
17580,0,0,0
17581,0,0,0
17582,0,0,0
17583,0,0,0
17584,0,0,0
17585,0,0,0
17586,0,0,0
17587,0,0,0
17588,0,0,0
17589,0,0,0
17590,0,0,0
17591,0,0,0
17592,0,0,0
17593,0,0,0
17594,0,0,0
17595,0,0,0
17596,0,0,0
17597,0,0,0
17598,0,0,0
17599,1,790,356
17600,1,790,341
17601,1,791,326
17602,0,0,0
17603,1,781,285
17604,0,0,0
17605,0,0,0
17606,0,0,0
17607,1,775,190
17608,0,0,0
17609,0,0,0
17610,0,0,0
17611,0,0,0
17612,0,0,0
17613,0,0,0
17614,0,0,0
17615,0,0,0
17616,0,0,0
17617,0,0,0
17618,1,920,435
17619,1,805,48
17620,1,803,43
17621,1,803,45
17622,0,0,0
17623,1,835,307
17624,1,837,307
17625,1,834,268
17626,1,830,229
17627,1,827,190
17628,1,823,150
17629,1,820,111
17630,1,816,72
17631,1,813,33
17632,1,811,40
17633,1,815,43
17634,1,813,46
17635,1,811,48
17636,1,816,55
17637,1,816,61
17638,1,816,71
17639,0,0,0
17640,1,820,85
17641,1,821,90
17642,1,821,96
17643,1,831,116
17644,1,830,120
17645,1,835,120
17646,1,835,127
17647,1,826,126
17648,1,816,125
17649,0,0,0
17650,0,0,0
17651,0,0,0
17652,1,791,115
17653,1,787,115
17654,1,789,116
17655,1,791,118
17656,1,791,116
17657,1,790,116
17658,1,791,115
17659,1,793,120
17660,1,792,120
17661,1,791,120
17662,1,791,125
17663,1,791,130
17664,1,791,135
17665,1,791,140
17666,1,791,145
17667,1,791,148
17668,1,787,152
17669,1,787,155
17670,1,785,163
17671,1,785,166
17672,1,786,171
17673,0,0,0
17674,1,788,175
17675,1,788,180
17676,1,786,188
17677,1,786,191
17678,1,788,196
17679,1,788,200
17680,1,788,206
17681,1,788,208
17682,1,790,216
17683,1,790,223
17684,1,790,230
17685,1,788,230
17686,1,790,233
17687,1,790,236
17688,1,788,243
17689,1,788,248
17690,1,788,253
17691,1,790,260
17692,1,790,261
17693,1,790,270
17694,1,791,275
17695,1,791,280
17696,1,791,283
17697,1,791,285
17698,1,790,286
17699,1,791,296
17700,1,791,301
17701,1,791,308
17702,0,0,0
17703,1,785,326
17704,1,786,325
17705,1,788,310
17706,1,786,308
17707,1,785,303
17708,1,785,298
17709,1,785,290
17710,1,785,286
17711,1,781,278
17712,1,780,271
17713,1,778,268
17714,1,775,260
17715,1,775,250
17716,1,773,240
17717,1,771,236
17718,1,770,230
17719,1,768,220
17720,1,766,215
17721,1,765,208
17722,1,763,201
17723,1,761,195
17724,1,761,190
17725,1,758,181
17726,1,756,176
17727,1,753,171
17728,1,751,166
17729,1,750,163
17730,1,748,156
17731,1,746,155
17732,1,743,151
17733,1,743,146
17734,1,741,140
17735,1,740,136
17736,1,738,135
17737,1,736,128
17738,1,733,126
17739,1,733,123
17740,1,730,120
17741,1,728,116
17742,1,725,115
17743,1,723,113
17744,1,721,113
17745,1,716,106
17746,1,716,101
17747,1,715,100
17748,1,715,98
17749,1,713,96
17750,1,713,93
17751,1,710,93
17752,1,708,91
17753,1,708,91
17754,1,706,90
17755,1,703,90
17756,1,701,88
17757,1,700,90
17758,1,698,90
17759,1,696,91
17760,1,690,88
17761,1,688,85
17762,1,688,85
17763,1,686,83
17764,1,685,83
17765,1,681,83
17766,1,680,85
17767,1,676,85
17768,1,675,86
17769,1,673,86
17770,1,671,88
17771,1,668,90
17772,1,668,90
17773,1,661,96
17774,1,661,100
17775,1,658,106
17776,1,656,106
17777,1,656,106
17778,1,655,106
17779,1,656,108
17780,1,651,110
17781,1,650,111
17782,1,648,116
17783,1,645,120
17784,1,643,125
17785,1,641,126
17786,1,636,130
17787,1,635,136
17788,1,635,140
17789,1,633,145
17790,1,631,150
17791,1,631,153
17792,1,628,156
17793,1,625,163
17794,1,623,168
17795,1,621,173
17796,1,621,178
17797,1,616,186
17798,1,615,191
17799,1,615,198
17800,1,613,203
17801,1,610,206
17802,1,608,215
17803,1,606,221
17804,1,605,230
17805,1,603,233
17806,1,601,241
17807,1,598,248
17808,1,598,255
17809,1,596,260
17810,1,593,268
17811,1,593,275
17812,1,591,281
17813,1,590,286
17814,1,588,296
17815,1,591,286
17816,1,591,285
17817,1,593,278
17818,1,591,275
17819,1,593,270
17820,1,600,250
17821,1,600,243
17822,1,603,235
17823,1,605,228
17824,1,605,220
17825,1,606,215
17826,1,608,206
17827,1,610,200
17828,1,610,195
17829,1,612,190
17830,1,618,180
17831,1,618,175
17832,1,620,168
17833,1,621,163
17834,1,623,161
17835,1,626,156
17836,1,628,151
17837,1,631,145
17838,1,631,138
17839,1,633,135
17840,1,635,128
17841,1,636,126
17842,1,641,121
17843,1,641,118
17844,1,645,113
17845,1,646,110
17846,1,648,108
17847,1,650,108
17848,0,0,0
17849,0,0,0
17850,1,656,100
17851,1,658,98
17852,1,660,95
17853,1,660,91
17854,0,0,0
17855,0,0,0
17856,1,663,85
17857,1,666,81
17858,1,668,81
17859,1,668,80
17860,1,670,80
17861,1,671,80
17862,1,673,80
17863,1,675,81
17864,1,678,81
17865,1,680,80
17866,1,683,80
17867,1,686,80
17868,1,682,85
17869,1,685,87
17870,1,695,81
17871,0,0,0
17872,0,0,0
17873,1,698,83
17874,1,698,85
17875,1,701,88
17876,1,701,90
17877,1,703,91
17878,1,703,95
17879,1,705,98
17880,1,710,103
17881,1,710,108
17882,1,713,110
17883,1,713,110
17884,1,715,113
17885,1,716,115
17886,1,721,120
17887,1,721,123
17888,1,723,128
17889,1,723,135
17890,1,725,136
17891,1,726,141
17892,1,728,148
17893,1,728,155
17894,1,730,160
17895,1,731,163
17896,1,733,168
17897,1,736,176
17898,1,738,181
17899,1,741,190
17900,1,743,195
17901,1,746,201
17902,1,748,206
17903,1,748,215
17904,1,750,221
17905,1,751,230
17906,1,753,236
17907,1,758,245
17908,1,758,255
17909,1,758,261
17910,1,766,281
17911,1,766,286
17912,0,0,0
17913,0,0,0
17914,1,760,286
17915,1,755,280
17916,1,750,271
17917,1,743,268
17918,1,736,260
17919,1,733,253
17920,1,726,245
17921,1,721,241
17922,1,715,231
17923,1,708,226
17924,1,703,221
17925,1,698,225
17926,1,688,220
17927,1,685,215
17928,1,678,208
17929,1,670,205
17930,1,661,200
17931,1,656,196
17932,1,648,191
17933,1,643,190
17934,1,636,186
17935,1,628,181
17936,1,621,181
17937,1,615,181
17938,1,603,175
17939,1,596,176
17940,0,0,0
17941,1,583,176
17942,1,576,175
17943,1,565,173
17944,1,556,173
17945,1,548,173
17946,1,536,175
17947,1,530,175
17948,1,518,178
17949,1,511,180
17950,1,501,180
17951,1,490,183
17952,1,476,183
17953,1,470,190
17954,1,460,196
17955,1,450,198
17956,1,441,205
17957,1,432,212
17958,1,418,216
17959,1,406,221
17960,1,387,230
17961,1,383,243
17962,0,0,0
17963,1,355,258
17964,1,338,276
17965,1,336,255
17966,0,0,0
17967,1,335,225
17968,1,341,206
17969,1,341,193
17970,1,348,180
17971,1,348,161
17972,1,353,140
17973,1,360,125
17974,1,360,110
17975,1,365,98
17976,0,0,0
17977,0,0,0
17978,1,375,56
17979,1,378,45
17980,1,381,35
17981,1,381,20
17982,0,0,0
17983,0,0,0
17984,1,323,358
17985,0,0,0
17986,1,326,356
17987,1,328,373
17988,1,330,390
17989,0,0,0
17990,1,328,408
17991,1,313,413
17992,1,310,415
17993,1,302,414
17994,1,294,414
17995,1,286,413
17996,1,278,413
17997,1,270,412
17998,1,262,412
17999,1,254,411
18000,1,246,411
18001,1,239,410
18002,0,0,0
18003,0,0,0
18004,0,0,0
18005,0,0,0
18006,0,0,0
18007,0,0,0
18008,0,0,0
18009,1,175,406
18010,1,171,406
18011,1,168,411
18012,1,166,416
18013,0,0,0
18014,0,0,0
18015,1,204,375
18016,1,216,362
18017,1,229,348
18018,1,241,334
18019,1,254,321
18020,1,267,307
18021,1,279,294
18022,0,0,0
18023,0,0,0
18024,0,0,0
18025,0,0,0
18026,0,0,0
18027,0,0,0
18028,0,0,0
18029,0,0,0
18030,0,0,0
18031,0,0,0
18032,0,0,0
18033,0,0,0
18034,0,0,0
18035,0,0,0
18036,0,0,0
18037,0,0,0
18038,0,0,0
18039,0,0,0
18040,0,0,0
18041,0,0,0
18042,1,543,8
18043,1,541,16
18044,1,541,28
18045,1,548,36
18046,1,550,48
18047,1,550,56
18048,1,551,65
18049,1,553,73
18050,1,555,85
18051,1,556,96
18052,1,561,101
18053,1,563,115
18054,1,566,128
18055,1,566,138
18056,1,568,153
18057,1,571,168
18058,1,573,183
18059,1,575,196
18060,0,0,0
18061,1,576,223
18062,1,578,231
18063,1,580,248
18064,1,581,260
18065,1,583,273
18066,1,583,286
18067,0,0,0
18068,0,0,0
18069,1,581,278
18070,1,576,255
18071,1,575,245
18072,1,570,223
18073,1,568,205
18074,1,565,196
18075,1,560,182
18076,1,555,171
18077,1,553,156
18078,1,551,143
18079,1,548,133
18080,1,546,121
18081,1,545,110
18082,1,541,98
18083,1,538,90
18084,1,538,83
18085,1,535,68
18086,1,528,61
18087,1,525,48
18088,1,515,40
18089,1,511,33
18090,1,511,31
18091,0,0,0
18092,1,501,16
18093,1,500,6
18094,0,0,0
18095,0,0,0
18096,0,0,0
18097,0,0,0
18098,0,0,0
18099,1,543,340
18100,0,0,0
18101,1,543,358
18102,0,0,0
18103,0,0,0
18104,0,0,0
18105,0,0,0
18106,0,0,0
18107,0,0,0
18108,0,0,0
18109,0,0,0
18110,0,0,0
18111,0,0,0
18112,0,0,0
18113,0,0,0
18114,0,0,0
18115,0,0,0
18116,0,0,0
18117,0,0,0
18118,0,0,0
18119,0,0,0
18120,1,148,375
18121,1,165,381
18122,0,0,0
18123,0,0,0
18124,0,0,0
18125,0,0,0
18126,0,0,0
18127,0,0,0
18128,0,0,0
18129,1,296,406
18130,1,306,386
18131,0,0,0
18132,0,0,0
18133,1,310,340
18134,0,0,0
18135,1,302,282
18136,0,0,0
18137,0,0,0
18138,0,0,0
18139,0,0,0
18140,0,0,0
18141,0,0,0
18142,0,0,0
18143,0,0,0
18144,1,335,83
18145,1,333,91
18146,1,330,98
18147,1,326,108
18148,1,323,118
18149,1,323,125
18150,1,317,140
18151,1,315,150
18152,0,0,0
18153,1,308,175
18154,0,0,0
18155,0,0,0
18156,0,0,0
18157,0,0,0
18158,0,0,0
18159,0,0,0
18160,0,0,0
18161,0,0,0
18162,1,356,206
18163,1,360,210
18164,1,365,210
18165,1,375,216
18166,1,378,216
18167,1,385,220
18168,1,390,221
18169,1,393,223
18170,1,396,226
18171,1,401,230
18172,1,405,235
18173,1,408,240
18174,1,411,243
18175,1,415,246
18176,1,416,251
18177,0,0,0
18178,0,0,0
18179,0,0,0
18180,1,430,270
18181,1,430,273
18182,1,435,280
18183,1,436,283
18184,1,440,288
18185,1,440,293
18186,1,443,295
18187,1,446,301
18188,1,448,308
18189,0,0,0
18190,1,448,323
18191,1,448,321
18192,1,455,313
18193,1,455,310
18194,1,456,306
18195,1,458,296
18196,1,460,286
18197,1,461,278
18198,1,461,270
18199,1,465,260
18200,1,468,251
18201,1,470,243
18202,1,471,235
18203,1,473,230
18204,1,475,221
18205,1,476,216
18206,1,476,206
18207,1,476,201
18208,1,480,197
18209,1,480,187
18210,1,482,182
18211,1,483,180
18212,1,486,173
18213,1,486,165
18214,1,490,161
18215,1,491,153
18216,1,495,146
18217,1,495,141
18218,1,500,136
18219,1,501,130
18220,1,503,126
18221,1,503,123
18222,1,506,118
18223,1,508,116
18224,1,510,115
18225,1,511,108
18226,1,520,101
18227,1,521,100
18228,1,523,96
18229,1,523,91
18230,1,525,88
18231,1,526,85
18232,1,528,83
18233,1,530,81
18234,1,535,73
18235,1,535,71
18236,1,536,71
18237,1,538,68
18238,1,540,68
18239,1,541,68
18240,1,545,66
18241,1,546,65
18242,1,550,63
18243,1,551,60
18244,1,553,58
18245,1,555,58
18246,0,0,0
18247,0,0,0
18248,0,0,0
18249,0,0,0
18250,0,0,0
18251,0,0,0
18252,0,0,0
18253,0,0,0
18254,1,578,60
18255,1,580,65
18256,1,581,66
18257,1,588,66
18258,1,590,68
18259,1,591,70
18260,1,595,71
18261,0,0,0
18262,0,0,0
18263,0,0,0
18264,1,606,81
18265,1,606,83
18266,1,608,86
18267,1,610,90
18268,1,610,95
18269,1,615,100
18270,1,621,108
18271,1,623,110
18272,1,626,113
18273,1,628,115
18274,1,630,118
18275,1,633,125
18276,1,635,128
18277,1,640,136
18278,1,641,140
18279,1,643,146
18280,1,646,151
18281,1,650,156
18282,1,651,165
18283,1,653,173
18284,1,656,180
18285,1,658,188
18286,1,661,191
18287,1,663,201
18288,1,668,206
18289,1,670,216
18290,1,671,221
18291,1,675,231
18292,1,676,241
18293,1,680,248
18294,1,683,258
18295,1,686,270
18296,1,688,281
18297,1,690,290
18298,1,693,300
18299,0,0,0
18300,0,0,0
18301,1,695,298
18302,1,690,288
18303,1,686,273
18304,1,685,260
18305,1,681,248
18306,1,680,236
18307,1,676,226
18308,1,673,218
18309,1,670,208
18310,1,666,200
18311,1,663,191
18312,1,660,181
18313,1,655,176
18314,1,653,170
18315,1,651,163
18316,1,648,156
18317,1,646,150
18318,1,643,140
18319,1,641,135
18320,1,637,127
18321,1,635,126
18322,1,633,118
18323,1,630,113
18324,1,630,110
18325,1,626,100
18326,1,623,98
18327,1,618,95
18328,1,616,90
18329,1,615,88
18330,1,613,83
18331,1,610,80
18332,1,608,75
18333,1,606,73
18334,1,605,70
18335,1,603,66
18336,1,600,63
18337,1,596,61
18338,1,595,60
18339,1,593,60
18340,1,590,58
18341,1,473,341
18342,1,583,55
18343,1,580,56
18344,1,578,56
18345,1,576,56
18346,1,575,55
18347,1,573,55
18348,1,571,53
18349,1,570,53
18350,1,566,55
18351,1,565,55
18352,1,563,55
18353,1,555,58
18354,1,553,58
18355,1,551,58
18356,1,550,60
18357,1,548,61
18358,1,545,63
18359,1,543,65
18360,1,543,70
18361,1,541,71
18362,1,540,75
18363,0,0,0
18364,0,0,0
18365,1,530,83
18366,1,528,86
18367,1,526,90
18368,1,525,95
18369,1,525,100
18370,1,523,103
18371,1,520,108
18372,1,520,111
18373,1,516,118
18374,1,516,121
18375,1,513,121
18376,1,511,126
18377,1,508,136
18378,1,506,143
18379,1,501,146
18380,1,501,151
18381,1,500,161
18382,1,496,165
18383,1,495,171
18384,1,493,178
18385,1,491,181
18386,1,490,190
18387,1,488,196
18388,1,486,205
18389,1,485,210
18390,1,481,223
18391,1,481,226
18392,1,486,230
18393,1,490,231
18394,1,495,231
18395,1,501,233
18396,1,508,235
18397,1,511,241
18398,1,518,243
18399,1,526,250
18400,1,536,251
18401,1,545,256
18402,1,548,256
18403,1,550,253
18404,1,553,250
18405,0,0,0
18406,1,567,247
18407,1,573,246
18408,1,573,246
18409,1,573,250
18410,0,0,0
18411,0,0,0
18412,0,0,0
18413,0,0,0
18414,0,0,0
18415,0,0,0
18416,0,0,0
18417,0,0,0
18418,0,0,0
18419,0,0,0
18420,1,653,293
18421,1,661,300
18422,1,670,305
18423,1,676,311
18424,1,685,323
18425,1,695,330
18426,1,701,341
18427,1,708,360
18428,0,0,0
18429,1,726,385
18430,1,735,393
18431,1,748,410
18432,0,0,0
18433,1,761,446
18434,0,0,0
18435,0,0,0
18436,0,0,0
18437,1,256,201
18438,0,0,0
18439,1,803,445
18440,0,0,0
18441,0,0,0
18442,0,0,0
18443,1,785,361
18444,1,785,338
18445,0,0,0
18446,1,780,300
18447,1,776,285
18448,1,775,271
18449,0,0,0
18450,1,768,240
18451,1,766,230
18452,1,766,216
18453,1,763,203
18454,1,761,188
18455,1,760,180
18456,1,756,165
18457,1,756,153
18458,1,753,145
18459,1,753,136
18460,1,753,126
18461,1,750,120
18462,1,748,111
18463,1,745,107
18464,1,741,100
18465,1,741,95
18466,1,740,90
18467,1,740,85
18468,1,740,81
18469,1,738,73
18470,1,738,70
18471,1,736,65
18472,1,735,61
18473,1,735,60
18474,1,735,58
18475,0,0,0
18476,1,733,50
18477,1,730,48
18478,1,728,50
18479,1,730,48
18480,1,725,46
18481,1,726,46
18482,1,725,45
18483,1,725,46
18484,1,726,45
18485,1,723,45
18486,1,723,45
18487,1,723,46
18488,1,723,46
18489,1,723,46
18490,1,723,48
18491,1,723,50
18492,1,721,55
18493,1,721,58
18494,1,721,61
18495,1,716,60
18496,1,716,63
18497,1,716,65
18498,1,716,68
18499,1,715,71
18500,1,715,73
18501,1,715,75
18502,1,715,81
18503,1,715,85
18504,1,713,88
18505,1,713,91
18506,1,713,96
18507,1,713,101
18508,1,715,103
18509,1,711,111
18510,1,708,115
18511,1,708,120
18512,1,708,125
18513,1,708,128
18514,1,706,136
18515,1,706,140
18516,1,706,146
18517,1,706,151
18518,1,705,160
18519,1,705,165
18520,1,705,171
18521,1,703,178
18522,1,703,183
18523,1,701,191
18524,1,700,198
18525,1,703,205
18526,1,701,215
18527,1,700,218
18528,1,700,223
18529,1,700,230
18530,1,700,235
18531,1,700,245
18532,1,700,253
18533,1,698,260
18534,1,696,270
18535,1,696,275
18536,1,696,283
18537,1,695,290
18538,1,695,300
18539,1,695,306
18540,1,696,328
18541,0,0,0
18542,1,695,338
18543,1,693,335
18544,1,693,333
18545,1,691,325
18546,1,688,321
18547,1,688,308
18548,1,685,300
18549,1,683,288
18550,1,681,280
18551,1,676,271
18552,1,670,260
18553,1,670,253
18554,1,667,245
18555,1,668,235
18556,1,663,231
18557,1,663,225
18558,1,660,215
18559,1,656,203
18560,1,655,195
18561,1,651,188
18562,1,650,180
18563,1,646,175
18564,1,646,166
18565,1,643,161
18566,1,640,155
18567,1,636,150
18568,1,635,145
18569,1,631,138
18570,1,630,135
18571,1,626,126
18572,1,625,123
18573,1,621,118
18574,1,618,111
18575,1,618,110
18576,1,615,103
18577,1,613,101
18578,1,608,98
18579,1,606,95
18580,1,605,91
18581,1,601,88
18582,1,598,86
18583,1,595,83
18584,1,591,83
18585,1,593,80
18586,1,591,75
18587,1,590,73
18588,1,588,71
18589,1,583,68
18590,1,581,68
18591,1,580,66
18592,1,578,66
18593,1,575,66
18594,1,573,66
18595,1,570,66
18596,1,566,66
18597,1,565,68
18598,1,563,70
18599,1,555,68
18600,1,555,68
18601,1,553,68
18602,1,551,68
18603,1,550,68
18604,1,546,70
18605,1,543,70
18606,1,541,73
18607,1,540,73
18608,1,538,75
18609,1,535,81
18610,1,535,80
18611,1,530,86
18612,1,528,90
18613,1,526,91
18614,1,525,93
18615,1,521,98
18616,1,521,100
18617,1,520,103
18618,1,516,106
18619,1,515,108
18620,1,513,110
18621,1,510,115
18622,1,508,120
18623,1,503,126
18624,1,501,130
18625,1,500,135
18626,1,498,140
18627,1,498,143
18628,1,495,148
18629,1,493,155
18630,1,488,163
18631,1,488,166
18632,1,486,173
18633,1,485,178
18634,1,481,186
18635,1,480,190
18636,1,476,200
18637,1,475,205
18638,1,475,213
18639,1,473,218
18640,1,471,226
18641,1,470,233
18642,1,470,236
18643,1,466,245
18644,1,465,253
18645,1,460,260
18646,1,458,275
18647,1,458,285
18648,1,456,286
18649,1,458,290
18650,1,460,286
18651,1,461,281
18652,1,461,270
18653,1,463,260
18654,1,466,250
18655,1,466,241
18656,1,468,233
18657,1,468,225
18658,1,470,218
18659,1,472,212
18660,1,475,208
18661,1,475,205
18662,1,476,196
18663,1,477,187
18664,1,481,180
18665,1,483,173
18666,1,485,166
18667,1,486,156
18668,1,486,151
18669,1,490,146
18670,1,491,140
18671,1,493,135
18672,1,493,128
18673,1,495,125
18674,1,496,121
18675,1,498,118
18676,0,0,0
18677,0,0,0
18678,1,501,103
18679,1,503,101
18680,1,510,96
18681,1,510,93
18682,1,511,90
18683,1,511,86
18684,1,513,83
18685,1,515,81
18686,1,515,80
18687,1,516,76
18688,1,518,75
18689,1,520,73
18690,1,523,73
18691,0,0,0
18692,0,0,0
18693,0,0,0
18694,0,0,0
18695,0,0,0
18696,0,0,0
18697,0,0,0
18698,0,0,0
18699,0,0,0
18700,0,0,0
18701,1,541,65
18702,0,0,0
18703,0,0,0
18704,1,543,66
18705,1,543,73
18706,1,545,73
18707,1,548,73
18708,1,550,75
18709,1,551,75
18710,1,553,76
18711,1,556,80
18712,1,556,81
18713,1,556,85
18714,1,556,86
18715,1,561,90
18716,1,561,93
18717,1,563,96
18718,1,563,101
18719,1,565,108
18720,1,570,111
18721,1,571,113
18722,1,573,118
18723,1,575,120
18724,1,575,121
18725,1,576,125
18726,1,578,135
18727,1,578,138
18728,1,580,143
18729,1,581,150
18730,1,581,155
18731,1,585,163
18732,1,586,168
18733,1,586,176
18734,1,587,180
18735,1,590,188
18736,1,591,191
18737,1,593,200
18738,1,596,206
18739,1,598,215
18740,1,600,220
18741,1,600,230
18742,1,600,233
18743,1,601,243
18744,1,600,246
18745,1,595,245
18746,1,591,243
18747,1,585,237
18748,1,581,235
18749,1,578,233
18750,1,575,235
18751,1,566,236
18752,1,561,240
18753,1,555,241
18754,1,550,241
18755,1,543,243
18756,1,536,246
18757,1,530,251
18758,1,520,256
18759,1,513,260
18760,1,508,266
18761,1,498,271
18762,1,488,280
18763,1,483,288
18764,1,475,301
18765,1,466,311
18766,1,448,321
18767,1,441,335
18768,1,435,350
18769,1,430,361
18770,1,420,383
18771,0,0,0
18772,1,387,382
18773,1,387,357
18774,0,0,0
18775,1,415,295
18776,0,0,0
18777,1,416,216
18778,1,420,191
18779,1,421,173
18780,1,428,140
18781,0,0,0
18782,1,435,91
18783,1,440,63
18784,1,441,46
18785,0,0,0
18786,1,446,13
18787,1,445,76
18788,1,445,140
18789,1,444,203
18790,1,443,266
18791,1,442,329
18792,1,442,393
18793,1,441,456
18794,1,436,463
18795,1,603,328
18796,1,563,366
18797,1,523,404
18798,1,482,442
18799,1,442,479
18800,1,402,517
18801,1,362,555
18802,1,377,559
18803,1,392,564
18804,1,407,568
18805,1,422,572
18806,1,429,579
18807,1,436,586
18808,1,443,593
18809,1,450,600
18810,1,473,584
18811,1,497,567
18812,1,520,551
18813,1,544,535
18814,1,567,518
18815,1,591,502
18816,1,614,485
18817,1,638,469
18818,1,661,453
18819,0,0,0
18820,1,708,420
18821,1,705,416
18822,1,700,410
18823,1,698,404
18824,1,697,399
18825,1,695,393
18826,1,693,388
18827,1,692,382
18828,1,690,377
18829,1,688,371
18830,1,687,366
18831,0,0,0
18832,0,0,0
18833,0,0,0
18834,0,0,0
18835,0,0,0
18836,0,0,0
18837,0,0,0
18838,0,0,0
18839,0,0,0
18840,0,0,0
18841,0,0,0
18842,0,0,0
18843,0,0,0
18844,0,0,0
18845,0,0,0
18846,0,0,0
18847,0,0,0
18848,0,0,0
18849,0,0,0
18850,0,0,0
18851,0,0,0
18852,0,0,0
18853,0,0,0
18854,0,0,0
18855,0,0,0
18856,0,0,0
18857,0,0,0
18858,0,0,0
18859,0,0,0
18860,0,0,0
18861,0,0,0
18862,0,0,0
18863,0,0,0
18864,0,0,0
18865,0,0,0
18866,0,0,0
18867,0,0,0
18868,0,0,0
18869,0,0,0
18870,0,0,0
18871,0,0,0
18872,0,0,0
18873,0,0,0
18874,0,0,0
18875,0,0,0
18876,0,0,0
18877,0,0,0
18878,0,0,0
18879,0,0,0
18880,0,0,0
18881,0,0,0
18882,0,0,0
18883,0,0,0
18884,0,0,0
18885,0,0,0
18886,0,0,0
18887,0,0,0
18888,0,0,0
18889,0,0,0
18890,0,0,0
18891,0,0,0
18892,0,0,0
18893,0,0,0
18894,1,581,10
18895,1,583,18
18896,1,586,31
18897,1,588,46
18898,1,588,65
18899,1,588,81
18900,1,590,96
18901,1,593,113
18902,1,596,128
18903,1,595,141
18904,1,593,163
18905,1,595,180
18906,1,596,198
18907,1,601,216
18908,1,600,230
18909,1,601,253
18910,0,0,0
18911,1,600,281
18912,1,605,273
18913,1,606,271
18914,1,613,258
18915,1,616,246
18916,1,620,233
18917,1,621,218
18918,1,625,205
18919,1,625,188
18920,1,630,176
18921,1,631,161
18922,1,635,146
18923,1,635,138
18924,1,641,123
18925,1,643,111
18926,1,645,100
18927,1,646,88
18928,1,646,81
18929,0,0,0
18930,0,0,0
18931,0,0,0
18932,0,0,0
18933,0,0,0
18934,1,561,305
18935,0,0,0
18936,0,0,0
18937,0,0,0
18938,0,0,0
18939,0,0,0
18940,0,0,0
18941,0,0,0
18942,1,596,261
18943,1,600,256
18944,0,0,0
18945,0,0,0
18946,0,0,0
18947,0,0,0
18948,0,0,0
18949,0,0,0
18950,0,0,0
18951,0,0,0
18952,0,0,0
18953,0,0,0
18954,0,0,0
18955,0,0,0
18956,0,0,0
18957,0,0,0
18958,0,0,0
18959,0,0,0
18960,0,0,0
18961,0,0,0
18962,0,0,0
18963,0,0,0
18964,0,0,0
18965,0,0,0
18966,0,0,0
18967,0,0,0
18968,0,0,0
18969,0,0,0
18970,0,0,0
18971,0,0,0
18972,0,0,0
18973,0,0,0
18974,0,0,0
18975,0,0,0
18976,0,0,0
18977,0,0,0
18978,0,0,0
18979,0,0,0
18980,0,0,0
18981,0,0,0
18982,0,0,0
18983,0,0,0
18984,0,0,0
18985,0,0,0
18986,0,0,0
18987,0,0,0
18988,1,795,10
18989,1,801,15
18990,1,805,18
18991,0,0,0
18992,1,808,36
18993,1,811,45
18994,1,811,50
18995,1,815,58
18996,1,818,66
18997,1,820,75
18998,1,821,83
18999,1,826,91
19000,1,828,101
19001,1,830,111
19002,1,833,128
19003,1,835,136
19004,1,840,150
19005,1,840,160
19006,1,840,170
19007,1,843,181
19008,1,846,198
19009,1,846,215
19010,1,848,226
19011,1,852,235
19012,1,855,251
19013,1,856,261
19014,1,858,278
19015,1,860,286
19016,1,860,298
19017,1,863,300
19018,1,855,282
19019,1,863,280
19020,1,865,276
19021,1,865,273
19022,1,866,268
19023,1,866,260
19024,1,866,253
19025,1,868,248
19026,1,868,243
19027,1,866,241
19028,1,866,235
19029,1,868,235
19030,1,865,231
19031,1,866,231
19032,1,866,230
19033,1,868,228
19034,1,868,228
19035,1,869,228
19036,1,869,228
19037,1,870,229
19038,1,871,229
19039,1,872,229
19040,1,872,229
19041,1,873,229
19042,1,874,230
19043,1,874,230
19044,1,875,230
19045,1,875,227
19046,1,872,225
19047,1,872,225
19048,1,872,227
19049,1,870,227
19050,1,876,233
19051,1,876,235
19052,1,875,240
19053,1,875,240
19054,1,876,241
19055,1,876,243
19056,1,876,248
19057,1,876,251
19058,1,876,256
19059,1,876,258
19060,1,875,265
19061,1,880,268
19062,1,880,271
19063,1,880,280
19064,1,880,286
19065,1,881,285
19066,1,881,288
19067,1,881,295
19068,1,881,298
19069,1,881,303
19070,1,883,308
19071,1,883,313
19072,1,883,321
19073,1,883,325
19074,1,883,331
19075,1,883,338
19076,1,881,343
19077,1,883,348
19078,1,881,358
19079,1,881,366
19080,1,882,365
19081,1,885,370
19082,1,882,380
19083,1,882,385
19084,1,881,395
19085,1,887,390
19086,1,867,380
19087,1,866,376
19088,1,866,372
19089,1,865,368
19090,1,860,363
19091,1,858,356
19092,1,855,351
19093,1,848,340
19094,1,845,335
19095,1,838,321
19096,1,835,315
19097,1,830,310
19098,1,823,300
19099,1,820,288
19100,1,815,283
19101,1,806,273
19102,1,803,266
19103,1,795,260
19104,1,791,250
19105,1,783,241
19106,1,775,233
19107,1,768,223
19108,1,761,220
19109,1,756,215
19110,1,751,205
19111,1,741,201
19112,1,735,193
19113,1,726,183
19114,1,721,178
19115,1,713,171
19116,1,705,163
19117,1,696,156
19118,1,688,153
19119,1,681,146
19120,1,671,138
19121,1,661,130
19122,1,653,126
19123,1,645,121
19124,1,635,115
19125,1,623,115
19126,1,620,110
19127,1,600,103
19128,1,593,98
19129,1,581,96
19130,1,573,91
19131,1,565,86
19132,1,551,81
19133,1,540,81
19134,1,525,76
19135,1,513,75
19136,1,501,71
19137,1,491,70
19138,1,481,66
19139,1,468,60
19140,1,458,63
19141,1,443,65
19142,1,430,61
19143,1,413,58
19144,1,403,56
19145,1,385,58
19146,1,368,58
19147,1,351,56
19148,1,333,58
19149,0,0,0
19150,0,0,0
19151,1,281,58
19152,1,270,60
19153,1,250,61
19154,1,233,66
19155,1,218,66
19156,1,193,73
19157,1,178,78
19158,1,161,81
19159,1,138,86
19160,1,116,93
19161,1,93,98
19162,1,68,110
19163,1,43,118
19164,1,35,123
19165,1,13,126
19166,0,0,0
19167,0,0,0
19168,0,0,0
19169,0,0,0
19170,0,0,0
19171,0,0,0
19172,0,0,0
19173,0,0,0
19174,0,0,0
19175,0,0,0
19176,1,358,343
19177,1,351,346
19178,1,348,348
19179,0,0,0
19180,1,336,350
19181,1,331,353
19182,1,328,356
19183,1,323,361
19184,0,0,0
19185,1,328,368
19186,0,0,0
19187,1,317,375
19188,1,316,376
19189,1,316,380
19190,1,315,385
19191,1,316,390
19192,1,315,393
19193,1,315,400
19194,1,316,405
19195,1,316,410
19196,1,316,416
19197,1,325,418
19198,1,328,421
19199,1,326,430
19200,1,331,428
19201,0,0,0
19202,0,0,0
19203,0,0,0
19204,0,0,0
19205,0,0,0
19206,0,0,0
19207,0,0,0
19208,0,0,0
19209,0,0,0
19210,0,0,0
19211,0,0,0
19212,0,0,0
19213,0,0,0
19214,0,0,0
19215,0,0,0
19216,0,0,0
19217,0,0,0
19218,0,0,0
19219,0,0,0
19220,0,0,0
19221,0,0,0
19222,0,0,0
19223,0,0,0
19224,0,0,0
19225,0,0,0
19226,0,0,0
19227,0,0,0
19228,0,0,0
19229,0,0,0
19230,0,0,0
19231,0,0,0
19232,0,0,0
19233,1,487,355
19234,1,487,355
19235,1,487,355
19236,1,485,355
19237,1,485,355
19238,1,485,355
19239,1,485,355
19240,1,485,357
19241,1,485,357
19242,1,487,356
19243,1,489,355
19244,1,491,354
19245,1,493,353
19246,1,494,353
19247,1,496,352
19248,1,498,351
19249,1,500,350
19250,1,502,349
19251,0,0,0
19252,0,0,0
19253,0,0,0
19254,0,0,0
19255,0,0,0
19256,0,0,0
19257,0,0,0
19258,0,0,0
19259,0,0,0
19260,0,0,0
19261,0,0,0
19262,0,0,0
19263,0,0,0
19264,0,0,0
19265,0,0,0
19266,0,0,0
19267,0,0,0
19268,0,0,0
19269,0,0,0
19270,0,0,0
19271,0,0,0
19272,0,0,0
19273,0,0,0
19274,0,0,0
19275,0,0,0
19276,1,551,326
19277,1,550,325
19278,1,550,323
19279,0,0,0
19280,0,0,0
19281,1,540,333
19282,1,538,335
19283,1,258,445
19284,1,258,443
19285,1,255,438
19286,1,251,435
19287,1,248,435
19288,1,246,435
19289,1,245,433
19290,1,296,428
19291,1,347,424
19292,1,398,419
19293,1,449,415
19294,1,500,410
19295,1,500,420
19296,1,614,399
19297,1,728,378
19298,1,842,356
19299,1,956,335
19300,1,955,333
19301,1,955,333
19302,1,955,330
19303,1,955,326
19304,1,955,326
19305,0,0,0
19306,1,890,326
19307,1,858,326
19308,1,826,326
19309,1,793,326
19310,1,761,326
19311,1,729,326
19312,1,696,326
19313,1,664,326
19314,0,0,0
19315,0,0,0
19316,0,0,0
19317,0,0,0
19318,0,0,0
19319,1,470,326
19320,1,473,330
19321,1,475,335
19322,1,478,339
19323,1,481,343
19324,1,484,348
19325,1,486,352
19326,1,489,357
19327,1,492,361
19328,1,495,365
19329,0,0,0
19330,0,0,0
19331,0,0,0
19332,0,0,0
19333,0,0,0
19334,0,0,0
19335,0,0,0
19336,0,0,0
19337,0,0,0
19338,0,0,0
19339,0,0,0
19340,0,0,0
19341,0,0,0
19342,0,0,0
19343,0,0,0
19344,0,0,0
19345,0,0,0
19346,0,0,0
19347,0,0,0
19348,0,0,0
19349,0,0,0
19350,0,0,0
19351,0,0,0
19352,0,0,0
19353,0,0,0
19354,0,0,0
19355,0,0,0
19356,0,0,0
19357,0,0,0
19358,0,0,0
19359,0,0,0
19360,0,0,0
19361,0,0,0
19362,0,0,0
19363,0,0,0
19364,0,0,0
19365,0,0,0
19366,0,0,0
19367,0,0,0
19368,0,0,0
19369,0,0,0
19370,0,0,0
19371,0,0,0
19372,0,0,0
19373,0,0,0
19374,0,0,0
19375,0,0,0
19376,0,0,0
19377,0,0,0
19378,0,0,0
19379,0,0,0
19380,0,0,0
19381,0,0,0
19382,0,0,0
19383,0,0,0
19384,0,0,0
19385,0,0,0
19386,0,0,0
19387,0,0,0
19388,0,0,0
19389,0,0,0
19390,0,0,0
19391,0,0,0
19392,0,0,0
19393,0,0,0
19394,0,0,0
19395,0,0,0
19396,1,680,662
19397,1,684,621
19398,1,688,581
19399,1,692,540
19400,1,696,500
19401,1,700,459
19402,1,704,418
19403,1,708,378
19404,1,712,337
19405,0,0,0
19406,0,0,0
19407,1,700,270
19408,1,698,250
19409,1,698,241
19410,0,0,0
19411,0,0,0
19412,0,0,0
19413,0,0,0
19414,0,0,0
19415,0,0,0
19416,1,698,125
19417,1,700,116
19418,1,698,111
19419,1,698,98
19420,1,696,88
19421,0,0,0
19422,0,0,0
19423,0,0,0
19424,0,0,0
19425,0,0,0
19426,0,0,0
19427,0,0,0
19428,0,0,0
19429,0,0,0
19430,0,0,0
19431,1,695,55
19432,1,696,55
19433,1,696,56
19434,1,696,58
19435,1,696,61
19436,0,0,0
19437,0,0,0
19438,0,0,0
19439,0,0,0
19440,0,0,0
19441,1,685,100
19442,1,686,108
19443,0,0,0
19444,0,0,0
19445,0,0,0
19446,1,685,145
19447,1,680,150
19448,1,662,138
19449,1,645,127
19450,1,642,127
19451,1,635,127
19452,1,632,127
19453,1,630,125
19454,1,627,125
19455,1,621,135
19456,1,621,136
19457,1,616,139
19458,1,610,142
19459,1,607,142
19460,1,607,142
19461,1,735,635
19462,1,600,145
19463,1,597,145
19464,1,597,142
19465,1,600,161
19466,1,596,165
19467,1,595,168
19468,0,0,0
19469,1,591,178
19470,0,0,0
19471,0,0,0
19472,0,0,0
19473,1,581,200
19474,1,581,203
19475,1,580,206
19476,1,580,215
19477,1,578,218
19478,1,576,223
19479,1,575,228
19480,1,573,233
19481,1,571,236
19482,1,571,241
19483,1,570,248
19484,1,570,253
19485,1,566,263
19486,1,565,266
19487,1,565,268
19488,1,565,270
19489,1,563,275
19490,1,563,280
19491,1,561,286
19492,1,561,290
19493,1,560,296
19494,0,0,0
19495,1,558,310
19496,1,556,315
19497,0,0,0
19498,1,555,323
19499,1,553,326
19500,0,0,0
19501,0,0,0
19502,0,0,0
19503,0,0,0
19504,0,0,0
19505,0,0,0
19506,0,0,0
19507,0,0,0
19508,0,0,0
19509,0,0,0
19510,0,0,0
19511,0,0,0
19512,1,573,270
19513,1,575,263
19514,1,575,261
19515,1,581,248
19516,1,586,241
19517,1,590,235
19518,1,591,228
19519,1,593,221
19520,1,596,216
19521,1,596,208
19522,1,600,203
19523,1,601,198
19524,1,605,191
19525,1,606,188
19526,1,608,181
19527,1,610,175
19528,1,615,170
19529,1,616,166
19530,1,618,163
19531,1,621,160
19532,1,628,155
19533,1,628,148
19534,1,631,143
19535,1,635,140
19536,1,636,136
19537,0,0,0
19538,1,641,128
19539,1,645,125
19540,1,648,121
19541,1,650,118
19542,1,653,116
19543,1,656,115
19544,1,658,115
19545,1,660,111
19546,0,0,0
19547,0,0,0
19548,0,0,0
19549,0,0,0
19550,1,676,103
19551,1,680,101
19552,1,681,101
19553,1,683,100
19554,1,686,101
19555,1,690,100
19556,1,690,101
19557,1,695,96
19558,1,698,95
19559,1,700,98
19560,1,700,100
19561,1,703,98
19562,1,706,98
19563,1,710,98
19564,1,711,98
19565,1,715,98
19566,1,723,98
19567,1,723,100
19568,1,725,101
19569,1,726,101
19570,1,731,103
19571,1,728,108
19572,1,731,108
19573,1,733,111
19574,1,736,115
19575,1,741,115
19576,1,746,118
19577,1,748,121
19578,1,750,123
19579,1,751,126
19580,1,756,128
19581,1,756,135
19582,1,760,138
19583,1,763,141
19584,1,766,146
19585,1,768,151
19586,1,775,155
19587,1,776,161
19588,1,778,166
19589,1,780,171
19590,1,785,175
19591,1,788,180
19592,1,790,190
19593,1,793,193
19594,1,795,200
19595,1,800,203
19596,1,801,208
19597,1,803,218
19598,1,806,225
19599,1,810,231
19600,1,811,240
19601,1,813,245
19602,1,818,255
19603,1,820,261
19604,1,821,268
19605,1,823,275
19606,1,825,287
19607,1,833,301
19608,1,833,300
19609,1,835,298
19610,1,833,288
19611,1,833,278
19612,1,831,268
19613,1,828,260
19614,1,828,250
19615,1,825,242
19616,1,821,230
19617,1,820,220
19618,1,818,216
19619,1,815,205
19620,1,815,203
19621,1,810,195
19622,1,806,188
19623,1,808,180
19624,1,803,171
19625,1,801,165
19626,1,800,156
19627,1,796,153
19628,1,795,150
19629,1,795,143
19630,1,791,136
19631,1,790,133
19632,1,788,125
19633,1,786,121
19634,1,786,118
19635,1,783,113
19636,1,781,110
19637,1,778,108
19638,1,776,101
19639,1,775,98
19640,1,773,96
19641,1,768,93
19642,1,766,88
19643,1,765,86
19644,1,763,85
19645,1,761,83
19646,1,758,81
19647,1,758,81
19648,1,755,80
19649,1,753,75
19650,1,747,82
19651,1,747,82
19652,1,747,82
19653,1,747,82
19654,0,0,0
19655,0,0,0
19656,0,0,0
19657,1,736,73
19658,1,735,71
19659,1,735,75
19660,1,731,73
19661,1,731,75
19662,1,730,77
19663,1,727,80
19664,1,725,80
19665,1,715,81
19666,1,713,81
19667,1,713,81
19668,1,713,83
19669,1,711,83
19670,1,706,86
19671,1,705,88
19672,1,703,93
19673,1,701,96
19674,1,700,100
19675,1,698,106
19676,1,695,108
19677,1,695,111
19678,1,690,115
19679,1,690,120
19680,1,688,120
19681,1,686,125
19682,1,685,128
19683,1,681,135
19684,1,681,138
19685,1,678,143
19686,1,678,150
19687,1,676,155
19688,1,675,161
19689,1,671,166
19690,1,670,173
19691,1,668,178
19692,1,668,181
19693,1,663,190
19694,1,661,198
19695,0,0,0
19696,0,0,0
19697,1,653,225
19698,1,656,228
19699,1,660,230
19700,1,670,226
19701,1,676,226
19702,1,685,228
19703,1,695,226
19704,1,701,228
19705,1,710,231
19706,1,721,235
19707,1,730,236
19708,1,738,240
19709,1,746,245
19710,1,761,253
19711,1,770,258
19712,1,785,263
19713,1,801,270
19714,1,810,278
19715,1,821,285
19716,1,841,298
19717,1,860,311
19718,0,0,0
19719,1,898,335
19720,1,921,351
19721,1,928,363
19722,0,0,0
19723,1,968,408
19724,0,0,0
19725,0,0,0
19726,0,0,0
19727,1,1086,526
19728,0,0,0
19729,0,0,0
19730,1,1190,600
19731,0,0,0
19732,1,1240,578
19733,0,0,0
19734,0,0,0
19735,0,0,0
19736,0,0,0
19737,1,325,396
19738,0,0,0
19739,0,0,0
19740,1,326,398
19741,0,0,0
19742,0,0,0
19743,0,0,0
19744,0,0,0
19745,0,0,0
19746,0,0,0
19747,0,0,0
19748,0,0,0
19749,0,0,0
19750,0,0,0
19751,0,0,0
19752,0,0,0
19753,0,0,0
19754,0,0,0
19755,0,0,0
19756,0,0,0
19757,0,0,0
19758,0,0,0
19759,0,0,0
19760,0,0,0
19761,0,0,0
19762,0,0,0
19763,0,0,0
19764,1,520,415
19765,1,523,408
19766,1,530,412
19767,1,535,395
19768,1,540,395
19769,1,543,390
19770,1,550,381
19771,1,981,413
19772,1,980,408
19773,0,0,0
19774,1,975,401
19775,1,561,353
19776,1,968,393
19777,1,968,393
19778,1,965,390
19779,1,565,341
19780,1,566,338
19781,1,566,338
19782,1,568,338
19783,1,568,336
19784,1,570,336
19785,1,576,337
19786,1,582,338
19787,1,588,340
19788,1,594,341
19789,1,600,342
19790,1,606,343
19791,1,612,344
19792,1,618,345
19793,1,624,347
19794,0,0,0
19795,0,0,0
19796,0,0,0
19797,0,0,0
19798,0,0,0
19799,0,0,0
19800,0,0,0
19801,0,0,0
19802,0,0,0
19803,0,0,0
19804,0,0,0
19805,0,0,0
19806,0,0,0
19807,0,0,0
19808,0,0,0
19809,0,0,0
19810,0,0,0
19811,0,0,0
19812,0,0,0
19813,0,0,0
19814,0,0,0
19815,0,0,0
19816,0,0,0
19817,0,0,0
19818,0,0,0
19819,0,0,0
19820,0,0,0
19821,0,0,0
19822,0,0,0
19823,0,0,0
19824,0,0,0
19825,0,0,0
19826,0,0,0
19827,0,0,0
19828,0,0,0
19829,0,0,0
19830,0,0,0
19831,0,0,0
19832,0,0,0
19833,0,0,0
19834,0,0,0
19835,0,0,0
19836,0,0,0
19837,0,0,0
19838,0,0,0
19839,0,0,0
19840,0,0,0
19841,0,0,0
19842,0,0,0
19843,0,0,0
19844,1,930,407
19845,1,917,402
19846,1,904,397
19847,1,891,392
19848,1,877,388
19849,1,864,383
19850,1,851,378
19851,1,838,373
19852,1,825,368
19853,1,812,363
19854,0,0,0
19855,0,0,0
19856,0,0,0
19857,0,0,0
19858,0,0,0
19859,0,0,0
19860,0,0,0
19861,0,0,0
19862,0,0,0
19863,1,680,315
19864,1,680,315
19865,1,680,312
19866,1,693,342
19867,1,707,372
19868,1,720,402
19869,1,725,400
19870,1,257,362
19871,1,255,362
19872,1,262,362
19873,1,270,361
19874,1,277,361
19875,1,285,360
19876,1,292,360
19877,1,300,359
19878,1,307,359
19879,1,314,359
19880,1,322,358
19881,0,0,0
19882,0,0,0
19883,0,0,0
19884,0,0,0
19885,0,0,0
19886,0,0,0
19887,0,0,0
19888,0,0,0
19889,0,0,0
19890,0,0,0
19891,0,0,0
19892,0,0,0
19893,0,0,0
19894,0,0,0
19895,0,0,0
19896,0,0,0
19897,1,448,351
19898,1,448,351
19899,1,449,347
19900,1,449,344
19901,1,450,340
19902,1,450,336
19903,1,448,335
19904,1,450,331
19905,1,450,326
19906,1,450,321
19907,1,450,315
19908,1,450,310
19909,1,450,300
19910,1,450,295
19911,1,448,288
19912,1,448,283
19913,1,448,278
19914,1,448,271
19915,1,446,268
19916,1,446,260
19917,1,446,256
19918,1,446,251
19919,1,446,248
19920,1,450,236
19921,1,448,233
19922,1,448,230
19923,1,448,225
19924,1,448,220
19925,1,446,216
19926,1,446,215
19927,1,448,205
19928,1,446,201
19929,1,446,198
19930,1,446,195
19931,1,445,191
19932,1,445,190
19933,1,445,181
19934,1,446,180
19935,1,446,180
19936,1,445,176
19937,1,445,176
19938,1,443,171
19939,1,443,168
19940,1,443,165
19941,1,443,161
19942,1,441,160
19943,1,441,156
19944,1,443,156
19945,1,443,153
19946,1,441,151
19947,1,443,151
19948,1,445,151
19949,1,441,151
19950,0,0,0
19951,0,0,0
19952,0,0,0
19953,1,440,147
19954,1,440,145
19955,1,440,145
19956,1,440,142
19957,1,440,142
19958,1,440,142
19959,1,442,142
19960,1,442,142
19961,1,442,142
19962,1,442,145
19963,1,442,145
19964,1,442,145
19965,1,441,148
19966,1,443,150
19967,1,443,148
19968,1,441,148
19969,1,443,148
19970,1,440,150
19971,1,440,151
19972,1,438,153
19973,1,440,157
19974,1,441,160
19975,1,440,161
19976,1,438,163
19977,1,440,165
19978,1,436,170
19979,1,438,171
19980,1,440,173
19981,1,440,175
19982,1,440,178
19983,1,440,181
19984,1,437,185
19985,1,440,188
19986,1,440,190
19987,1,438,193
19988,1,438,198
19989,1,440,203
19990,1,440,208
19991,1,436,213
19992,1,438,216
19993,1,438,221
19994,1,440,225
19995,1,435,231
19996,1,436,235
19997,1,437,237
19998,1,436,246
19999,1,436,255
20000,1,438,255
20001,1,440,251
20002,1,440,246
20003,1,441,241
20004,1,445,235
20005,1,446,230
20006,1,448,221
20007,1,448,218
20008,0,0,0
20009,1,453,205
20010,1,456,198
20011,1,458,191
20012,1,463,188
20013,1,466,181
20014,1,470,178
20015,1,473,173
20016,1,475,168
20017,1,481,161
20018,1,483,156
20019,1,486,155
20020,1,491,150
20021,1,495,146
20022,1,500,143
20023,1,503,140
20024,1,506,136
20025,1,508,133
20026,1,515,130
20027,1,523,126
20028,1,526,123
20029,1,535,120
20030,1,538,118
20031,1,545,115
20032,1,551,116
20033,1,557,117
20034,1,565,115
20035,1,571,115
20036,1,576,115
20037,1,591,115
20038,1,596,116
20039,1,606,116
20040,1,616,115
20041,1,621,118
20042,1,633,123
20043,1,645,123
20044,1,653,128
20045,1,662,130
20046,1,676,135
20047,1,688,140
20048,1,700,146
20049,1,713,153
20050,1,726,156
20051,0,0,0
20052,1,755,176
20053,1,768,190
20054,1,788,201
20055,1,807,205
20056,1,817,217
20057,1,842,240
20058,1,856,221
20059,1,861,205
20060,1,868,180
20061,1,875,155
20062,0,0,0
20063,1,888,98
20064,1,896,70
20065,1,898,56
20066,1,903,38
20067,1,911,11
20068,1,893,78
20069,1,875,145
20070,1,857,212
20071,1,855,215
20072,1,855,217
20073,1,852,220
20074,1,805,245
20075,1,785,245
20076,1,783,253
20077,1,780,258
20078,1,781,271
20079,1,781,281
20080,1,782,295
20081,1,785,303
20082,1,786,315
20083,1,786,324
20084,1,786,333
20085,1,788,351
20086,1,790,361
20087,0,0,0
20088,1,806,368
20089,1,806,368
20090,1,807,369
20091,1,807,369
20092,1,807,370
20093,1,808,370
20094,1,808,370
20095,1,808,371
20096,1,809,371
20097,1,809,372
20098,0,0,0
20099,0,0,0
20100,0,0,0
20101,0,0,0
20102,0,0,0
20103,0,0,0
20104,0,0,0
20105,0,0,0
20106,0,0,0
20107,0,0,0
20108,0,0,0
20109,0,0,0
20110,0,0,0
20111,0,0,0
20112,0,0,0
20113,0,0,0
20114,0,0,0
20115,0,0,0
20116,0,0,0
20117,0,0,0
20118,0,0,0
20119,0,0,0
20120,0,0,0
20121,0,0,0
20122,0,0,0
20123,0,0,0
20124,0,0,0
20125,0,0,0
20126,0,0,0
20127,0,0,0
20128,0,0,0
20129,0,0,0
20130,0,0,0
20131,0,0,0
20132,0,0,0
20133,0,0,0
20134,0,0,0
20135,0,0,0
20136,0,0,0
20137,0,0,0
20138,0,0,0
20139,0,0,0
20140,0,0,0
20141,0,0,0
20142,0,0,0
20143,0,0,0
20144,0,0,0
20145,0,0,0
20146,0,0,0
20147,1,825,392
20148,1,827,392
20149,1,827,392
20150,1,830,392
20151,1,838,392
20152,1,846,393
20153,1,854,393
20154,1,862,393
20155,1,870,394
20156,1,878,394
20157,1,886,394
20158,1,894,395
20159,1,902,395
20160,1,910,396
20161,1,917,396
20162,1,924,397
20163,1,932,398
20164,1,940,398
20165,1,947,399
20166,1,954,399
20167,1,962,400
20168,1,962,395
20169,1,955,428
20170,1,948,461
20171,1,941,494
20172,1,934,527
20173,1,927,560
20174,1,945,565
20175,1,950,567
20176,1,964,550
20177,1,977,533
20178,1,991,516
20179,1,1005,499
20180,1,1018,482
20181,1,1032,465
20182,1,1046,448
20183,1,1060,431
20184,1,1073,414
20185,1,1087,397
20186,1,1092,400
20187,1,970,522
20188,1,985,527
20189,1,1017,535
20190,1,1012,535
20191,1,1064,483
20192,1,1115,432
20193,1,1167,380
20194,1,1172,377
20195,1,1175,375
20196,1,1167,392
20197,1,1159,408
20198,1,1152,424
20199,1,1144,441
20200,1,1136,458
20201,1,1128,474
20202,1,1120,490
20203,1,1113,507
20204,1,1105,524
20205,1,1097,540
20206,1,1112,540
20207,1,1120,545
20208,1,1138,553
20209,1,1095,548
20210,1,1051,543
20211,1,1008,538
20212,1,965,532
20213,1,921,527
20214,1,878,522
20215,1,835,517
20216,1,791,512
20217,1,748,506
20218,0,0,0
20219,0,0,0
20220,0,0,0
20221,0,0,0
20222,0,0,0
20223,0,0,0
20224,0,0,0
20225,0,0,0
20226,1,358,460
20227,1,353,461
20228,1,355,469
20229,1,356,476
20230,1,358,484
20231,1,359,492
20232,1,361,499
20233,1,362,507
20234,1,364,515
20235,1,365,522
20236,1,367,530
20237,0,0,0
20238,0,0,0
20239,0,0,0
20240,0,0,0
20241,0,0,0
20242,0,0,0
20243,0,0,0
20244,0,0,0
20245,0,0,0
20246,0,0,0
20247,0,0,0
20248,0,0,0
20249,0,0,0
20250,0,0,0
20251,1,390,645
20252,1,372,605
20253,1,353,565
20254,1,335,525
20255,1,321,520
20256,1,306,515
20257,1,292,510
20258,1,278,505
20259,1,264,500
20260,1,249,495
20261,1,235,490
20262,1,246,483
20263,1,258,475
20264,1,269,468
20265,1,280,460
20266,1,292,453
20267,1,303,445
20268,1,314,438
20269,1,326,430
20270,1,337,423
20271,0,0,0
20272,0,0,0
20273,0,0,0
20274,0,0,0
20275,0,0,0
20276,0,0,0
20277,0,0,0
20278,0,0,0
20279,0,0,0
20280,1,450,348
20281,1,450,341
20282,1,450,340
20283,1,450,333
20284,1,450,325
20285,1,448,321
20286,1,448,313
20287,1,446,306
20288,1,446,301
20289,1,446,295
20290,1,446,286
20291,1,445,281
20292,1,443,276
20293,1,443,270
20294,1,443,268
20295,1,445,256
20296,1,443,253
20297,1,443,248
20298,1,441,241
20299,1,445,235
20300,1,445,230
20301,1,443,223
20302,1,443,218
20303,1,443,215
20304,1,441,206
20305,1,441,203
20306,1,441,198
20307,1,440,196
20308,1,440,193
20309,1,440,191
20310,1,438,186
20311,1,440,180
20312,1,440,178
20313,1,440,173
20314,1,438,168
20315,1,438,165
20316,1,438,163
20317,1,438,156
20318,1,438,153
20319,1,438,151
20320,1,438,148
20321,1,438,145
20322,1,438,143
20323,1,438,141
20324,1,436,141
20325,0,0,0
20326,0,0,0
20327,0,0,0
20328,0,0,0
20329,0,0,0
20330,1,436,130
20331,1,438,126
20332,1,436,126
20333,1,440,123
20334,1,436,123
20335,1,438,120
20336,1,438,120
20337,1,440,121
20338,1,436,120
20339,1,435,118
20340,1,435,122
20341,1,435,122
20342,1,435,122
20343,1,432,125
20344,1,438,123
20345,1,432,125
20346,1,432,125
20347,1,432,127
20348,1,432,130
20349,1,432,130
20350,1,432,132
20351,1,432,132
20352,1,432,135
20353,1,430,135
20354,1,430,137
20355,1,430,141
20356,1,430,143
20357,1,431,145
20358,1,430,145
20359,1,431,146
20360,1,430,148
20361,1,430,150
20362,1,430,153
20363,1,430,161
20364,1,430,163
20365,1,430,166
20366,1,428,168
20367,1,428,171
20368,1,428,175
20369,1,428,178
20370,1,428,181
20371,1,426,188
20372,1,426,190
20373,1,428,193
20374,1,426,198
20375,1,428,203
20376,1,428,213
20377,1,428,215
20378,1,428,220
20379,1,428,225
20380,1,426,230
20381,1,426,233
20382,1,425,240
20383,1,425,248
20384,1,425,255
20385,1,428,255
20386,1,428,251
20387,1,431,243
20388,1,438,233
20389,1,443,228
20390,1,448,223
20391,1,455,220
20392,1,458,215
20393,1,461,208
20394,1,466,206
20395,1,473,200
20396,1,475,200
20397,1,481,195
20398,1,485,191
20399,1,490,190
20400,1,500,186
20401,1,503,183
20402,1,513,180
20403,1,520,176
20404,1,526,171
20405,1,535,171
20406,1,540,170
20407,1,546,168
20408,1,555,168
20409,1,565,166
20410,1,573,165
20411,1,580,165
20412,1,588,163
20413,1,600,163
20414,1,613,165
20415,1,616,166
20416,1,628,168
20417,1,643,170
20418,1,651,170
20419,1,663,171
20420,1,673,173
20421,1,686,176
20422,1,696,181
20423,1,708,181
20424,1,723,188
20425,1,736,191
20426,1,751,198
20427,1,765,206
20428,1,785,216
20429,1,801,223
20430,1,815,225
20431,1,830,232
20432,1,848,243
20433,1,863,255
20434,1,885,270
20435,1,900,280
20436,1,925,287
20437,1,950,305
20438,1,973,326
20439,1,985,335
20440,1,1005,351
20441,1,1022,352
20442,1,1038,354
20443,1,1055,355
20444,1,1056,340
20445,1,1056,325
20446,1,1050,305
20447,1,1048,280
20448,1,1045,261
20449,1,1041,243
20450,1,1035,225
20451,1,1031,206
20452,1,1030,181
20453,1,1025,166
20454,1,1020,150
20455,1,1016,135
20456,1,1010,113
20457,0,0,0
20458,1,1005,83
20459,1,1003,66
20460,1,995,58
20461,1,995,45
20462,1,991,28
20463,1,991,13
20464,1,975,10
20465,1,984,25
20466,1,993,40
20467,1,1002,56
20468,1,1011,71
20469,1,1020,86
20470,1,1029,101
20471,1,1038,117
20472,1,1047,132
20473,1,1056,147
20474,0,0,0
20475,0,0,0
20476,0,0,0
20477,0,0,0
20478,0,0,0
20479,0,0,0
20480,0,0,0
20481,0,0,0
20482,0,0,0
20483,0,0,0
20484,0,0,0
20485,0,0,0
20486,0,0,0
20487,0,0,0
20488,0,0,0
20489,0,0,0
20490,1,1208,406
20491,0,0,0
20492,0,0,0
20493,1,1210,386
20494,1,1210,385
20495,1,1206,381
20496,1,1171,376
20497,1,1137,372
20498,1,1102,367
20499,1,1067,362
20500,1,1033,358
20501,1,998,353
20502,1,963,348
20503,1,929,344
20504,1,894,339
20505,0,0,0
20506,0,0,0
20507,0,0,0
20508,0,0,0
20509,0,0,0
20510,0,0,0
20511,0,0,0
20512,1,617,302
20513,1,617,300
20514,1,617,300
20515,1,617,300
20516,1,617,300
20517,1,620,300
20518,1,620,297
20519,1,617,297
20520,1,932,325
20521,1,1248,353
20522,1,1248,363
20523,1,1246,365
20524,1,1237,367
20525,1,1245,378
20526,1,1246,386
20527,1,1246,393
20528,1,1248,396
20529,0,0,0
20530,1,1260,408
20531,1,1260,413
20532,1,1261,415
20533,1,1265,415
20534,0,0,0
20535,1,995,214
20536,1,860,114
20537,1,725,13
20538,1,716,31
20539,1,715,40
20540,1,711,55
20541,1,711,66
20542,1,708,75
20543,1,703,96
20544,1,698,111
20545,1,696,125
20546,1,693,143
20547,1,688,165
20548,1,685,183
20549,1,681,203
20550,0,0,0
20551,0,0,0
20552,1,671,250
20553,0,0,0
20554,0,0,0
20555,0,0,0
20556,1,675,303
20557,1,676,298
20558,0,0,0
20559,1,681,226
20560,1,688,203
20561,1,690,183
20562,1,693,166
20563,1,696,151
20564,1,701,136
20565,1,710,116
20566,1,713,103
20567,1,716,91
20568,0,0,0
20569,0,0,0
20570,1,726,50
20571,1,731,36
20572,1,735,21
20573,1,738,15
20574,1,732,20
20575,1,750,10
20576,1,731,71
20577,1,712,132
20578,1,693,194
20579,1,674,255
20580,1,655,316
20581,1,653,330
20582,1,671,341
20583,1,671,351
20584,1,660,363
20585,0,0,0
20586,1,653,390
20587,1,755,408
20588,1,857,425
20589,1,959,442
20590,1,1061,460
20591,1,1163,478
20592,1,1265,495
20593,1,1265,495
20594,0,0,0
20595,0,0,0
20596,0,0,0
20597,0,0,0
20598,1,1136,410
20599,1,1126,411
20600,1,1120,400
20601,1,1113,390
20602,1,1105,380
20603,1,1106,366
20604,1,1101,360
20605,1,1100,355
20606,1,1100,351
20607,1,1099,346
20608,1,1098,342
20609,1,1098,338
20610,0,0,0
20611,0,0,0
20612,1,1176,386
20613,1,1160,395
20614,1,1155,408
20615,1,1142,425
20616,1,1117,422
20617,1,1092,419
20618,1,1066,417
20619,1,1041,414
20620,1,1016,411
20621,1,1015,390
20622,1,1000,385
20623,1,996,365
20624,1,993,353
20625,1,913,365
20626,1,832,376
20627,1,752,388
20628,1,671,399
20629,1,591,411
20630,1,593,405
20631,1,592,399
20632,1,590,393
20633,1,588,388
20634,1,744,200
20635,1,900,11
20636,1,571,368
20637,1,901,35
20638,1,903,45
20639,0,0,0
20640,1,908,61
20641,1,908,70
20642,1,910,81
20643,1,911,88
20644,1,915,98
20645,1,916,110
20646,1,920,121
20647,1,923,130
20648,1,923,145
20649,1,926,155
20650,1,926,168
20651,1,928,181
20652,1,930,190
20653,1,928,200
20654,1,928,201
20655,1,915,200
20656,1,907,202
20657,1,900,200
20658,1,898,205
20659,1,892,197
20660,1,885,197
20661,1,880,197
20662,1,872,197
20663,1,871,203
20664,1,868,201
20665,1,860,201
20666,1,856,205
20667,1,852,205
20668,1,847,207
20669,1,845,210
20670,1,843,218
20671,1,840,218
20672,1,835,220
20673,1,831,220
20674,1,827,222
20675,1,823,225
20676,1,821,228
20677,1,820,230
20678,1,815,235
20679,1,816,241
20680,1,811,243
20681,1,810,245
20682,1,808,248
20683,1,805,255
20684,1,803,258
20685,1,800,263
20686,1,796,270
20687,1,795,273
20688,1,793,278
20689,1,791,281
20690,1,788,286
20691,1,788,293
20692,1,785,298
20693,1,783,303
20694,1,781,308
20695,1,778,311
20696,1,776,315
20697,1,776,321
20698,1,776,326
20699,1,776,330
20700,0,0,0
20701,0,0,0
20702,1,768,331
20703,1,768,323
20704,1,766,313
20705,1,763,305
20706,1,761,300
20707,1,758,295
20708,1,756,288
20709,1,756,285
20710,1,753,278
20711,1,750,273
20712,1,748,270
20713,1,743,268
20714,1,741,263
20715,1,738,258
20716,1,736,251
20717,1,735,246
20718,1,731,241
20719,1,731,236
20720,1,730,235
20721,1,725,230
20722,1,723,223
20723,1,720,221
20724,1,716,220
20725,1,715,216
20726,1,713,215
20727,1,708,210
20728,1,708,208
20729,1,706,208
20730,1,706,208
20731,1,703,205
20732,1,700,203
20733,1,696,198
20734,1,695,195
20735,0,0,0
20736,1,688,195
20737,1,686,191
20738,1,683,193
20739,1,681,191
20740,1,676,191
20741,0,0,0
20742,0,0,0
20743,0,0,0
20744,0,0,0
20745,1,661,193
20746,1,658,193
20747,1,655,195
20748,1,653,195
20749,1,650,195
20750,1,645,195
20751,1,643,198
20752,1,641,200
20753,1,635,201
20754,1,633,205
20755,1,628,206
20756,1,625,208
20757,1,621,215
20758,1,618,216
20759,1,616,220
20760,1,613,221
20761,1,610,226
20762,1,605,231
20763,1,600,235
20764,1,596,235
20765,1,593,241
20766,1,590,248
20767,1,588,253
20768,1,580,256
20769,1,578,261
20770,1,575,268
20771,1,570,271
20772,1,568,276
20773,1,565,283
20774,1,561,288
20775,1,555,298
20776,1,555,305
20777,1,555,311
20778,1,553,316
20779,1,550,323
20780,1,548,331
20781,1,545,341
20782,1,536,350
20783,1,536,351
20784,1,538,350
20785,0,0,0
20786,1,538,328
20787,1,540,320
20788,1,540,311
20789,1,540,303
20790,1,548,300
20791,1,548,295
20792,1,553,290
20793,1,553,285
20794,1,555,278
20795,1,555,273
20796,1,556,270
20797,1,555,267
20798,1,561,258
20799,1,561,253
20800,1,565,248
20801,1,566,245
20802,1,566,243
20803,1,568,240
20804,1,570,236
20805,1,571,236
20806,1,573,233
20807,1,576,230
20808,1,578,226
20809,1,580,225
20810,1,580,223
20811,1,581,221
20812,1,583,220
20813,1,586,221
20814,1,588,220
20815,1,588,220
20816,1,590,221
20817,1,590,221
20818,1,590,223
20819,1,591,225
20820,1,593,225
20821,1,595,225
20822,1,596,223
20823,1,598,223
20824,1,600,223
20825,1,600,223
20826,1,601,223
20827,1,601,226
20828,1,603,228
20829,1,605,230
20830,1,605,233
20831,1,605,235
20832,1,608,240
20833,1,608,241
20834,1,610,245
20835,1,610,246
20836,1,613,248
20837,1,613,251
20838,1,615,255
20839,1,615,256
20840,1,616,260
20841,1,620,268
20842,1,620,270
20843,1,621,275
20844,1,623,280
20845,1,625,285
20846,1,626,288
20847,1,628,295
20848,1,628,301
20849,1,630,308
20850,1,631,308
20851,1,633,315
20852,1,633,321
20853,1,635,325
20854,1,636,330
20855,1,636,336
20856,1,636,341
20857,1,641,348
20858,1,641,355
20859,1,643,360
20860,1,641,361
20861,1,641,363
20862,1,641,361
20863,1,641,358
20864,1,643,353
20865,1,641,336
20866,1,641,325
20867,1,641,315
20868,1,641,305
20869,1,641,296
20870,1,641,288
20871,1,641,280
20872,1,641,270
20873,1,640,261
20874,1,641,253
20875,1,640,245
20876,1,637,237
20877,1,640,231
20878,1,636,225
20879,1,636,220
20880,1,637,210
20881,1,640,206
20882,1,640,198
20883,1,640,188
20884,1,640,180
20885,1,640,175
20886,1,640,168
20887,1,637,157
20888,1,640,153
20889,1,640,145
20890,1,641,138
20891,1,640,132
20892,1,640,126
20893,1,640,121
20894,1,641,121
20895,1,641,113
20896,1,641,108
20897,1,641,100
20898,1,641,93
20899,1,641,88
20900,1,643,85
20901,1,643,83
20902,1,643,75
20903,1,641,71
20904,0,0,0
20905,0,0,0
20906,0,0,0
20907,1,641,60
20908,1,641,58
20909,1,641,58
20910,1,643,55
20911,0,0,0
20912,0,0,0
20913,1,645,48
20914,1,646,45
20915,1,645,43
20916,1,646,40
20917,1,648,40
20918,1,648,38
20919,1,648,38
20920,1,648,36
20921,1,648,36
20922,1,648,38
20923,1,648,40
20924,1,648,43
20925,1,648,41
20926,1,648,43
20927,1,648,41
20928,1,648,43
20929,1,650,43
20930,1,648,45
20931,1,650,43
20932,1,653,46
20933,1,653,46
20934,1,655,48
20935,1,655,50
20936,1,655,50
20937,1,656,55
20938,1,656,58
20939,1,658,60
20940,1,656,66
20941,1,658,70
20942,1,658,75
20943,1,658,81
20944,1,658,83
20945,1,660,86
20946,1,661,91
20947,1,661,98
20948,1,661,103
20949,1,660,110
20950,1,661,118
20951,1,661,125
20952,1,663,130
20953,1,661,138
20954,1,661,145
20955,1,661,156
20956,1,660,163
20957,1,661,175
20958,1,663,181
20959,1,663,190
20960,1,663,198
20961,1,663,208
20962,1,663,221
20963,1,666,231
20964,1,663,243
20965,1,666,251
20966,1,663,270
20967,1,663,283
20968,1,663,296
20969,1,670,315
20970,1,670,305
20971,1,670,298
20972,1,670,290
20973,1,671,285
20974,1,671,276
20975,1,673,270
20976,1,675,263
20977,1,675,258
20978,1,675,253
20979,1,676,246
20980,1,676,241
20981,1,676,236
20982,1,676,233
20983,1,678,228
20984,1,678,226
20985,1,678,231
20986,1,680,226
20987,1,681,225
20988,1,681,221
20989,1,683,218
20990,1,683,216
20991,1,683,215
20992,1,685,215
20993,1,685,215
20994,1,685,215
20995,1,685,215
20996,1,683,215
20997,1,685,216
20998,1,685,218
20999,1,683,218
21000,1,683,225
21001,1,685,225
21002,1,685,225
21003,1,686,225
21004,1,686,225
21005,1,688,226
21006,1,688,228
21007,1,688,231
21008,1,688,235
21009,1,688,235
21010,1,690,240
21011,1,690,241
21012,1,690,245
21013,1,690,250
21014,1,690,255
21015,1,688,261
21016,1,686,266
21017,1,688,270
21018,1,688,271
21019,1,688,275
21020,1,690,280
21021,1,690,286
21022,1,690,290
21023,1,690,296
21024,1,693,301
21025,1,693,308
21026,1,690,313
21027,1,695,321
21028,1,690,323
21029,1,688,325
21030,0,0,0
21031,1,685,340
21032,1,688,348
21033,1,690,351
21034,1,693,355
21035,1,691,354
21036,1,690,353
21037,1,688,352
21038,1,686,351
21039,1,685,350
21040,1,683,349
21041,1,682,348
21042,1,680,347
21043,1,680,340
21044,1,677,330
21045,1,678,325
21046,1,678,316
21047,1,676,310
21048,1,671,298
21049,1,670,288
21050,1,668,281
21051,1,666,271
21052,1,663,266
21053,1,661,258
21054,1,661,248
21055,1,656,241
21056,1,656,230
21057,1,653,225
21058,1,651,220
21059,1,648,216
21060,1,648,210
21061,1,646,206
21062,1,643,200
21063,1,643,191
21064,1,640,186
21065,1,640,183
21066,1,636,176
21067,1,635,168
21068,1,633,165
21069,1,633,161
21070,1,630,153
21071,1,628,150
21072,1,625,146
21073,1,623,143
21074,1,623,141
21075,1,620,138
21076,1,617,135
21077,1,620,130
21078,1,618,126
21079,1,616,123
21080,1,615,120
21081,1,608,120
21082,1,608,116
21083,1,606,116
21084,1,606,116
21085,1,605,113
21086,1,601,113
21087,1,598,115
21088,1,595,115
21089,1,593,113
21090,0,0,0
21091,1,597,115
21092,1,595,115
21093,1,595,115
21094,1,590,115
21095,1,582,117
21096,1,585,117
21097,1,582,117
21098,1,580,117
21099,1,581,116
21100,1,580,113
21101,0,0,0
21102,0,0,0
21103,1,575,125
21104,0,0,0
21105,0,0,0
21106,0,0,0
21107,0,0,0
21108,1,570,136
21109,1,566,138
21110,1,565,140
21111,1,563,145
21112,1,561,148
21113,1,561,151
21114,0,0,0
21115,0,0,0
21116,1,555,165
21117,1,553,170
21118,1,551,173
21119,1,550,180
21120,1,550,181
21121,1,546,188
21122,1,545,195
21123,1,545,201
21124,1,541,206
21125,1,540,215
21126,1,540,218
21127,1,538,226
21128,1,538,231
21129,1,536,243
21130,1,536,235
21131,1,536,233
21132,1,536,228
21133,1,536,226
21134,1,538,223
21135,1,540,218
21136,1,541,215
21137,1,543,208
21138,1,545,203
21139,1,545,198
21140,1,546,193
21141,1,548,190
21142,1,546,188
21143,1,548,181
21144,1,550,178
21145,1,551,176
21146,1,551,175
21147,1,553,173
21148,1,555,171
21149,1,555,171
21150,1,555,171
21151,1,556,170
21152,1,560,170
21153,1,561,168
21154,1,561,168
21155,1,563,166
21156,1,566,166
21157,1,568,166
21158,1,570,166
21159,1,573,170
21160,1,575,171
21161,1,575,175
21162,1,576,178
21163,1,576,180
21164,1,578,188
21165,1,580,191
21166,1,581,198
21167,0,0,0
21168,0,0,0
21169,1,588,218
21170,1,590,225
21171,1,591,233
21172,1,593,245
21173,1,595,256
21174,1,596,268
21175,1,598,283
21176,1,598,296
21177,1,606,321
21178,1,608,341
21179,1,613,365
21180,1,615,385
21181,0,0,0
21182,1,616,431
21183,1,618,448
21184,1,618,470
21185,0,0,0
21186,1,626,538
21187,1,635,598
21188,1,627,647
21189,1,638,656
21190,1,649,665
21191,1,660,674
21192,1,670,684
21193,1,681,693
21194,1,692,702
21195,1,656,703
21196,0,0,0
21197,0,0,0
21198,1,731,655
21199,1,753,628
21200,1,767,597
21201,0,0,0
21202,1,790,546
21203,0,0,0
21204,0,0,0
21205,1,805,397
21206,1,835,372
21207,0,0,0
21208,0,0,0
21209,0,0,0
21210,0,0,0
21211,1,1117,92
21212,0,0,0
21213,0,0,0
21214,0,0,0
21215,0,0,0
21216,0,0,0
21217,0,0,0
21218,0,0,0
21219,0,0,0
21220,0,0,0
21221,0,0,0
21222,0,0,0
21223,0,0,0
21224,0,0,0
21225,0,0,0
21226,0,0,0
21227,0,0,0
21228,0,0,0
21229,0,0,0
21230,0,0,0
21231,0,0,0
21232,0,0,0
21233,0,0,0
21234,0,0,0
21235,0,0,0
21236,0,0,0
21237,0,0,0
21238,0,0,0
21239,0,0,0
21240,0,0,0
21241,0,0,0
21242,0,0,0
21243,0,0,0
21244,0,0,0
21245,0,0,0
21246,0,0,0
21247,0,0,0
21248,0,0,0
21249,1,477,415
21250,1,477,410
21251,1,480,407
21252,1,480,405
21253,1,483,398
21254,1,487,390
21255,1,490,383
21256,1,491,375
21257,1,496,365
21258,1,495,360
21259,1,495,353
21260,1,493,350
21261,1,498,341
21262,1,496,338
21263,1,498,335
21264,1,498,331
21265,1,500,328
21266,1,500,326
21267,1,500,323
21268,1,502,319
21269,1,505,315
21270,1,505,316
21271,1,505,318
21272,1,505,319
21273,1,505,321
21274,1,505,322
21275,1,504,324
21276,1,504,325
21277,1,504,326
21278,1,504,328
21279,0,0,0
21280,0,0,0
21281,0,0,0
21282,0,0,0
21283,0,0,0
21284,0,0,0
21285,0,0,0
21286,0,0,0
21287,0,0,0
21288,0,0,0
21289,0,0,0
21290,0,0,0
21291,0,0,0
21292,0,0,0
21293,0,0,0
21294,0,0,0
21295,0,0,0
21296,0,0,0
21297,0,0,0
21298,0,0,0
21299,0,0,0
21300,0,0,0
21301,0,0,0
21302,0,0,0
21303,0,0,0
21304,0,0,0
21305,0,0,0
21306,0,0,0
21307,0,0,0
21308,0,0,0
21309,0,0,0
21310,0,0,0
21311,0,0,0
21312,0,0,0
21313,0,0,0
21314,0,0,0
21315,1,501,381
21316,1,515,365
21317,1,753,43
21318,1,1116,673
21319,1,819,549
21320,1,522,425
21321,0,0,0
21322,0,0,0
21323,0,0,0
21324,0,0,0
21325,1,546,419
21326,1,551,417
21327,1,556,416
21328,1,561,415
21329,1,565,413
21330,0,0,0
21331,0,0,0
21332,0,0,0
21333,0,0,0
21334,0,0,0
21335,0,0,0
21336,0,0,0
21337,0,0,0
21338,0,0,0
21339,0,0,0
21340,0,0,0
21341,0,0,0
21342,0,0,0
21343,0,0,0
21344,0,0,0
21345,0,0,0
21346,0,0,0
21347,0,0,0
21348,0,0,0
21349,0,0,0
21350,0,0,0
21351,0,0,0
21352,0,0,0
21353,0,0,0
21354,0,0,0
21355,0,0,0
21356,0,0,0
21357,0,0,0
21358,0,0,0
21359,0,0,0
21360,0,0,0
21361,0,0,0
21362,0,0,0
21363,0,0,0
21364,0,0,0
21365,0,0,0
21366,0,0,0
21367,0,0,0
21368,0,0,0
21369,0,0,0
21370,0,0,0
21371,0,0,0
21372,0,0,0
21373,0,0,0
21374,0,0,0
21375,0,0,0
21376,0,0,0
21377,0,0,0
21378,0,0,0
21379,0,0,0
21380,0,0,0
21381,0,0,0
21382,0,0,0
21383,0,0,0
21384,0,0,0
21385,0,0,0
21386,0,0,0
21387,0,0,0
21388,0,0,0
21389,0,0,0
21390,0,0,0
21391,1,865,333
21392,1,861,312
21393,0,0,0
21394,0,0,0
21395,1,850,248
21396,0,0,0
21397,0,0,0
21398,0,0,0
21399,1,850,171
21400,0,0,0
21401,1,846,128
21402,0,0,0
21403,1,845,111
21404,0,0,0
21405,0,0,0
21406,1,856,91
21407,1,846,70
21408,1,846,66
21409,1,846,58
21410,1,741,411
21411,0,0,0
21412,0,0,0
21413,0,0,0
21414,0,0,0
21415,0,0,0
21416,0,0,0
21417,1,845,65
21418,0,0,0
21419,0,0,0
21420,1,843,36
21421,1,843,41
21422,0,0,0
21423,0,0,0
21424,0,0,0
21425,0,0,0
21426,0,0,0
21427,0,0,0
21428,0,0,0
21429,0,0,0
21430,1,845,95
21431,1,841,106
21432,1,845,115
21433,0,0,0
21434,0,0,0
21435,0,0,0
21436,1,831,146
21437,1,832,145
21438,0,0,0
21439,0,0,0
21440,1,807,132
21441,1,807,132
21442,1,782,142
21443,1,791,145
21444,1,785,146
21445,1,780,143
21446,1,775,142
21447,1,772,147
21448,1,770,150
21449,1,770,150
21450,1,768,153
21451,1,766,153
21452,1,761,160
21453,1,760,161
21454,1,758,161
21455,1,755,163
21456,1,755,166
21457,1,751,171
21458,1,750,176
21459,1,750,180
21460,1,740,190
21461,1,737,195
21462,1,743,195
21463,1,741,196
21464,1,740,203
21465,1,738,208
21466,1,736,215
21467,1,736,216
21468,1,736,218
21469,1,736,223
21470,1,736,226
21471,1,736,231
21472,1,735,236
21473,1,736,241
21474,1,736,245
21475,1,735,250
21476,1,735,253
21477,1,735,258
21478,1,735,261
21479,1,733,268
21480,1,733,271
21481,1,731,278
21482,1,731,283
21483,1,730,286
21484,1,730,288
21485,1,729,290
21486,1,727,291
21487,1,726,293
21488,1,725,294
21489,1,723,296
21490,1,722,297
21491,1,720,299
21492,1,719,300
21493,1,718,302
21494,0,0,0
21495,1,715,305
21496,1,714,302
21497,1,713,300
21498,1,712,298
21499,1,712,295
21500,1,711,292
21501,1,710,290
21502,1,711,280
21503,1,711,280
21504,1,711,271
21505,1,708,261
21506,1,703,255
21507,1,700,245
21508,1,696,241
21509,1,695,235
21510,1,693,231
21511,1,691,226
21512,1,690,220
21513,1,688,213
21514,1,686,205
21515,1,683,198
21516,1,680,193
21517,1,676,188
21518,1,675,181
21519,1,673,178
21520,1,671,173
21521,1,668,166
21522,1,663,163
21523,1,661,161
21524,1,658,156
21525,1,656,155
21526,1,655,151
21527,1,653,146
21528,1,650,140
21529,1,646,136
21530,1,645,135
21531,1,643,130
21532,1,641,125
21533,1,635,123
21534,1,633,121
21535,1,631,120
21536,1,628,118
21537,1,625,116
21538,1,623,115
21539,1,621,116
21540,1,623,108
21541,1,618,108
21542,1,615,107
21543,1,612,105
21544,1,610,105
21545,1,610,105
21546,1,605,105
21547,1,602,102
21548,1,600,102
21549,1,597,102
21550,1,595,102
21551,1,592,102
21552,1,590,102
21553,1,585,107
21554,1,582,107
21555,1,581,108
21556,1,580,108
21557,1,578,106
21558,1,576,106
21559,1,575,106
21560,1,570,108
21561,1,570,108
21562,1,566,110
21563,1,561,113
21564,1,561,116
21565,1,556,113
21566,1,553,118
21567,1,551,120
21568,1,548,125
21569,1,543,128
21570,1,548,130
21571,1,543,135
21572,1,540,140
21573,1,538,143
21574,1,536,146
21575,1,535,150
21576,1,528,153
21577,1,526,155
21578,1,525,163
21579,1,523,168
21580,1,520,173
21581,1,516,178
21582,1,515,181
21583,1,511,188
21584,1,510,191
21585,1,508,198
21586,1,506,203
21587,1,503,210
21588,1,501,215
21589,1,498,220
21590,1,495,228
21591,1,493,235
21592,1,490,241
21593,1,488,248
21594,1,486,256
21595,1,483,261
21596,1,481,268
21597,1,481,275
21598,1,478,283
21599,1,476,286
21600,0,0,0
21601,1,470,298
21602,1,473,286
21603,1,475,278
21604,1,476,268
21605,1,483,260
21606,1,485,250
21607,1,486,241
21608,1,488,233
21609,1,490,226
21610,1,491,218
21611,1,493,215
21612,1,493,206
21613,1,495,200
21614,1,498,195
21615,1,498,190
21616,1,501,183
21617,1,503,178
21618,1,506,170
21619,1,508,166
21620,1,510,161
21621,1,511,155
21622,1,513,150
21623,1,515,146
21624,1,518,141
21625,1,520,136
21626,1,521,135
21627,1,523,130
21628,1,525,128
21629,1,528,126
21630,1,526,121
21631,1,528,118
21632,1,530,116
21633,1,535,111
21634,1,536,110
21635,1,538,108
21636,1,541,103
21637,1,543,103
21638,1,545,101
21639,1,546,101
21640,1,548,100
21641,1,548,100
21642,1,550,100
21643,1,551,100
21644,1,551,100
21645,1,553,100
21646,1,556,98
21647,1,561,98
21648,1,563,98
21649,1,565,96
21650,1,568,96
21651,1,570,95
21652,1,571,96
21653,1,573,98
21654,1,575,98
21655,1,578,100
21656,1,576,101
21657,1,576,101
21658,0,0,0
21659,1,581,108
21660,1,581,110
21661,1,588,110
21662,1,588,111
21663,1,591,113
21664,1,591,115
21665,1,595,116
21666,1,596,120
21667,1,596,125
21668,1,598,128
21669,1,601,135
21670,1,601,138
21671,1,603,143
21672,1,606,148
21673,1,606,153
21674,1,607,155
21675,1,606,163
21676,1,610,168
21677,1,613,171
21678,1,615,176
21679,1,616,181
21680,1,618,188
21681,1,620,191
21682,1,621,200
21683,1,623,205
21684,1,626,213
21685,1,628,218
21686,1,630,226
21687,1,631,233
21688,1,635,241
21689,1,635,243
21690,1,626,246
21691,1,621,246
21692,1,616,246
21693,1,608,245
21694,1,606,245
21695,1,600,246
21696,1,596,250
21697,1,591,248
21698,1,590,248
21699,0,0,0
21700,0,0,0
21701,0,0,0
21702,0,0,0
21703,0,0,0
21704,0,0,0
21705,0,0,0
21706,0,0,0
21707,0,0,0
21708,1,550,236
21709,1,548,236
21710,1,540,236
21711,1,536,236
21712,1,535,236
21713,1,528,238
21714,1,526,240
21715,1,521,241
21716,1,516,241
21717,1,511,243
21718,1,510,246
21719,1,508,250
21720,1,498,253
21721,1,496,256
21722,1,495,260
21723,1,491,261
21724,1,488,263
21725,1,483,268
21726,1,481,273
21727,1,475,275
21728,1,471,280
21729,1,468,286
21730,1,463,288
21731,1,460,296
21732,1,458,303
21733,1,455,311
21734,1,448,313
21735,1,441,325
21736,1,441,330
21737,1,438,335
21738,1,435,340
21739,1,430,350
21740,1,423,358
21741,1,421,365
21742,1,418,376
21743,1,415,383
21744,1,410,391
21745,1,406,400
21746,1,401,406
21747,1,395,416
21748,1,392,427
21749,1,386,438
21750,1,387,450
21751,1,382,455
21752,1,375,466
21753,1,372,452
21754,1,368,448
21755,1,363,441
21756,1,361,431
21757,1,360,420
21758,1,356,413
21759,1,356,406
21760,1,353,401
21761,1,355,405
21762,1,340,393
21763,1,336,390
21764,1,333,383
21765,1,331,376
21766,1,326,368
21767,1,325,365
21768,1,321,358
21769,1,316,356
21770,0,0,0
21771,0,0,0
21772,0,0,0
21773,1,296,340
21774,1,296,338
21775,1,295,335
21776,1,288,330
21777,1,283,326
21778,1,280,326
21779,1,278,326
21780,1,276,323
21781,1,270,321
21782,1,263,321
21783,1,263,321
21784,1,260,320
21785,1,255,320
21786,1,250,320
21787,0,0,0
21788,0,0,0
21789,1,241,321
21790,1,233,323
21791,1,228,326
21792,1,225,326
21793,1,223,330
21794,1,224,335
21795,1,225,339
21796,1,226,344
21797,1,227,349
21798,1,228,353
21799,1,228,358
21800,1,229,362
21801,1,230,367
21802,1,231,372
21803,0,0,0
21804,1,233,381
21805,1,235,383
21806,1,245,388
21807,1,251,391
21808,1,258,393
21809,1,270,401
21810,1,278,403
21811,1,288,410
21812,1,298,415
21813,1,306,420
21814,1,312,422
21815,1,323,430
21816,1,326,436
21817,1,333,443
21818,1,338,446
21819,0,0,0
21820,1,351,448
21821,1,358,443
21822,1,363,433
21823,1,365,426
21824,1,365,421
21825,1,366,416
21826,1,370,410
21827,1,376,403
21828,1,380,395
21829,1,381,393
21830,1,383,390
21831,1,386,386
21832,1,386,383
21833,1,390,380
21834,1,393,378
21835,1,395,376
21836,1,401,375
21837,1,401,370
21838,1,405,370
21839,1,408,368
21840,1,410,368
21841,1,412,367
21842,1,414,367
21843,1,416,367
21844,1,418,366
21845,1,420,366
21846,1,422,366
21847,1,424,366
21848,1,426,365
21849,0,0,0
21850,0,0,0
21851,0,0,0
21852,0,0,0
21853,0,0,0
21854,0,0,0
21855,1,440,363
21856,1,443,366
21857,1,446,368
21858,1,450,373
21859,1,453,378
21860,1,455,380
21861,0,0,0
21862,0,0,0
21863,1,456,390
21864,1,458,391
21865,1,458,393
21866,1,458,400
21867,1,458,401
21868,1,458,405
21869,1,458,406
21870,1,456,416
21871,1,456,416
21872,1,456,415
21873,1,458,411
21874,1,458,408
21875,1,458,405
21876,1,460,403
21877,1,460,401
21878,1,458,400
21879,1,458,396
21880,1,460,393
21881,1,460,395
21882,1,460,393
21883,1,458,393
21884,1,458,393
21885,0,0,0
21886,1,461,386
21887,1,461,391
21888,1,463,395
21889,1,463,396
21890,0,0,0
21891,1,468,408
21892,1,468,411
21893,1,470,413
21894,1,471,408
21895,0,0,0
21896,1,468,396
21897,1,466,395
21898,1,468,391
21899,1,466,388
21900,1,470,390
21901,1,468,386
21902,1,470,383
21903,0,0,0
21904,0,0,0
21905,1,468,373
21906,1,465,370
21907,1,466,368
21908,1,465,365
21909,1,466,365
21910,1,465,363
21911,1,465,361
21912,1,465,361
21913,1,463,361
21914,1,463,360
21915,0,0,0
21916,1,982,432
21917,1,944,426
21918,1,906,420
21919,1,868,415
21920,1,830,409
21921,1,792,403
21922,1,754,397
21923,1,716,392
21924,1,678,386
21925,1,640,380
21926,0,0,0
21927,0,0,0
21928,0,0,0
21929,0,0,0
21930,1,450,351
21931,1,450,349
21932,1,451,348
21933,1,451,346
21934,1,452,344
21935,1,452,343
21936,1,452,341
21937,1,453,340
21938,1,453,338
21939,1,451,331
21940,1,451,328
21941,1,451,323
21942,1,451,313
21943,1,450,308
21944,1,450,303
21945,1,450,296
21946,1,448,293
21947,1,450,286
21948,1,448,278
21949,1,448,270
21950,1,448,261
21951,1,448,258
21952,1,448,250
21953,1,448,245
21954,1,448,241
21955,1,448,231
21956,1,446,228
21957,1,446,225
21958,1,446,220
21959,1,446,218
21960,1,446,210
21961,1,445,206
21962,1,445,203
21963,1,445,196
21964,1,445,191
21965,1,445,188
21966,1,445,181
21967,1,443,178
21968,1,443,175
21969,1,443,171
21970,1,443,168
21971,1,441,165
21972,1,441,163
21973,1,441,161
21974,1,440,160
21975,1,441,161
21976,1,443,153
21977,1,443,151
21978,1,441,148
21979,1,441,145
21980,1,441,141
21981,1,441,138
21982,1,441,136
21983,1,441,135
21984,1,440,130
21985,1,441,128
21986,1,440,128
21987,1,440,128
21988,1,438,128
21989,1,438,128
21990,1,440,125
21991,1,440,125
21992,1,440,125
21993,1,437,125
21994,1,437,125
21995,1,437,127
21996,1,440,125
21997,1,440,125
21998,1,437,125
21999,1,437,127
22000,1,437,127
22001,1,437,127
22002,1,437,127
22003,1,437,130
22004,1,437,132
22005,1,438,133
22006,1,438,133
22007,1,438,133
22008,1,436,135
22009,1,440,135
22010,1,436,135
22011,1,436,136
22012,1,435,138
22013,1,435,143
22014,1,436,145
22015,1,436,150
22016,1,435,151
22017,1,435,153
22018,1,433,161
22019,1,436,166
22020,1,433,166
22021,1,433,170
22022,1,433,173
22023,1,433,176
22024,1,433,178
22025,1,433,181
22026,1,433,188
22027,1,431,191
22028,1,431,196
22029,1,433,201
22030,1,433,206
22031,1,433,210
22032,1,435,216
22033,1,433,223
22034,1,433,228
22035,1,430,228
22036,1,431,235
22037,1,430,243
22038,1,430,250
22039,1,431,256
22040,1,435,253
22041,1,440,251
22042,1,443,246
22043,1,446,243
22044,1,461,235
22045,1,468,231
22046,1,473,230
22047,1,481,226
22048,1,485,225
22049,1,491,226
22050,1,503,226
22051,1,510,226
22052,1,518,225
22053,1,528,223
22054,1,536,223
22055,1,545,223
22056,1,555,225
22057,1,563,225
22058,1,571,226
22059,1,581,230
22060,1,591,230
22061,1,601,235
22062,1,615,236
22063,1,626,241
22064,1,641,245
22065,1,645,248
22066,1,656,250
22067,1,670,253
22068,1,678,255
22069,1,688,258
22070,1,701,261
22071,1,713,266
22072,1,726,270
22073,1,736,275
22074,1,751,283
22075,1,761,286
22076,1,780,296
22077,1,801,301
22078,1,808,308
22079,1,818,315
22080,1,838,330
22081,1,846,338
22082,1,873,351
22083,1,890,365
22084,0,0,0
22085,1,920,387
22086,1,942,397
22087,1,1000,442
22088,1,995,438
22089,0,0,0
22090,1,1028,405
22091,0,0,0
22092,1,1058,358
22093,1,1070,341
22094,1,1083,325
22095,1,1101,301
22096,1,1115,278
22097,1,1135,258
22098,1,1140,245
22099,1,1158,221
22100,1,1180,203
22101,1,1191,183
22102,1,1205,170
22103,1,1216,153
22104,1,1238,136
22105,0,0,0
22106,1,1261,101
22107,1,1266,95
22108,1,1258,106
22109,1,1250,116
22110,1,1243,127
22111,1,1235,137
22112,1,1227,148
22113,1,1219,159
22114,1,1211,169
22115,1,1204,180
22116,1,1196,190
22117,0,0,0
22118,0,0,0
22119,0,0,0
22120,0,0,0
22121,0,0,0
22122,0,0,0
22123,0,0,0
22124,0,0,0
22125,0,0,0
22126,0,0,0
22127,0,0,0
22128,0,0,0
22129,0,0,0
22130,0,0,0
22131,0,0,0
22132,0,0,0
22133,0,0,0
22134,0,0,0
22135,0,0,0
22136,0,0,0
22137,0,0,0
22138,0,0,0
22139,0,0,0
22140,0,0,0
22141,0,0,0
22142,1,993,466
22143,1,994,463
22144,1,996,460
22145,1,997,459
22146,1,997,457
22147,1,998,456
22148,1,999,454
22149,1,999,453
22150,1,1000,452
22151,1,1001,450
22152,1,1001,449
22153,1,1002,447
22154,0,0,0
22155,0,0,0
22156,0,0,0
22157,0,0,0
22158,0,0,0
22159,0,0,0
22160,0,0,0
22161,0,0,0
22162,0,0,0
22163,0,0,0
22164,0,0,0
22165,0,0,0
22166,0,0,0
22167,0,0,0
22168,0,0,0
22169,0,0,0
22170,0,0,0
22171,0,0,0
22172,0,0,0
22173,0,0,0
22174,0,0,0
22175,0,0,0
22176,0,0,0
22177,0,0,0
22178,0,0,0
22179,0,0,0
22180,0,0,0
22181,0,0,0
22182,0,0,0
22183,0,0,0
22184,0,0,0
22185,0,0,0
22186,0,0,0
22187,0,0,0
22188,0,0,0
22189,0,0,0
22190,0,0,0
22191,0,0,0
22192,0,0,0
22193,0,0,0
22194,0,0,0
22195,0,0,0
22196,0,0,0
22197,0,0,0
22198,0,0,0
22199,0,0,0
22200,0,0,0
22201,0,0,0
22202,0,0,0
22203,0,0,0
22204,0,0,0
22205,0,0,0
22206,0,0,0
22207,0,0,0
22208,0,0,0
22209,0,0,0
22210,0,0,0
22211,0,0,0
22212,0,0,0
22213,0,0,0
22214,0,0,0
22215,0,0,0
22216,0,0,0
22217,0,0,0
22218,0,0,0
22219,0,0,0
22220,0,0,0
22221,0,0,0
22222,0,0,0
22223,0,0,0
22224,0,0,0
22225,0,0,0
22226,0,0,0
22227,0,0,0
22228,0,0,0
22229,0,0,0
22230,0,0,0
22231,0,0,0
22232,0,0,0
22233,0,0,0
22234,0,0,0
22235,0,0,0
22236,0,0,0
22237,0,0,0
22238,0,0,0
22239,0,0,0
22240,0,0,0
22241,0,0,0
22242,0,0,0
22243,0,0,0
22244,0,0,0
22245,0,0,0
22246,0,0,0
22247,0,0,0
22248,0,0,0
22249,0,0,0
22250,0,0,0
22251,0,0,0
22252,0,0,0
22253,0,0,0
22254,0,0,0
22255,0,0,0
22256,0,0,0
22257,0,0,0
22258,0,0,0
22259,0,0,0
22260,0,0,0
22261,0,0,0
22262,0,0,0
22263,0,0,0
22264,0,0,0
22265,0,0,0
22266,0,0,0
22267,0,0,0
22268,0,0,0
22269,0,0,0
22270,0,0,0
22271,0,0,0
22272,0,0,0
22273,0,0,0
22274,0,0,0
22275,0,0,0
22276,0,0,0
22277,0,0,0
22278,0,0,0
22279,0,0,0
22280,0,0,0
22281,0,0,0
22282,0,0,0
22283,0,0,0
22284,0,0,0
22285,0,0,0
22286,0,0,0
22287,0,0,0
22288,0,0,0
22289,0,0,0
22290,0,0,0
22291,0,0,0
22292,0,0,0
22293,0,0,0
22294,0,0,0
22295,0,0,0
22296,0,0,0
22297,0,0,0
22298,0,0,0
22299,0,0,0
22300,0,0,0
22301,0,0,0
22302,0,0,0
22303,0,0,0
22304,0,0,0
22305,0,0,0
22306,0,0,0
22307,0,0,0
22308,0,0,0
22309,0,0,0
22310,0,0,0
22311,0,0,0
22312,0,0,0
22313,0,0,0
22314,0,0,0
22315,0,0,0
22316,0,0,0
22317,0,0,0
22318,0,0,0
22319,0,0,0
22320,0,0,0
22321,0,0,0
22322,0,0,0
22323,0,0,0
22324,0,0,0
22325,0,0,0
22326,0,0,0
22327,0,0,0
22328,0,0,0
22329,0,0,0
22330,0,0,0
22331,0,0,0
22332,0,0,0
22333,0,0,0
22334,0,0,0
22335,0,0,0
22336,0,0,0
22337,0,0,0
22338,0,0,0
22339,0,0,0
22340,0,0,0
22341,0,0,0
22342,0,0,0
22343,0,0,0
22344,0,0,0
22345,0,0,0
22346,0,0,0
22347,0,0,0
22348,0,0,0
22349,0,0,0
22350,0,0,0
22351,0,0,0
22352,0,0,0
22353,0,0,0
22354,0,0,0
22355,0,0,0
22356,0,0,0
22357,0,0,0
22358,0,0,0
22359,0,0,0
22360,0,0,0
22361,0,0,0
22362,0,0,0
22363,0,0,0
22364,0,0,0
22365,0,0,0
22366,0,0,0
22367,0,0,0
22368,0,0,0
22369,0,0,0
22370,0,0,0
22371,0,0,0
22372,0,0,0
22373,0,0,0
22374,0,0,0
22375,0,0,0
22376,0,0,0
22377,0,0,0
22378,0,0,0
22379,0,0,0
22380,0,0,0
22381,0,0,0
22382,0,0,0
22383,0,0,0
22384,0,0,0
22385,0,0,0
22386,0,0,0
22387,0,0,0
22388,0,0,0
22389,0,0,0
22390,0,0,0
22391,0,0,0
22392,0,0,0
22393,0,0,0
22394,0,0,0
22395,0,0,0
22396,0,0,0
22397,0,0,0
22398,0,0,0
22399,0,0,0
22400,0,0,0
22401,0,0,0
22402,0,0,0
22403,0,0,0
22404,0,0,0
22405,0,0,0
22406,0,0,0
22407,0,0,0
22408,0,0,0
22409,0,0,0
22410,0,0,0
22411,0,0,0
22412,0,0,0
22413,0,0,0
22414,0,0,0
22415,0,0,0
22416,0,0,0
22417,0,0,0
22418,0,0,0
22419,0,0,0
22420,0,0,0
22421,0,0,0
22422,0,0,0
22423,0,0,0
22424,0,0,0
22425,0,0,0
22426,1,1186,61
22427,1,1128,71
22428,1,1083,86
22429,1,1056,96
22430,1,1023,108
22431,1,993,110
22432,1,968,121
22433,1,936,135
22434,1,916,145
22435,1,891,150
22436,1,868,160
22437,1,855,163
22438,1,833,175
22439,1,818,181
22440,1,811,190
22441,1,796,201
22442,1,782,210
22443,1,773,215
22444,1,760,225
22445,1,748,231
22446,1,738,243
22447,1,726,250
22448,1,715,260
22449,1,706,270
22450,1,696,275
22451,1,688,285
22452,1,680,290
22453,1,673,296
22454,1,668,303
22455,1,661,311
22456,1,655,316
22457,1,646,323
22458,1,643,333
22459,1,635,340
22460,1,628,348
22461,1,623,358
22462,1,620,365
22463,0,0,0
22464,1,606,383
22465,1,606,378
22466,0,0,0
22467,1,618,356
22468,1,618,353
22469,1,627,342
22470,1,636,335
22471,1,640,323
22472,1,645,315
22473,1,648,308
22474,1,653,300
22475,1,658,295
22476,1,663,286
22477,1,670,280
22478,1,671,275
22479,1,678,270
22480,1,683,261
22481,1,686,255
22482,1,690,248
22483,1,695,241
22484,1,696,235
22485,1,703,231
22486,1,706,225
22487,1,713,220
22488,1,715,212
22489,1,721,208
22490,1,725,205
22491,1,730,196
22492,1,733,191
22493,1,736,188
22494,1,740,180
22495,1,741,178
22496,1,748,175
22497,1,751,170
22498,1,753,166
22499,1,756,165
22500,1,760,165
22501,1,766,160
22502,0,0,0
22503,1,775,151
22504,1,775,150
22505,1,778,148
22506,1,783,145
22507,1,786,145
22508,1,788,143
22509,1,793,141
22510,0,0,0
22511,0,0,0
22512,1,801,136
22513,1,805,136
22514,1,808,138
22515,1,810,135
22516,1,815,135
22517,1,818,135
22518,1,822,135
22519,1,825,135
22520,1,827,135
22521,1,830,135
22522,1,835,135
22523,1,833,133
22524,1,838,133
22525,1,843,133
22526,1,845,135
22527,1,848,135
22528,1,850,137
22529,1,852,140
22530,1,856,143
22531,1,860,143
22532,1,863,145
22533,1,866,145
22534,1,868,146
22535,1,870,148
22536,1,871,150
22537,1,875,151
22538,1,880,151
22539,1,881,155
22540,1,885,156
22541,1,886,161
22542,1,890,163
22543,1,891,168
22544,1,893,171
22545,1,900,178
22546,1,903,176
22547,1,902,180
22548,1,905,182
22549,1,907,185
22550,1,911,190
22551,1,913,191
22552,1,916,196
22553,1,918,200
22554,1,925,206
22555,1,926,210
22556,1,928,216
22557,1,930,221
22558,1,930,226
22559,1,933,233
22560,1,936,230
22561,1,940,235
22562,1,940,241
22563,1,943,246
22564,1,945,251
22565,1,948,256
22566,1,950,261
22567,1,951,268
22568,1,953,271
22569,1,955,276
22570,1,955,281
22571,1,956,285
22572,0,0,0
22573,0,0,0
22574,0,0,0
22575,0,0,0
22576,0,0,0
22577,0,0,0
22578,0,0,0
22579,0,0,0
22580,0,0,0
22581,0,0,0
22582,0,0,0
22583,1,953,321
22584,0,0,0
22585,0,0,0
22586,1,951,330
22587,1,951,333
22588,1,948,338
22589,0,0,0
22590,1,946,348
22591,1,946,350
22592,1,946,355
22593,1,946,360
22594,1,946,363
22595,1,945,366
22596,1,943,373
22597,1,941,375
22598,1,941,380
22599,0,0,0
22600,0,0,0
22601,0,0,0
22602,0,0,0
22603,0,0,0
22604,0,0,0
22605,1,936,378
22606,1,935,375
22607,1,930,372
22608,1,930,366
22609,1,928,365
22610,1,926,361
22611,1,923,358
22612,1,923,355
22613,1,920,353
22614,1,920,350
22615,1,916,350
22616,1,913,348
22617,1,913,343
22618,1,911,341
22619,1,910,340
22620,1,907,340
22621,1,907,337
22622,1,908,338
22623,1,905,340
22624,1,905,340
22625,1,903,340
22626,1,901,340
22627,1,901,338
22628,1,900,338
22629,1,900,340
22630,1,896,336
22631,0,0,0
22632,0,0,0
22633,1,887,340
22634,1,885,340
22635,1,322,530
22636,1,1252,365
22637,1,512,360
22638,1,722,360
22639,1,742,410
22640,1,742,410
22641,1,730,352
22642,0,0,0
22643,1,515,342
22644,1,1042,602
22645,1,1037,617
22646,1,1044,595
22647,1,1052,573
22648,1,1059,551
22649,1,1066,528
22650,1,1074,506
22651,1,1081,484
22652,1,1088,462
22653,1,1096,440
22654,1,1103,418
22655,0,0,0
22656,0,0,0
22657,0,0,0
22658,0,0,0
22659,0,0,0
22660,0,0,0
22661,0,0,0
22662,0,0,0
22663,0,0,0
22664,0,0,0
22665,0,0,0
22666,0,0,0
22667,0,0,0
22668,0,0,0
22669,0,0,0
22670,1,1220,63
22671,1,1220,61
22672,0,0,0
22673,1,1218,61
22674,0,0,0
22675,0,0,0
22676,0,0,0
22677,0,0,0
22678,0,0,0
22679,0,0,0
22680,0,0,0
22681,0,0,0
22682,0,0,0
22683,0,0,0
22684,0,0,0
22685,0,0,0
22686,0,0,0
22687,0,0,0
22688,0,0,0
22689,0,0,0
22690,1,735,71
22691,0,0,0
22692,1,750,35
22693,1,750,30
22694,1,755,12
22695,1,1071,408
22696,1,1068,403
22697,1,1066,397
22698,1,1063,392
22699,1,1061,387
22700,1,1058,382
22701,0,0,0
22702,0,0,0
22703,0,0,0
22704,0,0,0
22705,0,0,0
22706,0,0,0
22707,0,0,0
22708,0,0,0
22709,0,0,0
22710,0,0,0
22711,0,0,0
22712,0,0,0
22713,0,0,0
22714,0,0,0
22715,0,0,0
22716,0,0,0
22717,0,0,0
22718,0,0,0
22719,0,0,0
22720,0,0,0
22721,0,0,0
22722,0,0,0
22723,0,0,0
22724,0,0,0
22725,0,0,0
22726,0,0,0
22727,0,0,0
22728,0,0,0
22729,0,0,0
22730,0,0,0
22731,0,0,0
22732,0,0,0
22733,0,0,0
22734,0,0,0
22735,0,0,0
22736,0,0,0
22737,0,0,0
22738,1,962,182
22739,0,0,0
22740,1,977,90
22741,1,982,40
22742,1,970,16
22743,0,0,0
22744,1,960,275
22745,1,952,285
22746,0,0,0
22747,1,912,320
22748,1,887,342
22749,1,875,360
22750,0,0,0
22751,0,0,0
22752,1,855,415
22753,1,811,441
22754,1,793,468
22755,0,0,0
22756,1,780,505
22757,1,777,520
22758,0,0,0
22759,0,0,0
22760,1,815,572
22761,1,900,311
22762,0,0,0
22763,0,0,0
22764,0,0,0
22765,0,0,0
22766,0,0,0
22767,0,0,0
22768,0,0,0
22769,0,0,0
22770,0,0,0
22771,0,0,0
22772,0,0,0
22773,0,0,0
22774,0,0,0
22775,0,0,0
22776,0,0,0
22777,0,0,0
22778,0,0,0
22779,0,0,0
22780,0,0,0
22781,0,0,0
22782,0,0,0
22783,0,0,0
22784,0,0,0
22785,1,632,565
22786,1,955,605
22787,1,655,622
22788,1,935,652
22789,1,932,652
22790,1,757,660
22791,1,779,623
22792,1,801,587
22793,1,824,550
22794,1,846,513
22795,1,868,477
22796,1,890,440
22797,0,0,0
22798,0,0,0
22799,0,0,0
22800,0,0,0
22801,0,0,0
22802,0,0,0
22803,1,811,170
22804,0,0,0
22805,0,0,0
22806,0,0,0
22807,0,0,0
22808,0,0,0
22809,0,0,0
22810,0,0,0
22811,0,0,0
22812,0,0,0
22813,0,0,0
22814,0,0,0
22815,0,0,0
22816,0,0,0
22817,0,0,0
22818,0,0,0
22819,0,0,0
22820,0,0,0
22821,0,0,0
22822,1,795,38
22823,0,0,0
22824,1,791,66
22825,1,790,71
22826,1,785,86
22827,1,781,91
22828,0,0,0
22829,0,0,0
22830,1,778,118
22831,1,776,126
22832,0,0,0
22833,1,766,145
22834,1,766,153
22835,1,763,161
22836,1,763,168
22837,1,761,178
22838,1,758,188
22839,1,760,195
22840,1,758,200
22841,0,0,0
22842,0,0,0
22843,1,753,220
22844,1,755,221
22845,1,747,235
22846,1,743,245
22847,1,743,251
22848,1,743,260
22849,1,740,270
22850,1,736,276
22851,1,736,285
22852,1,735,288
22853,0,0,0
22854,0,0,0
22855,0,0,0
22856,1,727,320
22857,1,727,325
22858,0,0,0
22859,0,0,0
22860,1,722,328
22861,1,721,329
22862,1,719,329
22863,1,718,330
22864,1,716,331
22865,1,715,332
22866,1,713,333
22867,1,711,325
22868,1,711,316
22869,1,710,311
22870,1,706,300
22871,1,703,295
22872,1,703,286
22873,1,701,280
22874,1,700,275
22875,1,695,266
22876,1,695,258
22877,1,695,250
22878,1,692,237
22879,1,690,235
22880,1,688,228
22881,1,686,221
22882,1,685,215
22883,1,685,206
22884,1,683,200
22885,1,680,193
22886,1,678,188
22887,1,676,180
22888,1,676,175
22889,1,675,171
22890,1,670,168
22891,1,668,161
22892,1,666,156
22893,1,663,151
22894,1,663,146
22895,1,661,140
22896,1,660,136
22897,1,656,135
22898,1,656,126
22899,1,655,123
22900,1,655,120
22901,1,651,116
22902,1,650,115
22903,1,646,111
22904,1,646,111
22905,0,0,0
22906,0,0,0
22907,0,0,0
22908,0,0,0
22909,0,0,0
22910,0,0,0
22911,0,0,0
22912,0,0,0
22913,0,0,0
22914,1,630,85
22915,1,626,83
22916,1,623,81
22917,1,623,81
22918,1,620,81
22919,1,618,81
22920,1,608,83
22921,1,608,81
22922,1,608,81
22923,1,608,80
22924,1,606,80
22925,1,605,80
22926,1,603,80
22927,1,601,80
22928,1,598,81
22929,1,596,81
22930,1,595,83
22931,1,591,83
22932,1,591,83
22933,1,590,86
22934,1,588,86
22935,1,583,100
22936,1,583,100
22937,1,583,101
22938,1,581,103
22939,1,580,103
22940,1,576,106
22941,1,575,108
22942,1,573,110
22943,1,571,113
22944,1,571,118
22945,1,568,121
22946,1,566,125
22947,1,565,126
22948,1,563,130
22949,1,560,137
22950,1,556,141
22951,1,555,146
22952,1,551,153
22953,1,550,156
22954,1,548,163
22955,1,546,166
22956,1,545,175
22957,1,543,180
22958,1,541,188
22959,1,538,191
22960,1,536,198
22961,1,535,205
22962,1,535,208
22963,1,531,218
22964,1,530,225
22965,1,530,230
22966,1,528,236
22967,1,521,246
22968,1,521,255
22969,1,518,260
22970,1,515,268
22971,1,515,276
22972,1,513,285
22973,1,511,288
22974,1,510,301
22975,1,510,296
22976,1,511,288
22977,1,511,283
22978,1,511,276
22979,1,513,270
22980,1,520,250
22981,1,520,243
22982,1,523,235
22983,1,525,228
22984,1,525,221
22985,1,526,216
22986,1,528,208
22987,1,530,201
22988,1,533,196
22989,1,535,190
22990,1,536,181
22991,1,538,176
22992,1,538,171
22993,1,540,168
22994,1,541,165
22995,1,541,161
22996,1,546,156
22997,1,550,151
22998,1,550,145
22999,1,550,140
23000,1,551,136
23001,1,553,135
23002,1,555,126
23003,1,556,125
23004,1,561,121
23005,1,561,118
23006,1,563,118
23007,1,565,115
23008,1,566,115
23009,1,568,115
23010,1,571,110
23011,1,571,108
23012,0,0,0
23013,0,0,0
23014,0,0,0
23015,0,0,0
23016,0,0,0
23017,0,0,0
23018,0,0,0
23019,0,0,0
23020,0,0,0
23021,0,0,0
23022,0,0,0
23023,0,0,0
23024,0,0,0
23025,1,595,110
23026,1,598,108
23027,1,598,108
23028,1,601,108
23029,1,603,108
23030,1,605,108
23031,1,605,110
23032,1,605,111
23033,1,606,115
23034,1,608,118
23035,1,610,123
23036,1,610,125
23037,1,615,126
23038,1,615,135
23039,1,616,138
23040,1,618,140
23041,1,620,143
23042,1,621,148
23043,1,625,151
23044,1,625,155
23045,1,626,161
23046,1,630,166
23047,1,631,171
23048,1,633,176
23049,1,635,180
23050,1,635,187
23051,1,637,195
23052,1,640,198
23053,1,640,205
23054,1,643,213
23055,1,643,218
23056,1,645,225
23057,1,646,231
23058,1,648,235
23059,1,650,241
23060,1,651,246
23061,1,655,253
23062,1,658,255
23063,1,658,251
23064,1,661,250
23065,1,662,240
23066,1,665,240
23067,1,670,237
23068,1,672,237
23069,1,676,235
23070,1,676,240
23071,1,681,241
23072,1,686,243
23073,1,690,246
23074,1,695,248
23075,1,696,251
23076,1,703,258
23077,1,711,263
23078,1,715,270
23079,1,723,276
23080,1,730,285
23081,1,736,296
23082,1,743,308
23083,1,751,315
23084,1,760,331
23085,0,0,0
23086,1,755,288
23087,1,750,273
23088,1,740,236
23089,1,730,218
23090,1,726,195
23091,1,720,175
23092,1,708,148
23093,1,696,120
23094,1,693,95
23095,1,683,71
23096,0,0,0
23097,0,0,0
23098,0,0,0
23099,1,657,20
23100,1,850,376
23101,1,836,380
23102,1,823,384
23103,1,809,387
23104,1,795,391
23105,1,781,395
23106,1,768,399
23107,1,754,403
23108,1,740,407
23109,1,727,410
23110,0,0,0
23111,0,0,0
23112,0,0,0
23113,0,0,0
23114,0,0,0
23115,0,0,0
23116,0,0,0
23117,0,0,0
23118,0,0,0
23119,0,0,0
23120,0,0,0
23121,0,0,0
23122,0,0,0
23123,0,0,0
23124,0,0,0
23125,0,0,0
23126,0,0,0
23127,0,0,0
23128,0,0,0
23129,0,0,0
23130,0,0,0
23131,0,0,0
23132,0,0,0
23133,0,0,0
23134,0,0,0
23135,0,0,0
23136,0,0,0
23137,0,0,0
23138,0,0,0
23139,1,315,525
23140,1,315,527
23141,1,306,525
23142,1,298,523
23143,1,289,521
23144,1,280,519
23145,1,272,517
23146,1,263,515
23147,1,254,513
23148,1,246,511
23149,1,237,508
23150,0,0,0
23151,0,0,0
23152,0,0,0
23153,0,0,0
23154,0,0,0
23155,0,0,0
23156,0,0,0
23157,0,0,0
23158,0,0,0
23159,0,0,0
23160,0,0,0
23161,0,0,0
23162,0,0,0
23163,0,0,0
23164,0,0,0
23165,0,0,0
23166,0,0,0
23167,0,0,0
23168,0,0,0
23169,0,0,0
23170,0,0,0
23171,0,0,0
23172,0,0,0
23173,0,0,0
23174,0,0,0
23175,1,11,455
23176,1,28,454
23177,1,44,454
23178,1,61,453
23179,1,78,452
23180,1,94,452
23181,1,111,451
23182,1,128,450
23183,1,144,450
23184,1,161,449
23185,0,0,0
23186,0,0,0
23187,0,0,0
23188,0,0,0
23189,0,0,0
23190,0,0,0
23191,0,0,0
23192,0,0,0
23193,0,0,0
23194,0,0,0
23195,0,0,0
23196,0,0,0
23197,0,0,0
23198,0,0,0
23199,0,0,0
23200,0,0,0
23201,0,0,0
23202,0,0,0
23203,0,0,0
23204,0,0,0
23205,0,0,0
23206,0,0,0
23207,0,0,0
23208,0,0,0
23209,0,0,0
23210,0,0,0
23211,0,0,0
23212,0,0,0
23213,0,0,0
23214,0,0,0
23215,0,0,0
23216,0,0,0
23217,0,0,0
23218,0,0,0
23219,0,0,0
23220,0,0,0
23221,0,0,0
23222,0,0,0
23223,0,0,0
23224,0,0,0
23225,0,0,0
23226,0,0,0
23227,0,0,0
23228,0,0,0
23229,1,911,420
23230,1,910,405
23231,1,908,396
23232,1,893,393
23233,1,890,390
23234,1,897,397
23235,1,904,405
23236,1,910,412
23237,1,917,419
23238,1,924,426
23239,1,931,434
23240,1,938,441
23241,1,944,448
23242,1,951,456
23243,0,0,0
23244,0,0,0
23245,0,0,0
23246,0,0,0
23247,1,985,492
23248,1,981,486
23249,1,977,479
23250,1,974,473
23251,1,970,466
23252,1,966,460
23253,1,962,454
23254,1,959,447
23255,1,955,441
23256,1,951,434
23257,0,0,0
23258,0,0,0
23259,0,0,0
23260,0,0,0
23261,0,0,0
23262,0,0,0
23263,0,0,0
23264,0,0,0
23265,1,917,377
23266,1,805,383
23267,1,693,389
23268,1,581,395
23269,1,468,401
23270,1,356,407
23271,1,244,413
23272,1,132,419
23273,1,20,425
23274,1,106,421
23275,1,192,418
23276,1,279,414
23277,1,365,410
23278,1,451,406
23279,1,538,402
23280,1,624,399
23281,1,710,395
23282,1,702,380
23283,1,742,355
23284,1,740,350
23285,1,727,325
23286,1,730,322
23287,1,727,320
23288,1,742,697
23289,1,727,272
23290,1,727,272
23291,1,736,253
23292,1,734,229
23293,1,732,205
23294,1,730,181
23295,1,728,157
23296,1,726,132
23297,1,725,108
23298,1,723,84
23299,1,721,60
23300,1,719,36
23301,1,717,12
23302,1,723,15
23303,1,726,33
23304,1,730,45
23305,1,735,60
23306,1,738,73
23307,1,743,88
23308,1,748,101
23309,1,755,116
23310,1,763,123
23311,1,753,143
23312,1,740,151
23313,1,723,155
23314,1,700,156
23315,1,688,165
23316,1,670,166
23317,1,655,166
23318,1,643,171
23319,1,625,180
23320,1,607,187
23321,1,591,190
23322,1,578,193
23323,1,561,201
23324,1,551,206
23325,1,546,216
23326,1,530,223
23327,1,520,226
23328,1,508,231
23329,1,496,235
23330,1,486,245
23331,1,473,250
23332,1,463,256
23333,1,456,260
23334,1,445,270
23335,1,435,271
23336,1,423,281
23337,1,416,286
23338,1,411,295
23339,1,403,296
23340,1,403,295
23341,1,401,298
23342,1,396,303
23343,1,395,305
23344,1,390,311
23345,1,386,311
23346,1,380,315
23347,1,375,320
23348,1,368,325
23349,1,366,328
23350,1,363,330
23351,1,356,336
23352,1,355,340
23353,1,350,348
23354,1,350,353
23355,1,343,356
23356,1,340,363
23357,1,336,370
23358,1,331,376
23359,1,326,383
23360,1,323,390
23361,1,315,401
23362,1,311,406
23363,1,306,416
23364,1,303,421
23365,1,298,430
23366,1,295,440
23367,1,286,446
23368,1,283,456
23369,1,280,461
23370,1,278,441
23371,1,273,436
23372,1,271,430
23373,1,268,423
23374,1,266,421
23375,1,261,415
23376,1,258,411
23377,1,255,408
23378,1,255,408
23379,1,255,406
23380,1,253,405
23381,1,250,405
23382,1,248,406
23383,1,534,400
23384,1,821,393
23385,1,816,390
23386,1,815,386
23387,1,816,381
23388,1,816,376
23389,1,816,373
23390,1,818,368
23391,1,818,363
23392,1,820,361
23393,1,818,360
23394,1,818,358
23395,1,818,356
23396,1,818,356
23397,1,818,358
23398,1,831,358
23399,1,818,360
23400,1,820,355
23401,1,820,356
23402,1,821,358
23403,1,820,361
23404,1,823,363
23405,1,825,367
23406,1,828,371
23407,1,830,375
23408,1,831,378
23409,1,835,383
23410,1,836,388
23411,1,840,391
23412,1,845,395
23413,1,841,403
23414,1,845,406
23415,1,835,404
23416,1,824,402
23417,1,814,401
23418,1,803,399
23419,1,793,397
23420,1,783,395
23421,1,772,394
23422,1,762,392
23423,1,752,390
23424,0,0,0
23425,0,0,0
23426,0,0,0
23427,0,0,0
23428,0,0,0
23429,0,0,0
23430,0,0,0
23431,0,0,0
23432,0,0,0
23433,0,0,0
23434,0,0,0
23435,0,0,0
23436,0,0,0
23437,0,0,0
23438,0,0,0
23439,0,0,0
23440,0,0,0
23441,0,0,0
23442,0,0,0
23443,0,0,0
23444,0,0,0
23445,1,523,351
23446,1,521,353
23447,1,521,351
23448,1,521,352
23449,1,521,352
23450,1,521,352
23451,1,521,353
23452,1,521,354
23453,1,521,354
23454,1,521,354
23455,1,521,355
23456,1,521,356
23457,1,521,356
23458,1,523,359
23459,1,524,362
23460,1,526,365
23461,1,528,363
23462,0,0,0
23463,1,530,358
23464,1,528,355
23465,1,530,353
23466,1,530,351
23467,1,530,351
23468,1,530,350
23469,1,530,348
23470,1,530,348
23471,1,528,348
23472,1,528,348
23473,1,526,348
23474,1,526,350
23475,1,526,350
23476,1,526,350
23477,1,526,350
23478,1,526,350
23479,1,526,350
23480,1,525,350
23481,1,525,350
23482,1,525,350
23483,1,525,350
23484,0,0,0
23485,0,0,0
23486,0,0,0
23487,0,0,0
23488,0,0,0
23489,0,0,0
23490,0,0,0
23491,0,0,0
23492,0,0,0
23493,0,0,0
23494,0,0,0
23495,0,0,0
23496,0,0,0
23497,0,0,0
23498,0,0,0
23499,0,0,0
23500,0,0,0
23501,0,0,0
23502,0,0,0
23503,0,0,0
23504,0,0,0
23505,0,0,0
23506,0,0,0
23507,0,0,0
23508,0,0,0
23509,0,0,0
23510,0,0,0
23511,0,0,0
23512,0,0,0
23513,0,0,0
23514,0,0,0
23515,0,0,0
23516,0,0,0
23517,0,0,0
23518,0,0,0
23519,0,0,0
23520,0,0,0
23521,0,0,0
23522,0,0,0
23523,0,0,0
23524,0,0,0
23525,0,0,0
23526,0,0,0
23527,0,0,0
23528,0,0,0
23529,0,0,0
23530,0,0,0
23531,0,0,0
23532,0,0,0
23533,0,0,0
23534,0,0,0
23535,0,0,0
23536,0,0,0
23537,0,0,0
23538,0,0,0
23539,0,0,0
23540,0,0,0
23541,0,0,0
23542,0,0,0
23543,0,0,0
23544,0,0,0
23545,0,0,0
23546,0,0,0
23547,0,0,0
23548,0,0,0
23549,0,0,0
23550,0,0,0
23551,0,0,0
23552,0,0,0
23553,0,0,0
23554,0,0,0
23555,0,0,0
23556,0,0,0
23557,0,0,0
23558,0,0,0
23559,0,0,0
23560,0,0,0
23561,0,0,0
23562,0,0,0
23563,0,0,0
23564,0,0,0
23565,0,0,0
23566,0,0,0
23567,0,0,0
23568,0,0,0
23569,0,0,0
23570,0,0,0
23571,0,0,0
23572,0,0,0
23573,0,0,0
23574,0,0,0
23575,0,0,0
23576,0,0,0
23577,0,0,0
23578,0,0,0
23579,0,0,0
23580,0,0,0
23581,0,0,0
23582,0,0,0
23583,1,516,355
23584,1,516,355
23585,1,513,356
23586,1,513,355
23587,1,511,353
23588,1,511,351
23589,1,513,351
23590,1,510,348
23591,1,509,348
23592,1,508,348
23593,1,508,344
23594,1,508,340
23595,1,508,336
23596,1,508,333
23597,1,508,328
23598,1,510,325
23599,1,508,321
23600,1,510,320
23601,1,510,315
23602,1,510,313
23603,1,510,310
23604,1,510,308
23605,1,510,305
23606,1,510,301
23607,1,510,301
23608,1,510,298
23609,1,510,298
23610,1,512,297
23611,1,512,297
23612,1,512,297
23613,1,512,297
23614,1,515,295
23615,1,515,295
23616,1,515,296
23617,1,515,296
23618,1,515,296
23619,1,515,297
23620,1,516,298
23621,1,516,298
23622,1,516,298
23623,1,516,299
23624,1,516,300
23625,1,516,300
23626,1,518,298
23627,1,520,296
23628,1,521,296
23629,1,523,290
23630,1,526,288
23631,1,528,286
23632,1,530,283
23633,1,533,278
23634,1,536,275
23635,1,538,271
23636,1,540,268
23637,1,541,268
23638,1,545,263
23639,1,546,263
23640,1,548,263
23641,1,551,260
23642,1,555,258
23643,1,561,256
23644,1,561,255
23645,1,565,251
23646,1,570,251
23647,1,573,250
23648,1,576,248
23649,1,581,246
23650,1,583,243
23651,1,591,241
23652,1,595,240
23653,1,598,241
23654,1,601,241
23655,1,610,241
23656,1,615,240
23657,1,618,243
23658,1,620,243
23659,1,623,245
23660,1,625,246
23661,1,637,247
23662,1,643,246
23663,1,648,250
23664,1,650,248
23665,1,656,246
23666,1,658,245
23667,1,663,243
23668,1,665,243
23669,1,662,242
23670,1,672,235
23671,1,675,232
23672,1,683,241
23673,1,683,241
23674,1,688,243
23675,1,695,245
23676,1,696,245
23677,1,700,248
23678,1,705,251
23679,1,708,255
23680,1,713,258
23681,1,715,261
23682,1,723,263
23683,1,725,271
23684,1,730,276
23685,1,733,280
23686,1,740,286
23687,1,743,290
23688,1,748,295
23689,1,751,300
23690,1,756,308
23691,1,761,315
23692,1,766,326
23693,1,775,333
23694,1,778,341
23695,1,785,351
23696,1,791,365
23697,1,796,375
23698,1,803,386
23699,1,808,396
23700,1,813,408
23701,1,816,421
23702,1,828,438
23703,1,833,448
23704,1,841,468
23705,1,842,485
23706,1,840,500
23707,0,0,0
23708,1,840,500
23709,1,837,500
23710,1,837,500
23711,1,835,500
23712,1,832,502
23713,1,832,502
23714,1,830,500
23715,1,843,496
23716,1,855,493
23717,1,868,489
23718,1,881,486
23719,1,893,482
23720,1,906,479
23721,1,918,475
23722,1,931,471
23723,1,944,468
23724,0,0,0
23725,0,0,0
23726,0,0,0
23727,0,0,0
23728,1,1007,450
23729,1,994,453
23730,1,981,456
23731,1,968,460
23732,1,955,463
23733,1,942,466
23734,1,929,469
23735,1,916,472
23736,1,903,476
23737,1,890,479
23738,0,0,0
23739,0,0,0
23740,0,0,0
23741,0,0,0
23742,1,825,495
23743,1,825,495
23744,1,825,495
23745,1,822,495
23746,1,822,492
23747,1,822,492
23748,1,822,492
23749,1,820,492
23750,1,817,490
23751,1,821,490
23752,1,825,491
23753,1,828,491
23754,1,832,491
23755,1,836,492
23756,1,840,492
23757,1,843,492
23758,1,847,492
23759,1,851,493
23760,0,0,0
23761,0,0,0
23762,0,0,0
23763,0,0,0
23764,0,0,0
23765,0,0,0
23766,0,0,0
23767,0,0,0
23768,0,0,0
23769,0,0,0
23770,0,0,0
23771,0,0,0
23772,0,0,0
23773,0,0,0
23774,0,0,0
23775,0,0,0
23776,0,0,0
23777,0,0,0
23778,0,0,0
23779,0,0,0
23780,0,0,0
23781,0,0,0
23782,0,0,0
23783,0,0,0
23784,0,0,0
23785,0,0,0
23786,0,0,0
23787,0,0,0
23788,0,0,0
23789,0,0,0
23790,0,0,0
23791,0,0,0
23792,0,0,0
23793,0,0,0
23794,0,0,0
23795,0,0,0
23796,0,0,0
23797,0,0,0
23798,0,0,0
23799,0,0,0
23800,0,0,0
23801,0,0,0
23802,0,0,0
23803,0,0,0
23804,0,0,0
23805,1,1025,507
23806,1,1022,505
23807,1,1020,505
23808,1,1011,503
23809,1,1001,501
23810,1,992,499
23811,1,983,496
23812,1,974,494
23813,1,964,492
23814,1,955,490
23815,1,946,488
23816,1,936,486
23817,0,0,0
23818,0,0,0
23819,0,0,0
23820,0,0,0
23821,0,0,0
23822,0,0,0
23823,0,0,0
23824,0,0,0
23825,0,0,0
23826,0,0,0
23827,0,0,0
23828,0,0,0
23829,0,0,0
23830,0,0,0
23831,0,0,0
23832,0,0,0
23833,0,0,0
23834,0,0,0
23835,0,0,0
23836,0,0,0
23837,0,0,0
23838,0,0,0
23839,0,0,0
23840,0,0,0
23841,0,0,0
23842,0,0,0
23843,0,0,0
23844,0,0,0
23845,0,0,0
23846,0,0,0
23847,0,0,0
23848,0,0,0
23849,0,0,0
23850,0,0,0
23851,0,0,0
23852,0,0,0
23853,0,0,0
23854,0,0,0
23855,0,0,0
23856,0,0,0
23857,0,0,0
23858,0,0,0
23859,0,0,0
23860,0,0,0
23861,0,0,0
23862,0,0,0
23863,1,500,385
23864,1,500,382
23865,1,500,379
23866,1,500,376
23867,1,500,373
23868,1,500,371
23869,1,500,368
23870,1,500,365
23871,1,500,362
23872,1,501,359
23873,0,0,0
23874,0,0,0
23875,0,0,0
23876,0,0,0
23877,0,0,0
23878,0,0,0
23879,0,0,0
23880,1,501,336
23881,1,501,335
23882,1,503,335
23883,1,501,330
23884,1,503,328
23885,1,503,325
23886,1,503,321
23887,1,501,320
23888,1,501,315
23889,1,501,313
23890,1,501,311
23891,1,501,310
23892,1,503,306
23893,1,503,303
23894,1,503,303
23895,1,507,295
23896,1,507,295
23897,1,507,295
23898,1,507,295
23899,1,510,295
23900,1,510,295
23901,1,510,295
23902,1,510,297
23903,1,510,297
23904,1,510,297
23905,1,511,297
23906,1,512,297
23907,1,512,297
23908,1,512,296
23909,1,513,296
23910,0,0,0
23911,0,0,0
23912,0,0,0
23913,1,515,296
23914,1,516,293
23915,1,515,286
23916,1,516,283
23917,1,516,276
23918,1,518,271
23919,1,520,268
23920,0,0,0
23921,0,0,0
23922,1,520,256
23923,1,521,255
23924,1,521,253
23925,1,523,253
23926,1,523,250
23927,1,525,246
23928,1,525,243
23929,1,525,241
23930,1,525,236
23931,1,526,235
23932,1,526,233
23933,1,528,230
23934,1,528,230
23935,1,530,226
23936,1,530,225
23937,1,530,225
23938,1,530,223
23939,1,530,223
23940,1,530,225
23941,1,535,221
23942,1,535,221
23943,1,536,221
23944,1,536,221
23945,1,538,220
23946,1,540,220
23947,1,541,221
23948,0,0,0
23949,1,545,223
23950,1,548,226
23951,1,550,228
23952,1,551,230
23953,1,553,231
23954,1,555,233
23955,1,553,240
23956,1,555,241
23957,1,560,245
23958,1,561,250
23959,1,563,255
23960,1,566,260
23961,1,570,268
23962,1,571,273
23963,1,576,281
23964,1,580,288
23965,1,581,296
23966,1,586,300
23967,1,590,311
23968,1,593,321
23969,1,596,331
23970,1,598,340
23971,1,606,355
23972,1,615,365
23973,1,620,376
23974,1,630,391
23975,1,626,405
23976,0,0,0
23977,1,628,436
23978,1,646,413
23979,1,665,390
23980,1,675,353
23981,1,680,331
23982,1,686,311
23983,1,690,298
23984,1,701,278
23985,1,715,251
23986,1,723,235
23987,1,731,215
23988,1,736,191
23989,1,745,173
23990,1,755,148
23991,1,761,130
23992,1,766,113
23993,1,776,95
23994,1,783,81
23995,1,793,65
23996,1,801,48
23997,1,806,31
23998,1,811,18
23999,0,0,0
24000,1,823,10
24001,1,820,25
24002,1,817,41
24003,1,814,56
24004,1,812,71
24005,1,809,86
24006,1,806,102
24007,1,803,117
24008,1,800,132
24009,1,798,147
24010,0,0,0
24011,0,0,0
24012,0,0,0
24013,0,0,0
24014,0,0,0
24015,0,0,0
24016,0,0,0
24017,0,0,0
24018,0,0,0
24019,0,0,0
24020,0,0,0
24021,0,0,0
24022,0,0,0
24023,0,0,0
24024,0,0,0
24025,0,0,0
24026,0,0,0
24027,0,0,0
24028,0,0,0
24029,0,0,0
24030,1,738,468
24031,1,740,463
24032,1,750,461
24033,1,756,456
24034,1,788,438
24035,1,820,421
24036,1,852,403
24037,1,883,385
24038,1,915,368
24039,1,947,350
24040,1,950,347
24041,1,955,346
24042,1,960,345
24043,1,966,345
24044,1,971,344
24045,1,976,343
24046,1,979,344
24047,1,982,346
24048,1,985,347
24049,1,995,352
24050,1,1002,339
24051,1,1009,325
24052,1,1015,312
24053,1,1022,299
24054,1,1029,286
24055,1,1036,272
24056,1,1043,259
24057,1,1049,246
24058,1,1056,232
24059,0,0,0
24060,0,0,0
24061,0,0,0
24062,0,0,0
24063,0,0,0
24064,0,0,0
24065,0,0,0
24066,0,0,0
24067,0,0,0
24068,0,0,0
24069,0,0,0
24070,0,0,0
24071,0,0,0
24072,0,0,0
24073,0,0,0
24074,1,1165,20
24075,1,1165,11
24076,1,1170,16
24077,1,1175,30
24078,1,1176,35
24079,1,1178,45
24080,1,1181,55
24081,1,1185,66
24082,1,1188,76
24083,1,1190,91
24084,1,1193,101
24085,1,1195,111
24086,1,1195,125
24087,1,1200,135
24088,1,1201,146
24089,1,1203,155
24090,1,1206,170
24091,1,1208,180
24092,1,1211,195
24093,1,1213,206
24094,1,1213,218
24095,1,1215,230
24096,1,1220,245
24097,1,1221,253
24098,1,1222,267
24099,1,1222,280
24100,1,1225,290
24101,1,1218,298
24102,1,1211,283
24103,1,1205,273
24104,1,1196,263
24105,1,1195,255
24106,1,1188,243
24107,1,1180,230
24108,1,1168,216
24109,1,1161,205
24110,1,1153,193
24111,1,1146,181
24112,1,1138,170
24113,1,1126,156
24114,1,1123,150
24115,1,1110,138
24116,1,1101,126
24117,1,1095,118
24118,1,1083,110
24119,1,1075,100
24120,1,1071,96
24121,1,1061,88
24122,1,1051,75
24123,1,1043,70
24124,1,1035,58
24125,1,1026,50
24126,1,1020,45
24127,1,1015,35
24128,1,1008,33
24129,1,998,20
24130,1,991,15
24131,1,980,11
24132,1,973,10
24133,0,0,0
24134,1,1170,336
24135,1,1155,326
24136,1,1141,317
24137,1,1126,307
24138,1,1112,297
24139,1,1097,287
24140,1,1083,278
24141,1,1068,268
24142,1,1054,258
24143,1,1039,249
24144,0,0,0
24145,0,0,0
24146,0,0,0
24147,0,0,0
24148,0,0,0
24149,0,0,0
24150,0,0,0
24151,0,0,0
24152,0,0,0
24153,0,0,0
24154,0,0,0
24155,0,0,0
24156,0,0,0
24157,0,0,0
24158,0,0,0
24159,0,0,0
24160,0,0,0
24161,0,0,0
24162,0,0,0
24163,0,0,0
24164,0,0,0
24165,0,0,0
24166,0,0,0
24167,0,0,0
24168,1,676,6
24169,1,671,6
24170,1,658,8
24171,1,651,11
24172,1,646,13
24173,1,626,18
24174,1,628,30
24175,1,620,33
24176,1,608,40
24177,1,601,46
24178,1,596,50
24179,1,591,56
24180,1,580,63
24181,1,575,71
24182,1,568,75
24183,1,561,83
24184,1,551,95
24185,1,546,101
24186,1,538,111
24187,1,528,120
24188,1,523,128
24189,1,513,138
24190,1,503,148
24191,1,498,156
24192,1,488,168
24193,1,483,181
24194,1,476,191
24195,1,470,198
24196,1,461,208
24197,1,456,223
24198,1,448,235
24199,1,441,246
24200,1,435,261
24201,1,428,273
24202,1,420,283
24203,1,413,288
24204,1,411,286
24205,1,405,281
24206,1,403,273
24207,1,406,260
24208,1,403,256
24209,1,401,253
24210,1,403,241
24211,1,403,235
24212,1,401,230
24213,1,401,218
24214,1,401,215
24215,1,401,206
24216,1,400,201
24217,1,400,195
24218,1,396,193
24219,0,0,0
24220,1,395,181
24221,1,395,178
24222,1,393,175
24223,1,393,173
24224,1,393,171
24225,1,395,170
24226,1,393,168
24227,1,393,163
24228,0,0,0
24229,0,0,0
24230,0,0,0
24231,0,0,0
24232,0,0,0
24233,0,0,0
24234,0,0,0
24235,0,0,0
24236,0,0,0
24237,0,0,0
24238,0,0,0
24239,0,0,0
24240,0,0,0
24241,1,385,163
24242,1,385,163
24243,0,0,0
24244,1,386,163
24245,0,0,0
24246,1,385,165
24247,0,0,0
24248,1,383,171
24249,1,383,175
24250,1,383,178
24251,1,381,180
24252,1,381,188
24253,1,380,193
24254,1,381,198
24255,1,385,201
24256,1,383,201
24257,1,380,210
24258,1,380,216
24259,1,380,220
24260,1,378,225
24261,1,378,230
24262,1,378,240
24263,1,378,243
24264,1,378,248
24265,1,376,255
24266,1,376,261
24267,1,375,268
24268,1,375,273
24269,1,373,280
24270,1,373,285
24271,1,375,290
24272,1,375,296
24273,1,375,305
24274,1,375,311
24275,1,375,320
24276,1,375,328
24277,1,375,338
24278,1,373,348
24279,1,375,355
24280,1,375,358
24281,1,375,358
24282,1,375,351
24283,0,0,0
24284,1,376,336
24285,1,376,330
24286,1,378,321
24287,1,381,310
24288,1,380,296
24289,1,383,286
24290,1,385,276
24291,1,386,268
24292,1,388,260
24293,1,390,251
24294,1,393,243
24295,1,395,233
24296,1,395,228
24297,1,395,221
24298,1,397,215
24299,1,396,203
24300,1,396,205
24301,1,401,196
24302,1,401,188
24303,1,406,180
24304,1,406,173
24305,1,408,166
24306,1,410,161
24307,1,411,155
24308,1,411,150
24309,1,415,145
24310,1,416,138
24311,1,416,136
24312,1,418,133
24313,1,420,130
24314,1,421,128
24315,1,428,123
24316,1,428,120
24317,1,430,118
24318,1,431,115
24319,1,431,111
24320,1,433,108
24321,1,435,108
24322,1,435,106
24323,1,427,112
24324,0,0,0
24325,0,0,0
24326,1,441,103
24327,1,441,101
24328,1,445,101
24329,1,445,103
24330,1,445,101
24331,1,448,101
24332,1,450,101
24333,1,456,103
24334,1,458,103
24335,1,460,103
24336,1,461,103
24337,1,460,103
24338,1,463,106
24339,1,463,108
24340,1,461,110
24341,1,463,111
24342,1,465,113
24343,1,465,115
24344,1,466,116
24345,1,468,116
24346,1,468,120
24347,1,470,123
24348,1,471,125
24349,1,471,128
24350,1,475,135
24351,1,476,138
24352,1,481,141
24353,1,481,148
24354,1,483,153
24355,1,486,155
24356,1,486,161
24357,1,488,166
24358,1,488,175
24359,1,490,180
24360,1,490,183
24361,1,493,191
24362,1,495,198
24363,1,496,203
24364,1,496,208
24365,1,500,216
24366,1,501,225
24367,1,501,233
24368,1,505,240
24369,1,505,245
24370,1,506,251
24371,1,508,260
24372,1,510,271
24373,1,510,281
24374,1,510,288
24375,1,516,300
24376,1,516,305
24377,1,518,311
24378,1,518,323
24379,1,520,330
24380,1,520,336
24381,1,521,353
24382,1,521,358
24383,0,0,0
24384,1,518,340
24385,1,515,335
24386,1,513,328
24387,1,511,311
24388,1,511,305
24389,1,511,298
24390,1,508,295
24391,1,506,288
24392,1,506,281
24393,1,506,271
24394,1,502,265
24395,1,501,258
24396,1,500,251
24397,1,498,245
24398,1,498,236
24399,1,496,231
24400,1,496,226
24401,1,495,221
24402,1,493,218
24403,1,493,215
24404,1,493,215
24405,1,491,210
24406,1,488,206
24407,1,486,200
24408,1,485,191
24409,1,483,188
24410,1,481,186
24411,1,481,181
24412,1,480,178
24413,1,475,176
24414,1,475,176
24415,1,473,175
24416,1,471,173
24417,1,468,171
24418,1,466,171
24419,1,465,173
24420,1,470,171
24421,1,468,170
24422,1,466,166
24423,1,466,166
24424,1,465,166
24425,1,461,166
24426,1,458,166
24427,1,456,165
24428,1,455,166
24429,1,455,166
24430,1,452,172
24431,1,448,171
24432,1,445,173
24433,1,443,173
24434,1,441,175
24435,1,445,181
24436,1,445,185
24437,1,441,188
24438,1,441,190
24439,1,440,191
24440,1,438,193
24441,1,436,198
24442,1,435,201
24443,1,433,206
24444,1,435,215
24445,1,433,216
24446,1,430,221
24447,1,430,228
24448,1,428,235
24449,1,425,240
24450,1,421,246
24451,1,421,251
24452,1,420,258
24453,1,418,263
24454,1,416,268
24455,1,416,273
24456,1,416,283
24457,1,415,290
24458,1,413,296
24459,1,413,305
24460,1,411,313
24461,1,408,323
24462,1,410,331
24463,0,0,0
24464,1,410,338
24465,1,413,335
24466,1,411,333
24467,1,413,325
24468,1,416,315
24469,1,421,305
24470,1,423,296
24471,1,430,288
24472,1,431,278
24473,1,433,270
24474,1,440,260
24475,1,443,251
24476,1,446,245
24477,1,450,233
24478,1,453,226
24479,1,455,221
24480,1,456,218
24481,1,461,211
24482,1,466,203
24483,1,470,193
24484,1,475,186
24485,1,481,180
24486,1,485,175
24487,1,486,166
24488,1,491,163
24489,1,493,156
24490,1,500,153
24491,1,501,150
24492,1,506,143
24493,1,508,140
24494,1,510,138
24495,1,513,133
24496,1,520,128
24497,1,525,125
24498,1,528,120
24499,1,535,116
24500,1,536,113
24501,1,540,111
24502,1,543,110
24503,1,546,110
24504,1,551,108
24505,1,553,108
24506,1,561,106
24507,1,565,106
24508,1,566,106
24509,1,571,108
24510,1,578,106
24511,1,581,106
24512,1,582,107
24513,1,585,110
24514,1,591,106
24515,1,595,106
24516,1,596,106
24517,1,601,108
24518,1,605,110
24519,1,608,111
24520,1,616,116
24521,1,618,118
24522,1,621,120
24523,1,625,125
24524,1,630,126
24525,1,631,128
24526,1,636,133
24527,1,641,136
24528,1,643,141
24529,1,648,145
24530,1,651,151
24531,1,656,156
24532,1,658,163
24533,1,663,168
24534,1,668,175
24535,1,671,180
24536,1,675,186
24537,1,680,195
24538,1,683,205
24539,1,688,213
24540,1,688,218
24541,1,695,221
24542,1,698,231
24543,1,701,240
24544,1,705,245
24545,1,706,255
24546,1,711,268
24547,1,713,275
24548,1,720,298
24549,0,0,0
24550,1,711,285
24551,1,713,280
24552,1,711,271
24553,1,710,270
24554,1,706,253
24555,1,705,235
24556,1,698,221
24557,1,695,210
24558,1,688,201
24559,1,686,188
24560,1,681,180
24561,1,676,168
24562,1,673,156
24563,1,668,150
24564,1,663,141
24565,1,660,128
24566,1,655,121
24567,1,651,115
24568,1,646,110
24569,1,636,100
24570,1,641,95
24571,1,635,85
24572,1,631,76
24573,1,628,73
24574,1,621,65
24575,0,0,0
24576,1,615,56
24577,1,608,50
24578,1,605,46
24579,1,601,45
24580,1,596,38
24581,1,591,35
24582,1,590,31
24583,0,0,0
24584,1,575,15
24585,1,710,365
24586,1,575,15
24587,1,571,11
24588,1,550,12
24589,1,550,12
24590,1,545,10
24591,1,540,10
24592,0,0,0
24593,0,0,0
24594,0,0,0
24595,1,530,10
24596,1,530,10
24597,0,0,0
24598,1,520,10
24599,0,0,0
24600,1,516,13
24601,1,511,11
24602,1,503,8
24603,1,501,10
24604,1,498,6
24605,1,495,8
24606,1,491,10
24607,1,486,10
24608,1,485,13
24609,0,0,0
24610,0,0,0
24611,1,470,30
24612,1,466,35
24613,1,465,38
24614,1,461,43
24615,0,0,0
24616,0,0,0
24617,1,446,60
24618,1,445,65
24619,1,441,68
24620,0,0,0
24621,0,0,0
24622,0,0,0
24623,0,0,0
24624,1,421,100
24625,1,420,103
24626,1,415,111
24627,1,413,118
24628,1,410,125
24629,1,406,133
24630,1,400,138
24631,1,396,151
24632,1,396,156
24633,1,391,166
24634,1,388,175
24635,1,383,188
24636,1,381,195
24637,1,380,206
24638,1,375,215
24639,1,370,225
24640,1,370,235
24641,1,365,243
24642,1,363,256
24643,1,360,268
24644,1,358,278
24645,1,366,276
24646,1,376,271
24647,1,388,261
24648,1,401,253
24649,1,408,250
24650,1,421,245
24651,1,433,241
24652,1,441,235
24653,1,450,233
24654,1,460,231
24655,1,468,228
24656,1,475,226
24657,1,486,223
24658,1,496,221
24659,1,501,221
24660,1,510,223
24661,1,515,223
24662,1,525,221
24663,1,535,220
24664,1,536,220
24665,1,546,218
24666,1,555,218
24667,1,561,220
24668,1,565,220
24669,1,571,220
24670,1,576,220
24671,1,585,222
24672,1,590,223
24673,1,596,225
24674,1,603,228
24675,1,608,231
24676,1,615,233
24677,1,620,235
24678,1,623,236
24679,1,628,236
24680,1,633,240
24681,1,640,243
24682,1,643,246
24683,1,646,251
24684,1,653,253
24685,1,658,258
24686,1,661,261
24687,1,665,266
24688,1,668,270
24689,1,673,273
24690,0,0,0
24691,0,0,0
24692,1,686,288
24693,1,686,283
24694,1,685,273
24695,1,685,268
24696,1,686,260
24697,1,685,253
24698,1,685,246
24699,1,685,241
24700,1,685,231
24701,1,683,226
24702,1,681,221
24703,1,681,218
24704,1,681,216
24705,1,683,210
24706,1,681,205
24707,1,681,200
24708,1,680,191
24709,1,680,186
24710,1,680,181
24711,1,680,176
24712,1,680,171
24713,1,680,166
24714,1,681,163
24715,1,680,160
24716,1,680,156
24717,1,678,153
24718,1,678,150
24719,1,678,148
24720,1,676,148
24721,1,676,145
24722,1,675,140
24723,1,675,136
24724,1,675,133
24725,1,676,130
24726,1,676,128
24727,1,676,126
24728,1,676,125
24729,1,675,123
24730,1,675,120
24731,1,675,120
24732,1,675,121
24733,1,675,121
24734,1,673,121
24735,1,665,120
24736,1,665,120
24737,1,665,120
24738,1,665,120
24739,1,665,120
24740,1,665,120
24741,1,670,120
24742,1,670,120
24743,1,670,120
24744,1,670,122
24745,1,670,122
24746,1,667,122
24747,1,667,125
24748,1,667,127
24749,1,667,130
24750,1,668,133
24751,1,668,135
24752,1,668,135
24753,1,668,136
24754,1,668,138
24755,1,668,140
24756,1,668,145
24757,1,668,148
24758,1,668,153
24759,1,668,161
24760,1,668,163
24761,1,666,166
24762,1,666,171
24763,1,666,178
24764,1,665,181
24765,1,666,193
24766,1,666,195
24767,1,666,200
24768,1,665,206
24769,1,665,212
24770,1,666,216
24771,1,666,221
24772,1,666,228
24773,1,666,235
24774,1,665,243
24775,1,666,250
24776,1,665,260
24777,1,665,268
24778,1,665,275
24779,1,663,281
24780,1,663,293
24781,1,663,298
24782,1,663,308
24783,1,665,315
24784,1,665,321
24785,1,666,326
24786,0,0,0
24787,1,666,340
24788,1,666,350
24789,0,0,0
24790,1,663,335
24791,1,663,331
24792,1,662,317
24793,1,661,305
24794,1,661,300
24795,1,663,283
24796,1,663,271
24797,1,663,263
24798,1,663,251
24799,1,663,241
24800,1,663,233
24801,1,663,221
24802,1,663,215
24803,1,661,205
24804,1,661,195
24805,1,660,188
24806,1,660,176
24807,1,660,166
24808,1,658,161
24809,1,658,153
24810,1,660,146
24811,1,658,138
24812,1,661,128
24813,1,660,123
24814,1,660,115
24815,1,658,110
24816,1,658,100
24817,1,658,95
24818,1,658,90
24819,1,658,83
24820,1,658,76
24821,1,656,71
24822,1,656,66
24823,1,656,61
24824,1,656,60
24825,1,655,56
24826,1,656,53
24827,1,656,50
24828,1,655,46
24829,1,655,41
24830,1,655,38
24831,1,655,33
24832,1,656,31
24833,1,655,30
24834,1,653,13
24835,1,653,11
24836,1,655,10
24837,1,728,191
24838,1,800,372
24839,1,796,377
24840,1,792,382
24841,1,787,386
24842,1,783,391
24843,1,779,396
24844,1,775,401
24845,1,770,405
24846,1,766,410
24847,1,762,415
24848,1,762,415
24849,1,751,380
24850,1,740,345
24851,1,730,310
24852,1,719,275
24853,1,708,240
24854,1,697,206
24855,1,686,171
24856,1,675,136
24857,1,665,101
24858,0,0,0
24859,1,643,31
24860,1,641,33
24861,1,641,36
24862,1,641,40
24863,1,641,45
24864,1,641,48
24865,1,641,48
24866,1,641,55
24867,0,0,0
24868,0,0,0
24869,1,636,70
24870,1,635,73
24871,1,635,83
24872,1,635,88
24873,1,636,93
24874,1,635,98
24875,1,635,103
24876,1,635,110
24877,1,635,120
24878,1,635,126
24879,1,633,135
24880,1,635,141
24881,1,635,150
24882,1,635,156
24883,1,635,166
24884,1,633,175
24885,1,631,186
24886,1,633,193
24887,1,631,203
24888,1,633,215
24889,1,631,223
24890,1,631,233
24891,1,631,245
24892,1,631,256
24893,1,631,268
24894,1,631,278
24895,1,630,288
24896,1,631,298
24897,1,633,311
24898,1,633,323
24899,1,635,330
24900,1,634,317
24901,0,0,0
24902,1,633,290
24903,1,635,278
24904,1,636,266
24905,1,641,253
24906,1,641,241
24907,1,643,230
24908,1,643,216
24909,1,646,206
24910,1,646,193
24911,1,646,183
24912,1,646,175
24913,1,646,165
24914,1,646,156
24915,1,646,150
24916,1,646,136
24917,1,651,126
24918,1,651,115
24919,1,651,108
24920,1,655,100
24921,1,655,91
24922,0,0,0
24923,0,0,0
24924,1,658,68
24925,1,658,60
24926,1,658,55
24927,1,658,48
24928,1,660,43
24929,1,661,38
24930,1,663,31
24931,0,0,0
24932,0,0,0
24933,0,0,0
24934,1,863,448
24935,1,866,440
24936,1,868,430
24937,1,871,421
24938,1,868,416
24939,1,870,406
24940,1,865,393
24941,1,861,390
24942,1,860,385
24943,1,855,382
24944,1,851,379
24945,1,846,376
24946,1,841,373
24947,1,837,370
24948,1,832,367
24949,1,825,372
24950,1,817,380
24951,1,815,385
24952,1,810,367
24953,1,804,349
24954,1,799,332
24955,1,793,314
24956,1,788,296
24957,1,782,278
24958,1,777,260
24959,1,771,243
24960,1,766,225
24961,0,0,0
24962,0,0,0
24963,0,0,0
24964,0,0,0
24965,0,0,0
24966,0,0,0
24967,0,0,0
24968,0,0,0
24969,0,0,0
24970,0,0,0
24971,0,0,0
24972,1,700,11
24973,1,698,18
24974,0,0,0
24975,1,698,31
24976,1,700,38
24977,1,701,46
24978,1,703,56
24979,1,705,61
24980,1,705,70
24981,1,706,80
24982,1,708,86
24983,1,710,96
24984,1,711,103
24985,1,710,113
24986,1,711,125
24987,1,713,135
24988,1,713,145
24989,1,711,155
24990,1,711,171
24991,1,706,171
24992,1,701,170
24993,1,690,170
24994,1,686,168
24995,1,680,168
24996,1,671,166
24997,1,663,163
24998,1,658,165
24999,1,651,165
25000,1,645,165
25001,1,635,165
25002,1,630,168
25003,1,621,171
25004,1,616,176
25005,1,615,178
25006,1,608,181
25007,1,603,185
25008,1,595,186
25009,1,588,188
25010,1,583,193
25011,1,580,196
25012,1,575,200
25013,1,568,205
25014,1,565,208
25015,1,560,213
25016,1,555,216
25017,1,551,220
25018,1,548,223
25019,1,541,230
25020,1,538,235
25021,1,535,241
25022,0,0,0
25023,1,528,255
25024,1,525,258
25025,1,521,261
25026,1,518,271
25027,1,515,276
25028,1,510,281
25029,0,0,0
25030,0,0,0
25031,1,500,296
25032,1,496,301
25033,1,493,308
25034,1,491,313
25035,1,486,323
25036,1,483,331
25037,1,483,338
25038,0,0,0
25039,1,478,351
25040,1,475,358
25041,0,0,0
25042,1,477,352
25043,0,0,0
25044,0,0,0
25045,0,0,0
25046,0,0,0
25047,0,0,0
25048,0,0,0
25049,0,0,0
25050,1,461,376
25051,1,461,365
25052,1,463,351
25053,1,465,341
25054,1,466,330
25055,1,468,321
25056,1,470,310
25057,1,470,298
25058,1,470,288
25059,1,471,280
25060,1,471,270
25061,1,473,260
25062,1,473,248
25063,1,475,241
25064,1,476,228
25065,1,478,221
25066,0,0,0
25067,1,483,205
25068,1,483,191
25069,1,486,181
25070,1,488,173
25071,1,490,163
25072,1,491,151
25073,1,491,143
25074,1,493,136
25075,1,495,126
25076,1,495,118
25077,1,496,110
25078,1,498,101
25079,1,500,96
25080,1,501,90
25081,1,501,81
25082,1,500,68
25083,1,500,58
25084,1,502,62
25085,1,508,45
25086,1,511,33
25087,1,515,28
25088,1,518,16
25089,1,518,8
25090,1,521,6
25091,1,520,12
25092,1,520,10
25093,1,530,48
25094,1,540,85
25095,1,550,122
25096,1,560,160
25097,1,570,198
25098,1,580,235
25099,1,590,272
25100,1,600,310
25101,1,605,313
25102,1,610,316
25103,1,616,318
25104,1,621,321
25105,1,626,324
25106,1,632,326
25107,1,637,329
25108,1,642,332
25109,1,647,335
25110,0,0,0
25111,0,0,0
25112,0,0,0
25113,0,0,0
25114,0,0,0
25115,0,0,0
25116,0,0,0
25117,0,0,0
25118,0,0,0
25119,0,0,0
25120,0,0,0
25121,0,0,0
25122,0,0,0
25123,0,0,0
25124,1,726,376
25125,1,727,373
25126,1,728,369
25127,1,729,366
25128,1,730,362
25129,1,731,359
25130,1,731,355
25131,1,732,352
25132,1,733,348
25133,1,734,345
25134,0,0,0
25135,1,736,338
25136,1,735,338
25137,1,731,335
25138,1,735,333
25139,1,733,330
25140,1,736,326
25141,1,739,322
25142,1,742,319
25143,1,746,315
25144,1,749,311
25145,1,752,308
25146,1,755,304
25147,1,758,300
25148,1,758,300
25149,1,760,296
25150,1,765,293
25151,1,770,290
25152,1,772,286
25153,1,773,282
25154,1,775,278
25155,1,725,18
25156,1,728,28
25157,1,731,36
25158,1,738,46
25159,1,736,56
25160,1,751,70
25161,1,756,85
25162,1,758,98
25163,1,766,110
25164,1,768,125
25165,1,776,138
25166,1,780,153
25167,1,788,175
25168,1,793,195
25169,0,0,0
25170,0,0,0
25171,1,795,215
25172,1,803,201
25173,1,800,181
25174,1,795,166
25175,1,791,145
25176,1,790,128
25177,1,786,110
25178,1,783,90
25179,1,781,75
25180,0,0,0
25181,1,770,48
25182,1,768,35
25183,0,0,0
25184,0,0,0
25185,0,0,0
25186,1,757,12
25187,1,806,250
25188,1,866,298
25189,1,873,310
25190,1,846,295
25191,1,820,280
25192,1,785,317
25193,1,782,317
25194,1,839,336
25195,1,896,355
25196,1,896,363
25197,1,895,372
25198,1,895,380
25199,1,896,385
25200,1,366,491
25201,1,371,487
25202,1,376,483
25203,1,381,479
25204,1,386,476
25205,1,391,472
25206,1,396,468
25207,1,401,464
25208,1,406,460
25209,1,411,456
25210,0,0,0
25211,0,0,0
25212,0,0,0
25213,0,0,0
25214,0,0,0
25215,0,0,0
25216,0,0,0
25217,0,0,0
25218,0,0,0
25219,0,0,0
25220,0,0,0
25221,0,0,0
25222,0,0,0
25223,0,0,0
25224,0,0,0
25225,0,0,0
25226,0,0,0
25227,0,0,0
25228,0,0,0
25229,0,0,0
25230,0,0,0
25231,0,0,0
25232,0,0,0
25233,0,0,0
25234,0,0,0
25235,1,540,356
25236,1,543,355
25237,1,541,350
25238,1,545,340
25239,1,545,340
25240,1,545,336
25241,1,546,335
25242,1,546,331
25243,1,548,330
25244,1,548,326
25245,1,563,221
25246,1,577,115
25247,1,592,10
25248,1,581,10
25249,1,580,13
25250,1,581,30
25251,1,581,40
25252,1,581,48
25253,1,576,58
25254,1,576,70
25255,1,575,76
25256,1,571,91
25257,1,570,108
25258,1,568,121
25259,1,566,130
25260,1,563,141
25261,1,561,156
25262,1,560,173
25263,1,556,191
25264,1,556,203
25265,1,553,221
25266,1,551,233
25267,1,550,246
25268,0,0,0
25269,1,548,273
25270,1,546,280
25271,0,0,0
25272,0,0,0
25273,0,0,0
25274,1,546,246
25275,1,551,230
25276,1,555,216
25277,1,556,205
25278,1,561,188
25279,1,565,175
25280,1,566,163
25281,1,570,148
25282,1,573,128
25283,1,575,118
25284,1,578,101
25285,1,580,95
25286,1,580,85
25287,1,581,71
25288,1,581,65
25289,1,583,58
25290,0,0,0
25291,1,593,45
25292,0,0,0
25293,0,0,0
25294,1,596,13
25295,0,0,0
25296,1,573,388
25297,1,573,393
25298,1,566,405
25299,0,0,0
25300,0,0,0
25301,1,650,385
25302,1,679,378
25303,1,707,372
25304,1,735,365
25305,1,860,393
25306,1,858,386
25307,1,855,378
25308,1,845,368
25309,1,855,368
25310,1,855,365
25311,1,768,338
25312,1,766,343
25313,1,766,345
25314,1,761,355
25315,0,0,0
25316,0,0,0
25317,0,0,0
25318,1,830,388
25319,1,753,410
25320,1,748,416
25321,1,743,422
25322,1,738,427
25323,1,733,433
25324,1,726,435
25325,1,726,418
25326,0,0,0
25327,0,0,0
25328,1,725,368
25329,1,725,351
25330,1,723,333
25331,1,713,311
25332,1,713,303
25333,0,0,0
25334,1,711,278
25335,1,721,250
25336,0,0,0
25337,1,715,230
25338,1,717,230
25339,1,717,230
25340,0,0,0
25341,0,0,0
25342,0,0,0
25343,0,0,0
25344,1,686,36
25345,1,688,43
25346,1,688,50
25347,1,690,55
25348,1,690,63
25349,1,690,68
25350,1,695,76
25351,1,695,86
25352,1,696,93
25353,1,698,100
25354,1,698,110
25355,1,700,118
25356,1,701,126
25357,1,703,140
25358,1,705,150
25359,1,706,163
25360,1,706,173
25361,1,708,181
25362,1,701,193
25363,1,688,201
25364,1,681,206
25365,0,0,0
25366,1,660,220
25367,1,646,228
25368,1,635,235
25369,1,630,241
25370,1,621,246
25371,1,616,256
25372,1,608,258
25373,1,603,270
25374,1,596,275
25375,1,591,281
25376,1,590,288
25377,1,583,296
25378,1,580,305
25379,1,575,311
25380,1,652,306
25381,1,728,301
25382,1,570,328
25383,1,570,330
25384,1,570,333
25385,1,569,334
25386,1,569,334
25387,1,568,335
25388,1,566,333
25389,0,0,0
25390,1,566,323
25391,1,566,308
25392,1,566,301
25393,1,568,290
25394,1,570,285
25395,1,570,276
25396,1,570,268
25397,1,578,260
25398,1,576,248
25399,1,580,241
25400,1,583,231
25401,1,586,225
25402,1,588,216
25403,1,590,206
25404,1,593,198
25405,1,595,190
25406,1,596,181
25407,1,598,173
25408,1,600,166
25409,1,601,161
25410,1,605,155
25411,1,605,148
25412,1,608,140
25413,1,610,128
25414,1,615,125
25415,1,616,118
25416,1,618,113
25417,1,621,101
25418,1,623,96
25419,1,626,90
25420,1,628,83
25421,1,631,76
25422,1,631,73
25423,0,0,0
25424,1,636,63
25425,1,636,56
25426,0,0,0
25427,1,645,46
25428,1,646,40
25429,1,648,33
25430,1,650,31
25431,1,651,18
25432,1,653,15
25433,1,655,13
25434,1,658,10
25435,1,660,6
25436,0,0,0
25437,0,0,0
25438,0,0,0
25439,0,0,0
25440,0,0,0
25441,0,0,0
25442,0,0,0
25443,0,0,0
25444,0,0,0
25445,0,0,0
25446,0,0,0
25447,0,0,0
25448,0,0,0
25449,0,0,0
25450,0,0,0
25451,0,0,0
25452,0,0,0
25453,0,0,0
25454,0,0,0
25455,0,0,0
25456,0,0,0
25457,0,0,0
25458,0,0,0
25459,0,0,0
25460,0,0,0
25461,0,0,0
25462,0,0,0
25463,0,0,0
25464,0,0,0
25465,0,0,0
25466,0,0,0
25467,0,0,0
25468,0,0,0
25469,0,0,0
25470,0,0,0
25471,0,0,0
25472,0,0,0
25473,0,0,0
25474,0,0,0
25475,0,0,0
25476,0,0,0
25477,0,0,0
25478,0,0,0
25479,0,0,0
25480,0,0,0
25481,0,0,0
25482,1,805,12
25483,1,808,6
25484,1,810,13
25485,1,813,16
25486,1,818,20
25487,0,0,0
25488,1,826,35
25489,1,828,40
25490,1,831,46
25491,1,838,55
25492,1,841,61
25493,1,845,68
25494,1,848,75
25495,1,855,83
25496,1,856,91
25497,1,861,101
25498,1,866,111
25499,1,871,123
25500,1,873,136
25501,1,881,146
25502,1,883,156
25503,1,888,168
25504,1,893,180
25505,1,895,195
25506,0,0,0
25507,0,0,0
25508,1,908,233
25509,1,913,250
25510,1,913,253
25511,1,915,246
25512,1,915,231
25513,1,915,226
25514,0,0,0
25515,1,901,201
25516,1,900,188
25517,1,900,175
25518,1,895,161
25519,1,893,146
25520,1,891,136
25521,1,886,123
25522,1,885,110
25523,1,880,100
25524,1,875,91
25525,1,871,83
25526,1,868,68
25527,1,866,60
25528,1,863,56
25529,1,860,45
25530,1,860,41
25531,1,856,33
25532,1,955,330
25533,1,856,13
25534,1,884,99
25535,1,912,184
25536,1,940,270
25537,1,968,356
25538,1,970,362
25539,1,973,369
25540,1,975,375
25541,1,978,380
25542,1,978,386
25543,1,989,381
25544,1,1000,375
25545,1,1010,370
25546,1,1021,364
25547,1,1032,359
25548,1,1043,353
25549,1,1053,348
25550,1,1064,342
25551,1,1075,337
25552,1,1077,337
25553,1,1077,340
25554,1,1077,340
25555,1,1080,340
25556,1,1065,326
25557,1,1050,312
25558,1,1035,298
25559,1,1020,284
25560,1,1005,270
25561,1,990,256
25562,1,976,242
25563,1,961,228
25564,1,946,214
25565,0,0,0
25566,0,0,0
25567,0,0,0
25568,0,0,0
25569,0,0,0
25570,0,0,0
25571,0,0,0
25572,0,0,0
25573,0,0,0
25574,0,0,0
25575,0,0,0
25576,0,0,0
25577,0,0,0
25578,0,0,0
25579,1,722,5
25580,1,711,11
25581,1,710,15
25582,1,706,20
25583,1,701,33
25584,1,703,40
25585,1,698,46
25586,1,698,51
25587,1,696,56
25588,1,695,66
25589,1,690,73
25590,1,686,81
25591,1,686,88
25592,1,685,98
25593,1,683,103
25594,1,678,111
25595,1,675,120
25596,1,675,128
25597,1,673,141
25598,1,670,151
25599,1,663,163
25600,1,663,173
25601,1,660,186
25602,1,660,200
25603,1,658,210
25604,1,658,221
25605,0,0,0
25606,1,651,245
25607,1,648,256
25608,1,646,268
25609,1,646,278
25610,1,646,285
25611,1,646,286
25612,1,648,280
25613,1,648,268
25614,0,0,0
25615,1,655,243
25616,1,658,231
25617,1,660,221
25618,1,663,208
25619,1,663,200
25620,1,671,188
25621,1,675,180
25622,1,681,163
25623,1,685,150
25624,1,688,136
25625,1,696,126
25626,1,698,118
25627,1,700,108
25628,1,705,96
25629,1,710,88
25630,1,711,81
25631,1,715,71
25632,1,716,65
25633,0,0,0
25634,1,723,46
25635,1,731,43
25636,1,736,36
25637,1,738,28
25638,1,740,13
25639,0,0,0
25640,1,750,8
25641,1,755,6
25642,1,658,365
25643,1,1138,411
25644,0,0,0
25645,0,0,0
25646,1,1136,393
25647,0,0,0
25648,0,0,0
25649,0,0,0
25650,1,1133,361
25651,1,1130,360
25652,1,1126,360
25653,1,1123,358
25654,1,1123,356
25655,1,1111,358
25656,1,1108,360
25657,1,1106,361
25658,1,1103,370
25659,1,1100,380
25660,1,1096,390
25661,0,0,0
25662,1,1083,405
25663,1,1081,413
25664,1,1006,411
25665,1,998,422
25666,1,991,433
25667,1,982,424
25668,1,973,416
25669,1,966,405
25670,0,0,0
25671,0,0,0
25672,0,0,0
25673,0,0,0
25674,1,969,321
25675,1,969,305
25676,1,970,288
25677,0,0,0
25678,1,969,271
25679,1,968,263
25680,1,972,258
25681,1,976,253
25682,1,980,248
25683,1,916,8
25684,1,916,8
25685,1,920,11
25686,1,923,16
25687,1,925,28
25688,1,928,33
25689,1,930,38
25690,1,935,46
25691,1,936,50
25692,1,940,58
25693,1,941,66
25694,1,943,73
25695,1,951,83
25696,1,955,93
25697,1,957,102
25698,1,963,111
25699,1,966,120
25700,1,970,128
25701,1,973,141
25702,1,975,151
25703,1,978,161
25704,1,978,173
25705,1,975,178
25706,1,970,190
25707,1,945,195
25708,1,915,193
25709,1,896,198
25710,1,883,201
25711,0,0,0
25712,1,845,216
25713,0,0,0
25714,1,810,223
25715,1,793,228
25716,1,776,230
25717,1,766,233
25718,1,748,240
25719,1,733,246
25720,1,721,248
25721,1,705,258
25722,1,696,260
25723,1,680,270
25724,1,670,276
25725,1,655,278
25726,1,643,283
25727,1,630,290
25728,1,625,295
25729,1,610,301
25730,1,600,310
25731,1,590,316
25732,1,576,328
25733,1,570,331
25734,0,0,0
25735,1,537,350
25736,0,0,0
25737,0,0,0
25738,1,520,361
25739,0,0,0
25740,1,490,387
25741,1,487,387
25742,1,482,390
25743,1,480,395
25744,1,475,397
25745,1,473,408
25746,1,471,413
25747,1,468,416
25748,1,463,415
25749,0,0,0
25750,0,0,0
25751,1,546,366
25752,0,0,0
25753,1,445,393
25754,1,441,390
25755,1,441,383
25756,1,440,381
25757,1,436,380
25758,1,433,376
25759,1,430,373
25760,1,425,370
25761,1,421,370
25762,1,420,366
25763,1,415,366
25764,1,411,365
25765,1,406,361
25766,1,403,360
25767,1,401,361
25768,1,396,360
25769,1,390,363
25770,1,396,358
25771,1,395,356
25772,1,391,358
25773,1,388,356
25774,1,385,355
25775,1,380,355
25776,1,376,355
25777,1,375,356
25778,1,370,358
25779,1,368,360
25780,1,365,360
25781,1,360,361
25782,1,356,361
25783,1,353,365
25784,1,350,366
25785,1,346,368
25786,1,345,368
25787,1,343,370
25788,1,341,371
25789,1,340,375
25790,1,336,376
25791,1,335,380
25792,1,330,383
25793,1,326,386
25794,1,323,390
25795,1,321,391
25796,1,316,396
25797,1,315,401
25798,1,313,403
25799,1,310,408
25800,1,305,413
25801,1,301,416
25802,1,296,418
25803,1,295,415
25804,1,293,410
25805,1,290,406
25806,1,288,405
25807,1,285,401
25808,1,280,396
25809,1,278,396
25810,1,275,391
25811,1,271,391
25812,1,268,390
25813,1,263,385
25814,1,258,385
25815,1,260,390
25816,1,256,385
25817,1,253,383
25818,1,251,380
25819,1,246,378
25820,1,245,378
25821,1,241,378
25822,1,236,378
25823,1,233,380
25824,1,231,380
25825,1,228,380
25826,1,223,378
25827,1,221,378
25828,1,218,380
25829,1,215,380
25830,1,211,388
25831,1,210,386
25832,1,208,388
25833,1,205,388
25834,1,201,388
25835,1,196,391
25836,1,195,393
25837,1,191,395
25838,1,188,400
25839,1,188,401
25840,0,0,0
25841,1,183,406
25842,1,181,408
25843,1,181,410
25844,1,180,415
25845,0,0,0
25846,1,1126,365
25847,1,1128,368
25848,0,0,0
25849,0,0,0
25850,0,0,0
25851,0,0,0
25852,0,0,0
25853,0,0,0
25854,0,0,0
25855,0,0,0
25856,0,0,0
25857,0,0,0
25858,0,0,0
25859,0,0,0
25860,1,181,391
25861,1,181,391
25862,1,183,391
25863,1,183,390
25864,1,186,391
25865,1,188,391
25866,1,190,390
25867,1,191,391
25868,1,193,391
25869,1,198,393
25870,1,200,393
25871,1,201,395
25872,1,203,396
25873,1,206,401
25874,1,208,403
25875,1,215,405
25876,1,216,405
25877,1,216,410
25878,1,218,411
25879,1,220,415
25880,1,221,416
25881,1,225,418
25882,1,226,420
25883,1,226,420
25884,1,226,418
25885,1,228,418
25886,1,228,416
25887,1,230,413
25888,1,230,411
25889,1,230,410
25890,1,233,406
25891,1,231,406
25892,1,233,403
25893,0,0,0
25894,0,0,0
25895,0,0,0
25896,0,0,0
25897,0,0,0
25898,0,0,0
25899,0,0,0
25900,0,0,0
25901,0,0,0
25902,0,0,0
25903,0,0,0
25904,0,0,0
25905,1,240,405
25906,1,240,405
25907,1,240,406
25908,1,241,406
25909,1,241,408
25910,1,241,411
25911,1,241,413
25912,1,241,416
25913,1,241,418
25914,1,241,420
25915,1,241,420
25916,1,241,421
25917,1,241,420
25918,0,0,0
25919,0,0,0
25920,1,245,411
25921,1,245,410
25922,1,246,410
25923,1,246,408
25924,1,246,406
25925,1,246,406
25926,1,248,406
25927,1,248,406
25928,1,248,405
25929,1,248,405
25930,1,248,406
25931,1,248,406
25932,1,248,406
25933,1,248,408
25934,1,248,408
25935,1,247,405
25936,1,250,405
25937,1,250,407
25938,1,278,409
25939,1,306,410
25940,1,334,412
25941,1,363,414
25942,1,391,416
25943,1,419,417
25944,1,447,419
25945,1,475,421
25946,1,503,422
25947,0,0,0
25948,0,0,0
25949,0,0,0
25950,0,0,0
25951,0,0,0
25952,0,0,0
25953,0,0,0
25954,0,0,0
25955,0,0,0
25956,0,0,0
25957,0,0,0
25958,1,841,443
25959,1,843,443
25960,1,836,438
25961,1,774,422
25962,1,713,407
25963,1,651,391
25964,1,590,376
25965,1,528,360
25966,1,528,358
25967,1,528,360
25968,1,528,356
25969,1,528,353
25970,1,528,351
25971,1,528,350
25972,1,526,346
25973,1,525,341
25974,1,525,340
25975,1,525,336
25976,1,523,333
25977,1,521,328
25978,1,523,326
25979,1,521,325
25980,1,525,323
25981,1,525,321
25982,1,525,315
25983,1,526,311
25984,1,526,308
25985,1,526,305
25986,1,526,301
25987,1,526,300
25988,1,526,298
25989,1,528,298
25990,1,526,296
25991,1,526,296
25992,1,526,296
25993,1,526,296
25994,1,526,296
25995,1,532,287
25996,1,532,287
25997,1,532,285
25998,1,532,285
25999,1,532,285
26000,1,530,285
26001,1,530,286
26002,1,530,286
26003,1,531,287
26004,1,531,287
26005,1,531,288
26006,1,531,288
26007,1,532,289
26008,1,532,289
26009,1,532,290
26010,1,536,288
26011,1,536,286
26012,1,538,285
26013,1,540,278
26014,1,541,273
26015,1,545,270
26016,1,548,263
26017,1,550,260
26018,1,553,256
26019,1,556,253
26020,1,556,250
26021,1,561,246
26022,1,561,243
26023,1,563,241
26024,1,565,240
26025,1,570,236
26026,1,573,235
26027,1,576,233
26028,1,580,230
26029,1,581,226
26030,1,583,225
26031,1,587,225
26032,1,590,223
26033,1,591,221
26034,1,596,221
26035,1,600,221
26036,1,605,223
26037,1,608,221
26038,1,610,223
26039,1,613,221
26040,1,615,223
26041,1,616,221
26042,1,621,221
26043,1,623,221
26044,1,630,220
26045,1,633,220
26046,1,636,221
26047,1,643,223
26048,1,645,225
26049,1,650,228
26050,1,655,230
26051,1,660,233
26052,1,661,235
26053,1,663,240
26054,1,668,243
26055,1,676,245
26056,1,683,250
26057,1,688,255
26058,1,695,260
26059,1,696,263
26060,1,703,270
26061,1,710,275
26062,1,715,285
26063,1,721,290
26064,1,728,296
26065,1,736,305
26066,1,741,315
26067,1,748,321
26068,1,755,335
26069,1,763,348
26070,1,776,355
26071,1,781,365
26072,1,795,380
26073,1,803,391
26074,1,811,401
26075,1,818,413
26076,1,831,433
26077,1,835,443
26078,1,843,458
26079,1,846,447
26080,1,849,436
26081,1,852,424
26082,1,855,413
26083,1,858,405
26084,1,856,385
26085,1,855,368
26086,1,855,351
26087,1,856,335
26088,1,855,320
26089,1,855,306
26090,1,856,295
26091,1,855,283
26092,1,855,268
26093,1,855,256
26094,1,855,245
26095,1,853,233
26096,1,853,221
26097,1,852,215
26098,1,852,207
26099,1,852,195
26100,0,0,0
26101,1,850,181
26102,0,0,0
26103,0,0,0
26104,1,853,150
26105,1,853,145
26106,1,853,140
26107,1,852,135
26108,1,853,123
26109,1,850,121
26110,1,850,116
26111,1,853,111
26112,0,0,0
26113,1,917,370
26114,0,0,0
26115,0,0,0
26116,0,0,0
26117,0,0,0
26118,1,850,91
26119,1,850,86
26120,1,850,83
26121,1,850,83
26122,1,850,81
26123,1,850,83
26124,1,850,83
26125,1,850,83
26126,1,848,83
26127,1,848,85
26128,1,846,90
26129,1,846,93
26130,1,850,90
26131,1,850,95
26132,1,848,96
26133,1,850,100
26134,1,848,100
26135,1,853,108
26136,1,848,108
26137,1,846,111
26138,1,846,113
26139,1,848,118
26140,1,848,121
26141,1,846,126
26142,1,848,128
26143,1,846,138
26144,1,846,145
26145,1,846,150
26146,1,848,156
26147,1,845,165
26148,1,846,173
26149,1,846,181
26150,1,845,188
26151,1,846,196
26152,1,846,205
26153,1,845,213
26154,1,845,220
26155,1,845,230
26156,1,846,235
26157,1,846,246
26158,1,846,260
26159,1,845,268
26160,1,840,275
26161,1,843,288
26162,1,843,300
26163,1,843,315
26164,0,0,0
26165,0,0,0
26166,1,846,303
26167,1,848,281
26168,1,848,270
26169,1,848,251
26170,1,846,230
26171,1,845,208
26172,1,843,193
26173,1,845,176
26174,1,845,163
26175,1,846,150
26176,1,846,136
26177,1,846,121
26178,1,845,108
26179,1,845,93
26180,1,845,83
26181,1,845,70
26182,1,843,56
26183,0,0,0
26184,0,0,0
26185,1,848,28
26186,0,0,0
26187,1,866,330
26188,1,866,338
26189,1,868,341
26190,1,871,350
26191,1,870,355
26192,1,868,363
26193,1,865,368
26194,1,863,378
26195,1,856,385
26196,1,851,389
26197,1,846,393
26198,1,882,397
26199,1,918,402
26200,1,954,406
26201,1,990,410
26202,1,1027,415
26203,1,1063,419
26204,1,1099,424
26205,1,1135,428
26206,1,1130,421
26207,1,1128,413
26208,1,1125,403
26209,1,1121,396
26210,1,1120,392
26211,1,1108,383
26212,1,1105,379
26213,1,1102,375
26214,1,1099,372
26215,1,1096,368
26216,1,1093,364
26217,1,1090,360
26218,1,1080,364
26219,1,1070,369
26220,1,1060,374
26221,1,1050,378
26222,1,1043,390
26223,1,976,385
26224,1,1026,406
26225,1,1009,366
26226,1,992,327
26227,1,990,325
26228,1,990,327
26229,1,966,340
26230,1,943,353
26231,1,919,366
26232,1,896,379
26233,1,872,392
26234,1,872,377
26235,1,872,358
26236,1,872,339
26237,1,871,320
26238,1,871,301
26239,1,869,289
26240,1,867,277
26241,1,870,272
26242,1,872,265
26243,0,0,0
26244,0,0,0
26245,1,880,230
26246,1,880,227
26247,1,877,225
26248,1,875,222
26249,1,875,220
26250,1,872,217
26251,1,870,217
26252,1,867,217
26253,1,857,148
26254,1,846,79
26255,1,836,10
26256,1,836,16
26257,1,838,28
26258,1,840,36
26259,1,840,45
26260,1,838,55
26261,1,840,63
26262,1,841,75
26263,1,840,85
26264,1,840,96
26265,1,838,111
26266,1,838,120
26267,1,840,126
26268,1,838,140
26269,1,836,151
26270,1,838,163
26271,1,836,176
26272,1,835,190
26273,1,831,198
26274,0,0,0
26275,1,766,218
26276,1,750,223
26277,1,731,230
26278,1,717,235
26279,1,710,246
26280,0,0,0
26281,0,0,0
26282,1,658,273
26283,1,646,278
26284,1,633,285
26285,1,621,293
26286,1,608,301
26287,1,600,310
26288,1,583,323
26289,1,580,325
26290,1,571,330
26291,1,563,338
26292,0,0,0
26293,0,0,0
26294,1,540,356
26295,0,0,0
26296,0,0,0
26297,0,0,0
26298,1,515,365
26299,1,511,355
26300,1,511,346
26301,1,508,333
26302,1,505,321
26303,1,503,311
26304,1,501,298
26305,1,500,288
26306,1,496,281
26307,1,495,273
26308,1,493,268
26309,1,490,258
26310,1,488,241
26311,1,486,233
26312,1,486,223
26313,1,481,213
26314,1,481,203
26315,1,478,191
26316,1,475,185
26317,1,475,173
26318,1,471,166
26319,1,471,155
26320,1,470,148
26321,1,466,140
26322,1,463,128
26323,1,461,125
26324,1,461,120
26325,1,458,115
26326,1,456,106
26327,1,455,101
26328,1,453,93
26329,1,450,88
26330,1,448,81
26331,1,445,75
26332,1,445,70
26333,1,441,63
26334,1,441,56
26335,1,436,50
26336,1,433,46
26337,1,431,41
26338,1,430,38
26339,1,428,36
26340,1,423,26
26341,1,420,22
26342,1,421,20
26343,1,420,11
26344,1,420,10
26345,1,418,8
26346,1,420,6
26347,0,0,0
26348,0,0,0
26349,0,0,0
26350,0,0,0
26351,0,0,0
26352,0,0,0
26353,0,0,0
26354,0,0,0
26355,0,0,0
26356,0,0,0
26357,0,0,0
26358,0,0,0
26359,0,0,0
26360,0,0,0
26361,0,0,0
26362,0,0,0
26363,0,0,0
26364,0,0,0
26365,0,0,0
26366,0,0,0
26367,0,0,0
26368,0,0,0
26369,0,0,0
26370,0,0,0
26371,0,0,0
26372,0,0,0
26373,0,0,0
26374,1,368,13
26375,1,368,15
26376,1,366,18
26377,1,366,31
26378,1,366,36
26379,1,366,38
26380,1,363,43
26381,1,361,48
26382,1,360,50
26383,1,360,55
26384,1,358,60
26385,1,358,68
26386,1,356,71
26387,1,356,76
26388,1,353,81
26389,1,351,86
26390,1,351,93
26391,1,351,100
26392,1,348,108
26393,1,346,115
26394,1,346,121
26395,1,343,130
26396,1,343,138
26397,1,341,146
26398,1,340,153
26399,1,340,161
26400,1,336,170
26401,1,335,180
26402,1,333,191
26403,1,333,200
26404,1,331,208
26405,1,328,218
26406,1,328,230
26407,1,326,236
26408,1,325,250
26409,1,325,260
26410,1,323,270
26411,1,321,283
26412,1,321,293
26413,1,320,305
26414,1,316,316
26415,1,313,333
26416,1,311,343
26417,1,310,356
26418,1,310,368
26419,1,306,381
26420,1,305,391
26421,1,305,403
26422,1,303,413
26423,0,0,0
26424,1,305,430
26425,1,301,416
26426,1,301,413
26427,1,300,406
26428,1,300,405
26429,1,303,395
26430,1,302,387
26431,1,343,385
26432,1,385,382
26433,1,426,380
26434,1,468,377
26435,1,509,375
26436,1,550,373
26437,1,592,370
26438,1,633,368
26439,1,675,365
26440,0,0,0
26441,0,0,0
26442,0,0,0
26443,0,0,0
26444,0,0,0
26445,1,923,351
26446,1,925,351
26447,1,928,351
26448,1,930,352
26449,1,933,352
26450,1,935,352
26451,1,938,352
26452,1,940,352
26453,1,943,352
26454,1,945,353
26455,0,0,0
26456,1,950,353
26457,1,948,353
26458,1,948,356
26459,1,947,368
26460,1,946,380
26461,1,948,380
26462,0,0,0
26463,1,198,436
26464,1,195,440
26465,0,0,0
26466,0,0,0
26467,1,185,450
26468,1,183,440
26469,1,181,431
26470,1,178,421
26471,1,176,416
26472,1,173,410
26473,1,176,399
26474,1,178,388
26475,1,186,387
26476,1,194,386
26477,1,203,385
26478,1,211,384
26479,1,219,383
26480,1,227,382
26481,1,235,381
26482,1,244,380
26483,1,252,379
26484,0,0,0
26485,0,0,0
26486,0,0,0
26487,0,0,0
26488,0,0,0
26489,0,0,0
26490,0,0,0
26491,0,0,0
26492,0,0,0
26493,0,0,0
26494,0,0,0
26495,0,0,0
26496,0,0,0
26497,0,0,0
26498,0,0,0
26499,0,0,0
26500,0,0,0
26501,0,0,0
26502,0,0,0
26503,0,0,0
26504,0,0,0
26505,0,0,0
26506,1,440,355
26507,1,435,350
26508,1,435,347
26509,1,437,347
26510,1,437,347
26511,1,435,350
26512,1,435,350
26513,1,435,350
26514,1,437,362
26515,1,440,360
26516,1,440,360
26517,1,440,360
26518,1,440,360
26519,1,440,362
26520,0,0,0
26521,0,0,0
26522,0,0,0
26523,1,113,410
26524,1,115,411
26525,1,117,425
26526,1,117,427
26527,1,115,431
26528,1,118,436
26529,1,121,443
26530,0,0,0
26531,0,0,0
26532,0,0,0
26533,0,0,0
26534,0,0,0
26535,1,125,460
26536,1,125,455
26537,1,128,448
26538,1,128,443
26539,1,128,438
26540,1,130,433
26541,1,130,431
26542,1,133,430
26543,0,0,0
26544,0,0,0
26545,0,0,0
26546,0,0,0
26547,0,0,0
26548,0,0,0
26549,0,0,0
26550,1,141,416
26551,1,141,411
26552,1,143,408
26553,1,145,408
26554,1,146,406
26555,1,148,406
26556,1,150,406
26557,1,150,408
26558,1,151,410
26559,1,153,411
26560,1,155,413
26561,1,153,416
26562,1,153,418
26563,1,153,421
26564,0,0,0
26565,0,0,0
26566,0,0,0
26567,0,0,0
26568,1,160,436
26569,1,161,438
26570,1,161,441
26571,1,161,445
26572,1,161,448
26573,1,165,456
26574,1,165,461
26575,1,165,465
26576,1,165,470
26577,1,166,470
26578,1,165,470
26579,1,165,466
26580,1,170,458
26581,1,173,455
26582,1,175,450
26583,0,0,0
26584,0,0,0
26585,0,0,0
26586,1,176,435
26587,1,178,433
26588,1,178,431
26589,1,178,431
26590,1,180,431
26591,1,178,431
26592,1,178,433
26593,1,178,435
26594,1,178,436
26595,1,183,436
26596,1,188,435
26597,1,188,435
26598,1,190,436
26599,1,190,436
26600,1,191,438
26601,1,191,440
26602,1,193,441
26603,1,193,443
26604,1,193,446
26605,1,196,453
26606,1,195,455
26607,1,196,458
26608,1,195,465
26609,1,196,470
26610,1,200,485
26611,0,0,0
26612,0,0,0
26613,1,203,470
26614,1,203,465
26615,1,203,460
26616,1,205,456
26617,1,205,455
26618,1,205,455
26619,1,206,453
26620,0,0,0
26621,0,0,0
26622,1,208,450
26623,0,0,0
26624,0,0,0
26625,0,0,0
26626,0,0,0
26627,0,0,0
26628,0,0,0
26629,0,0,0
26630,0,0,0
26631,0,0,0
26632,0,0,0
26633,1,221,455
26634,1,221,458
26635,1,220,460
26636,1,220,463
26637,1,221,466
26638,0,0,0
26639,1,220,452
26640,1,220,486
26641,1,225,483
26642,1,223,481
26643,1,222,477
26644,1,228,475
26645,1,228,470
26646,1,231,468
26647,1,231,465
26648,1,233,461
26649,1,235,460
26650,1,235,458
26651,1,235,456
26652,1,240,456
26653,1,240,456
26654,1,240,458
26655,1,240,456
26656,1,241,455
26657,1,241,455
26658,1,241,455
26659,1,241,456
26660,1,243,458
26661,1,243,460
26662,1,243,465
26663,1,243,468
26664,1,245,471
26665,0,0,0
26666,1,245,481
26667,1,246,486
26668,1,245,491
26669,1,246,496
26670,1,245,483
26671,1,248,481
26672,1,248,478
26673,1,248,475
26674,1,250,473
26675,1,250,471
26676,0,0,0
26677,1,251,468
26678,1,253,466
26679,1,255,466
26680,1,258,468
26681,1,256,468
26682,1,258,470
26683,1,258,471
26684,1,260,471
26685,1,271,470
26686,1,282,468
26687,1,292,467
26688,1,303,465
26689,1,314,464
26690,1,325,462
26691,1,336,461
26692,1,347,460
26693,1,357,458
26694,0,0,0
26695,0,0,0
26696,0,0,0
26697,0,0,0
26698,0,0,0
26699,0,0,0
26700,0,0,0
26701,0,0,0
26702,0,0,0
26703,0,0,0
26704,0,0,0
26705,0,0,0
26706,0,0,0
26707,0,0,0
26708,0,0,0
26709,0,0,0
26710,0,0,0
26711,0,0,0
26712,0,0,0
26713,0,0,0
26714,0,0,0
26715,0,0,0
26716,0,0,0
26717,0,0,0
26718,0,0,0
26719,0,0,0
26720,0,0,0
26721,0,0,0
26722,0,0,0
26723,0,0,0
26724,0,0,0
26725,0,0,0
26726,0,0,0
26727,1,725,410
26728,1,722,410
26729,1,720,412
26730,1,295,485
26731,1,326,492
26732,1,357,499
26733,1,389,506
26734,1,420,513
26735,1,451,519
26736,1,482,526
26737,1,513,533
26738,1,545,540
26739,1,576,547
26740,0,0,0
26741,0,0,0
26742,0,0,0
26743,0,0,0
26744,0,0,0
26745,0,0,0
26746,0,0,0
26747,0,0,0
26748,0,0,0
26749,1,888,616
26750,1,900,525
26751,1,632,390
26752,1,636,393
26753,1,631,391
26754,1,630,391
26755,1,623,388
26756,1,618,383
26757,0,0,0
26758,0,0,0
26759,0,0,0
26760,0,0,0
26761,1,592,397
26762,1,590,397
26763,1,590,400
26764,1,587,405
26765,1,587,410
26766,1,587,422
26767,1,586,435
26768,1,586,447
26769,1,586,459
26770,1,585,472
26771,1,585,484
26772,1,584,497
26773,1,584,509
26774,1,584,521
26775,0,0,0
26776,0,0,0
26777,0,0,0
26778,0,0,0
26779,0,0,0
26780,0,0,0
26781,0,0,0
26782,0,0,0
26783,0,0,0
26784,1,580,645
26785,1,569,644
26786,1,558,644
26787,1,546,643
26788,1,535,642
26789,1,525,642
26790,0,0,0
26791,0,0,0
26792,0,0,0
26793,0,0,0
26794,0,0,0
26795,0,0,0
26796,0,0,0
26797,0,0,0
26798,0,0,0
26799,0,0,0
26800,0,0,0
26801,0,0,0
26802,0,0,0
26803,0,0,0
26804,0,0,0
26805,0,0,0
26806,0,0,0
26807,0,0,0
26808,0,0,0
26809,0,0,0
26810,1,535,577
26811,1,524,575
26812,1,513,573
26813,1,502,571
26814,1,491,569
26815,1,480,567
26816,1,477,567
26817,1,475,567
26818,1,475,570
26819,1,437,587
26820,0,0,0
26821,0,0,0
26822,0,0,0
26823,0,0,0
26824,0,0,0
26825,0,0,0
26826,0,0,0
26827,1,350,585
26828,1,332,592
26829,1,335,591
26830,1,338,590
26831,1,342,590
26832,1,345,589
26833,1,348,588
26834,1,351,587
26835,1,355,586
26836,1,358,585
26837,1,361,584
26838,0,0,0
26839,0,0,0
26840,0,0,0
26841,0,0,0
26842,0,0,0
26843,0,0,0
26844,0,0,0
26845,0,0,0
26846,1,390,577
26847,1,383,580
26848,1,377,584
26849,1,370,587
26850,1,360,582
26851,1,352,580
26852,1,345,580
26853,0,0,0
26854,1,333,581
26855,0,0,0
26856,1,307,580
26857,1,285,590
26858,1,275,575
26859,1,260,582
26860,0,0,0
26861,0,0,0
26862,0,0,0
26863,1,222,570
26864,1,167,600
26865,1,162,586
26866,1,158,572
26867,1,153,557
26868,1,149,543
26869,1,144,529
26870,1,140,515
26871,1,135,500
26872,1,130,486
26873,1,126,472
26874,0,0,0
26875,0,0,0
26876,0,0,0
26877,0,0,0
26878,1,103,401
26879,1,98,405
26880,0,0,0
26881,0,0,0
26882,1,92,425
26883,1,112,445
26884,1,132,465
26885,1,152,485
26886,1,172,505
26887,1,192,525
26888,1,212,545
26889,1,232,565
26890,1,232,565
26891,1,232,565
26892,1,241,560
26893,1,250,556
26894,1,259,551
26895,1,268,546
26896,1,276,542
26897,1,285,537
26898,1,294,532
26899,1,303,528
26900,1,312,523
26901,0,0,0
26902,0,0,0
26903,0,0,0
26904,0,0,0
26905,0,0,0
26906,0,0,0
26907,0,0,0
26908,0,0,0
26909,0,0,0
26910,0,0,0
26911,0,0,0
26912,0,0,0
26913,0,0,0
26914,0,0,0
26915,0,0,0
26916,0,0,0
26917,0,0,0
26918,0,0,0
26919,0,0,0
26920,0,0,0
26921,0,0,0
26922,0,0,0
26923,0,0,0
26924,0,0,0
26925,0,0,0
26926,0,0,0
26927,0,0,0
26928,0,0,0
26929,0,0,0
26930,0,0,0
26931,0,0,0
26932,0,0,0
26933,0,0,0
26934,0,0,0
26935,0,0,0
26936,0,0,0
26937,0,0,0
26938,0,0,0
26939,0,0,0
26940,0,0,0
26941,0,0,0
26942,0,0,0
26943,0,0,0
26944,0,0,0
26945,0,0,0
26946,0,0,0
26947,0,0,0
26948,0,0,0
26949,0,0,0
26950,0,0,0
26951,0,0,0
26952,0,0,0
26953,0,0,0
26954,0,0,0
26955,0,0,0
26956,0,0,0
26957,0,0,0
26958,0,0,0
26959,0,0,0
26960,0,0,0
26961,0,0,0
26962,0,0,0
26963,0,0,0
26964,1,880,225
26965,1,960,22
26966,1,987,22
26967,1,1210,20
26968,1,1192,20
26969,1,1195,20
26970,0,0,0
26971,0,0,0
26972,0,0,0
26973,1,811,323
26974,1,810,321
26975,1,808,321
26976,1,810,320
26977,1,805,320
26978,1,805,320
26979,1,805,320
26980,1,805,320
26981,1,805,320
26982,1,808,321
26983,1,810,322
26984,1,812,324
26985,1,815,325
26986,1,813,321
26987,1,815,321
26988,1,813,321
26989,1,815,320
26990,1,813,320
26991,1,815,320
26992,1,815,321
26993,1,815,321
26994,1,815,323
26995,1,815,326
26996,1,813,328
26997,1,813,331
26998,1,813,335
26999,1,813,336
27000,1,362,210
27001,0,0,0
27002,0,0,0
27003,0,0,0
27004,0,0,0
27005,0,0,0
27006,1,812,357
27007,1,922,162
27008,1,982,165
27009,1,815,372
27010,0,0,0
27011,0,0,0
27012,1,632,172
27013,1,762,177
27014,0,0,0
27015,1,320,180
27016,1,815,347
27017,0,0,0
27018,0,0,0
27019,0,0,0
27020,0,0,0
27021,0,0,0
27022,1,385,177
27023,0,0,0
27024,1,255,170
27025,0,0,0
27026,1,805,327
27027,0,0,0
27028,1,322,170
27029,1,332,172
27030,0,0,0
27031,1,360,167
27032,1,375,167
27033,1,382,167
27034,1,387,167
27035,1,390,165
27036,1,930,162
27037,1,927,162
27038,1,930,162
27039,1,738,126
27040,1,545,90
27041,1,614,150
27042,1,684,210
27043,1,753,270
27044,1,822,330
27045,1,817,332
27046,1,820,331
27047,1,817,340
27048,1,820,342
27049,1,820,345
27050,1,817,345
27051,1,817,347
27052,1,820,352
27053,0,0,0
27054,0,0,0
27055,0,0,0
27056,0,0,0
27057,0,0,0
27058,0,0,0
27059,0,0,0
27060,0,0,0
27061,1,821,356
27062,0,0,0
27063,1,821,351
27064,0,0,0
27065,1,821,346
27066,0,0,0
27067,1,820,357
27068,1,821,341
27069,1,246,95
27070,1,820,338
27071,1,820,338
27072,1,496,224
27073,1,171,111
27074,1,166,109
27075,0,0,0
27076,0,0,0
27077,0,0,0
27078,0,0,0
27079,0,0,0
27080,0,0,0
27081,1,129,98
27082,1,124,96
27083,0,0,0
27084,0,0,0
27085,0,0,0
27086,0,0,0
27087,1,98,88
27088,1,100,88
27089,1,100,91
27090,1,109,94
27091,1,118,97
27092,1,127,101
27093,1,136,104
27094,1,145,107
27095,1,154,110
27096,1,163,113
27097,1,171,116
27098,1,180,120
27099,0,0,0
27100,0,0,0
27101,0,0,0
27102,0,0,0
27103,0,0,0
27104,0,0,0
27105,0,0,0
27106,0,0,0
27107,0,0,0
27108,0,0,0
27109,0,0,0
27110,0,0,0
27111,0,0,0
27112,0,0,0
27113,0,0,0
27114,0,0,0
27115,0,0,0
27116,0,0,0
27117,0,0,0
27118,0,0,0
27119,0,0,0
27120,0,0,0
27121,0,0,0
27122,0,0,0
27123,0,0,0
27124,0,0,0
27125,0,0,0
27126,0,0,0
27127,0,0,0
27128,0,0,0
27129,0,0,0
27130,0,0,0
27131,0,0,0
27132,0,0,0
27133,0,0,0
27134,0,0,0
27135,0,0,0
27136,0,0,0
27137,0,0,0
27138,0,0,0
27139,0,0,0
27140,0,0,0
27141,0,0,0
27142,0,0,0
27143,0,0,0
27144,0,0,0
27145,0,0,0
27146,0,0,0
27147,0,0,0
27148,0,0,0
27149,0,0,0
27150,0,0,0
27151,0,0,0
27152,0,0,0
27153,0,0,0
27154,0,0,0
27155,0,0,0
27156,0,0,0
27157,0,0,0
27158,0,0,0
27159,0,0,0
27160,0,0,0
27161,0,0,0
27162,0,0,0
27163,0,0,0
27164,0,0,0
27165,0,0,0
27166,1,788,335
27167,1,790,336
27168,1,790,333
27169,1,788,331
27170,1,786,326
27171,1,786,325
27172,1,785,321
27173,1,786,316
27174,1,786,316
27175,1,785,311
27176,1,781,310
27177,1,780,306
27178,0,0,0
27179,1,776,303
27180,1,781,301
27181,1,780,298
27182,1,781,295
27183,1,781,290
27184,1,781,286
27185,1,781,285
27186,1,781,281
27187,1,781,280
27188,1,781,278
27189,1,781,276
27190,1,783,275
27191,1,781,275
27192,1,783,275
27193,1,781,275
27194,1,781,275
27195,1,785,273
27196,0,0,0
27197,0,0,0
27198,1,1006,446
27199,1,1005,448
27200,1,1001,446
27201,1,1001,448
27202,1,996,446
27203,1,998,448
27204,1,998,448
27205,1,995,446
27206,1,786,280
27207,1,785,278
27208,1,785,276
27209,1,783,273
27210,1,780,261
27211,1,780,260
27212,1,776,258
27213,1,775,253
27214,1,773,248
27215,1,770,245
27216,1,768,243
27217,1,760,242
27218,1,757,237
27219,0,0,0
27220,0,0,0
27221,0,0,0
27222,0,0,0
27223,0,0,0
27224,0,0,0
27225,0,0,0
27226,1,232,77
27227,1,440,90
27228,1,460,85
27229,0,0,0
27230,0,0,0
27231,0,0,0
27232,0,0,0
27233,0,0,0
27234,0,0,0
27235,0,0,0
27236,0,0,0
27237,0,0,0
27238,0,0,0
27239,0,0,0
27240,1,902,162
27241,1,905,162
27242,0,0,0
27243,1,909,163
27244,1,911,163
27245,1,914,164
27246,1,916,164
27247,0,0,0
27248,1,920,165
27249,0,0,0
27250,1,922,162
27251,1,925,162
27252,0,0,0
27253,1,327,175
27254,1,317,177
27255,1,297,177
27256,1,282,182
27257,0,0,0
27258,1,247,175
27259,1,237,172
27260,1,222,167
27261,0,0,0
27262,0,0,0
27263,1,655,177
27264,0,0,0
27265,0,0,0
27266,0,0,0
27267,0,0,0
27268,0,0,0
27269,0,0,0
27270,0,0,0
27271,0,0,0
27272,1,727,177
27273,0,0,0
27274,0,0,0
27275,0,0,0
27276,0,0,0
27277,1,467,268
27278,1,415,287
27279,1,363,305
27280,1,366,285
27281,1,366,273
27282,1,368,253
27283,1,375,240
27284,1,385,223
27285,0,0,0
27286,0,0,0
27287,0,0,0
27288,0,0,0
27289,1,408,136
27290,1,413,118
27291,1,416,105
27292,1,420,90
27293,1,428,71
27294,1,431,60
27295,1,435,45
27296,1,436,36
27297,1,441,16
27298,1,441,13
27299,0,0,0
27300,1,456,8
27301,1,368,93
27302,1,281,178
27303,1,274,208
27304,1,267,238
27305,1,260,267
27306,1,254,297
27307,1,247,327
27308,1,240,356
27309,1,233,386
27310,1,226,416
27311,1,226,418
27312,1,225,413
27313,1,226,410
27314,1,230,406
27315,1,232,407
27316,1,235,407
27317,1,238,408
27318,1,240,408
27319,1,242,409
27320,1,245,410
27321,1,248,410
27322,1,250,411
27323,1,251,418
27324,1,250,431
27325,1,250,433
27326,1,250,435
27327,1,279,428
27328,1,308,421
27329,1,338,414
27330,1,367,408
27331,1,396,401
27332,1,425,394
27333,1,454,387
27334,1,484,380
27335,1,513,373
27336,0,0,0
27337,0,0,0
27338,0,0,0
27339,0,0,0
27340,0,0,0
27341,0,0,0
27342,0,0,0
27343,0,0,0
27344,0,0,0
27345,1,805,305
27346,1,803,305
27347,1,803,305
27348,1,803,300
27349,1,803,296
27350,1,801,288
27351,1,801,285
27352,1,801,281
27353,1,800,278
27354,1,796,276
27355,1,796,273
27356,1,796,271
27357,1,796,270
27358,1,795,265
27359,1,793,263
27360,1,728,15
27361,1,733,18
27362,1,735,31
27363,1,740,43
27364,1,740,55
27365,1,750,60
27366,1,751,70
27367,1,758,88
27368,1,761,100
27369,1,765,116
27370,1,768,128
27371,1,773,143
27372,1,775,165
27373,1,776,181
27374,1,785,198
27375,1,788,221
27376,1,790,231
27377,1,791,233
27378,1,791,223
27379,1,790,208
27380,0,0,0
27381,1,781,176
27382,1,770,155
27383,1,768,138
27384,1,768,121
27385,1,765,101
27386,1,760,86
27387,1,753,73
27388,1,750,60
27389,1,743,46
27390,1,740,40
27391,1,738,31
27392,1,735,16
27393,1,731,8
27394,1,739,44
27395,1,747,81
27396,0,0,0
27397,0,0,0
27398,0,0,0
27399,1,778,226
27400,1,770,261
27401,1,768,263
27402,1,761,270
27403,1,761,276
27404,1,756,281
27405,0,0,0
27406,1,765,288
27407,1,758,295
27408,0,0,0
27409,1,755,313
27410,1,750,332
27411,1,751,331
27412,1,753,336
27413,1,750,345
27414,1,748,354
27415,1,746,362
27416,1,743,371
27417,1,741,380
27418,1,740,390
27419,1,738,386
27420,1,536,390
27421,1,335,393
27422,1,338,383
27423,0,0,0
27424,1,336,375
27425,1,338,366
27426,1,338,363
27427,1,338,361
27428,1,336,361
27429,1,336,361
27430,1,336,361
27431,1,345,363
27432,1,353,365
27433,1,362,367
27434,1,362,372
27435,1,368,380
27436,1,381,388
27437,1,403,396
27438,1,426,403
27439,1,448,411
27440,1,457,408
27441,1,466,405
27442,1,475,402
27443,1,476,391
27444,1,483,386
27445,1,490,375
27446,1,491,356
27447,1,490,338
27448,1,488,325
27449,1,488,315
27450,0,0,0
27451,1,485,285
27452,1,485,283
27453,1,483,280
27454,1,481,275
27455,1,471,278
27456,0,0,0
27457,1,500,16
27458,1,500,30
27459,1,496,36
27460,1,493,46
27461,1,490,56
27462,1,488,71
27463,1,488,81
27464,1,486,93
27465,1,476,98
27466,1,475,113
27467,1,475,128
27468,1,473,140
27469,1,468,156
27470,1,463,176
27471,0,0,0
27472,1,463,200
27473,0,0,0
27474,1,483,198
27475,1,488,195
27476,1,495,195
27477,1,501,193
27478,1,510,196
27479,1,516,201
27480,1,516,198
27481,1,521,200
27482,1,528,201
27483,1,535,203
27484,1,536,205
27485,1,540,206
27486,1,545,208
27487,1,546,213
27488,1,551,216
27489,1,555,221
27490,1,556,226
27491,1,561,230
27492,1,563,235
27493,1,566,241
27494,1,571,245
27495,1,571,246
27496,1,573,251
27497,1,576,256
27498,1,578,261
27499,1,583,268
27500,1,583,270
27501,1,586,275
27502,1,588,281
27503,0,0,0
27504,0,0,0
27505,0,0,0
27506,0,0,0
27507,0,0,0
27508,0,0,0
27509,0,0,0
27510,0,0,0
27511,0,0,0
27512,0,0,0
27513,1,600,288
27514,1,598,278
27515,1,598,270
27516,1,600,260
27517,1,600,253
27518,1,598,246
27519,1,601,235
27520,1,600,230
27521,1,600,225
27522,1,598,218
27523,1,598,215
27524,1,598,205
27525,1,601,203
27526,1,600,198
27527,1,598,191
27528,1,600,181
27529,1,600,176
27530,1,600,171
27531,1,598,166
27532,1,598,161
27533,1,598,153
27534,1,600,150
27535,1,600,145
27536,1,600,140
27537,1,598,136
27538,1,598,135
27539,1,600,128
27540,1,596,130
27541,1,596,125
27542,1,596,120
27543,1,598,115
27544,1,598,110
27545,1,598,108
27546,1,598,103
27547,1,598,101
27548,1,598,98
27549,1,598,98
27550,1,598,95
27551,1,598,93
27552,1,598,93
27553,1,598,93
27554,1,598,93
27555,1,598,93
27556,1,598,91
27557,1,600,90
27558,1,600,88
27559,1,600,86
27560,1,598,86
27561,1,600,86
27562,1,600,86
27563,1,600,86
27564,1,600,86
27565,1,600,88
27566,1,598,88
27567,1,598,90
27568,1,598,91
27569,1,598,93
27570,1,598,95
27571,1,600,96
27572,1,600,98
27573,1,600,100
27574,1,600,100
27575,1,600,100
27576,1,600,101
27577,1,600,108
27578,1,600,110
27579,1,600,111
27580,1,600,113
27581,1,598,116
27582,1,600,120
27583,1,598,125
27584,1,598,128
27585,1,600,136
27586,1,598,138
27587,1,600,143
27588,1,600,146
27589,1,600,150
27590,1,600,153
27591,1,600,160
27592,1,598,163
27593,1,600,168
27594,1,601,173
27595,1,600,180
27596,1,600,188
27597,1,603,193
27598,1,601,200
27599,1,603,205
27600,1,601,210
27601,1,600,216
27602,1,600,225
27603,1,600,230
27604,1,600,235
27605,1,600,243
27606,1,601,251
27607,1,601,260
27608,1,601,268
27609,1,601,273
27610,1,601,283
27611,1,600,293
27612,1,601,301
27613,1,601,308
27614,1,600,308
27615,1,605,308
27616,1,603,296
27617,1,605,285
27618,1,603,271
27619,1,603,261
27620,1,603,253
27621,1,605,243
27622,1,605,233
27623,1,605,226
27624,1,605,218
27625,1,606,206
27626,1,606,200
27627,1,606,193
27628,1,605,180
27629,1,605,175
27630,1,608,173
27631,1,608,165
27632,1,610,156
27633,1,610,151
27634,1,610,143
27635,1,610,136
27636,0,0,0
27637,0,0,0
27638,0,0,0
27639,0,0,0
27640,1,615,100
27641,1,615,98
27642,1,615,93
27643,1,615,88
27644,1,615,88
27645,1,615,83
27646,1,612,80
27647,1,616,73
27648,1,618,68
27649,1,618,66
27650,1,618,63
27651,1,618,60
27652,1,618,56
27653,1,618,55
27654,1,616,48
27655,0,0,0
27656,1,616,45
27657,1,616,43
27658,1,616,43
27659,1,616,43
27660,1,617,141
27661,1,617,238
27662,1,618,336
27663,1,618,333
27664,1,618,335
27665,1,620,35
27666,1,620,33
27667,1,620,33
27668,1,621,31
27669,1,621,31
27670,1,621,30
27671,0,0,0
27672,0,0,0
27673,0,0,0
27674,0,0,0
27675,1,628,41
27676,1,628,45
27677,1,628,45
27678,1,628,45
27679,1,628,45
27680,1,626,46
27681,1,626,46
27682,1,628,48
27683,1,631,55
27684,1,631,55
27685,1,630,56
27686,1,630,60
27687,1,631,65
27688,1,631,68
27689,1,633,73
27690,1,631,80
27691,1,631,83
27692,1,631,86
27693,1,633,88
27694,1,633,93
27695,1,635,96
27696,1,635,101
27697,1,635,110
27698,1,635,115
27699,1,636,121
27700,1,636,126
27701,1,636,135
27702,1,636,141
27703,1,636,150
27704,1,636,155
27705,1,637,162
27706,1,638,170
27707,1,640,175
27708,1,637,185
27709,1,641,190
27710,1,641,196
27711,1,641,205
27712,1,641,215
27713,1,641,220
27714,1,643,225
27715,1,643,223
27716,1,646,221
27717,1,650,220
27718,1,650,218
27719,1,650,216
27720,1,663,218
27721,1,668,215
27722,1,670,213
27723,0,0,0
27724,1,675,212
27725,1,677,212
27726,1,683,213
27727,1,685,212
27728,1,687,212
27729,1,695,213
27730,1,696,213
27731,1,700,215
27732,1,705,215
27733,1,708,216
27734,1,711,220
27735,1,715,223
27736,1,720,223
27737,1,723,226
27738,1,726,228
27739,1,730,231
27740,1,735,235
27741,1,740,240
27742,1,746,245
27743,1,750,250
27744,1,753,255
27745,1,758,258
27746,1,763,261
27747,1,766,268
27748,1,770,275
27749,1,775,281
27750,1,778,285
27751,1,781,295
27752,1,788,300
27753,1,793,308
27754,1,800,313
27755,1,803,321
27756,1,808,328
27757,1,813,340
27758,1,818,350
27759,1,821,363
27760,1,828,373
27761,1,830,380
27762,1,833,393
27763,1,840,403
27764,1,843,411
27765,1,855,430
27766,1,860,433
27767,1,868,446
27768,1,871,461
27769,1,872,457
27770,1,877,447
27771,1,888,438
27772,1,888,433
27773,0,0,0
27774,1,890,416
27775,1,890,412
27776,1,890,407
27777,1,890,403
27778,1,890,398
27779,1,890,394
27780,1,890,390
27781,1,890,385
27782,1,890,381
27783,0,0,0
27784,0,0,0
27785,1,750,323
27786,0,0,0
27787,1,657,285
27788,0,0,0
27789,1,873,365
27790,1,873,361
27791,1,870,361
27792,0,0,0
27793,1,977,307
27794,0,0,0
27795,1,981,310
27796,1,981,306
27797,1,981,310
27798,1,981,311
27799,1,983,315
27800,1,982,315
27801,1,995,320
27802,1,985,323
27803,1,976,326
27804,1,966,329
27805,1,957,333
27806,1,947,336
27807,1,937,339
27808,1,928,342
27809,1,918,345
27810,1,908,348
27811,0,0,0
27812,0,0,0
27813,0,0,0
27814,1,870,361
27815,1,877,354
27816,1,883,347
27817,1,890,340
27818,1,883,346
27819,1,876,353
27820,1,883,350
27821,1,873,353
27822,1,870,353
27823,1,868,356
27824,1,865,355
27825,1,856,363
27826,1,851,368
27827,1,848,371
27828,1,843,375
27829,1,840,380
27830,1,833,386
27831,1,831,395
27832,1,826,400
27833,1,823,406
27834,1,821,411
27835,1,818,418
27836,1,813,421
27837,1,810,421
27838,1,808,418
27839,1,806,416
27840,1,811,408
27841,1,810,401
27842,1,808,396
27843,1,808,391
27844,1,805,386
27845,1,805,381
27846,1,805,378
27847,1,803,375
27848,1,801,370
27849,1,801,368
27850,1,800,365
27851,1,800,365
27852,1,795,361
27853,1,795,358
27854,1,795,358
27855,1,795,357
27856,1,795,358
27857,1,795,356
27858,1,795,355
27859,1,795,353
27860,1,793,351
27861,1,791,350
27862,1,790,350
27863,1,790,350
27864,1,790,350
27865,1,786,351
27866,1,783,351
27867,1,783,353
27868,1,781,355
27869,1,781,355
27870,1,783,358
27871,1,783,358
27872,1,781,361
27873,1,783,365
27874,1,781,365
27875,1,780,368
27876,1,780,372
27877,1,780,375
27878,1,780,378
27879,1,778,380
27880,1,776,383
27881,1,776,386
27882,1,775,390
27883,1,775,393
27884,1,775,392
27885,1,775,392
27886,1,775,391
27887,1,775,390
27888,1,776,389
27889,1,776,389
27890,1,776,388
27891,1,776,387
27892,1,776,386
27893,0,0,0
27894,0,0,0
27895,0,0,0
27896,0,0,0
27897,0,0,0
27898,0,0,0
27899,0,0,0
27900,0,0,0
27901,0,0,0
27902,0,0,0
27903,0,0,0
27904,0,0,0
27905,0,0,0
27906,0,0,0
27907,0,0,0
27908,0,0,0
27909,0,0,0
27910,0,0,0
27911,0,0,0
27912,0,0,0
27913,0,0,0
27914,0,0,0
27915,0,0,0
27916,0,0,0
27917,0,0,0
27918,0,0,0
27919,0,0,0
27920,0,0,0
27921,0,0,0
27922,0,0,0
27923,0,0,0
27924,0,0,0
27925,0,0,0
27926,0,0,0
27927,0,0,0
27928,0,0,0
27929,0,0,0
27930,0,0,0
27931,0,0,0
27932,0,0,0
27933,0,0,0
27934,0,0,0
27935,0,0,0
27936,0,0,0
27937,0,0,0
27938,0,0,0
27939,0,0,0
27940,0,0,0
27941,0,0,0
27942,0,0,0
27943,0,0,0
27944,0,0,0
27945,0,0,0
27946,0,0,0
27947,0,0,0
27948,0,0,0
27949,0,0,0
27950,0,0,0
27951,0,0,0
27952,0,0,0
27953,0,0,0
27954,0,0,0
27955,0,0,0
27956,0,0,0
27957,0,0,0
27958,0,0,0
27959,0,0,0
27960,0,0,0
27961,0,0,0
27962,0,0,0
27963,0,0,0
27964,0,0,0
27965,0,0,0
27966,0,0,0
27967,0,0,0
27968,0,0,0
27969,0,0,0
27970,0,0,0
27971,0,0,0
27972,1,785,327
27973,1,787,325
27974,1,787,325
27975,1,791,325
27976,1,791,323
27977,1,793,313
27978,1,791,308
27979,1,791,306
27980,1,791,303
27981,1,791,300
27982,1,791,296
27983,1,791,295
27984,1,793,290
27985,1,793,286
27986,1,793,285
27987,1,793,281
27988,1,795,280
27989,1,795,278
27990,1,796,275
27991,1,796,275
27992,1,796,275
27993,1,796,271
27994,1,796,268
27995,1,796,266
27996,1,801,263
27997,1,801,263
27998,1,800,261
27999,1,801,261
28000,1,801,260
28001,1,801,260
28002,1,801,260
28003,1,801,260
28004,1,801,260
28005,1,802,257
28006,1,802,257
28007,1,802,257
28008,1,805,257
28009,1,807,257
28010,0,0,0
28011,0,0,0
28012,0,0,0
28013,1,808,273
28014,1,808,268
28015,1,808,263
28016,1,806,260
28017,1,805,255
28018,1,803,251
28019,1,801,248
28020,1,796,246
28021,1,793,241
28022,1,790,236
28023,1,788,230
28024,1,783,221
28025,1,781,218
28026,1,780,215
28027,1,776,206
28028,1,775,203
28029,1,770,198
28030,1,768,193
28031,1,766,190
28032,1,763,181
28033,1,761,180
28034,1,758,176
28035,1,760,178
28036,1,755,173
28037,1,751,170
28038,1,748,165
28039,1,743,161
28040,1,743,160
28041,1,740,153
28042,1,738,150
28043,1,733,148
28044,1,730,146
28045,1,726,143
28046,1,721,141
28047,1,720,141
28048,1,713,138
28049,1,710,138
28050,1,715,138
28051,1,710,138
28052,1,706,138
28053,1,701,136
28054,1,696,136
28055,1,695,135
28056,1,688,136
28057,1,686,138
28058,1,681,140
28059,1,678,141
28060,1,671,143
28061,1,668,146
28062,1,663,150
28063,1,658,151
28064,1,655,155
28065,1,651,163
28066,1,646,166
28067,1,641,173
28068,1,635,178
28069,1,633,181
28070,1,626,190
28071,1,621,198
28072,1,616,206
28073,1,610,215
28074,1,605,223
28075,1,598,233
28076,1,591,243
28077,1,583,258
28078,1,580,270
28079,1,573,283
28080,1,568,295
28081,1,560,306
28082,1,551,323
28083,1,550,335
28084,1,540,351
28085,1,533,363
28086,1,525,388
28087,1,521,390
28088,1,516,381
28089,1,516,366
28090,1,515,353
28091,1,511,335
28092,1,510,326
28093,1,510,313
28094,1,503,305
28095,1,508,293
28096,1,508,283
28097,1,508,271
28098,1,508,260
28099,1,508,250
28100,1,508,243
28101,1,510,231
28102,1,510,221
28103,1,508,216
28104,1,508,206
28105,1,508,200
28106,1,505,190
28107,1,510,202
28108,1,510,195
28109,1,503,176
28110,1,510,176
28111,1,413,440
28112,0,0,0
28113,0,0,0
28114,1,497,152
28115,1,497,152
28116,1,418,413
28117,1,418,408
28118,1,418,408
28119,1,503,145
28120,1,503,143
28121,1,501,145
28122,1,501,145
28123,1,501,146
28124,1,501,146
28125,1,500,146
28126,1,500,146
28127,1,500,145
28128,1,500,148
28129,1,501,146
28130,1,498,146
28131,1,498,145
28132,1,498,148
28133,1,498,151
28134,1,498,153
28135,1,498,160
28136,1,498,161
28137,1,498,165
28138,1,498,168
28139,1,498,173
28140,1,498,176
28141,1,498,178
28142,1,496,188
28143,1,496,190
28144,1,498,191
28145,1,498,195
28146,1,498,201
28147,1,498,206
28148,1,498,213
28149,1,498,216
28150,1,496,223
28151,1,496,230
28152,1,498,235
28153,1,496,243
28154,1,496,248
28155,1,493,255
28156,1,493,261
28157,1,493,270
28158,1,493,275
28159,1,493,283
28160,1,493,288
28161,1,495,298
28162,1,493,308
28163,1,495,313
28164,1,493,321
28165,1,493,326
28166,1,493,335
28167,1,495,341
28168,1,495,350
28169,1,495,356
28170,0,0,0
28171,1,495,376
28172,1,495,386
28173,1,495,393
28174,1,493,403
28175,1,491,415
28176,1,493,421
28177,1,493,428
28178,0,0,0
28179,1,487,405
28180,0,0,0
28181,0,0,0
28182,0,0,0
28183,0,0,0
28184,0,0,0
28185,1,482,382
28186,1,472,378
28187,1,463,375
28188,0,0,0
28189,1,475,340
28190,1,473,340
28191,1,473,336
28192,1,471,331
28193,1,471,328
28194,1,470,325
28195,1,467,322
28196,1,466,315
28197,1,466,313
28198,1,465,310
28199,1,463,308
28200,1,465,306
28201,1,463,303
28202,1,461,303
28203,1,460,300
28204,1,458,298
28205,1,458,296
28206,1,456,295
28207,1,456,293
28208,1,455,293
28209,1,453,290
28210,1,451,290
28211,1,450,290
28212,1,450,290
28213,1,448,293
28214,1,446,295
28215,1,445,296
28216,1,443,296
28217,1,443,296
28218,1,443,296
28219,1,443,296
28220,1,441,298
28221,1,441,300
28222,1,440,301
28223,1,438,305
28224,1,438,306
28225,1,436,310
28226,1,435,311
28227,1,435,315
28228,1,430,323
28229,1,430,326
28230,1,431,325
28231,1,430,330
28232,1,428,336
28233,1,428,340
28234,1,426,346
28235,1,426,350
28236,1,426,353
28237,1,426,356
28238,1,423,366
28239,1,423,368
28240,1,423,376
28241,1,421,381
28242,1,421,386
28243,1,420,391
28244,1,420,396
28245,0,0,0
28246,0,0,0
28247,1,418,418
28248,1,416,411
28249,1,415,405
28250,0,0,0
28251,1,411,393
28252,1,411,388
28253,1,410,383
28254,1,410,378
28255,1,408,375
28256,1,408,370
28257,1,406,366
28258,1,405,363
28259,1,405,363
28260,1,435,303
28261,1,434,301
28262,1,434,300
28263,1,433,298
28264,1,468,329
28265,1,502,359
28266,1,537,390
28267,0,0,0
28268,1,617,347
28269,1,622,346
28270,1,626,346
28271,1,631,345
28272,1,635,345
28273,1,640,344
28274,1,645,344
28275,1,649,343
28276,1,654,342
28277,1,659,342
28278,0,0,0
28279,0,0,0
28280,0,0,0
28281,0,0,0
28282,0,0,0
28283,0,0,0
28284,0,0,0
28285,0,0,0
28286,0,0,0
28287,0,0,0
28288,0,0,0
28289,0,0,0
28290,0,0,0
28291,0,0,0
28292,0,0,0
28293,0,0,0
28294,0,0,0
28295,0,0,0
28296,0,0,0
28297,0,0,0
28298,0,0,0
28299,0,0,0
28300,0,0,0
28301,0,0,0
28302,0,0,0
28303,0,0,0
28304,0,0,0
28305,1,788,326
28306,1,788,326
28307,1,788,323
28308,1,790,311
28309,1,790,310
28310,1,790,310
28311,1,790,306
28312,1,790,301
28313,1,790,298
28314,1,791,296
28315,1,790,293
28316,1,790,290
28317,1,790,286
28318,1,790,285
28319,1,791,283
28320,1,793,281
28321,1,793,280
28322,1,793,278
28323,1,793,275
28324,1,793,271
28325,1,793,270
28326,1,795,268
28327,1,793,266
28328,1,795,265
28329,1,795,265
28330,1,795,263
28331,1,795,263
28332,1,795,263
28333,1,795,263
28334,1,795,263
28335,1,797,266
28336,1,798,269
28337,1,800,272
28338,1,802,275
28339,1,803,278
28340,1,805,281
28341,1,805,281
28342,0,0,0
28343,1,801,275
28344,1,801,270
28345,1,801,261
28346,1,800,260
28347,1,795,251
28348,1,793,250
28349,1,793,250
28350,1,795,248
28351,1,793,243
28352,1,791,240
28353,1,790,233
28354,1,788,230
28355,1,786,225
28356,1,785,221
28357,1,781,216
28358,1,780,215
28359,1,776,208
28360,1,776,206
28361,1,775,205
28362,1,773,203
28363,1,768,198
28364,1,766,198
28365,1,766,203
28366,1,763,196
28367,1,761,195
28368,1,758,191
28369,1,755,190
28370,1,751,188
28371,1,745,187
28372,1,742,187
28373,1,738,188
28374,1,736,188
28375,1,730,188
28376,1,725,188
28377,1,727,187
28378,1,722,187
28379,1,716,195
28380,1,712,190
28381,1,711,193
28382,1,706,191
28383,0,0,0
28384,0,0,0
28385,0,0,0
28386,1,683,195
28387,1,678,196
28388,1,670,203
28389,1,665,205
28390,1,660,205
28391,1,652,210
28392,1,646,213
28393,1,641,218
28394,1,631,226
28395,1,630,230
28396,1,621,236
28397,1,615,246
28398,1,605,253
28399,1,595,261
28400,1,588,271
28401,1,578,278
28402,1,570,286
28403,1,563,298
28404,1,551,313
28405,1,543,321
28406,1,536,330
28407,1,531,329
28408,1,526,328
28409,1,520,326
28410,1,515,325
28411,1,518,303
28412,1,523,286
28413,1,527,267
28414,1,536,253
28415,1,541,235
28416,1,545,218
28417,1,550,201
28418,1,551,190
28419,1,556,173
28420,1,563,155
28421,1,563,141
28422,1,566,128
28423,1,570,115
28424,1,576,103
28425,1,580,95
28426,1,588,85
28427,1,591,73
28428,1,593,60
28429,0,0,0
28430,0,0,0
28431,0,0,0
28432,0,0,0
28433,0,0,0
28434,0,0,0
28435,1,620,10
28436,1,433,416
28437,1,428,406
28438,1,436,398
28439,1,445,390
28440,1,432,387
28441,1,428,385
28442,1,430,380
28443,1,430,376
28444,1,433,375
28445,1,438,363
28446,1,441,361
28447,1,440,361
28448,1,440,361
28449,1,441,361
28450,1,443,363
28451,1,443,370
28452,1,443,376
28453,1,443,380
28454,1,443,383
28455,0,0,0
28456,0,0,0
28457,0,0,0
28458,0,0,0
28459,0,0,0
28460,0,0,0
28461,0,0,0
28462,0,0,0
28463,0,0,0
28464,0,0,0
28465,0,0,0
28466,0,0,0
28467,0,0,0
28468,0,0,0
28469,0,0,0
28470,0,0,0
28471,0,0,0
28472,0,0,0
28473,0,0,0
28474,0,0,0
28475,0,0,0
28476,0,0,0
28477,0,0,0
28478,1,780,16
28479,0,0,0
28480,0,0,0
28481,0,0,0
28482,0,0,0
28483,0,0,0
28484,0,0,0
28485,1,803,73
28486,1,805,85
28487,1,810,93
28488,1,811,100
28489,1,813,113
28490,1,816,123
28491,1,820,140
28492,1,821,148
28493,1,820,153
28494,1,813,150
28495,1,807,142
28496,1,800,140
28497,0,0,0
28498,1,783,143
28499,1,780,143
28500,1,781,141
28501,1,775,145
28502,1,766,146
28503,1,760,145
28504,1,753,141
28505,1,750,140
28506,0,0,0
28507,1,741,146
28508,1,738,150
28509,1,735,153
28510,1,730,155
28511,1,726,156
28512,1,723,160
28513,1,720,163
28514,1,715,168
28515,1,713,173
28516,1,711,175
28517,1,706,180
28518,1,706,181
28519,1,705,186
28520,1,701,188
28521,1,700,193
28522,1,696,198
28523,1,695,203
28524,1,695,206
28525,1,687,210
28526,1,688,215
28527,1,686,218
28528,1,685,225
28529,1,683,230
28530,1,680,235
28531,1,678,241
28532,1,678,245
28533,1,678,250
28534,1,676,253
28535,1,675,258
28536,1,673,266
28537,1,671,270
28538,1,671,275
28539,1,670,281
28540,1,668,286
28541,1,668,290
28542,1,668,295
28543,1,665,301
28544,1,663,308
28545,1,663,316
28546,1,661,321
28547,1,661,325
28548,1,660,330
28549,1,660,336
28550,1,660,340
28551,1,660,348
28552,1,658,355
28553,1,658,363
28554,1,658,368
28555,1,655,376
28556,1,655,380
28557,1,656,381
28558,0,0,0
28559,1,653,361
28560,1,653,353
28561,1,651,350
28562,1,651,343
28563,1,651,340
28564,1,650,336
28565,1,650,331
28566,1,650,328
28567,1,648,323
28568,1,646,321
28569,1,646,315
28570,1,646,313
28571,1,645,310
28572,1,643,308
28573,1,643,305
28574,1,641,303
28575,1,641,298
28576,1,641,296
28577,1,640,295
28578,1,640,293
28579,1,640,288
28580,1,640,286
28581,1,640,281
28582,1,638,280
28583,1,638,278
28584,1,636,273
28585,1,636,271
28586,1,636,268
28587,1,635,268
28588,1,635,263
28589,1,635,261
28590,1,635,261
28591,1,635,260
28592,1,635,260
28593,1,635,258
28594,1,633,256
28595,1,633,255
28596,1,631,253
28597,1,631,253
28598,1,631,251
28599,1,630,251
28600,1,628,250
28601,1,626,248
28602,1,626,248
28603,1,625,248
28604,1,625,250
28605,1,623,246
28606,1,623,245
28607,1,623,245
28608,1,621,245
28609,1,621,246
28610,1,620,248
28611,1,620,248
28612,1,618,250
28613,1,616,251
28614,1,616,251
28615,1,616,251
28616,1,615,251
28617,1,615,251
28618,1,615,253
28619,1,615,253
28620,1,615,258
28621,1,615,260
28622,1,611,263
28623,1,610,265
28624,1,610,268
28625,1,608,268
28626,1,608,270
28627,1,606,271
28628,1,606,278
28629,1,606,281
28630,1,605,286
28631,1,605,288
28632,1,603,293
28633,1,603,296
28634,1,603,300
28635,1,602,297
28636,1,605,302
28637,1,601,298
28638,1,603,303
28639,1,587,309
28640,1,571,315
28641,1,555,321
28642,1,539,327
28643,1,523,333
28644,1,507,339
28645,1,491,345
28646,1,475,351
28647,1,459,358
28648,0,0,0
28649,0,0,0
28650,0,0,0
28651,0,0,0
28652,0,0,0
28653,0,0,0
28654,0,0,0
28655,1,331,406
28656,1,326,406
28657,1,321,408
28658,1,317,411
28659,1,312,415
28660,1,308,418
28661,1,309,417
28662,1,310,416
28663,1,312,415
28664,1,313,415
28665,1,314,414
28666,1,315,413
28667,1,316,412
28668,1,318,411
28669,1,319,410
28670,0,0,0
28671,0,0,0
28672,0,0,0
28673,0,0,0
28674,0,0,0
28675,1,326,405
28676,1,330,408
28677,1,330,408
28678,1,317,426
28679,1,304,444
28680,1,291,462
28681,1,278,481
28682,1,265,499
28683,1,252,517
28684,1,239,535
28685,1,226,553
28686,1,213,571
28687,0,0,0
28688,0,0,0
28689,0,0,0
28690,0,0,0
28691,0,0,0
28692,1,135,680
28693,1,427,665
28694,1,427,645
28695,1,436,620
28696,1,445,595
28697,1,461,566
28698,1,461,551
28699,1,456,540
28700,1,458,540
28701,1,459,540
28702,1,461,539
28703,1,462,539
28704,1,464,539
28705,1,466,539
28706,1,467,538
28707,1,469,538
28708,1,470,538
28709,0,0,0
28710,0,0,0
28711,0,0,0
28712,0,0,0
28713,0,0,0
28714,0,0,0
28715,0,0,0
28716,0,0,0
28717,0,0,0
28718,0,0,0
28719,0,0,0
28720,0,0,0
28721,0,0,0
28722,0,0,0
28723,0,0,0
28724,0,0,0
28725,0,0,0
28726,0,0,0
28727,0,0,0
28728,0,0,0
28729,0,0,0
28730,0,0,0
28731,0,0,0
28732,0,0,0
28733,0,0,0
28734,0,0,0
28735,0,0,0
28736,0,0,0
28737,0,0,0
28738,0,0,0
28739,0,0,0
28740,0,0,0
28741,0,0,0
28742,0,0,0
28743,0,0,0
28744,0,0,0
28745,0,0,0
28746,0,0,0
28747,0,0,0
28748,0,0,0
28749,0,0,0
28750,0,0,0
28751,0,0,0
28752,0,0,0
28753,0,0,0
28754,0,0,0
28755,0,0,0
28756,0,0,0
28757,0,0,0
28758,0,0,0
28759,0,0,0
28760,0,0,0
28761,0,0,0
28762,0,0,0
28763,0,0,0
28764,0,0,0
28765,0,0,0
28766,0,0,0
28767,0,0,0
28768,0,0,0
28769,0,0,0
28770,0,0,0
28771,1,570,523
28772,1,570,511
28773,1,570,488
28774,1,573,470
28775,1,572,430
28776,1,571,390
28777,1,570,350
28778,1,565,345
28779,0,0,0
28780,1,576,296
28781,1,576,260
28782,1,573,245
28783,1,576,223
28784,1,577,195
28785,0,0,0
28786,1,590,181
28787,1,591,161
28788,1,593,136
28789,1,591,111
28790,1,590,95
28791,0,0,0
28792,0,0,0
28793,0,0,0
28794,1,591,45
28795,1,591,36
28796,1,583,33
28797,0,0,0
28798,1,580,17
28799,1,652,277
28800,1,645,280
28801,0,0,0
28802,1,647,277
28803,1,647,277
28804,1,647,277
28805,1,650,277
28806,1,647,280
28807,1,647,280
28808,1,645,280
28809,1,605,10
28810,1,597,7
28811,1,597,7
28812,1,603,11
28813,1,603,15
28814,0,0,0
28815,1,602,22
28816,0,0,0
28817,0,0,0
28818,0,0,0
28819,1,606,58
28820,1,606,65
28821,0,0,0
28822,0,0,0
28823,0,0,0
28824,0,0,0
28825,1,621,96
28826,0,0,0
28827,0,0,0
28828,0,0,0
28829,0,0,0
28830,0,0,0
28831,1,655,328
28832,0,0,0
28833,0,0,0
28834,0,0,0
28835,0,0,0
28836,0,0,0
28837,1,656,88
28838,1,656,88
28839,1,658,91
28840,1,658,93
28841,1,658,96
28842,1,658,95
28843,1,656,95
28844,0,0,0
28845,0,0,0
28846,1,668,113
28847,1,670,116
28848,1,671,120
28849,1,671,121
28850,1,673,125
28851,1,675,128
28852,1,675,136
28853,1,678,141
28854,1,680,145
28855,1,681,150
28856,1,683,153
28857,1,685,160
28858,1,685,165
28859,1,686,170
28860,1,686,173
28861,1,688,176
28862,0,0,0
28863,0,0,0
28864,0,0,0
28865,0,0,0
28866,1,695,195
28867,1,695,201
28868,1,695,206
28869,0,0,0
28870,0,0,0
28871,1,698,218
28872,1,698,221
28873,0,0,0
28874,0,0,0
28875,1,706,240
28876,1,706,243
28877,1,708,250
28878,1,710,255
28879,1,710,260
28880,1,711,268
28881,1,713,273
28882,0,0,0
28883,1,713,281
28884,1,713,278
28885,1,711,271
28886,1,711,268
28887,1,708,256
28888,1,708,253
28889,1,706,248
28890,1,706,233
28891,1,705,230
28892,1,703,223
28893,1,701,216
28894,1,703,206
28895,1,701,201
28896,1,701,195
28897,1,700,188
28898,1,700,181
28899,1,700,176
28900,1,698,168
28901,1,696,163
28902,1,695,156
28903,1,695,153
28904,1,693,151
28905,1,693,150
28906,1,690,146
28907,1,690,141
28908,1,690,136
28909,1,688,128
28910,1,686,126
28911,1,686,121
28912,1,685,116
28913,1,685,111
28914,1,685,108
28915,1,685,103
28916,1,681,101
28917,1,681,98
28918,1,680,96
28919,1,680,96
28920,1,681,93
28921,1,681,90
28922,1,681,90
28923,1,681,86
28924,1,681,85
28925,1,680,83
28926,1,678,83
28927,1,678,83
28928,1,676,81
28929,1,676,81
28930,1,676,81
28931,1,675,81
28932,1,675,81
28933,1,673,83
28934,1,673,85
28935,1,661,85
28936,1,660,81
28937,1,661,81
28938,1,660,81
28939,1,661,81
28940,1,660,81
28941,1,660,83
28942,1,658,85
28943,1,658,86
28944,1,658,88
28945,1,656,90
28946,1,655,91
28947,1,655,93
28948,1,653,95
28949,1,651,96
28950,1,651,101
28951,1,650,108
28952,1,650,111
28953,1,650,115
28954,1,650,116
28955,1,648,120
28956,1,646,125
28957,1,646,128
28958,1,645,136
28959,1,645,141
28960,1,643,145
28961,1,641,148
28962,1,641,153
28963,1,640,160
28964,1,640,165
28965,1,636,170
28966,1,636,175
28967,1,635,180
28968,1,635,188
28969,1,635,193
28970,1,633,198
28971,1,633,206
28972,1,631,215
28973,1,631,221
28974,1,630,230
28975,1,630,235
28976,1,628,245
28977,1,630,253
28978,1,628,261
28979,1,628,266
28980,1,628,298
28981,1,626,295
28982,1,626,288
28983,1,625,283
28984,1,623,271
28985,1,623,266
28986,1,623,256
28987,1,623,246
28988,1,625,236
28989,1,626,230
28990,1,625,220
28991,1,623,215
28992,1,623,205
28993,1,623,198
28994,1,623,193
28995,1,621,186
28996,1,625,181
28997,1,626,175
28998,1,626,165
28999,1,626,160
29000,1,628,153
29001,1,628,146
29002,1,628,140
29003,1,628,135
29004,1,628,126
29005,1,630,121
29006,1,630,116
29007,1,628,113
29008,1,630,111
29009,1,630,110
29010,1,631,103
29011,1,631,101
29012,1,633,98
29013,1,633,93
29014,1,633,88
29015,1,633,85
29016,1,633,83
29017,1,633,81
29018,1,635,80
29019,1,635,76
29020,1,635,75
29021,1,635,75
29022,1,633,75
29023,1,633,81
29024,1,631,83
29025,1,733,321
29026,1,731,321
29027,1,726,321
29028,1,726,321
29029,1,725,323
29030,1,641,61
29031,1,643,63
29032,1,643,63
29033,1,641,65
29034,1,715,333
29035,1,711,336
29036,1,643,68
29037,1,643,68
29038,1,705,351
29039,1,643,70
29040,1,645,81
29041,1,645,80
29042,1,645,80
29043,1,646,80
29044,1,646,81
29045,1,646,81
29046,1,646,85
29047,1,646,86
29048,1,646,91
29049,1,648,95
29050,1,648,100
29051,1,648,101
29052,1,648,110
29053,1,646,116
29054,1,648,120
29055,1,648,121
29056,1,648,125
29057,1,650,130
29058,1,648,136
29059,1,648,141
29060,1,650,146
29061,1,650,153
29062,1,650,161
29063,1,651,166
29064,1,653,171
29065,1,651,180
29066,1,651,186
29067,1,653,191
29068,1,653,200
29069,1,653,206
29070,0,0,0
29071,1,653,215
29072,1,653,220
29073,1,653,223
29074,1,650,230
29075,0,0,0
29076,0,0,0
29077,0,0,0
29078,0,0,0
29079,0,0,0
29080,0,0,0
29081,1,620,226
29082,1,615,220
29083,1,610,216
29084,1,606,210
29085,1,603,210
29086,1,600,208
29087,1,598,206
29088,0,0,0
29089,0,0,0
29090,0,0,0
29091,1,581,195
29092,1,580,193
29093,1,576,193
29094,1,573,193
29095,1,568,193
29096,1,563,193
29097,1,556,191
29098,1,555,193
29099,1,551,196
29100,1,548,200
29101,1,545,201
29102,1,540,203
29103,1,536,203
29104,1,535,203
29105,1,530,205
29106,1,523,206
29107,1,520,208
29108,1,513,215
29109,1,510,220
29110,1,503,221
29111,1,498,230
29112,1,493,235
29113,1,488,243
29114,1,485,250
29115,1,476,258
29116,0,0,0
29117,1,466,271
29118,1,461,280
29119,1,458,288
29120,1,448,301
29121,1,445,311
29122,1,438,326
29123,1,433,336
29124,1,431,341
29125,1,421,360
29126,1,416,368
29127,1,413,386
29128,0,0,0
29129,0,0,0
29130,1,405,381
29131,1,405,380
29132,1,406,366
29133,1,408,351
29134,1,413,328
29135,1,416,305
29136,1,421,286
29137,1,423,263
29138,1,426,248
29139,1,430,231
29140,1,433,206
29141,1,433,190
29142,1,438,170
29143,1,441,155
29144,1,445,141
29145,1,447,127
29146,1,450,112
29147,1,455,96
29148,1,456,81
29149,1,460,68
29150,1,461,58
29151,1,466,45
29152,1,470,33
29153,1,471,18
29154,1,473,11
29155,1,475,8
29156,1,479,15
29157,1,482,22
29158,1,486,29
29159,1,490,36
29160,1,493,43
29161,1,497,50
29162,1,501,57
29163,1,504,64
29164,1,508,71
29165,0,0,0
29166,0,0,0
29167,0,0,0
29168,0,0,0
29169,0,0,0
29170,0,0,0
29171,0,0,0
29172,0,0,0
29173,0,0,0
29174,0,0,0
29175,0,0,0
29176,0,0,0
29177,0,0,0
29178,0,0,0
29179,0,0,0
29180,0,0,0
29181,0,0,0
29182,0,0,0
29183,0,0,0
29184,0,0,0
29185,0,0,0
29186,0,0,0
29187,0,0,0
29188,0,0,0
29189,0,0,0
29190,0,0,0
29191,0,0,0
29192,0,0,0
29193,0,0,0
29194,0,0,0
29195,0,0,0
29196,0,0,0
29197,0,0,0
29198,0,0,0
29199,0,0,0
29200,0,0,0
29201,0,0,0
29202,0,0,0
29203,0,0,0
29204,1,655,351
29205,1,651,317
29206,1,648,283
29207,1,644,249
29208,1,640,215
29209,1,636,180
29210,1,633,146
29211,1,629,112
29212,1,625,78
29213,1,622,44
29214,1,618,10
29215,1,618,16
29216,0,0,0
29217,1,621,36
29218,1,623,46
29219,1,625,56
29220,1,625,65
29221,1,626,73
29222,1,630,86
29223,1,631,95
29224,1,631,108
29225,1,633,115
29226,1,635,126
29227,1,636,140
29228,1,641,148
29229,1,641,163
29230,1,643,173
29231,1,643,181
29232,1,645,190
29233,1,645,191
29234,1,635,176
29235,1,641,170
29236,1,641,155
29237,1,641,138
29238,1,641,126
29239,1,641,113
29240,1,641,103
29241,1,641,93
29242,1,641,81
29243,1,636,75
29244,1,636,65
29245,0,0,0
29246,1,635,45
29247,1,635,36
29248,1,633,31
29249,1,631,16
29250,1,603,225
29251,0,0,0
29252,0,0,0
29253,1,590,260
29254,1,588,278
29255,1,583,281
29256,1,581,298
29257,1,576,303
29258,1,575,306
29259,1,570,317
29260,1,565,328
29261,1,563,333
29262,1,556,338
29263,1,554,348
29264,1,551,358
29265,1,512,397
29266,1,510,380
29267,1,395,408
29268,1,405,390
29269,1,403,381
29270,1,408,368
29271,1,408,363
29272,0,0,0
29273,1,413,343
29274,1,413,340
29275,1,415,330
29276,1,413,330
29277,1,411,326
29278,1,422,329
29279,1,432,332
29280,1,443,335
29281,1,445,343
29282,1,443,355
29283,1,446,366
29284,1,450,376
29285,1,460,385
29286,1,468,391
29287,1,482,350
29288,1,496,310
29289,1,509,269
29290,1,523,228
29291,1,537,188
29292,1,551,147
29293,1,564,106
29294,1,578,66
29295,1,592,25
29296,1,592,25
29297,1,592,25
29298,0,0,0
29299,0,0,0
29300,0,0,0
29301,0,0,0
29302,0,0,0
29303,0,0,0
29304,1,595,33
29305,1,595,41
29306,1,593,50
29307,1,595,58
29308,1,593,70
29309,1,591,76
29310,1,590,83
29311,1,591,90
29312,1,593,100
29313,1,590,108
29314,1,590,120
29315,1,590,135
29316,1,590,145
29317,1,590,155
29318,1,588,166
29319,1,591,176
29320,1,593,181
29321,1,596,188
29322,1,605,193
29323,1,608,198
29324,1,616,201
29325,1,623,201
29326,1,626,205
29327,1,631,208
29328,1,635,215
29329,1,641,216
29330,1,643,218
29331,1,645,221
29332,1,650,228
29333,1,651,231
29334,1,655,235
29335,1,656,241
29336,1,660,246
29337,1,661,255
29338,1,663,260
29339,1,666,263
29340,1,668,271
29341,1,670,275
29342,1,671,280
29343,1,673,285
29344,1,675,288
29345,1,675,295
29346,1,678,301
29347,1,678,308
29348,1,680,311
29349,1,683,325
29350,1,683,326
29351,1,683,326
29352,1,683,323
29353,1,681,323
29354,1,676,308
29355,1,676,306
29356,1,675,295
29357,1,673,286
29358,1,671,275
29359,1,670,268
29360,1,668,260
29361,1,666,250
29362,1,663,241
29363,1,661,233
29364,1,661,225
29365,1,658,218
29366,1,656,208
29367,1,655,201
29368,1,653,196
29369,1,651,193
29370,1,646,186
29371,1,648,181
29372,1,646,175
29373,1,645,165
29374,1,643,156
29375,1,641,151
29376,1,641,143
29377,1,640,136
29378,1,637,135
29379,1,636,125
29380,1,635,120
29381,1,633,115
29382,1,631,110
29383,1,630,108
29384,1,628,100
29385,1,626,100
29386,1,625,96
29387,1,623,93
29388,1,623,86
29389,1,620,81
29390,1,620,80
29391,1,618,75
29392,1,616,71
29393,1,615,68
29394,1,611,65
29395,1,610,61
29396,1,608,60
29397,1,606,56
29398,1,606,55
29399,1,605,55
29400,1,603,48
29401,1,601,48
29402,1,600,48
29403,1,600,46
29404,1,600,46
29405,1,598,45
29406,1,596,43
29407,1,596,43
29408,1,595,43
29409,1,593,43
29410,1,593,41
29411,1,593,41
29412,1,591,41
29413,1,590,43
29414,0,0,0
29415,1,580,40
29416,1,578,38
29417,1,578,40
29418,1,576,41
29419,0,0,0
29420,0,0,0
29421,1,570,46
29422,1,570,46
29423,1,568,48
29424,1,566,48
29425,1,565,55
29426,1,565,55
29427,1,565,56
29428,1,563,60
29429,1,563,61
29430,1,561,65
29431,1,556,70
29432,1,556,73
29433,1,555,75
29434,1,553,76
29435,1,551,80
29436,1,551,81
29437,1,550,85
29438,1,548,90
29439,1,548,93
29440,1,546,98
29441,1,545,101
29442,1,546,108
29443,1,543,113
29444,1,543,118
29445,1,540,123
29446,1,540,126
29447,1,536,135
29448,1,536,138
29449,1,535,143
29450,1,531,148
29451,1,530,155
29452,1,530,163
29453,1,528,171
29454,1,526,178
29455,1,525,183
29456,1,523,191
29457,1,523,198
29458,1,521,206
29459,1,521,213
29460,1,516,220
29461,1,516,225
29462,1,516,231
29463,1,513,241
29464,1,511,246
29465,1,510,255
29466,1,508,271
29467,1,508,275
29468,1,505,282
29469,1,506,283
29470,1,506,273
29471,1,508,261
29472,1,508,256
29473,1,508,250
29474,1,510,245
29475,1,513,235
29476,1,513,230
29477,1,515,220
29478,1,516,210
29479,1,516,205
29480,1,518,196
29481,1,518,190
29482,1,520,181
29483,1,520,176
29484,1,523,168
29485,1,523,161
29486,1,523,155
29487,1,525,150
29488,1,526,143
29489,1,528,140
29490,1,528,136
29491,1,530,130
29492,1,535,123
29493,1,535,116
29494,1,536,113
29495,1,538,110
29496,1,538,101
29497,1,541,100
29498,1,541,96
29499,1,543,93
29500,1,545,90
29501,1,545,88
29502,0,0,0
29503,1,546,85
29504,1,546,85
29505,0,0,0
29506,1,553,76
29507,1,555,73
29508,1,555,70
29509,0,0,0
29510,0,0,0
29511,0,0,0
29512,1,563,63
29513,1,563,63
29514,1,563,61
29515,0,0,0
29516,0,0,0
29517,0,0,0
29518,0,0,0
29519,0,0,0
29520,1,571,70
29521,1,575,68
29522,1,575,68
29523,1,578,68
29524,1,578,68
29525,1,580,66
29526,1,581,66
29527,1,581,68
29528,1,581,70
29529,0,0,0
29530,0,0,0
29531,0,0,0
29532,0,0,0
29533,0,0,0
29534,0,0,0
29535,0,0,0
29536,0,0,0
29537,0,0,0
29538,1,596,98
29539,1,596,100
29540,1,600,101
29541,1,598,108
29542,1,598,111
29543,1,601,116
29544,1,603,121
29545,1,605,126
29546,1,606,133
29547,1,608,138
29548,1,608,146
29549,1,610,150
29550,1,610,155
29551,1,610,160
29552,1,615,166
29553,1,615,170
29554,1,616,176
29555,1,618,181
29556,1,620,190
29557,1,620,198
29558,1,621,205
29559,1,621,210
29560,1,623,216
29561,1,621,223
29562,1,623,230
29563,1,620,233
29564,1,610,225
29565,1,595,221
29566,1,588,225
29567,1,576,220
29568,1,565,220
29569,1,556,221
29570,1,546,221
29571,1,536,223
29572,1,525,223
29573,1,511,226
29574,1,503,226
29575,1,493,225
29576,1,481,226
29577,1,475,223
29578,1,460,226
29579,1,448,233
29580,1,435,230
29581,1,421,233
29582,1,413,240
29583,1,403,241
29584,1,388,245
29585,1,375,253
29586,1,353,261
29587,1,340,270
29588,1,325,273
29589,1,308,285
29590,1,288,295
29591,1,273,301
29592,1,253,310
29593,1,230,323
29594,1,215,331
29595,1,196,351
29596,1,336,536
29597,0,0,0
29598,0,0,0
29599,0,0,0
29600,0,0,0
29601,0,0,0
29602,1,32,460
29603,1,15,462
29604,0,0,0
29605,0,0,0
29606,1,45,495
29607,0,0,0
29608,1,25,512
29609,1,17,525
29610,1,66,418
29611,1,84,428
29612,1,102,437
29613,1,121,447
29614,1,139,457
29615,1,157,466
29616,1,175,476
29617,1,194,486
29618,1,212,495
29619,1,230,505
29620,1,246,501
29621,1,262,496
29622,1,278,492
29623,1,293,488
29624,1,309,483
29625,1,325,479
29626,1,341,474
29627,1,357,470
29628,1,373,466
29629,0,0,0
29630,0,0,0
29631,0,0,0
29632,0,0,0
29633,0,0,0
29634,0,0,0
29635,0,0,0
29636,0,0,0
29637,0,0,0
29638,0,0,0
29639,0,0,0
29640,0,0,0
29641,0,0,0
29642,0,0,0
29643,0,0,0
29644,0,0,0
29645,0,0,0
29646,0,0,0
29647,0,0,0
29648,0,0,0
29649,0,0,0
29650,0,0,0
29651,0,0,0
29652,1,753,361
29653,1,746,360
29654,1,738,359
29655,1,731,358
29656,1,724,357
29657,1,717,357
29658,1,709,356
29659,1,702,355
29660,1,695,354
29661,1,687,353
29662,0,0,0
29663,0,0,0
29664,0,0,0
29665,0,0,0
29666,0,0,0
29667,0,0,0
29668,0,0,0
29669,0,0,0
29670,0,0,0
29671,0,0,0
29672,0,0,0
29673,0,0,0
29674,0,0,0
29675,0,0,0
29676,0,0,0
29677,0,0,0
29678,0,0,0
29679,0,0,0
29680,0,0,0
29681,0,0,0
29682,0,0,0
29683,0,0,0
29684,0,0,0
29685,0,0,0
29686,0,0,0
29687,1,498,330
29688,1,498,331
29689,1,498,331
29690,1,495,331
29691,1,495,328
29692,1,495,326
29693,1,497,327
29694,1,499,328
29695,1,501,328
29696,1,503,329
29697,1,505,330
29698,1,507,331
29699,1,509,332
29700,1,511,332
29701,1,514,333
29702,0,0,0
29703,0,0,0
29704,0,0,0
29705,0,0,0
29706,0,0,0
29707,0,0,0
29708,0,0,0
29709,0,0,0
29710,0,0,0
29711,0,0,0
29712,0,0,0
29713,0,0,0
29714,0,0,0
29715,0,0,0
29716,0,0,0
29717,0,0,0
29718,0,0,0
29719,0,0,0
29720,0,0,0
29721,0,0,0
29722,0,0,0
29723,0,0,0
29724,0,0,0
29725,0,0,0
29726,0,0,0
29727,0,0,0
29728,0,0,0
29729,0,0,0
29730,0,0,0
29731,0,0,0
29732,0,0,0
29733,0,0,0
29734,0,0,0
29735,0,0,0
29736,0,0,0
29737,0,0,0
29738,0,0,0
29739,0,0,0
29740,0,0,0
29741,0,0,0
29742,0,0,0
29743,0,0,0
29744,0,0,0
29745,0,0,0
29746,0,0,0
29747,0,0,0
29748,0,0,0
29749,0,0,0
29750,0,0,0
29751,0,0,0
29752,0,0,0
29753,0,0,0
29754,0,0,0
29755,0,0,0
29756,0,0,0
29757,0,0,0
29758,0,0,0
29759,1,633,380
29760,1,298,351
29761,1,302,350
29762,1,305,348
29763,1,491,408
29764,1,677,467
29765,1,230,570
29766,1,448,520
29767,1,667,470
29768,1,676,366
29769,1,685,262
29770,1,682,262
29771,1,677,262
29772,1,590,335
29773,1,592,332
29774,1,592,332
29775,1,592,330
29776,1,592,327
29777,1,592,327
29778,1,592,327
29779,1,592,327
29780,1,592,327
29781,1,592,327
29782,1,593,327
29783,1,593,328
29784,1,593,328
29785,1,593,328
29786,1,594,328
29787,1,594,328
29788,1,594,329
29789,1,594,329
29790,0,0,0
29791,0,0,0
29792,0,0,0
29793,0,0,0
29794,0,0,0
29795,0,0,0
29796,0,0,0
29797,0,0,0
29798,0,0,0
29799,0,0,0
29800,0,0,0
29801,0,0,0
29802,0,0,0
29803,0,0,0
29804,0,0,0
29805,0,0,0
29806,0,0,0
29807,0,0,0
29808,0,0,0
29809,0,0,0
29810,0,0,0
29811,0,0,0
29812,0,0,0
29813,0,0,0
29814,0,0,0
29815,0,0,0
29816,0,0,0
29817,0,0,0
29818,0,0,0
29819,0,0,0
29820,1,603,335
29821,1,601,336
29822,1,603,336
29823,1,603,331
29824,1,601,328
29825,1,601,323
29826,1,600,321
29827,1,598,320
29828,1,600,315
29829,1,600,313
29830,1,598,308
29831,1,598,305
29832,1,596,303
29833,1,596,300
29834,1,595,298
29835,1,595,295
29836,1,595,293
29837,1,593,288
29838,1,595,283
29839,1,595,278
29840,1,595,276
29841,1,593,273
29842,1,593,270
29843,1,591,268
29844,1,591,263
29845,1,591,263
29846,1,591,261
29847,1,591,261
29848,1,590,260
29849,1,590,260
29850,1,590,256
29851,1,590,255
29852,1,591,256
29853,1,590,255
29854,1,590,253
29855,1,590,251
29856,1,588,253
29857,1,588,255
29858,1,586,256
29859,1,588,253
29860,1,586,255
29861,1,586,253
29862,1,586,251
29863,1,577,255
29864,1,580,255
29865,1,583,253
29866,1,580,255
29867,1,580,255
29868,1,583,256
29869,1,583,258
29870,1,583,260
29871,1,583,261
29872,1,585,260
29873,1,585,260
29874,1,586,256
29875,1,586,253
29876,1,586,250
29877,1,586,246
29878,1,586,243
29879,1,586,243
29880,1,593,233
29881,1,595,230
29882,1,598,226
29883,1,600,221
29884,1,601,216
29885,1,603,215
29886,1,605,208
29887,1,608,205
29888,1,610,201
29889,1,613,198
29890,1,616,196
29891,1,618,196
29892,1,620,195
29893,1,621,195
29894,1,623,195
29895,1,620,191
29896,1,625,190
29897,1,630,190
29898,1,635,187
29899,1,637,185
29900,1,640,182
29901,1,642,182
29902,1,646,178
29903,1,653,180
29904,1,656,180
29905,1,658,176
29906,1,660,176
29907,1,667,182
29908,1,672,182
29909,1,675,182
29910,1,676,181
29911,1,681,181
29912,1,686,181
29913,1,692,185
29914,1,698,188
29915,1,701,188
29916,1,708,190
29917,1,711,193
29918,1,715,196
29919,1,723,201
29920,1,726,205
29921,1,731,210
29922,1,736,215
29923,1,741,221
29924,1,746,228
29925,1,753,233
29926,1,758,241
29927,1,766,246
29928,1,775,251
29929,1,778,258
29930,1,785,268
29931,1,791,276
29932,1,795,286
29933,1,805,295
29934,1,811,305
29935,1,815,313
29936,1,821,328
29937,1,828,335
29938,1,831,353
29939,1,831,361
29940,1,848,376
29941,1,865,391
29942,1,871,376
29943,1,871,361
29944,1,870,346
29945,1,873,323
29946,1,871,306
29947,1,870,283
29948,1,868,268
29949,1,871,246
29950,1,871,225
29951,1,870,205
29952,1,868,190
29953,1,870,176
29954,1,871,163
29955,1,873,150
29956,1,873,135
29957,1,873,121
29958,1,871,101
29959,1,871,91
29960,1,871,81
29961,1,873,68
29962,1,871,56
29963,1,873,46
29964,0,0,0
29965,1,875,28
29966,1,873,15
29967,1,872,22
29968,1,870,29
29969,1,869,36
29970,1,867,43
29971,1,866,50
29972,1,864,56
29973,1,863,63
29974,1,862,70
29975,1,860,77
29976,0,0,0
29977,0,0,0
29978,0,0,0
29979,0,0,0
29980,0,0,0
29981,0,0,0
29982,0,0,0
29983,0,0,0
29984,0,0,0
29985,0,0,0
29986,0,0,0
29987,0,0,0
29988,0,0,0
29989,0,0,0
29990,0,0,0
29991,0,0,0
29992,0,0,0
29993,0,0,0
29994,0,0,0
29995,0,0,0
29996,0,0,0
29997,0,0,0
29998,0,0,0
29999,0,0,0
30000,0,0,0
30001,0,0,0
30002,0,0,0
30003,0,0,0
30004,0,0,0
30005,0,0,0
30006,0,0,0
30007,0,0,0
30008,0,0,0
30009,0,0,0
30010,0,0,0
30011,0,0,0
30012,0,0,0
30013,0,0,0
30014,1,805,347
30015,1,814,316
30016,1,822,284
30017,1,831,253
30018,1,840,222
30019,1,849,191
30020,1,857,159
30021,1,866,128
30022,1,875,97
30023,1,884,66
30024,0,0,0
30025,1,901,3
30026,1,900,10
30027,1,900,16
30028,1,901,28
30029,1,901,33
30030,1,900,40
30031,1,1133,440
30032,0,0,0
30033,1,900,68
30034,0,0,0
30035,1,900,85
30036,1,901,95
30037,1,901,101
30038,1,901,113
30039,1,901,123
30040,1,901,130
30041,1,901,145
30042,1,903,155
30043,1,903,163
30044,1,903,173
30045,1,900,187
30046,1,900,198
30047,1,900,208
30048,1,901,220
30049,1,903,233
30050,1,903,243
30051,1,908,251
30052,1,910,258
30053,0,0,0
30054,0,0,0
30055,0,0,0
30056,1,902,215
30057,0,0,0
30058,1,900,190
30059,1,903,173
30060,1,900,166
30061,1,900,153
30062,1,901,140
30063,1,901,126
30064,1,900,113
30065,1,900,108
30066,1,900,96
30067,1,898,85
30068,1,900,75
30069,1,900,66
30070,1,898,56
30071,0,0,0
30072,0,0,0
30073,0,0,0
30074,1,898,15
30075,1,898,18
30076,0,0,0
30077,0,0,0
30078,1,947,316
30079,1,963,415
30080,1,980,514
30081,1,996,613
30082,1,962,355
30083,1,989,358
30084,1,1015,362
30085,1,1042,365
30086,1,1068,369
30087,1,1095,372
30088,1,1090,360
30089,1,1085,348
30090,1,1080,336
30091,1,1078,337
30092,1,1075,338
30093,1,1050,336
30094,1,1024,334
30095,1,998,333
30096,1,973,331
30097,0,0,0
30098,0,0,0
30099,0,0,0
30100,1,959,373
30101,1,956,383
30102,1,953,385
30103,1,946,389
30104,1,939,393
30105,1,932,396
30106,1,925,400
30107,1,918,404
30108,1,911,408
30109,1,903,395
30110,1,908,383
30111,1,901,360
30112,0,0,0
30113,0,0,0
30114,1,901,310
30115,1,900,286
30116,1,898,276
30117,1,893,261
30118,1,890,251
30119,1,926,435
30120,1,900,230
30121,1,895,212
30122,1,897,197
30123,1,897,187
30124,1,897,185
30125,1,895,185
30126,1,895,185
30127,1,892,185
30128,1,892,185
30129,1,890,185
30130,1,890,187
30131,1,890,190
30132,1,1037,332
30133,0,0,0
30134,0,0,0
30135,0,0,0
30136,0,0,0
30137,0,0,0
30138,0,0,0
30139,0,0,0
30140,0,0,0
30141,1,886,65
30142,1,886,73
30143,1,883,81
30144,1,885,93
30145,1,883,101
30146,1,881,118
30147,1,883,133
30148,1,881,141
30149,1,881,145
30150,1,861,153
30151,1,860,165
30152,1,841,170
30153,1,821,173
30154,1,805,178
30155,1,790,185
30156,1,783,191
30157,1,768,196
30158,1,760,203
30159,1,750,206
30160,1,740,215
30161,1,730,218
30162,1,723,225
30163,1,710,233
30164,1,703,241
30165,1,696,246
30166,1,690,251
30167,1,681,260
30168,1,675,263
30169,1,670,268
30170,1,661,275
30171,1,658,281
30172,1,651,286
30173,1,643,295
30174,1,636,301
30175,1,633,308
30176,1,630,313
30177,1,625,321
30178,1,620,328
30179,1,618,333
30180,1,606,341
30181,1,612,340
30182,1,608,340
30183,1,615,331
30184,1,616,323
30185,1,620,315
30186,1,621,306
30187,1,621,296
30188,1,625,288
30189,1,628,280
30190,1,630,271
30191,1,631,263
30192,1,633,260
30193,1,635,253
30194,1,636,246
30195,1,645,236
30196,1,645,231
30197,1,646,225
30198,1,648,216
30199,1,650,213
30200,1,653,206
30201,1,655,200
30202,1,656,195
30203,1,658,190
30204,1,660,181
30205,1,661,178
30206,1,661,175
30207,1,663,170
30208,1,666,163
30209,1,668,163
30210,1,675,156
30211,1,675,151
30212,1,678,146
30213,1,680,140
30214,1,681,135
30215,1,681,130
30216,1,685,126
30217,1,686,121
30218,1,688,116
30219,1,690,113
30220,1,695,110
30221,1,696,108
30222,1,696,106
30223,1,698,106
30224,1,703,103
30225,1,703,101
30226,1,706,98
30227,1,711,96
30228,1,713,91
30229,1,713,91
30230,1,715,88
30231,1,716,86
30232,1,721,86
30233,1,723,83
30234,1,726,83
30235,1,728,83
30236,1,730,83
30237,1,731,83
30238,1,733,83
30239,1,736,83
30240,1,738,86
30241,1,740,85
30242,1,741,85
30243,1,748,85
30244,1,748,83
30245,1,750,85
30246,1,751,85
30247,1,755,88
30248,1,756,88
30249,1,760,91
30250,1,761,93
30251,1,761,96
30252,1,765,98
30253,1,766,100
30254,1,768,101
30255,1,773,103
30256,1,775,108
30257,1,775,111
30258,1,778,115
30259,1,780,118
30260,1,783,120
30261,1,786,125
30262,1,788,128
30263,1,791,135
30264,1,795,138
30265,1,796,143
30266,1,796,150
30267,1,801,153
30268,1,801,161
30269,1,805,166
30270,1,808,166
30271,1,811,173
30272,1,813,178
30273,1,815,188
30274,1,818,193
30275,1,820,200
30276,1,821,206
30277,1,825,212
30278,1,828,218
30279,1,831,226
30280,1,833,233
30281,1,836,241
30282,1,840,250
30283,1,843,260
30284,1,845,266
30285,1,848,271
30286,1,848,276
30287,1,848,285
30288,1,850,285
30289,1,850,287
30290,1,848,283
30291,1,846,276
30292,1,845,270
30293,1,841,261
30294,1,840,256
30295,1,836,245
30296,1,830,235
30297,1,828,226
30298,1,825,220
30299,1,823,215
30300,1,821,206
30301,1,816,200
30302,1,813,193
30303,1,813,181
30304,1,808,175
30305,1,803,168
30306,1,801,156
30307,1,796,155
30308,1,793,151
30309,1,791,145
30310,1,788,140
30311,1,783,135
30312,1,780,128
30313,1,778,125
30314,1,775,121
30315,1,770,118
30316,1,768,113
30317,1,766,108
30318,1,766,103
30319,1,761,100
30320,1,758,98
30321,1,753,93
30322,1,750,90
30323,1,748,88
30324,1,743,86
30325,1,741,85
30326,1,738,83
30327,1,736,83
30328,1,733,83
30329,1,730,83
30330,1,728,80
30331,0,0,0
30332,0,0,0
30333,0,0,0
30334,0,0,0
30335,0,0,0
30336,0,0,0
30337,0,0,0
30338,0,0,0
30339,0,0,0
30340,1,688,81
30341,1,688,80
30342,1,686,80
30343,1,685,81
30344,1,681,81
30345,1,678,85
30346,1,676,85
30347,1,675,88
30348,1,671,86
30349,1,670,88
30350,1,661,91
30351,1,660,95
30352,1,658,98
30353,1,655,101
30354,1,655,108
30355,1,651,108
30356,1,648,113
30357,1,646,116
30358,1,643,123
30359,1,643,128
30360,1,640,130
30361,1,635,136
30362,1,633,141
30363,1,630,146
30364,1,628,150
30365,1,625,155
30366,1,623,161
30367,1,621,168
30368,1,618,175
30369,1,616,180
30370,1,615,186
30371,1,610,190
30372,1,610,195
30373,1,606,203
30374,1,605,210
30375,1,600,216
30376,1,600,223
30377,1,598,230
30378,1,596,243
30379,0,0,0
30380,0,0,0
30381,0,0,0
30382,0,0,0
30383,1,614,233
30384,1,618,231
30385,0,0,0
30386,1,627,235
30387,1,630,237
30388,1,630,237
30389,0,0,0
30390,1,636,246
30391,1,636,251
30392,1,638,255
30393,1,1028,166
30394,1,640,260
30395,1,1030,165
30396,1,1028,165
30397,1,645,271
30398,1,646,275
30399,1,648,280
30400,1,648,285
30401,1,651,288
30402,0,0,0
30403,0,0,0
30404,0,0,0
30405,1,653,306
30406,1,656,311
30407,0,0,0
30408,1,661,328
30409,1,661,335
30410,0,0,0
30411,0,0,0
30412,1,668,351
30413,1,670,356
30414,1,670,365
30415,0,0,0
30416,1,671,378
30417,1,675,386
30418,1,675,395
30419,1,676,401
30420,0,0,0
30421,1,680,420
30422,1,680,418
30423,1,680,411
30424,1,681,403
30425,0,0,0
30426,1,685,393
30427,1,685,388
30428,1,685,381
30429,1,686,376
30430,0,0,0
30431,1,686,366
30432,1,686,361
30433,1,688,356
30434,1,688,355
30435,1,690,351
30436,1,690,348
30437,1,690,343
30438,1,690,340
30439,1,693,336
30440,1,693,333
30441,1,693,330
30442,1,695,326
30443,0,0,0
30444,0,0,0
30445,0,0,0
30446,0,0,0
30447,1,696,321
30448,1,696,321
30449,1,696,318
30450,1,430,355
30451,1,428,351
30452,1,426,348
30453,1,448,347
30454,1,469,345
30455,1,491,344
30456,1,513,342
30457,1,534,341
30458,1,556,340
30459,1,578,338
30460,1,600,337
30461,1,621,336
30462,0,0,0
30463,0,0,0
30464,0,0,0
30465,1,708,330
30466,1,708,333
30467,1,710,336
30468,1,711,338
30469,1,711,340
30470,1,711,341
30471,1,715,348
30472,1,713,350
30473,1,715,353
30474,1,715,358
30475,1,715,361
30476,1,716,366
30477,1,716,368
30478,1,716,376
30479,1,716,380
30480,1,716,385
30481,1,717,387
30482,1,720,395
30483,1,720,401
30484,1,720,403
30485,1,720,403
30486,1,721,393
30487,1,721,390
30488,1,721,390
30489,1,721,385
30490,1,723,378
30491,1,723,375
30492,1,723,373
30493,1,725,370
30494,1,725,368
30495,1,726,368
30496,1,726,365
30497,1,728,363
30498,1,728,356
30499,1,728,353
30500,1,728,351
30501,1,728,350
30502,1,730,348
30503,1,730,348
30504,1,731,346
30505,1,731,346
30506,0,0,0
30507,1,731,348
30508,1,731,350
30509,1,730,347
30510,1,730,347
30511,1,730,347
30512,1,729,346
30513,1,729,346
30514,1,729,346
30515,1,729,346
30516,1,728,346
30517,1,728,345
30518,1,728,345
30519,0,0,0
30520,0,0,0
30521,0,0,0
30522,0,0,0
30523,0,0,0
30524,0,0,0
30525,0,0,0
30526,0,0,0
30527,0,0,0
30528,0,0,0
30529,0,0,0
30530,0,0,0
30531,0,0,0
30532,0,0,0
30533,0,0,0
30534,0,0,0
30535,0,0,0
30536,0,0,0
30537,0,0,0
30538,0,0,0
30539,0,0,0
30540,1,723,341
30541,1,721,340
30542,1,720,336
30543,1,720,326
30544,1,720,321
30545,1,721,313
30546,1,720,308
30547,1,721,300
30548,1,721,296
30549,1,721,286
30550,1,721,278
30551,1,721,273
30552,1,720,263
30553,1,721,260
30554,1,721,256
30555,1,720,253
30556,1,720,246
30557,1,720,243
30558,1,721,231
30559,1,721,230
30560,1,721,225
30561,1,721,221
30562,1,721,216
30563,1,721,208
30564,1,721,206
30565,1,720,203
30566,1,720,201
30567,1,720,200
30568,1,720,195
30569,1,720,195
30570,1,721,191
30571,1,720,190
30572,1,722,190
30573,1,725,180
30574,1,723,180
30575,1,723,176
30576,1,723,175
30577,1,725,173
30578,1,723,171
30579,1,725,173
30580,1,725,171
30581,1,725,170
30582,1,723,171
30583,1,723,170
30584,1,723,170
30585,1,725,170
30586,1,727,170
30587,1,727,170
30588,0,0,0
30589,0,0,0
30590,1,855,307
30591,0,0,0
30592,0,0,0
30593,0,0,0
30594,1,857,301
30595,1,857,300
30596,1,858,299
30597,1,858,297
30598,1,859,296
30599,1,859,295
30600,0,0,0
30601,0,0,0
30602,0,0,0
30603,0,0,0
30604,0,0,0
30605,0,0,0
30606,0,0,0
30607,0,0,0
30608,0,0,0
30609,0,0,0
30610,0,0,0
30611,0,0,0
30612,0,0,0
30613,0,0,0
30614,0,0,0
30615,0,0,0
30616,0,0,0
30617,0,0,0
30618,0,0,0
30619,0,0,0
30620,0,0,0
30621,0,0,0
30622,0,0,0
30623,0,0,0
30624,0,0,0
30625,0,0,0
30626,0,0,0
30627,0,0,0
30628,0,0,0
30629,0,0,0
30630,0,0,0
30631,0,0,0
30632,0,0,0
30633,0,0,0
30634,0,0,0
30635,0,0,0
30636,0,0,0
30637,0,0,0
30638,0,0,0
30639,0,0,0
30640,0,0,0
30641,0,0,0
30642,0,0,0
30643,0,0,0
30644,0,0,0
30645,0,0,0
30646,0,0,0
30647,0,0,0
30648,0,0,0
30649,0,0,0
30650,0,0,0
30651,0,0,0
30652,0,0,0
30653,0,0,0
30654,0,0,0
30655,0,0,0
30656,0,0,0
30657,0,0,0
30658,0,0,0
30659,0,0,0
30660,0,0,0
30661,0,0,0
30662,0,0,0
30663,0,0,0
30664,0,0,0
30665,0,0,0
30666,0,0,0
30667,0,0,0
30668,0,0,0
30669,0,0,0
30670,0,0,0
30671,0,0,0
30672,0,0,0
30673,0,0,0
30674,0,0,0
30675,0,0,0
30676,0,0,0
30677,0,0,0
30678,0,0,0
30679,0,0,0
30680,0,0,0
30681,0,0,0
30682,0,0,0
30683,0,0,0
30684,0,0,0
30685,0,0,0
30686,0,0,0
30687,0,0,0
30688,0,0,0
30689,0,0,0
30690,0,0,0
30691,0,0,0
30692,0,0,0
30693,0,0,0
30694,0,0,0
30695,0,0,0
30696,0,0,0
30697,0,0,0
30698,0,0,0
30699,0,0,0
30700,0,0,0
30701,0,0,0
30702,0,0,0
30703,0,0,0
30704,0,0,0
30705,0,0,0
30706,0,0,0
30707,0,0,0
30708,0,0,0
30709,0,0,0
30710,0,0,0
30711,0,0,0
30712,0,0,0
30713,0,0,0
30714,0,0,0
30715,0,0,0
30716,0,0,0
30717,0,0,0
30718,0,0,0
30719,0,0,0
30720,0,0,0
30721,0,0,0
30722,0,0,0
30723,0,0,0
30724,0,0,0
30725,0,0,0
30726,0,0,0
30727,0,0,0
30728,0,0,0
30729,0,0,0
30730,0,0,0
30731,0,0,0
30732,0,0,0
30733,0,0,0
30734,0,0,0
30735,0,0,0
30736,0,0,0
30737,0,0,0
30738,0,0,0
30739,0,0,0
30740,0,0,0
30741,0,0,0
30742,0,0,0
30743,0,0,0
30744,0,0,0
30745,0,0,0
30746,0,0,0
30747,0,0,0
30748,0,0,0
30749,0,0,0
30750,0,0,0
30751,0,0,0
30752,0,0,0
30753,0,0,0
30754,0,0,0
30755,0,0,0
30756,0,0,0
30757,0,0,0
30758,0,0,0
30759,0,0,0
30760,0,0,0
30761,0,0,0
30762,0,0,0
30763,0,0,0
30764,0,0,0
30765,0,0,0
30766,0,0,0
30767,0,0,0
30768,0,0,0
30769,0,0,0
30770,0,0,0
30771,0,0,0
30772,0,0,0
30773,0,0,0
30774,0,0,0
30775,0,0,0
30776,0,0,0
30777,0,0,0
30778,0,0,0
30779,0,0,0
30780,0,0,0
30781,0,0,0
30782,0,0,0
30783,0,0,0
30784,0,0,0
30785,0,0,0
30786,0,0,0
30787,0,0,0
30788,0,0,0
30789,0,0,0
30790,0,0,0
30791,0,0,0
30792,0,0,0
30793,0,0,0
30794,0,0,0
30795,0,0,0
30796,0,0,0
30797,0,0,0
30798,0,0,0
30799,0,0,0
30800,0,0,0
30801,0,0,0
30802,0,0,0
30803,0,0,0
30804,0,0,0
30805,1,950,10
30806,0,0,0
30807,1,915,18
30808,1,901,30
30809,1,891,40
30810,1,871,45
30811,1,865,48
30812,1,848,60
30813,1,840,66
30814,1,831,73
30815,1,818,83
30816,1,808,90
30817,1,801,95
30818,1,793,101
30819,1,783,111
30820,1,776,116
30821,1,768,128
30822,1,763,135
30823,1,753,145
30824,1,750,151
30825,1,743,161
30826,1,741,166
30827,1,733,176
30828,1,728,183
30829,1,725,188
30830,1,721,193
30831,1,715,205
30832,1,711,208
30833,1,706,218
30834,1,705,226
30835,1,700,233
30836,1,698,241
30837,1,696,246
30838,1,695,256
30839,1,688,261
30840,1,686,268
30841,1,685,276
30842,1,680,290
30843,1,678,293
30844,1,675,296
30845,1,671,303
30846,1,670,303
30847,1,667,295
30848,1,660,281
30849,1,658,273
30850,1,656,261
30851,1,650,253
30852,1,646,245
30853,1,641,236
30854,1,640,230
30855,1,636,220
30856,1,633,213
30857,1,630,208
30858,1,626,201
30859,1,621,191
30860,1,620,188
30861,1,616,181
30862,1,615,173
30863,1,610,170
30864,1,608,165
30865,1,605,155
30866,1,601,151
30867,1,598,145
30868,1,593,141
30869,1,590,138
30870,1,588,136
30871,1,583,128
30872,1,581,126
30873,1,580,121
30874,1,575,115
30875,1,573,111
30876,1,571,110
30877,1,568,108
30878,1,565,103
30879,1,563,100
30880,1,563,98
30881,1,556,95
30882,1,555,93
30883,1,551,91
30884,1,550,91
30885,0,0,0
30886,1,545,85
30887,1,545,85
30888,1,540,82
30889,0,0,0
30890,0,0,0
30891,0,0,0
30892,0,0,0
30893,0,0,0
30894,0,0,0
30895,1,525,90
30896,1,523,90
30897,1,518,86
30898,1,518,86
30899,1,518,86
30900,1,513,80
30901,1,511,80
30902,1,510,81
30903,1,510,81
30904,1,508,81
30905,1,505,85
30906,1,500,92
30907,1,500,86
30908,1,498,88
30909,1,498,95
30910,1,493,93
30911,1,491,96
30912,1,491,95
30913,1,491,91
30914,1,487,97
30915,1,482,92
30916,1,480,92
30917,1,480,90
30918,1,477,90
30919,1,475,90
30920,1,472,90
30921,1,470,90
30922,1,471,90
30923,1,467,90
30924,1,465,90
30925,1,465,87
30926,1,463,90
30927,1,460,87
30928,1,457,90
30929,1,455,90
30930,1,455,93
30931,1,453,91
30932,1,450,93
30933,1,448,95
30934,1,446,96
30935,1,443,96
30936,1,441,96
30937,1,440,100
30938,1,436,101
30939,1,436,101
30940,0,0,0
30941,0,0,0
30942,0,0,0
30943,1,428,113
30944,0,0,0
30945,1,423,120
30946,1,421,120
30947,1,420,125
30948,1,418,126
30949,1,416,128
30950,1,415,135
30951,1,413,136
30952,1,408,140
30953,1,406,145
30954,1,406,148
30955,1,405,151
30956,1,403,155
30957,1,401,161
30958,1,396,165
30959,1,396,170
30960,1,395,173
30961,1,393,176
30962,1,390,181
30963,1,386,190
30964,1,385,195
30965,1,381,200
30966,1,381,206
30967,1,378,215
30968,1,376,218
30969,1,375,225
30970,1,375,230
30971,1,373,235
30972,1,370,241
30973,1,368,246
30974,1,366,255
30975,1,363,260
30976,1,361,268
30977,1,360,273
30978,1,358,280
30979,1,355,285
30980,1,351,293
30981,1,351,298
30982,1,350,306
30983,1,348,313
30984,1,343,323
30985,1,343,331
30986,1,341,340
30987,1,340,348
30988,1,336,356
30989,1,335,365
30990,0,0,0
30991,1,330,386
30992,1,328,381
30993,1,328,376
30994,1,326,368
30995,1,326,363
30996,1,325,358
30997,1,325,351
30998,1,323,348
30999,1,321,341
31000,1,321,335
31001,1,320,331
31002,1,320,328
31003,1,316,325
31004,1,316,323
31005,1,316,310
31006,1,315,306
31007,1,313,305
31008,1,311,300
31009,1,308,296
31010,1,306,293
31011,1,308,288
31012,1,306,285
31013,1,305,281
31014,1,305,278
31015,1,303,275
31016,1,301,271
31017,1,300,270
31018,1,298,268
31019,1,296,268
31020,1,296,263
31021,1,295,261
31022,1,295,261
31023,1,293,258
31024,1,293,255
31025,1,293,251
31026,1,290,251
31027,1,290,248
31028,1,288,248
31029,1,288,246
31030,1,286,246
31031,1,283,245
31032,1,281,245
31033,1,280,245
31034,1,276,245
31035,1,280,245
31036,1,277,247
31037,1,281,241
31038,1,277,247
31039,1,275,250
31040,1,275,250
31041,1,275,248
31042,1,275,246
31043,1,275,251
31044,1,319,274
31045,1,362,298
31046,1,406,322
31047,1,450,345
31048,1,1242,475
31049,1,547,342
31050,1,553,339
31051,1,559,336
31052,1,566,333
31053,1,572,330
31054,1,578,327
31055,1,584,324
31056,1,590,321
31057,1,596,318
31058,1,603,315
31059,0,0,0
31060,0,0,0
31061,0,0,0
31062,0,0,0
31063,0,0,0
31064,0,0,0
31065,0,0,0
31066,0,0,0
31067,0,0,0
31068,0,0,0
31069,0,0,0
31070,0,0,0
31071,0,0,0
31072,0,0,0
31073,0,0,0
31074,0,0,0
31075,0,0,0
31076,0,0,0
31077,0,0,0
31078,0,0,0
31079,0,0,0
31080,0,0,0
31081,0,0,0
31082,0,0,0
31083,0,0,0
31084,0,0,0
31085,0,0,0
31086,0,0,0
31087,0,0,0
31088,0,0,0
31089,0,0,0
31090,0,0,0
31091,0,0,0
31092,0,0,0
31093,0,0,0
31094,0,0,0
31095,0,0,0
31096,0,0,0
31097,0,0,0
31098,0,0,0
31099,0,0,0
31100,0,0,0
31101,0,0,0
31102,0,0,0
31103,0,0,0
31104,0,0,0
31105,0,0,0
31106,0,0,0
31107,0,0,0
31108,0,0,0
31109,0,0,0
31110,0,0,0
31111,0,0,0
31112,0,0,0
31113,0,0,0
31114,0,0,0
31115,0,0,0
31116,0,0,0
31117,0,0,0
31118,0,0,0
31119,0,0,0
31120,0,0,0
31121,0,0,0
31122,0,0,0
31123,0,0,0
31124,0,0,0
31125,0,0,0
31126,0,0,0
31127,0,0,0
31128,0,0,0
31129,0,0,0
31130,0,0,0
31131,0,0,0
31132,0,0,0
31133,0,0,0
31134,0,0,0
31135,0,0,0
31136,0,0,0
31137,0,0,0
31138,0,0,0
31139,0,0,0
31140,0,0,0
31141,0,0,0
31142,0,0,0
31143,0,0,0
31144,0,0,0
31145,0,0,0
31146,0,0,0
31147,0,0,0
31148,0,0,0
31149,0,0,0
31150,0,0,0
31151,0,0,0
31152,0,0,0
31153,0,0,0
31154,0,0,0
31155,0,0,0
31156,0,0,0
31157,0,0,0
31158,0,0,0
31159,0,0,0
31160,1,1232,7
31161,1,1197,10
31162,1,1160,12
31163,1,1105,16
31164,1,1078,20
31165,1,1051,28
31166,1,1020,38
31167,1,995,45
31168,1,978,50
31169,1,955,63
31170,1,943,68
31171,1,923,83
31172,1,901,88
31173,1,895,95
31174,1,875,102
31175,1,870,113
31176,1,858,120
31177,1,846,123
31178,1,835,135
31179,1,823,145
31180,1,818,150
31181,1,806,160
31182,1,801,166
31183,1,790,173
31184,1,783,181
31185,1,775,191
31186,1,770,196
31187,1,765,206
31188,1,761,215
31189,1,755,220
31190,1,750,228
31191,1,743,236
31192,1,740,245
31193,1,735,251
31194,1,731,260
31195,1,728,268
31196,1,723,273
31197,1,721,281
31198,1,716,288
31199,1,715,295
31200,1,710,305
31201,1,707,307
31202,1,707,312
31203,1,697,310
31204,1,695,310
31205,1,698,301
31206,1,700,295
31207,1,700,281
31208,1,698,273
31209,1,700,263
31210,1,698,255
31211,1,696,246
31212,1,695,236
31213,1,695,230
31214,1,695,226
31215,0,0,0
31216,1,695,206
31217,1,695,200
31218,1,693,188
31219,1,693,180
31220,1,693,175
31221,1,693,166
31222,0,0,0
31223,1,693,151
31224,1,690,146
31225,1,690,140
31226,1,690,135
31227,1,690,126
31228,1,688,121
31229,1,688,116
31230,1,686,110
31231,1,686,101
31232,1,686,98
31233,1,686,91
31234,1,686,86
31235,1,686,83
31236,1,685,81
31237,1,685,73
31238,1,685,70
31239,1,685,65
31240,1,685,61
31241,1,683,58
31242,1,683,55
31243,1,681,50
31244,1,683,46
31245,1,685,46
31246,1,683,45
31247,1,683,41
31248,1,683,38
31249,1,683,35
31250,1,683,31
31251,1,683,30
31252,1,683,30
31253,1,681,13
31254,1,681,11
31255,1,681,10
31256,1,681,10
31257,1,680,10
31258,1,678,10
31259,0,0,0
31260,0,0,0
31261,0,0,0
31262,0,0,0
31263,0,0,0
31264,0,0,0
31265,0,0,0
31266,0,0,0
31267,0,0,0
31268,0,0,0
31269,0,0,0
31270,0,0,0
31271,1,680,5
31272,1,680,6
31273,1,675,10
31274,0,0,0
31275,1,671,28
31276,1,671,28
31277,1,670,30
31278,1,670,31
31279,1,671,31
31280,1,670,35
31281,1,670,38
31282,1,670,41
31283,1,670,45
31284,1,670,46
31285,0,0,0
31286,1,670,55
31287,1,668,56
31288,1,668,61
31289,1,668,66
31290,1,668,75
31291,1,666,80
31292,1,666,81
31293,1,666,81
31294,1,666,85
31295,1,666,90
31296,1,668,96
31297,1,666,100
31298,1,666,110
31299,1,666,115
31300,1,666,120
31301,1,663,126
31302,0,0,0
31303,1,663,140
31304,1,663,146
31305,1,663,155
31306,1,663,163
31307,1,661,170
31308,1,661,176
31309,1,660,181
31310,1,661,188
31311,1,661,196
31312,1,660,206
31313,1,660,215
31314,1,660,221
31315,1,660,231
31316,1,660,236
31317,1,660,248
31318,1,660,258
31319,1,660,263
31320,1,660,286
31321,1,658,285
31322,1,658,283
31323,1,656,276
31324,1,658,268
31325,1,660,261
31326,1,658,255
31327,1,658,246
31328,1,660,241
31329,1,661,233
31330,1,661,223
31331,1,661,216
31332,1,661,208
31333,1,661,203
31334,1,663,198
31335,1,665,195
31336,1,666,188
31337,1,668,181
31338,1,668,173
31339,1,670,165
31340,1,670,161
31341,1,671,155
31342,1,671,148
31343,1,671,143
31344,1,675,138
31345,1,675,135
31346,1,676,130
31347,1,676,126
31348,1,676,123
31349,1,676,121
31350,1,675,123
31351,1,676,116
31352,1,678,111
31353,1,678,108
31354,1,680,103
31355,1,680,101
31356,1,681,100
31357,1,683,98
31358,1,683,96
31359,1,685,95
31360,1,685,93
31361,1,685,93
31362,1,686,95
31363,1,686,93
31364,1,686,93
31365,1,687,95
31366,1,690,95
31367,1,690,95
31368,0,0,0
31369,0,0,0
31370,0,0,0
31371,0,0,0
31372,0,0,0
31373,1,700,85
31374,0,0,0
31375,0,0,0
31376,1,698,93
31377,1,701,93
31378,1,701,90
31379,1,698,91
31380,1,703,101
31381,1,705,103
31382,1,705,108
31383,1,705,110
31384,1,706,111
31385,1,708,113
31386,1,708,116
31387,1,708,120
31388,1,708,125
31389,1,710,126
31390,1,711,135
31391,1,711,138
31392,1,713,143
31393,1,715,150
31394,1,715,155
31395,1,716,160
31396,1,716,165
31397,1,716,170
31398,1,718,175
31399,1,717,180
31400,1,720,185
31401,1,720,190
31402,1,720,195
31403,1,721,203
31404,1,721,206
31405,1,723,215
31406,1,723,220
31407,1,723,225
31408,1,723,231
31409,1,723,233
31410,1,725,231
31411,0,0,0
31412,0,0,0
31413,1,722,227
31414,1,725,225
31415,1,725,227
31416,1,725,227
31417,1,726,231
31418,1,726,231
31419,0,0,0
31420,0,0,0
31421,1,726,220
31422,1,726,216
31423,1,726,208
31424,1,726,206
31425,1,730,206
31426,1,728,205
31427,1,726,203
31428,1,725,200
31429,1,723,196
31430,1,721,195
31431,0,0,0
31432,0,0,0
31433,0,0,0
31434,0,0,0
31435,0,0,0
31436,1,716,198
31437,1,715,197
31438,1,715,197
31439,1,715,197
31440,1,716,201
31441,1,715,203
31442,0,0,0
31443,1,715,205
31444,0,0,0
31445,0,0,0
31446,0,0,0
31447,1,711,220
31448,1,711,225
31449,1,711,230
31450,1,711,235
31451,1,711,240
31452,1,711,243
31453,1,711,250
31454,1,711,256
31455,1,705,268
31456,1,705,273
31457,1,705,283
31458,1,705,290
31459,1,703,298
31460,1,703,306
31461,1,703,321
31462,1,701,333
31463,1,701,341
31464,1,701,355
31465,1,700,365
31466,1,696,378
31467,1,698,395
31468,1,696,408
31469,1,698,426
31470,1,696,442
31471,1,695,457
31472,1,697,470
31473,1,692,469
31474,1,687,468
31475,1,682,467
31476,1,672,450
31477,1,667,442
31478,1,665,435
31479,1,660,430
31480,1,653,418
31481,1,645,412
31482,1,640,407
31483,1,637,402
31484,1,632,397
31485,1,630,393
31486,1,625,391
31487,1,620,388
31488,1,615,381
31489,1,610,378
31490,1,606,376
31491,1,603,375
31492,1,598,375
31493,1,593,375
31494,1,589,374
31495,1,586,372
31496,1,582,371
31497,1,578,370
31498,1,575,370
31499,1,573,370
31500,1,568,372
31501,1,563,374
31502,1,557,376
31503,1,552,378
31504,1,547,380
31505,0,0,0
31506,0,0,0
31507,0,0,0
31508,0,0,0
31509,0,0,0
31510,0,0,0
31511,0,0,0
31512,0,0,0
31513,0,0,0
31514,0,0,0
31515,0,0,0
31516,0,0,0
31517,0,0,0
31518,0,0,0
31519,0,0,0
31520,0,0,0
31521,0,0,0
31522,0,0,0
31523,0,0,0
31524,0,0,0
31525,0,0,0
31526,0,0,0
31527,0,0,0
31528,0,0,0
31529,0,0,0
31530,1,483,416
31531,1,477,415
31532,1,476,411
31533,1,475,406
31534,1,475,403
31535,1,472,407
31536,1,471,395
31537,1,471,393
31538,1,471,388
31539,1,470,388
31540,1,468,383
31541,1,466,381
31542,1,465,381
31543,0,0,0
31544,1,463,381
31545,1,455,395
31546,1,455,395
31547,1,453,395
31548,1,451,395
31549,1,449,395
31550,1,447,395
31551,0,0,0
31552,0,0,0
31553,1,445,400
31554,1,447,400
31555,1,448,403
31556,1,448,411
31557,1,446,416
31558,1,446,423
31559,1,446,428
31560,1,445,435
31561,1,446,433
31562,1,446,431
31563,1,446,428
31564,1,446,421
31565,1,446,418
31566,1,446,413
31567,1,445,406
31568,1,445,403
31569,1,445,396
31570,1,445,393
31571,1,445,390
31572,1,443,386
31573,1,443,383
31574,1,443,381
31575,1,443,378
31576,1,443,376
31577,1,445,375
31578,1,446,370
31579,1,445,370
31580,1,445,368
31581,1,445,365
31582,1,443,365
31583,1,445,365
31584,1,446,365
31585,1,446,363
31586,1,446,366
31587,1,446,366
31588,1,445,367
31589,1,445,370
31590,1,452,369
31591,1,458,368
31592,1,464,367
31593,1,471,366
31594,1,478,365
31595,1,484,364
31596,1,490,363
31597,1,497,362
31598,1,504,361
31599,1,510,360
31600,1,512,357
31601,1,515,357
31602,1,515,357
31603,1,520,357
31604,1,522,357
31605,1,526,363
31606,1,530,363
31607,1,535,363
31608,1,538,365
31609,1,540,366
31610,1,545,370
31611,1,550,373
31612,1,551,375
31613,1,556,375
31614,1,556,378
31615,1,561,381
31616,1,563,385
31617,1,566,388
31618,1,568,393
31619,1,571,396
31620,0,0,0
31621,1,580,411
31622,1,581,408
31623,1,580,400
31624,1,582,397
31625,1,585,395
31626,1,585,387
31627,1,587,385
31628,1,590,385
31629,1,593,380
31630,0,0,0
31631,0,0,0
31632,1,438,328
31633,1,797,305
31634,1,795,302
31635,1,795,303
31636,1,795,303
31637,1,795,304
31638,1,794,304
31639,1,794,305
31640,1,794,306
31641,1,794,306
31642,1,794,307
31643,1,794,307
31644,0,0,0
31645,0,0,0
31646,0,0,0
31647,0,0,0
31648,0,0,0
31649,0,0,0
31650,0,0,0
31651,0,0,0
31652,0,0,0
31653,0,0,0
31654,0,0,0
31655,0,0,0
31656,0,0,0
31657,0,0,0
31658,0,0,0
31659,0,0,0
31660,0,0,0
31661,0,0,0
31662,0,0,0
31663,0,0,0
31664,0,0,0
31665,0,0,0
31666,0,0,0
31667,0,0,0
31668,0,0,0
31669,0,0,0
31670,0,0,0
31671,0,0,0
31672,0,0,0
31673,0,0,0
31674,0,0,0
31675,0,0,0
31676,0,0,0
31677,0,0,0
31678,0,0,0
31679,0,0,0
31680,0,0,0
31681,0,0,0
31682,0,0,0
31683,0,0,0
31684,0,0,0
31685,0,0,0
31686,0,0,0
31687,0,0,0
31688,0,0,0
31689,0,0,0
31690,0,0,0
31691,0,0,0
31692,0,0,0
31693,0,0,0
31694,0,0,0
31695,0,0,0
31696,0,0,0
31697,0,0,0
31698,0,0,0
31699,1,785,340
31700,1,785,337
31701,0,0,0
31702,0,0,0
31703,1,782,326
31704,1,780,323
31705,1,779,319
31706,1,778,316
31707,1,777,312
31708,1,777,310
31709,1,777,307
31710,1,786,306
31711,1,786,301
31712,1,786,300
31713,1,788,295
31714,1,788,293
31715,1,786,288
31716,1,786,286
31717,1,788,283
31718,1,788,281
31719,1,790,281
31720,1,790,278
31721,1,788,276
31722,1,790,275
31723,1,790,275
31724,1,790,275
31725,1,790,267
31726,1,790,267
31727,0,0,0
31728,0,0,0
31729,0,0,0
31730,1,795,265
31731,1,795,262
31732,1,795,262
31733,1,795,262
31734,1,796,264
31735,1,797,266
31736,1,798,268
31737,1,800,270
31738,1,801,272
31739,1,802,274
31740,1,803,276
31741,1,801,273
31742,1,798,268
31743,1,795,262
31744,1,795,258
31745,1,795,253
31746,1,791,248
31747,1,790,243
31748,1,790,241
31749,1,788,233
31750,1,786,230
31751,1,785,226
31752,1,781,221
31753,1,780,220
31754,1,778,218
31755,0,0,0
31756,1,776,208
31757,1,775,205
31758,1,773,200
31759,1,770,200
31760,1,770,195
31761,1,768,193
31762,1,766,190
31763,1,765,188
31764,1,763,188
31765,1,760,180
31766,1,756,178
31767,1,753,178
31768,1,751,175
31769,1,750,176
31770,1,753,173
31771,1,750,171
31772,1,743,171
31773,1,743,168
31774,1,741,166
31775,1,738,165
31776,1,733,163
31777,1,730,163
31778,1,725,163
31779,1,723,163
31780,1,721,163
31781,1,716,165
31782,1,713,166
31783,1,708,166
31784,1,703,170
31785,1,706,170
31786,1,701,171
31787,1,696,173
31788,1,690,175
31789,1,690,180
31790,1,686,180
31791,1,680,181
31792,1,675,186
31793,1,670,190
31794,1,661,196
31795,1,658,201
31796,1,653,206
31797,1,648,213
31798,1,643,220
31799,1,636,228
31800,0,0,0
31801,1,628,241
31802,1,621,256
31803,0,0,0
31804,0,0,0
31805,0,0,0
31806,1,596,328
31807,0,0,0
31808,0,0,0
31809,0,0,0
31810,1,600,226
31811,1,598,206
31812,1,596,190
31813,1,598,166
31814,1,596,141
31815,1,598,116
31816,1,600,100
31817,1,605,73
31818,1,603,56
31819,1,605,41
31820,0,0,0
31821,1,606,13
31822,1,601,295
31823,1,603,298
31824,1,601,303
31825,1,600,310
31826,1,598,313
31827,1,596,322
31828,1,593,330
31829,1,586,342
31830,1,578,355
31831,1,581,360
31832,1,581,363
31833,1,584,374
31834,1,588,385
31835,1,580,403
31836,1,580,411
31837,1,580,411
31838,1,575,416
31839,1,573,418
31840,1,570,411
31841,1,556,407
31842,1,541,403
31843,1,526,400
31844,1,512,396
31845,1,498,392
31846,1,483,388
31847,1,471,390
31848,1,465,388
31849,1,458,383
31850,1,448,386
31851,1,446,383
31852,1,445,380
31853,1,440,380
31854,1,436,378
31855,1,433,376
31856,1,433,372
31857,1,433,368
31858,1,434,369
31859,1,434,370
31860,1,435,371
31861,1,435,372
31862,1,436,373
31863,1,440,375
31864,1,445,375
31865,1,448,380
31866,1,458,378
31867,1,461,386
31868,1,465,388
31869,1,468,391
31870,1,476,389
31871,1,484,387
31872,1,492,385
31873,1,500,383
31874,1,508,381
31875,1,515,379
31876,1,523,377
31877,1,531,375
31878,1,539,373
31879,0,0,0
31880,0,0,0
31881,0,0,0
31882,0,0,0
31883,0,0,0
31884,0,0,0
31885,0,0,0
31886,0,0,0
31887,0,0,0
31888,0,0,0
31889,0,0,0
31890,0,0,0
31891,0,0,0
31892,0,0,0
31893,0,0,0
31894,0,0,0
31895,0,0,0
31896,0,0,0
31897,0,0,0
31898,0,0,0
31899,0,0,0
31900,1,713,330
31901,1,706,322
31902,1,700,313
31903,1,691,303
31904,1,695,288
31905,1,691,249
31906,1,688,209
31907,1,684,170
31908,1,681,130
31909,1,677,91
31910,1,674,51
31911,1,670,12
31912,1,675,16
31913,0,0,0
31914,1,676,43
31915,1,676,58
31916,1,678,71
31917,1,683,86
31918,1,683,101
31919,1,683,116
31920,0,0,0
31921,1,682,150
31922,0,0,0
31923,1,688,178
31924,1,686,176
31925,1,685,165
31926,1,683,155
31927,1,681,140
31928,1,680,123
31929,1,681,113
31930,1,678,98
31931,1,675,85
31932,1,671,71
31933,1,670,63
31934,1,663,56
31935,1,673,46
31936,1,671,38
31937,0,0,0
31938,0,0,0
31939,1,673,10
31940,1,664,30
31941,1,654,51
31942,1,645,71
31943,1,635,91
31944,1,626,112
31945,1,617,132
31946,1,607,152
31947,1,598,172
31948,1,588,193
31949,0,0,0
31950,0,0,0
31951,0,0,0
31952,0,0,0
31953,0,0,0
31954,0,0,0
31955,0,0,0
31956,0,0,0
31957,0,0,0
31958,0,0,0
31959,1,485,416
31960,1,470,415
31961,1,463,405
31962,1,466,391
31963,1,461,386
31964,1,451,386
31965,0,0,0
31966,0,0,0
31967,0,0,0
31968,1,470,355
31969,1,462,351
31970,1,455,347
31971,1,553,308
31972,1,552,317
31973,1,552,327
31974,1,551,336
31975,0,0,0
31976,1,462,377
31977,1,567,382
31978,0,0,0
31979,1,571,388
31980,1,573,392
31981,1,575,395
31982,1,580,400
31983,1,583,405
31984,1,585,393
31985,1,583,381
31986,1,585,350
31987,1,585,350
31988,1,592,317
31989,1,590,322
31990,0,0,0
31991,1,580,281
31992,0,0,0
31993,1,573,260
31994,1,571,253
31995,1,576,13
31996,1,578,16
31997,1,578,20
31998,1,578,33
31999,1,576,41
32000,1,575,48
32001,1,575,58
32002,1,575,68
32003,1,575,75
32004,1,573,86
32005,1,571,98
32006,1,568,108
32007,1,570,123
32008,1,566,135
32009,1,566,148
32010,1,563,165
32011,1,565,171
32012,1,570,178
32013,1,580,178
32014,1,593,178
32015,1,603,176
32016,1,616,170
32017,1,623,171
32018,1,635,171
32019,1,645,173
32020,1,651,173
32021,1,660,175
32022,1,670,173
32023,1,680,173
32024,1,685,176
32025,1,695,180
32026,1,700,180
32027,1,710,188
32028,1,716,190
32029,1,723,193
32030,1,728,193
32031,1,736,196
32032,1,741,201
32033,1,748,203
32034,1,753,206
32035,1,758,210
32036,1,763,215
32037,1,768,216
32038,1,775,221
32039,1,778,225
32040,1,786,240
32041,1,791,241
32042,0,0,0
32043,1,801,248
32044,1,805,251
32045,1,810,256
32046,1,815,261
32047,1,818,266
32048,1,823,270
32049,1,828,276
32050,1,830,281
32051,1,833,288
32052,1,836,295
32053,1,840,301
32054,1,843,306
32055,1,855,313
32056,1,852,320
32057,1,855,326
32058,1,858,331
32059,1,861,338
32060,1,865,341
32061,1,866,351
32062,1,870,360
32063,1,873,365
32064,1,876,368
32065,1,880,375
32066,1,881,378
32067,1,885,383
32068,1,885,386
32069,1,886,386
32070,1,891,373
32071,1,896,368
32072,1,900,361
32073,1,901,355
32074,1,903,350
32075,1,910,341
32076,1,910,340
32077,1,913,335
32078,1,913,331
32079,1,916,328
32080,1,918,323
32081,1,921,321
32082,1,921,316
32083,1,925,315
32084,1,926,313
32085,1,923,311
32086,1,926,308
32087,1,930,306
32088,1,930,303
32089,1,931,298
32090,1,935,298
32091,1,936,296
32092,1,938,296
32093,1,940,295
32094,1,943,295
32095,1,943,295
32096,1,945,293
32097,1,948,293
32098,1,950,295
32099,1,951,295
32100,1,951,293
32101,1,953,293
32102,1,956,293
32103,1,956,293
32104,1,958,293
32105,1,961,295
32106,1,961,296
32107,1,963,296
32108,1,965,298
32109,1,966,300
32110,1,968,301
32111,1,968,303
32112,1,970,303
32113,1,971,305
32114,1,971,306
32115,1,975,313
32116,1,975,315
32117,1,976,316
32118,1,978,320
32119,1,980,321
32120,1,980,321
32121,1,981,325
32122,1,981,328
32123,1,981,331
32124,1,981,331
32125,1,983,335
32126,1,983,335
32127,1,983,335
32128,1,983,336
32129,1,983,336
32130,1,941,340
32131,1,899,343
32132,1,857,347
32133,1,815,351
32134,1,773,354
32135,1,730,358
32136,1,688,361
32137,1,646,365
32138,1,604,369
32139,0,0,0
32140,1,520,376
32141,1,516,378
32142,1,515,380
32143,1,513,383
32144,1,513,383
32145,1,995,356
32146,1,993,358
32147,1,993,353
32148,1,993,360
32149,1,991,361
32150,1,990,366
32151,1,991,366
32152,1,991,370
32153,1,988,369
32154,1,985,369
32155,1,981,368
32156,1,978,368
32157,1,975,367
32158,1,975,367
32159,1,975,367
32160,1,975,365
32161,1,975,365
32162,1,975,365
32163,1,975,362
32164,1,972,362
32165,1,972,362
32166,0,0,0
32167,1,980,358
32168,1,970,362
32169,1,970,362
32170,1,970,360
32171,1,970,367
32172,1,972,370
32173,1,970,370
32174,1,970,370
32175,1,971,365
32176,1,968,363
32177,1,968,365
32178,1,968,363
32179,1,966,365
32180,1,965,365
32181,1,966,366
32182,1,965,368
32183,1,963,368
32184,1,965,366
32185,1,962,365
32186,1,962,365
32187,1,962,362
32188,1,962,362
32189,1,960,362
32190,1,960,362
32191,1,960,362
32192,1,960,362
32193,1,960,362
32194,1,960,362
32195,1,960,362
32196,1,955,363
32197,1,955,363
32198,1,953,363
32199,1,951,365
32200,1,950,365
32201,1,948,366
32202,1,948,368
32203,1,948,368
32204,1,950,368
32205,1,949,368
32206,1,947,368
32207,1,946,368
32208,1,948,368
32209,1,946,368
32210,1,946,366
32211,1,945,365
32212,1,945,366
32213,1,945,365
32214,1,945,365
32215,1,945,361
32216,1,945,365
32217,1,946,365
32218,1,945,363
32219,1,946,363
32220,0,0,0
32221,0,0,0
32222,1,1028,61
32223,1,1051,63
32224,0,0,0
32225,1,575,217
32226,1,572,212
32227,1,568,164
32228,1,564,116
32229,1,561,68
32230,1,557,20
32231,1,555,22
32232,1,555,30
32233,1,555,40
32234,1,555,50
32235,1,556,63
32236,1,561,70
32237,1,561,83
32238,1,563,93
32239,0,0,0
32240,1,563,116
32241,0,0,0
32242,1,563,135
32243,1,563,145
32244,1,565,153
32245,0,0,0
32246,0,0,0
32247,0,0,0
32248,0,0,0
32249,0,0,0
32250,0,0,0
32251,0,0,0
32252,1,563,135
32253,0,0,0
32254,0,0,0
32255,1,561,98
32256,1,556,90
32257,0,0,0
32258,0,0,0
32259,0,0,0
32260,0,0,0
32261,0,0,0
32262,1,550,38
32263,1,548,35
32264,0,0,0
32265,1,550,21
32266,0,0,0
32267,0,0,0
32268,0,0,0
32269,0,0,0
32270,0,0,0
32271,0,0,0
32272,0,0,0
32273,0,0,0
32274,0,0,0
32275,0,0,0
32276,0,0,0
32277,0,0,0
32278,0,0,0
32279,0,0,0
32280,0,0,0
32281,0,0,0
32282,0,0,0
32283,0,0,0
32284,0,0,0
32285,0,0,0
32286,0,0,0
32287,0,0,0
32288,0,0,0
32289,0,0,0
32290,0,0,0
32291,0,0,0
32292,1,332,665
32293,1,330,667
32294,1,330,670
32295,1,332,668
32296,1,335,665
32297,1,338,662
32298,1,340,660
32299,1,335,635
32300,1,332,628
32301,1,328,621
32302,1,325,615
32303,1,322,608
32304,1,318,601
32305,1,315,594
32306,1,312,588
32307,1,308,581
32308,1,305,574
32309,0,0,0
32310,0,0,0
32311,0,0,0
32312,0,0,0
32313,0,0,0
32314,0,0,0
32315,0,0,0
32316,0,0,0
32317,1,275,513
32318,1,270,515
32319,1,265,517
32320,1,262,500
32321,1,295,442
32322,1,260,482
32323,1,250,480
32324,1,251,471
32325,1,252,462
32326,1,254,452
32327,1,255,443
32328,0,0,0
32329,0,0,0
32330,1,246,430
32331,1,250,428
32332,1,256,415
32333,1,256,411
32334,1,256,405
32335,1,256,405
32336,1,256,400
32337,1,256,395
32338,1,258,395
32339,1,260,395
32340,1,256,385
32341,1,256,386
32342,1,258,388
32343,1,260,391
32344,1,260,393
32345,1,260,395
32346,1,270,397
32347,1,256,403
32348,1,260,408
32349,1,260,415
32350,1,266,422
32351,1,271,430
32352,1,271,440
32353,1,293,447
32354,1,315,454
32355,1,336,461
32356,1,358,468
32357,1,380,475
32358,1,402,482
32359,1,404,479
32360,1,407,476
32361,1,409,472
32362,1,412,469
32363,1,414,466
32364,1,416,462
32365,1,419,459
32366,1,421,456
32367,1,424,453
32368,0,0,0
32369,0,0,0
32370,1,431,443
32371,1,430,430
32372,1,431,410
32373,0,0,0
32374,0,0,0
32375,0,0,0
32376,1,437,342
32377,1,431,335
32378,1,430,328
32379,1,428,315
32380,1,426,308
32381,0,0,0
32382,0,0,0
32383,1,418,290
32384,1,416,286
32385,1,413,275
32386,1,411,275
32387,1,411,275
32388,1,410,271
32389,1,410,244
32390,1,411,217
32391,1,412,190
32392,1,412,163
32393,1,412,136
32394,1,413,108
32395,1,414,81
32396,1,414,54
32397,1,414,27
32398,1,415,0
32399,1,415,0
32400,0,0,0
32401,1,412,10
32402,0,0,0
32403,1,413,11
32404,1,411,11
32405,1,410,15
32406,1,411,26
32407,1,410,31
32408,1,408,41
32409,1,408,48
32410,1,406,56
32411,1,408,66
32412,0,0,0
32413,0,0,0
32414,0,0,0
32415,1,401,100
32416,1,403,111
32417,1,403,120
32418,1,403,128
32419,0,0,0
32420,0,0,0
32421,0,0,0
32422,0,0,0
32423,1,408,165
32424,1,415,168
32425,0,0,0
32426,1,430,172
32427,1,435,161
32428,1,443,163
32429,1,448,163
32430,0,0,0
32431,0,0,0
32432,1,461,163
32433,0,0,0
32434,1,482,160
32435,1,490,160
32436,0,0,0
32437,0,0,0
32438,0,0,0
32439,1,521,156
32440,1,525,155
32441,0,0,0
32442,0,0,0
32443,1,543,161
32444,1,550,163
32445,1,553,163
32446,1,561,165
32447,1,565,166
32448,1,570,165
32449,1,575,166
32450,1,580,168
32451,1,590,168
32452,1,593,170
32453,1,596,173
32454,1,601,175
32455,1,605,176
32456,1,615,183
32457,1,620,183
32458,1,621,188
32459,1,628,190
32460,1,623,190
32461,1,628,191
32462,1,635,193
32463,0,0,0
32464,1,643,195
32465,1,648,196
32466,1,653,198
32467,1,658,203
32468,0,0,0
32469,0,0,0
32470,0,0,0
32471,1,673,213
32472,1,678,216
32473,1,681,221
32474,1,685,223
32475,1,695,226
32476,1,696,231
32477,1,700,235
32478,1,703,236
32479,1,708,241
32480,1,710,243
32481,1,713,246
32482,1,715,251
32483,1,721,253
32484,1,723,256
32485,1,726,260
32486,1,730,263
32487,1,733,268
32488,1,736,271
32489,1,740,275
32490,1,738,280
32491,1,743,281
32492,1,748,285
32493,0,0,0
32494,0,0,0
32495,0,0,0
32496,0,0,0
32497,0,0,0
32498,0,0,0
32499,1,766,310
32500,1,766,313
32501,1,768,315
32502,1,772,322
32503,1,775,328
32504,0,0,0
32505,0,0,0
32506,0,0,0
32507,0,0,0
32508,1,791,348
32509,1,795,351
32510,1,796,355
32511,1,800,361
32512,1,801,366
32513,1,801,368
32514,1,805,375
32515,1,806,376
32516,1,808,383
32517,1,810,388
32518,1,808,393
32519,1,813,400
32520,1,810,393
32521,1,815,403
32522,1,820,410
32523,1,821,413
32524,1,823,421
32525,1,820,427
32526,1,828,428
32527,1,830,431
32528,1,833,435
32529,1,836,440
32530,1,836,443
32531,1,838,446
32532,1,840,455
32533,1,840,461
32534,1,843,466
32535,1,845,452
32536,1,848,450
32537,1,850,443
32538,1,850,438
32539,1,851,433
32540,1,855,430
32541,1,856,421
32542,1,858,420
32543,1,858,418
32544,1,861,413
32545,1,863,410
32546,1,863,408
32547,1,865,405
32548,1,866,401
32549,1,866,400
32550,1,868,401
32551,1,870,396
32552,1,873,393
32553,1,875,386
32554,1,876,381
32555,1,881,381
32556,1,881,378
32557,1,883,375
32558,1,885,370
32559,1,885,368
32560,1,888,365
32561,1,890,365
32562,1,891,361
32563,1,891,360
32564,1,893,360
32565,1,893,356
32566,1,896,355
32567,1,896,353
32568,1,898,351
32569,1,898,350
32570,1,900,348
32571,1,900,348
32572,1,902,347
32573,1,900,342
32574,1,900,340
32575,1,908,336
32576,1,908,336
32577,1,910,335
32578,1,910,333
32579,1,910,333
32580,1,907,337
32581,1,910,336
32582,1,911,336
32583,1,913,333
32584,1,915,331
32585,1,916,330
32586,1,918,326
32587,1,921,326
32588,1,921,326
32589,1,923,326
32590,1,925,326
32591,1,925,325
32592,1,926,325
32593,1,926,325
32594,1,928,325
32595,1,926,321
32596,1,927,327
32597,1,927,327
32598,1,927,325
32599,1,930,325
32600,1,935,321
32601,1,935,323
32602,1,935,323
32603,1,935,323
32604,1,936,323
32605,1,938,323
32606,1,938,325
32607,1,940,325
32608,1,940,326
32609,1,940,328
32610,1,941,328
32611,1,943,328
32612,1,945,331
32613,1,946,331
32614,1,948,335
32615,1,950,335
32616,1,951,336
32617,1,953,338
32618,1,953,338
32619,1,953,338
32620,1,953,338
32621,1,953,338
32622,1,953,338
32623,1,953,338
32624,1,953,338
32625,1,961,351
32626,1,961,350
32627,1,960,350
32628,1,961,350
32629,1,961,350
32630,1,961,350
32631,1,963,350
32632,1,965,351
32633,1,966,353
32634,1,966,355
32635,1,968,358
32636,1,968,360
32637,1,968,361
32638,1,968,365
32639,1,968,366
32640,1,971,368
32641,1,973,370
32642,1,975,373
32643,1,976,373
32644,1,978,375
32645,1,980,376
32646,1,980,380
32647,1,980,383
32648,1,980,385
32649,1,980,385
32650,1,980,386
32651,1,980,386
32652,1,980,386
32653,1,980,388
32654,1,980,386
32655,1,966,386
32656,1,953,386
32657,1,940,386
32658,1,926,386
32659,1,912,386
32660,1,899,386
32661,1,886,386
32662,1,872,386
32663,1,858,386
32664,0,0,0
32665,0,0,0
32666,1,818,386
32667,1,820,385
32668,1,829,386
32669,1,839,388
32670,1,848,389
32671,1,857,391
32672,1,867,392
32673,1,876,394
32674,1,885,395
32675,1,895,397
32676,1,904,398
32677,0,0,0
32678,0,0,0
32679,0,0,0
32680,0,0,0
32681,0,0,0
32682,0,0,0
32683,0,0,0
32684,0,0,0
32685,1,988,411
32686,1,988,408
32687,1,988,408
32688,1,990,408
32689,1,988,410
32690,1,988,411
32691,1,988,413
32692,1,988,415
32693,1,988,415
32694,1,988,415
32695,1,988,415
32696,1,986,416
32697,1,986,416
32698,1,985,420
32699,1,985,420
32700,1,857,409
32701,1,730,397
32702,1,602,386
32703,1,475,374
32704,1,347,363
32705,1,220,351
32706,1,92,340
32707,0,0,0
32708,1,1051,76
32709,1,1053,75
32710,0,0,0
32711,0,0,0
32712,0,0,0
32713,0,0,0
32714,0,0,0
32715,1,310,86
32716,1,316,93
32717,1,322,99
32718,1,328,106
32719,1,334,113
32720,1,341,119
32721,1,347,126
32722,1,353,133
32723,1,359,139
32724,1,365,146
32725,0,0,0
32726,0,0,0
32727,0,0,0
32728,0,0,0
32729,0,0,0
32730,0,0,0
32731,0,0,0
32732,0,0,0
32733,0,0,0
32734,0,0,0
32735,0,0,0
32736,0,0,0
32737,0,0,0
32738,0,0,0
32739,0,0,0
32740,0,0,0
32741,0,0,0
32742,0,0,0
32743,0,0,0
32744,0,0,0
32745,0,0,0
32746,0,0,0
32747,0,0,0
32748,0,0,0
32749,0,0,0
32750,0,0,0
32751,0,0,0
32752,0,0,0
32753,0,0,0
32754,0,0,0
32755,0,0,0
32756,0,0,0
32757,0,0,0
32758,0,0,0
32759,0,0,0
32760,0,0,0
32761,0,0,0
32762,0,0,0
32763,0,0,0
32764,0,0,0
32765,0,0,0
32766,0,0,0
32767,0,0,0
32768,0,0,0
32769,0,0,0
32770,0,0,0
32771,0,0,0
32772,0,0,0
32773,0,0,0
32774,0,0,0
32775,0,0,0
32776,0,0,0
32777,0,0,0
32778,0,0,0
32779,0,0,0
32780,0,0,0
32781,0,0,0
32782,0,0,0
32783,0,0,0
32784,1,731,546
32785,1,733,543
32786,1,733,540
32787,1,736,508
32788,1,738,477
32789,1,740,446
32790,1,743,414
32791,1,746,382
32792,1,748,351
32793,1,743,333
32794,1,753,325
32795,1,753,306
32796,0,0,0
32797,1,748,250
32798,1,746,226
32799,1,747,212
32800,1,737,182
32801,0,0,0
32802,0,0,0
32803,0,0,0
32804,1,743,100
32805,1,747,115
32806,0,0,0
32807,0,0,0
32808,1,846,441
32809,1,740,36
32810,1,750,20
32811,1,772,20
32812,1,750,20
32813,1,750,20
32814,1,811,310
32815,1,791,313
32816,1,771,316
32817,1,751,318
32818,1,731,321
32819,1,712,324
32820,1,692,327
32821,1,672,329
32822,1,652,332
32823,1,632,335
32824,1,635,335
32825,1,637,335
32826,1,682,229
32827,1,727,123
32828,1,772,17
32829,1,760,17
32830,1,763,15
32831,1,766,33
32832,0,0,0
32833,0,0,0
32834,0,0,0
32835,1,805,241
32836,1,765,66
32837,0,0,0
32838,0,0,0
32839,0,0,0
32840,1,785,125
32841,0,0,0
32842,0,0,0
32843,0,0,0
32844,1,750,95
32845,1,747,97
32846,1,736,99
32847,1,724,101
32848,1,713,103
32849,1,711,101
32850,1,712,102
32851,1,710,102
32852,1,707,102
32853,1,705,105
32854,1,700,108
32855,1,695,108
32856,1,695,110
32857,1,693,113
32858,1,686,116
32859,1,686,120
32860,1,683,121
32861,1,680,126
32862,1,678,128
32863,1,676,132
32864,1,675,137
32865,1,673,141
32866,1,671,145
32867,1,670,150
32868,0,0,0
32869,0,0,0
32870,1,665,167
32871,0,0,0
32872,0,0,0
32873,1,665,170
32874,1,663,178
32875,1,655,187
32876,1,655,187
32877,1,660,190
32878,1,658,195
32879,1,658,200
32880,1,655,201
32881,1,655,205
32882,1,653,210
32883,1,653,215
32884,1,653,216
32885,1,653,221
32886,1,651,228
32887,1,650,231
32888,1,648,235
32889,1,648,243
32890,1,646,246
32891,1,646,250
32892,1,646,253
32893,1,645,258
32894,1,645,268
32895,1,646,263
32896,1,646,270
32897,1,646,276
32898,1,646,281
32899,1,646,286
32900,1,643,295
32901,1,643,300
32902,1,643,306
32903,1,643,311
32904,1,646,311
32905,1,645,308
32906,1,645,303
32907,1,646,298
32908,1,646,296
32909,1,648,283
32910,1,651,278
32911,1,650,270
32912,1,651,261
32913,1,651,255
32914,1,651,245
32915,1,651,241
32916,1,653,231
32917,1,653,223
32918,1,653,218
32919,1,653,208
32920,1,653,203
32921,1,653,198
32922,1,653,195
32923,1,653,191
32924,1,655,190
32925,1,655,181
32926,1,655,178
32927,1,655,171
32928,1,655,165
32929,1,655,160
32930,1,656,153
32931,1,656,148
32932,1,656,141
32933,1,658,136
32934,1,658,130
32935,1,658,126
32936,1,658,123
32937,1,658,120
32938,1,658,116
32939,1,660,115
32940,1,660,111
32941,1,660,108
32942,1,661,103
32943,1,661,101
32944,1,661,98
32945,1,661,95
32946,1,663,91
32947,1,663,90
32948,1,663,88
32949,1,663,86
32950,1,663,86
32951,1,663,85
32952,1,661,85
32953,1,663,86
32954,1,661,86
32955,1,673,83
32956,1,673,81
32957,1,671,81
32958,1,673,81
32959,1,671,81
32960,1,671,81
32961,1,673,81
32962,1,673,81
32963,1,673,81
32964,1,673,81
32965,1,673,81
32966,1,671,81
32967,0,0,0
32968,0,0,0
32969,0,0,0
32970,0,0,0
32971,1,673,88
32972,1,673,90
32973,0,0,0
32974,1,676,91
32975,0,0,0
32976,1,678,95
32977,1,676,98
32978,1,678,101
32979,1,680,108
32980,1,678,111
32981,1,678,115
32982,1,680,120
32983,1,678,125
32984,1,680,128
32985,1,680,135
32986,1,680,136
32987,1,681,143
32988,1,681,146
32989,1,683,151
32990,1,683,155
32991,1,685,161
32992,1,685,168
32993,1,685,173
32994,1,686,180
32995,1,686,186
32996,1,688,191
32997,1,688,198
32998,1,688,205
32999,1,690,210
33000,1,688,220
33001,1,690,225
33002,1,690,230
33003,1,690,240
33004,1,693,246
33005,1,693,255
33006,1,695,263
33007,1,696,271
33008,1,695,281
33009,1,695,280
33010,1,695,271
33011,1,691,260
33012,1,690,251
33013,1,688,245
33014,1,685,228
33015,1,686,230
33016,1,685,221
33017,1,683,213
33018,1,683,205
33019,1,680,196
33020,1,680,191
33021,1,678,183
33022,1,676,178
33023,1,675,171
33024,1,675,166
33025,1,671,161
33026,1,670,151
33027,1,668,148
33028,1,663,141
33029,1,661,136
33030,1,662,130
33031,1,660,126
33032,1,660,123
33033,1,658,115
33034,1,656,110
33035,1,655,108
33036,1,653,101
33037,1,653,98
33038,1,650,96
33039,1,650,93
33040,1,650,91
33041,1,646,88
33042,1,646,88
33043,1,643,85
33044,1,643,85
33045,1,641,81
33046,1,636,81
33047,0,0,0
33048,1,630,80
33049,1,627,80
33050,1,635,73
33051,1,633,71
33052,1,633,71
33053,1,630,73
33054,1,631,73
33055,1,626,75
33056,1,625,75
33057,1,617,75
33058,1,617,75
33059,0,0,0
33060,1,616,80
33061,1,615,80
33062,1,615,80
33063,1,608,81
33064,1,610,81
33065,1,608,81
33066,1,608,81
33067,1,606,83
33068,1,606,86
33069,1,606,88
33070,1,605,90
33071,1,605,93
33072,1,605,96
33073,1,605,98
33074,1,603,100
33075,1,600,110
33076,1,598,113
33077,1,598,118
33078,1,596,121
33079,1,596,123
33080,1,595,126
33081,1,591,136
33082,1,590,141
33083,1,588,148
33084,1,588,151
33085,1,586,160
33086,1,585,163
33087,1,583,170
33088,1,583,175
33089,1,581,180
33090,1,581,190
33091,1,580,198
33092,1,578,206
33093,1,576,210
33094,1,575,215
33095,1,570,215
33096,1,566,216
33097,1,555,215
33098,1,551,215
33099,1,546,215
33100,1,538,215
33101,1,533,216
33102,1,528,216
33103,1,521,218
33104,1,515,223
33105,1,501,226
33106,1,495,228
33107,1,483,233
33108,1,475,236
33109,1,468,241
33110,1,455,248
33111,1,443,256
33112,1,433,261
33113,1,415,275
33114,1,406,285
33115,1,386,295
33116,1,366,308
33117,1,351,321
33118,1,335,338
33119,1,326,355
33120,0,0,0
33121,1,313,336
33122,1,306,326
33123,1,300,316
33124,1,294,307
33125,1,287,297
33126,0,0,0
33127,0,0,0
33128,1,311,221
33129,1,316,196
33130,0,0,0
33131,0,0,0
33132,1,335,113
33133,1,341,93
33134,1,345,77
33135,0,0,0
33136,1,753,436
33137,1,365,15
33138,0,0,0
33139,1,756,411
33140,0,0,0
33141,1,555,330
33142,1,555,330
33143,1,555,328
33144,1,556,328
33145,1,553,323
33146,1,553,326
33147,1,551,325
33148,1,553,326
33149,1,553,328
33150,1,474,363
33151,1,394,398
33152,1,315,433
33153,0,0,0
33154,0,0,0
33155,0,0,0
33156,1,178,431
33157,1,173,428
33158,1,555,303
33159,1,555,301
33160,1,555,301
33161,1,556,303
33162,1,548,307
33163,1,540,311
33164,1,532,315
33165,1,524,318
33166,1,516,322
33167,1,508,326
33168,1,500,330
33169,1,492,334
33170,1,484,338
33171,0,0,0
33172,0,0,0
33173,0,0,0
33174,0,0,0
33175,0,0,0
33176,0,0,0
33177,0,0,0
33178,0,0,0
33179,0,0,0
33180,0,0,0
33181,0,0,0
33182,0,0,0
33183,0,0,0
33184,0,0,0
33185,0,0,0
33186,0,0,0
33187,0,0,0
33188,0,0,0
33189,0,0,0
33190,1,323,415
33191,1,333,412
33192,1,342,409
33193,1,352,406
33194,1,361,404
33195,1,371,401
33196,1,380,398
33197,1,390,395
33198,1,400,392
33199,1,409,389
33200,0,0,0
33201,0,0,0
33202,0,0,0
33203,0,0,0
33204,0,0,0
33205,0,0,0
33206,0,0,0
33207,0,0,0
33208,0,0,0
33209,0,0,0
33210,0,0,0
33211,0,0,0
33212,0,0,0
33213,0,0,0
33214,0,0,0
33215,0,0,0
33216,0,0,0
33217,0,0,0
33218,0,0,0
33219,0,0,0
33220,0,0,0
33221,0,0,0
33222,0,0,0
33223,0,0,0
33224,0,0,0
33225,0,0,0
33226,0,0,0
33227,0,0,0
33228,0,0,0
33229,0,0,0
33230,0,0,0
33231,0,0,0
33232,0,0,0
33233,0,0,0
33234,0,0,0
33235,0,0,0
33236,0,0,0
33237,1,773,281
33238,1,770,192
33239,1,766,102
33240,1,763,13
33241,1,765,18
33242,1,766,35
33243,1,773,45
33244,1,770,58
33245,1,776,70
33246,1,778,85
33247,1,781,98
33248,1,781,115
33249,1,786,130
33250,1,786,146
33251,1,788,163
33252,1,791,181
33253,1,795,195
33254,1,796,208
33255,1,808,253
33256,1,805,253
33257,1,805,251
33258,1,803,243
33259,0,0,0
33260,1,796,218
33261,1,793,208
33262,1,790,190
33263,1,790,180
33264,1,788,165
33265,1,785,150
33266,1,780,136
33267,1,775,126
33268,1,773,118
33269,1,768,110
33270,1,768,101
33271,1,765,91
33272,1,761,75
33273,1,760,70
33274,1,756,60
33275,1,755,55
33276,1,751,45
33277,1,748,36
33278,0,0,0
33279,1,740,18
33280,1,738,15
33281,1,735,11
33282,1,731,8
33283,0,0,0
33284,0,0,0
33285,0,0,0
33286,0,0,0
33287,0,0,0
33288,0,0,0
33289,0,0,0
33290,0,0,0
33291,0,0,0
33292,0,0,0
33293,0,0,0
33294,0,0,0
33295,0,0,0
33296,0,0,0
33297,0,0,0
33298,0,0,0
33299,0,0,0
33300,1,361,335
33301,1,368,331
33302,1,380,325
33303,1,385,326
33304,0,0,0
33305,0,0,0
33306,0,0,0
33307,0,0,0
33308,0,0,0
33309,1,408,361
33310,1,410,368
33311,1,416,378
33312,1,438,379
33313,1,459,381
33314,1,480,382
33315,1,502,383
33316,1,524,385
33317,1,545,386
33318,1,543,380
33319,1,545,363
33320,1,543,353
33321,1,546,335
33322,0,0,0
33323,0,0,0
33324,0,0,0
33325,1,592,69
33326,1,603,3
33327,1,601,10
33328,1,598,16
33329,1,595,26
33330,1,590,31
33331,1,590,40
33332,1,583,48
33333,1,581,56
33334,1,580,65
33335,1,576,73
33336,1,576,81
33337,1,575,90
33338,1,571,100
33339,1,568,110
33340,1,565,118
33341,1,565,128
33342,1,561,140
33343,1,556,153
33344,1,555,165
33345,1,550,178
33346,1,553,191
33347,1,556,195
33348,1,563,196
33349,1,568,200
33350,1,575,201
33351,1,580,203
33352,1,585,207
33353,1,592,210
33354,1,591,216
33355,1,596,220
33356,1,601,226
33357,1,605,228
33358,0,0,0
33359,1,608,230
33360,1,610,231
33361,1,612,233
33362,1,614,234
33363,1,616,235
33364,1,618,237
33365,1,620,238
33366,1,622,239
33367,1,624,240
33368,1,627,242
33369,0,0,0
33370,0,0,0
33371,0,0,0
33372,0,0,0
33373,0,0,0
33374,0,0,0
33375,1,641,251
33376,1,641,256
33377,1,641,261
33378,1,643,263
33379,1,643,268
33380,1,646,270
33381,1,646,273
33382,1,648,276
33383,1,650,280
33384,1,651,285
33385,1,653,288
33386,1,653,295
33387,1,653,298
33388,1,653,305
33389,1,655,308
33390,1,653,308
33391,1,655,313
33392,1,656,325
33393,1,658,333
33394,0,0,0
33395,1,661,336
33396,1,660,331
33397,1,660,325
33398,0,0,0
33399,1,658,305
33400,1,655,296
33401,1,653,288
33402,1,653,280
33403,1,651,275
33404,1,650,270
33405,1,646,261
33406,1,645,255
33407,1,645,246
33408,1,643,233
33409,1,641,226
33410,1,640,220
33411,1,637,217
33412,1,636,205
33413,1,635,200
33414,1,635,193
33415,1,633,188
33416,1,630,180
33417,1,630,176
33418,1,628,171
33419,1,626,168
33420,1,625,166
33421,1,625,160
33422,1,623,155
33423,1,623,146
33424,1,620,140
33425,1,620,136
33426,1,618,130
33427,1,618,126
33428,1,615,123
33429,1,615,118
33430,1,615,113
33431,1,613,110
33432,1,610,108
33433,1,606,101
33434,1,606,98
33435,1,606,98
33436,1,606,98
33437,1,606,96
33438,1,605,93
33439,1,603,88
33440,1,603,85
33441,1,601,83
33442,1,600,81
33443,1,598,81
33444,1,598,80
33445,1,596,80
33446,1,595,80
33447,1,595,81
33448,1,593,81
33449,1,591,81
33450,0,0,0
33451,0,0,0
33452,0,0,0
33453,0,0,0
33454,0,0,0
33455,1,581,75
33456,1,580,75
33457,1,578,75
33458,1,575,75
33459,1,576,80
33460,1,571,80
33461,1,571,81
33462,1,570,81
33463,1,568,83
33464,1,568,85
33465,1,566,88
33466,1,566,88
33467,1,566,91
33468,1,565,90
33469,1,563,91
33470,1,563,91
33471,1,561,95
33472,0,0,0
33473,0,0,0
33474,0,0,0
33475,0,0,0
33476,1,555,111
33477,1,553,115
33478,1,553,120
33479,1,551,126
33480,1,548,128
33481,1,548,135
33482,1,548,138
33483,1,546,141
33484,1,546,145
33485,1,545,150
33486,1,543,155
33487,1,541,163
33488,1,541,168
33489,1,540,173
33490,1,538,180
33491,1,538,183
33492,1,538,190
33493,1,536,198
33494,1,536,203
33495,1,535,206
33496,1,535,215
33497,1,533,220
33498,1,530,226
33499,1,530,231
33500,1,526,241
33501,1,526,246
33502,1,525,256
33503,1,525,261
33504,1,525,270
33505,1,523,278
33506,1,523,285
33507,1,525,283
33508,1,521,281
33509,1,520,276
33510,1,523,263
33511,1,523,260
33512,1,528,250
33513,1,528,241
33514,1,535,233
33515,1,535,225
33516,1,536,216
33517,1,538,206
33518,1,538,200
33519,1,541,193
33520,1,541,188
33521,1,543,180
33522,1,545,173
33523,1,545,168
33524,1,546,165
33525,1,546,160
33526,1,551,156
33527,1,553,150
33528,1,553,141
33529,1,555,136
33530,1,561,126
33531,1,561,125
33532,1,563,118
33533,1,563,115
33534,1,565,110
33535,1,566,108
33536,1,570,101
33537,1,570,98
33538,1,573,96
33539,1,575,95
33540,1,575,96
33541,1,576,93
33542,1,578,88
33543,1,580,83
33544,1,581,81
33545,1,581,80
33546,0,0,0
33547,1,590,73
33548,1,590,68
33549,1,591,66
33550,1,593,65
33551,1,595,66
33552,1,595,65
33553,1,596,65
33554,1,598,65
33555,1,600,65
33556,1,601,63
33557,1,605,63
33558,1,605,61
33559,0,0,0
33560,1,608,60
33561,1,610,60
33562,1,616,61
33563,1,616,63
33564,1,618,63
33565,1,621,65
33566,1,623,66
33567,1,625,66
33568,1,626,68
33569,1,628,71
33570,1,630,80
33571,0,0,0
33572,1,635,80
33573,0,0,0
33574,0,0,0
33575,1,641,83
33576,1,643,85
33577,1,643,88
33578,1,645,91
33579,1,646,95
33580,1,650,100
33581,1,650,103
33582,1,651,110
33583,1,651,115
33584,1,655,121
33585,1,653,123
33586,1,656,126
33587,1,658,135
33588,1,660,140
33589,1,663,146
33590,1,668,148
33591,1,670,153
33592,1,670,161
33593,1,673,168
33594,1,676,175
33595,1,676,181
33596,1,678,186
33597,1,681,193
33598,1,681,201
33599,1,683,208
33600,0,0,0
33601,1,686,225
33602,1,688,228
33603,1,690,228
33604,1,690,228
33605,1,690,223
33606,1,690,220
33607,1,690,216
33608,1,690,216
33609,1,688,210
33610,1,688,208
33611,1,688,206
33612,1,688,206
33613,1,688,203
33614,1,688,205
33615,0,0,0
33616,0,0,0
33617,1,686,201
33618,1,686,201
33619,1,688,198
33620,1,688,198
33621,1,688,198
33622,1,688,200
33623,1,686,201
33624,1,686,205
33625,1,686,206
33626,1,686,206
33627,0,0,0
33628,1,686,213
33629,1,686,215
33630,1,688,216
33631,1,688,221
33632,1,688,228
33633,1,688,231
33634,1,688,235
33635,1,688,241
33636,1,690,246
33637,1,688,255
33638,1,690,261
33639,0,0,0
33640,1,690,273
33641,1,690,283
33642,1,690,288
33643,1,690,296
33644,1,690,305
33645,1,686,313
33646,1,686,325
33647,1,688,340
33648,1,688,350
33649,1,688,366
33650,1,688,375
33651,1,688,390
33652,1,695,401
33653,1,695,416
33654,1,695,430
33655,1,688,446
33656,1,688,463
33657,0,0,0
33658,0,0,0
33659,0,0,0
33660,0,0,0
33661,0,0,0
33662,1,683,463
33663,1,683,458
33664,0,0,0
33665,0,0,0
33666,0,0,0
33667,0,0,0
33668,0,0,0
33669,1,671,431
33670,0,0,0
33671,0,0,0
33672,0,0,0
33673,0,0,0
33674,1,658,421
33675,0,0,0
33676,0,0,0
33677,0,0,0
33678,0,0,0
33679,0,0,0
33680,0,0,0
33681,0,0,0
33682,0,0,0
33683,0,0,0
33684,0,0,0
33685,0,0,0
33686,0,0,0
33687,0,0,0
33688,0,0,0
33689,0,0,0
33690,0,0,0
33691,0,0,0
33692,0,0,0
33693,1,635,463
33694,1,635,466
33695,1,633,465
33696,0,0,0
33697,0,0,0
33698,0,0,0
33699,0,0,0
33700,1,628,438
33701,1,626,435
33702,1,625,435
33703,1,621,431
33704,1,621,431
33705,0,0,0
33706,0,0,0
33707,0,0,0
33708,0,0,0
33709,0,0,0
33710,0,0,0
33711,0,0,0
33712,0,0,0
33713,0,0,0
33714,0,0,0
33715,0,0,0
33716,0,0,0
33717,0,0,0
33718,0,0,0
33719,0,0,0
33720,0,0,0
33721,0,0,0
33722,0,0,0
33723,1,596,448
33724,0,0,0
33725,0,0,0
33726,1,596,458
33727,0,0,0
33728,0,0,0
33729,0,0,0
33730,0,0,0
33731,0,0,0
33732,0,0,0
33733,0,0,0
33734,1,578,436
33735,0,0,0
33736,0,0,0
33737,0,0,0
33738,0,0,0
33739,0,0,0
33740,0,0,0
33741,0,0,0
33742,0,0,0
33743,0,0,0
33744,0,0,0
33745,0,0,0
33746,0,0,0
33747,0,0,0
33748,0,0,0
33749,0,0,0
33750,0,0,0
33751,0,0,0
33752,0,0,0
33753,0,0,0
33754,0,0,0
33755,0,0,0
33756,0,0,0
33757,0,0,0
33758,0,0,0
33759,0,0,0
33760,0,0,0
33761,0,0,0
33762,0,0,0
33763,0,0,0
33764,0,0,0
33765,0,0,0
33766,0,0,0
33767,0,0,0
33768,0,0,0
33769,0,0,0
33770,0,0,0
33771,0,0,0
33772,0,0,0
33773,0,0,0
33774,0,0,0
33775,0,0,0
33776,0,0,0
33777,0,0,0
33778,0,0,0
33779,0,0,0
33780,0,0,0
33781,0,0,0
33782,0,0,0
33783,0,0,0
33784,0,0,0
33785,0,0,0
33786,0,0,0
33787,0,0,0
33788,0,0,0
33789,0,0,0
33790,0,0,0
33791,0,0,0
33792,0,0,0
33793,0,0,0
33794,0,0,0
33795,0,0,0
33796,0,0,0
33797,0,0,0
33798,0,0,0
33799,0,0,0
33800,0,0,0
33801,0,0,0
33802,0,0,0
33803,0,0,0
33804,0,0,0
33805,0,0,0
33806,0,0,0
33807,0,0,0
33808,0,0,0
33809,0,0,0
33810,0,0,0
33811,0,0,0
33812,0,0,0
33813,0,0,0
33814,0,0,0
33815,0,0,0
33816,0,0,0
33817,0,0,0
33818,0,0,0
33819,0,0,0
33820,0,0,0
33821,0,0,0
33822,0,0,0
33823,0,0,0
33824,0,0,0
33825,0,0,0
33826,0,0,0
33827,0,0,0
33828,0,0,0
33829,0,0,0
33830,0,0,0
33831,0,0,0
33832,0,0,0
33833,0,0,0
33834,0,0,0
33835,0,0,0
33836,0,0,0
33837,0,0,0
33838,0,0,0
33839,0,0,0
33840,0,0,0
33841,0,0,0
33842,0,0,0
33843,0,0,0
33844,0,0,0
33845,0,0,0
33846,0,0,0
33847,0,0,0
33848,0,0,0
33849,0,0,0
33850,0,0,0
33851,0,0,0
33852,0,0,0
33853,0,0,0
33854,0,0,0
33855,0,0,0
33856,0,0,0
33857,0,0,0
33858,0,0,0
33859,0,0,0
33860,0,0,0
33861,0,0,0
33862,0,0,0
33863,0,0,0
33864,0,0,0
33865,0,0,0
33866,0,0,0
33867,0,0,0
33868,0,0,0
33869,0,0,0
33870,0,0,0
33871,0,0,0
33872,0,0,0
33873,0,0,0
33874,0,0,0
33875,0,0,0
33876,0,0,0
33877,0,0,0
33878,1,750,330
33879,1,750,313
33880,0,0,0
33881,1,740,250
33882,1,738,226
33883,0,0,0
33884,0,0,0
33885,1,740,180
33886,0,0,0
33887,0,0,0
33888,0,0,0
33889,0,0,0
33890,0,0,0
33891,1,750,60
33892,0,0,0
33893,0,0,0
33894,0,0,0
33895,0,0,0
33896,0,0,0
33897,0,0,0
33898,0,0,0
33899,0,0,0
33900,0,0,0
33901,0,0,0
33902,0,0,0
33903,0,0,0
33904,0,0,0
33905,0,0,0
33906,0,0,0
33907,0,0,0
33908,0,0,0
33909,0,0,0
33910,0,0,0
33911,0,0,0
33912,0,0,0
33913,0,0,0
33914,0,0,0
33915,0,0,0
33916,0,0,0
33917,0,0,0
33918,0,0,0
33919,0,0,0
33920,0,0,0
33921,1,776,73
33922,1,776,85
33923,1,766,96
33924,0,0,0
33925,0,0,0
33926,0,0,0
33927,0,0,0
33928,0,0,0
33929,0,0,0
33930,0,0,0
33931,0,0,0
33932,0,0,0
33933,0,0,0
33934,0,0,0
33935,0,0,0
33936,0,0,0
33937,0,0,0
33938,0,0,0
33939,0,0,0
33940,0,0,0
33941,0,0,0
33942,0,0,0
33943,0,0,0
33944,0,0,0
33945,0,0,0
33946,0,0,0
33947,0,0,0
33948,1,676,138
33949,1,675,140
33950,1,671,143
33951,1,671,148
33952,0,0,0
33953,0,0,0
33954,0,0,0
33955,0,0,0
33956,0,0,0
33957,0,0,0
33958,0,0,0
33959,0,0,0
33960,0,0,0
33961,1,656,195
33962,1,656,198
33963,1,655,201
33964,1,656,203
33965,1,655,206
33966,0,0,0
33967,1,653,216
33968,1,653,220
33969,1,653,223
33970,1,651,228
33971,1,651,233
33972,1,651,235
33973,1,651,245
33974,1,651,248
33975,1,648,255
33976,1,648,258
33977,1,648,261
33978,1,648,263
33979,1,646,268
33980,1,646,270
33981,1,648,275
33982,1,646,281
33983,1,646,286
33984,1,648,288
33985,1,646,298
33986,1,646,303
33987,1,648,308
33988,1,646,313
33989,1,650,313
33990,0,0,0
33991,1,646,305
33992,1,646,295
33993,1,648,285
33994,1,648,276
33995,1,650,268
33996,1,651,260
33997,1,651,251
33998,1,651,245
33999,1,653,235
34000,1,651,230
34001,1,651,223
34002,1,651,218
34003,1,651,215
34004,1,651,205
34005,1,653,203
34006,1,653,200
34007,1,653,193
34008,1,655,181
34009,1,655,178
34010,1,655,171
34011,1,655,166
34012,1,655,161
34013,1,655,155
34014,1,656,150
34015,1,656,145
34016,1,655,140
34017,1,655,136
34018,1,655,135
34019,1,656,130
34020,1,660,130
34021,1,660,125
34022,1,660,118
34023,1,660,113
34024,1,661,110
34025,1,661,108
34026,1,661,101
34027,1,661,98
34028,1,661,96
34029,1,661,95
34030,1,661,93
34031,1,661,91
34032,1,661,91
34033,1,663,90
34034,1,661,90
34035,1,663,86
34036,0,0,0
34037,0,0,0
34038,0,0,0
34039,0,0,0
34040,0,0,0
34041,0,0,0
34042,0,0,0
34043,0,0,0
34044,0,0,0
34045,0,0,0
34046,0,0,0
34047,1,663,81
34048,1,663,81
34049,1,661,83
34050,1,675,83
34051,1,675,81
34052,1,675,81
34053,1,675,81
34054,1,676,83
34055,1,676,83
34056,0,0,0
34057,1,676,86
34058,1,678,88
34059,1,678,91
34060,1,678,95
34061,1,678,98
34062,1,676,100
34063,1,676,110
34064,1,680,111
34065,1,680,116
34066,1,680,120
34067,1,680,125
34068,1,680,128
34069,1,680,135
34070,1,680,136
34071,1,681,140
34072,1,681,145
34073,0,0,0
34074,1,683,153
34075,1,683,161
34076,1,685,166
34077,1,685,173
34078,1,685,180
34079,1,686,183
34080,1,686,193
34081,1,688,200
34082,1,688,208
34083,1,688,213
34084,1,690,216
34085,1,690,223
34086,1,690,233
34087,1,690,241
34088,1,693,246
34089,1,693,256
34090,1,693,261
34091,1,695,270
34092,1,695,278
34093,1,696,283
34094,0,0,0
34095,0,0,0
34096,1,690,258
34097,1,690,253
34098,1,690,243
34099,1,688,233
34100,1,686,221
34101,1,685,215
34102,1,685,206
34103,1,683,198
34104,1,681,191
34105,1,680,181
34106,1,676,176
34107,1,675,171
34108,1,671,165
34109,1,670,163
34110,1,668,156
34111,1,666,150
34112,1,666,143
34113,1,663,136
34114,0,0,0
34115,1,660,125
34116,1,658,121
34117,1,656,115
34118,1,656,111
34119,0,0,0
34120,0,0,0
34121,0,0,0
34122,1,651,95
34123,1,650,93
34124,1,650,93
34125,1,646,90
34126,1,646,88
34127,1,645,85
34128,0,0,0
34129,0,0,0
34130,0,0,0
34131,0,0,0
34132,0,0,0
34133,0,0,0
34134,0,0,0
34135,0,0,0
34136,0,0,0
34137,1,635,80
34138,0,0,0
34139,0,0,0
34140,1,620,80
34141,1,620,80
34142,1,616,80
34143,1,620,75
34144,0,0,0
34145,0,0,0
34146,1,616,80
34147,1,615,80
34148,1,615,80
34149,1,608,81
34150,1,610,83
34151,1,608,85
34152,1,606,86
34153,1,606,86
34154,1,605,90
34155,1,605,96
34156,1,605,98
34157,1,603,103
34158,1,601,103
34159,1,600,108
34160,1,598,110
34161,1,598,113
34162,1,595,120
34163,1,593,125
34164,1,593,128
34165,1,591,135
34166,1,590,140
34167,1,590,145
34168,1,588,153
34169,1,586,160
34170,1,583,163
34171,1,581,168
34172,1,580,175
34173,1,578,181
34174,1,580,188
34175,1,578,191
34176,1,576,201
34177,1,575,208
34178,1,575,215
34179,1,571,216
34180,1,566,216
34181,1,563,215
34182,1,556,215
34183,1,551,215
34184,1,545,215
34185,1,536,216
34186,1,530,218
34187,1,520,221
34188,1,510,225
34189,1,501,226
34190,1,495,230
34191,1,485,233
34192,1,473,241
34193,1,463,243
34194,1,456,250
34195,1,441,258
34196,1,430,261
34197,1,416,270
34198,1,401,280
34199,1,385,288
34200,1,375,306
34201,1,355,321
34202,1,338,338
34203,1,315,356
34204,1,310,363
34205,0,0,0
34206,0,0,0
34207,0,0,0
34208,0,0,0
34209,0,0,0
34210,1,301,273
34211,1,305,246
34212,1,311,216
34213,1,315,191
34214,0,0,0
34215,1,331,143
34216,0,0,0
34217,1,345,95
34218,0,0,0
34219,0,0,0
34220,1,358,35
34221,1,361,16
34222,1,363,8
34223,0,0,0
34224,0,0,0
34225,0,0,0
34226,0,0,0
34227,0,0,0
34228,0,0,0
34229,0,0,0
34230,0,0,0
34231,0,0,0
34232,0,0,0
34233,0,0,0
34234,0,0,0
34235,0,0,0
34236,0,0,0
34237,0,0,0
34238,0,0,0
34239,0,0,0
34240,0,0,0
34241,0,0,0
34242,0,0,0
34243,0,0,0
34244,0,0,0
34245,0,0,0
34246,0,0,0
34247,0,0,0
34248,0,0,0
34249,0,0,0
34250,0,0,0
34251,0,0,0
34252,0,0,0
34253,0,0,0
34254,0,0,0
34255,0,0,0
34256,0,0,0
34257,0,0,0
34258,0,0,0
34259,0,0,0
34260,0,0,0
34261,0,0,0
34262,0,0,0
34263,0,0,0
34264,0,0,0
34265,0,0,0
34266,0,0,0
34267,0,0,0
34268,0,0,0
34269,0,0,0
34270,0,0,0
34271,0,0,0
34272,0,0,0
34273,0,0,0
34274,0,0,0
34275,0,0,0
34276,0,0,0
34277,0,0,0
34278,0,0,0
34279,0,0,0
34280,0,0,0
34281,0,0,0
34282,0,0,0
34283,0,0,0
34284,0,0,0
34285,0,0,0
34286,0,0,0
34287,0,0,0
34288,0,0,0
34289,0,0,0
34290,0,0,0
34291,0,0,0
34292,0,0,0
34293,0,0,0
34294,0,0,0
34295,0,0,0
34296,0,0,0
34297,0,0,0
34298,0,0,0
34299,0,0,0
34300,0,0,0
34301,0,0,0
34302,0,0,0
34303,0,0,0
34304,0,0,0
34305,0,0,0
34306,0,0,0
34307,0,0,0
34308,0,0,0
34309,0,0,0
34310,0,0,0
34311,0,0,0
34312,0,0,0
34313,0,0,0
34314,0,0,0
34315,0,0,0
34316,0,0,0
34317,0,0,0
34318,0,0,0
34319,0,0,0
34320,0,0,0
34321,0,0,0
34322,0,0,0
34323,0,0,0
34324,1,761,8
34325,1,763,16
34326,1,766,33
34327,1,766,46
34328,1,768,58
34329,1,775,70
34330,1,776,85
34331,1,780,101
34332,1,781,116
34333,1,783,130
34334,1,786,148
34335,0,0,0
34336,0,0,0
34337,0,0,0
34338,0,0,0
34339,1,800,231
34340,1,801,248
34341,0,0,0
34342,0,0,0
34343,0,0,0
34344,1,796,221
34345,1,793,203
34346,1,791,190
34347,1,788,178
34348,1,786,166
34349,1,785,150
34350,1,778,145
34351,1,776,133
34352,1,775,121
34353,1,770,111
34354,1,766,100
34355,1,765,91
34356,1,761,83
34357,1,760,70
34358,1,758,63
34359,1,756,56
34360,1,751,46
34361,1,748,41
34362,1,741,33
34363,1,740,31
34364,1,735,15
34365,1,735,16
34366,0,0,0
34367,0,0,0
34368,0,0,0
34369,0,0,0
34370,0,0,0
34371,0,0,0
34372,0,0,0
34373,0,0,0
34374,0,0,0
34375,0,0,0
34376,0,0,0
34377,0,0,0
34378,0,0,0
34379,0,0,0
34380,0,0,0
34381,1,355,363
34382,1,358,353
34383,1,361,343
34384,1,365,338
34385,1,365,333
34386,0,0,0
34387,0,0,0
34388,0,0,0
34389,0,0,0
34390,0,0,0
34391,0,0,0
34392,0,0,0
34393,0,0,0
34394,0,0,0
34395,1,420,383
34396,0,0,0
34397,0,0,0
34398,0,0,0
34399,0,0,0
34400,0,0,0
34401,0,0,0
34402,0,0,0
34403,0,0,0
34404,0,0,0
34405,0,0,0
34406,1,548,311
34407,0,0,0
34408,0,0,0
34409,0,0,0
34410,0,0,0
34411,1,598,13
34412,1,595,18
34413,0,0,0
34414,0,0,0
34415,1,590,40
34416,1,588,48
34417,1,581,56
34418,1,580,65
34419,1,578,71
34420,1,575,81
34421,1,571,88
34422,1,570,98
34423,1,570,108
34424,1,566,118
34425,1,561,126
34426,1,556,141
34427,1,555,153
34428,1,553,165
34429,1,551,176
34430,1,551,193
34431,1,555,196
34432,1,563,196
34433,1,568,196
34434,1,575,198
34435,1,580,201
34436,1,583,205
34437,1,590,208
34438,1,591,215
34439,1,596,216
34440,0,0,0
34441,1,608,225
34442,1,608,225
34443,0,0,0
34444,0,0,0
34445,0,0,0
34446,0,0,0
34447,0,0,0
34448,0,0,0
34449,0,0,0
34450,0,0,0
34451,0,0,0
34452,0,0,0
34453,0,0,0
34454,0,0,0
34455,0,0,0
34456,0,0,0
34457,1,638,248
34458,1,641,246
34459,1,641,248
34460,1,641,253
34461,1,643,258
34462,1,645,261
34463,1,645,263
34464,1,648,270
34465,1,648,273
34466,1,648,276
34467,1,651,283
34468,1,650,288
34469,1,651,290
34470,1,651,293
34471,1,653,295
34472,1,653,303
34473,1,655,306
34474,1,655,313
34475,1,658,323
34476,1,660,328
34477,1,660,335
34478,1,660,333
34479,0,0,0
34480,0,0,0
34481,0,0,0
34482,0,0,0
34483,0,0,0
34484,1,655,308
34485,1,653,298
34486,1,650,286
34487,1,650,278
34488,0,0,0
34489,1,646,260
34490,1,646,253
34491,1,645,245
34492,1,645,235
34493,1,643,230
34494,1,643,223
34495,1,641,216
34496,0,0,0
34497,1,636,203
34498,1,635,198
34499,1,633,193
34500,1,631,188
34501,1,631,183
34502,1,631,178
34503,1,630,168
34504,1,628,161
34505,1,626,155
34506,1,625,151
34507,1,623,143
34508,1,621,140
34509,1,621,136
34510,1,618,126
34511,1,616,125
34512,1,615,121
34513,1,613,118
34514,1,613,118
34515,1,610,111
34516,1,610,110
34517,1,610,106
34518,1,606,103
34519,1,605,100
34520,1,605,96
34521,1,603,93
34522,1,603,90
34523,1,601,88
34524,1,601,86
34525,1,600,85
34526,1,596,83
34527,1,596,83
34528,0,0,0
34529,0,0,0
34530,0,0,0
34531,0,0,0
34532,0,0,0
34533,0,0,0
34534,0,0,0
34535,0,0,0
34536,0,0,0
34537,0,0,0
34538,0,0,0
34539,0,0,0
34540,0,0,0
34541,0,0,0
34542,0,0,0
34543,0,0,0
34544,0,0,0
34545,1,575,81
34546,1,573,81
34547,1,571,81
34548,1,570,81
34549,1,571,81
34550,1,568,83
34551,1,568,85
34552,1,566,86
34553,1,565,90
34554,1,563,93
34555,1,563,95
34556,0,0,0
34557,0,0,0
34558,0,0,0
34559,1,556,111
34560,1,555,115
34561,1,553,116
34562,1,551,123
34563,1,551,125
34564,1,550,126
34565,1,550,133
34566,1,548,135
34567,1,546,140
34568,1,545,146
34569,1,545,151
34570,1,543,155
34571,1,543,161
34572,1,543,166
34573,1,540,173
34574,1,540,180
34575,1,538,183
34576,1,536,191
34577,1,536,196
34578,1,535,201
34579,1,535,205
34580,1,533,213
34581,1,533,218
34582,1,533,225
34583,1,530,233
34584,1,528,241
34585,1,526,248
34586,1,526,256
34587,1,526,261
34588,1,523,273
34589,1,523,280
34590,0,0,0
34591,1,520,288
34592,1,521,283
34593,1,521,271
34594,1,523,261
34595,1,526,255
34596,1,528,246
34597,0,0,0
34598,1,533,231
34599,1,535,221
34600,1,535,215
34601,1,535,206
34602,1,536,201
34603,1,536,195
34604,1,538,191
34605,1,543,183
34606,1,543,180
34607,1,546,173
34608,1,548,165
34609,1,550,160
34610,1,551,151
34611,1,553,145
34612,1,553,140
34613,1,555,136
34614,1,556,128
34615,1,558,123
34616,1,561,120
34617,1,561,116
34618,1,561,113
34619,1,561,111
34620,1,571,103
34621,1,571,101
34622,1,575,100
34623,1,575,95
34624,1,576,91
34625,1,578,86
34626,1,580,85
34627,1,580,81
34628,1,581,81
34629,1,583,75
34630,1,583,75
34631,1,588,73
34632,1,590,70
34633,1,590,70
34634,1,593,70
34635,1,593,68
34636,1,595,66
34637,1,596,66
34638,1,598,63
34639,1,601,61
34640,0,0,0
34641,1,605,60
34642,1,606,60
34643,1,608,60
34644,1,608,61
34645,1,610,61
34646,0,0,0
34647,0,0,0
34648,0,0,0
34649,0,0,0
34650,1,618,73
34651,1,621,71
34652,1,625,73
34653,1,628,75
34654,1,630,75
34655,0,0,0
34656,1,635,80
34657,1,635,80
34658,1,636,81
34659,1,636,85
34660,1,641,86
34661,1,641,90
34662,1,643,91
34663,1,643,96
34664,1,645,100
34665,1,650,103
34666,1,650,110
34667,1,653,115
34668,1,655,116
34669,1,656,121
34670,1,658,125
34671,1,661,135
34672,1,661,138
34673,1,666,141
34674,1,668,148
34675,1,670,153
34676,1,670,161
34677,1,673,166
34678,1,673,175
34679,1,673,180
34680,1,680,193
34681,1,681,196
34682,1,681,205
34683,1,683,208
34684,1,685,215
34685,1,686,220
34686,1,688,228
34687,1,690,230
34688,1,688,230
34689,1,688,226
34690,1,686,225
34691,1,688,223
34692,1,688,220
34693,1,686,218
34694,1,686,216
34695,0,0,0
34696,0,0,0
34697,0,0,0
34698,0,0,0
34699,0,0,0
34700,0,0,0
34701,0,0,0
34702,0,0,0
34703,0,0,0
34704,0,0,0
34705,0,0,0
34706,0,0,0
34707,0,0,0
34708,0,0,0
34709,1,686,216
34710,1,688,205
34711,1,688,208
34712,1,688,211
34713,1,688,213
34714,1,688,216
34715,1,688,220
34716,1,690,226
34717,1,688,231
34718,1,690,235
34719,1,690,241
34720,1,690,246
34721,1,690,255
34722,1,690,260
34723,1,690,268
34724,1,690,273
34725,1,688,280
34726,1,688,288
34727,1,688,296
34728,1,690,306
34729,1,688,315
34730,1,688,323
34731,1,690,338
34732,1,688,348
34733,1,688,361
34734,1,690,375
34735,1,688,390
34736,1,688,403
34737,1,690,420
34738,1,690,433
34739,1,690,446
34740,0,0,0
34741,0,0,0
34742,0,0,0
34743,0,0,0
34744,0,0,0
34745,0,0,0
34746,0,0,0
34747,0,0,0
34748,0,0,0
34749,0,0,0
34750,1,676,440
34751,1,673,435
34752,1,670,433
34753,1,670,433
34754,1,661,431
34755,0,0,0
34756,0,0,0
34757,0,0,0
34758,0,0,0
34759,0,0,0
34760,0,0,0
34761,0,0,0
34762,0,0,0
34763,0,0,0
34764,0,0,0
34765,0,0,0
34766,0,0,0
34767,0,0,0
34768,0,0,0
34769,0,0,0
34770,1,646,430
34771,1,645,433
34772,0,0,0
34773,0,0,0
34774,0,0,0
34775,0,0,0
34776,0,0,0
34777,1,631,466
34778,0,0,0
34779,0,0,0
34780,0,0,0
34781,0,0,0
34782,0,0,0
34783,0,0,0
34784,0,0,0
34785,1,628,438
34786,1,625,435
34787,1,625,433
34788,1,620,430
34789,0,0,0
34790,0,0,0
34791,0,0,0
34792,0,0,0
34793,0,0,0
34794,0,0,0
34795,0,0,0
34796,0,0,0
34797,0,0,0
34798,0,0,0
34799,0,0,0
34800,0,0,0
34801,0,0,0
34802,0,0,0
34803,0,0,0
34804,0,0,0
34805,0,0,0
34806,0,0,0
34807,0,0,0
34808,0,0,0
34809,0,0,0
34810,0,0,0
34811,0,0,0
34812,0,0,0
34813,0,0,0
34814,0,0,0
34815,0,0,0
34816,0,0,0
34817,0,0,0
34818,0,0,0
34819,0,0,0
34820,0,0,0
34821,0,0,0
34822,0,0,0
34823,0,0,0
34824,0,0,0
34825,0,0,0
34826,0,0,0
34827,0,0,0
34828,0,0,0
34829,0,0,0
34830,0,0,0
34831,0,0,0
34832,0,0,0
34833,0,0,0
34834,0,0,0
34835,0,0,0
34836,0,0,0
34837,0,0,0
34838,0,0,0
34839,0,0,0
34840,0,0,0
34841,0,0,0
34842,0,0,0
34843,0,0,0
34844,0,0,0
34845,0,0,0
34846,0,0,0
34847,0,0,0
34848,0,0,0
34849,0,0,0
34850,0,0,0
34851,0,0,0
34852,0,0,0
34853,0,0,0
34854,0,0,0
34855,0,0,0
34856,0,0,0
34857,0,0,0
34858,0,0,0
34859,0,0,0
34860,0,0,0
34861,0,0,0
34862,0,0,0
34863,0,0,0
34864,0,0,0
34865,0,0,0
34866,0,0,0
34867,0,0,0
34868,0,0,0
34869,0,0,0
34870,0,0,0
34871,0,0,0
34872,0,0,0
34873,0,0,0
34874,0,0,0
34875,0,0,0
34876,0,0,0
34877,0,0,0
34878,0,0,0
34879,0,0,0
34880,0,0,0
34881,0,0,0
34882,0,0,0
34883,0,0,0
34884,0,0,0
34885,0,0,0
34886,0,0,0
34887,0,0,0
34888,0,0,0
34889,0,0,0
34890,1,395,208
34891,1,393,215
34892,1,391,220
34893,0,0,0
34894,1,390,230
34895,1,388,235
34896,1,388,241
34897,1,386,248
34898,1,385,253
34899,1,385,258
34900,1,383,261
34901,1,383,268
34902,1,385,271
34903,1,381,278
34904,1,381,280
34905,0,0,0
34906,0,0,0
34907,1,378,298
34908,0,0,0
34909,0,0,0
34910,0,0,0
34911,0,0,0
34912,1,380,285
34913,1,380,281
34914,1,381,273
34915,1,381,268
34916,1,383,261
34917,1,385,256
34918,1,386,253
34919,1,386,248
34920,0,0,0
34921,1,386,243
34922,0,0,0
34923,0,0,0
34924,0,0,0
34925,0,0,0
34926,1,401,206
34927,1,401,198
34928,1,401,193
34929,1,401,190
34930,1,403,180
34931,1,403,178
34932,1,403,175
34933,1,403,171
34934,1,403,171
34935,1,406,165
34936,1,411,155
34937,1,411,151
34938,1,413,146
34939,1,413,140
34940,1,415,136
34941,0,0,0
34942,1,416,123
34943,1,418,120
34944,1,420,115
34945,1,420,111
34946,1,420,108
34947,1,423,103
34948,1,423,100
34949,1,423,96
34950,1,423,101
34951,1,423,95
34952,1,428,88
34953,1,430,81
34954,1,431,75
34955,1,433,71
34956,1,435,66
34957,1,435,60
34958,1,436,56
34959,1,438,50
34960,1,440,46
34961,1,441,45
34962,1,440,43
34963,1,441,43
34964,1,443,45
34965,1,443,41
34966,1,443,40
34967,1,445,31
34968,1,446,28
34969,1,446,18
34970,1,446,16
34971,1,448,13
34972,0,0,0
34973,0,0,0
34974,0,0,0
34975,0,0,0
34976,0,0,0
34977,0,0,0
34978,1,458,8
34979,0,0,0
34980,1,466,10
34981,0,0,0
34982,0,0,0
34983,0,0,0
34984,0,0,0
34985,0,0,0
34986,0,0,0
34987,0,0,0
34988,0,0,0
34989,0,0,0
34990,0,0,0
34991,0,0,0
34992,0,0,0
34993,0,0,0
34994,0,0,0
34995,0,0,0
34996,0,0,0
34997,0,0,0
34998,0,0,0
34999,0,0,0
35000,0,0,0
35001,0,0,0
35002,0,0,0
35003,0,0,0
35004,0,0,0
35005,0,0,0
35006,0,0,0
35007,0,0,0
35008,0,0,0
35009,0,0,0
35010,0,0,0
35011,0,0,0
35012,0,0,0
35013,0,0,0
35014,0,0,0
35015,0,0,0
35016,0,0,0
35017,0,0,0
35018,0,0,0
35019,0,0,0
35020,0,0,0
35021,0,0,0
35022,0,0,0
35023,0,0,0
35024,0,0,0
35025,0,0,0
35026,0,0,0
35027,0,0,0
35028,0,0,0
35029,0,0,0
35030,0,0,0
35031,0,0,0
35032,0,0,0
35033,0,0,0
35034,0,0,0
35035,0,0,0
35036,0,0,0
35037,0,0,0
35038,0,0,0
35039,0,0,0
35040,0,0,0
35041,0,0,0
35042,0,0,0
35043,0,0,0
35044,0,0,0
35045,0,0,0
35046,0,0,0
35047,0,0,0
35048,0,0,0
35049,0,0,0
35050,0,0,0
35051,0,0,0
35052,0,0,0
35053,0,0,0
35054,0,0,0
35055,1,568,30
35056,1,570,31
35057,1,571,33
35058,1,573,35
35059,1,575,36
35060,1,576,40
35061,0,0,0
35062,0,0,0
35063,1,631,271
35064,1,581,55
35065,1,581,56
35066,1,583,60
35067,1,586,65
35068,1,586,70
35069,1,588,73
35070,1,590,73
35071,1,591,76
35072,1,593,81
35073,1,595,86
35074,1,595,90
35075,1,598,95
35076,1,600,100
35077,1,598,106
35078,1,601,110
35079,1,605,115
35080,1,605,121
35081,1,606,126
35082,1,608,128
35083,1,608,135
35084,1,610,138
35085,1,613,146
35086,1,615,150
35087,1,615,155
35088,1,615,161
35089,1,616,165
35090,1,618,168
35091,1,620,175
35092,1,620,180
35093,1,623,190
35094,1,626,195
35095,1,626,198
35096,1,628,201
35097,1,630,205
35098,1,631,218
35099,1,631,221
35100,0,0,0
35101,0,0,0
35102,0,0,0
35103,0,0,0
35104,1,635,218
35105,0,0,0
35106,1,635,205
35107,1,635,201
35108,1,633,200
35109,0,0,0
35110,0,0,0
35111,0,0,0
35112,0,0,0
35113,0,0,0
35114,1,628,193
35115,1,631,191
35116,1,633,191
35117,1,635,190
35118,1,631,181
35119,1,633,181
35120,1,631,181
35121,1,631,180
35122,1,631,180
35123,1,631,180
35124,1,633,180
35125,1,635,180
35126,1,633,181
35127,0,0,0
35128,0,0,0
35129,0,0,0
35130,0,0,0
35131,0,0,0
35132,0,0,0
35133,1,631,180
35134,1,633,180
35135,0,0,0
35136,0,0,0
35137,0,0,0
35138,0,0,0
35139,0,0,0
35140,0,0,0
35141,0,0,0
35142,0,0,0
35143,0,0,0
35144,0,0,0
35145,1,631,181
35146,1,631,183
35147,1,631,188
35148,1,631,188
35149,1,633,190
35150,1,633,190
35151,1,633,191
35152,0,0,0
35153,0,0,0
35154,1,633,198
35155,1,633,201
35156,1,631,203
35157,1,633,206
35158,1,633,213
35159,0,0,0
35160,0,0,0
35161,0,0,0
35162,0,0,0
35163,1,633,230
35164,1,633,235
35165,1,633,241
35166,1,633,246
35167,1,633,255
35168,1,633,260
35169,1,633,261
35170,1,631,261
35171,0,0,0
35172,1,633,268
35173,1,633,273
35174,0,0,0
35175,0,0,0
35176,0,0,0
35177,1,628,290
35178,1,630,298
35179,1,630,306
35180,0,0,0
35181,1,631,321
35182,1,631,326
35183,1,633,336
35184,1,633,341
35185,1,633,350
35186,1,631,358
35187,0,0,0
35188,0,0,0
35189,0,0,0
35190,0,0,0
35191,0,0,0
35192,0,0,0
35193,0,0,0
35194,0,0,0
35195,1,630,436
35196,1,631,448
35197,1,630,456
35198,1,631,470
35199,0,0,0
35200,0,0,0
35201,1,640,493
35202,0,0,0
35203,0,0,0
35204,0,0,0
35205,0,0,0
35206,0,0,0
35207,0,0,0
35208,0,0,0
35209,0,0,0
35210,0,0,0
35211,0,0,0
35212,0,0,0
35213,0,0,0
35214,0,0,0
35215,0,0,0
35216,0,0,0
35217,0,0,0
35218,0,0,0
35219,0,0,0
35220,0,0,0
35221,0,0,0
35222,0,0,0
35223,0,0,0
35224,0,0,0
35225,0,0,0
35226,0,0,0
35227,0,0,0
35228,0,0,0
35229,0,0,0
35230,0,0,0
35231,0,0,0
35232,0,0,0
35233,0,0,0
35234,0,0,0
35235,0,0,0
35236,0,0,0
35237,0,0,0
35238,0,0,0
35239,0,0,0
35240,0,0,0
35241,0,0,0
35242,0,0,0
35243,1,403,465
35244,0,0,0
35245,0,0,0
35246,0,0,0
35247,0,0,0
35248,0,0,0
35249,0,0,0
35250,0,0,0
35251,0,0,0
35252,0,0,0
35253,0,0,0
35254,0,0,0
35255,0,0,0
35256,0,0,0
35257,0,0,0
35258,0,0,0
35259,0,0,0
35260,0,0,0
35261,0,0,0
35262,0,0,0
35263,0,0,0
35264,0,0,0
35265,0,0,0
35266,0,0,0
35267,0,0,0
35268,0,0,0
35269,0,0,0
35270,0,0,0
35271,0,0,0
35272,0,0,0
35273,0,0,0
35274,0,0,0
35275,0,0,0
35276,0,0,0
35277,0,0,0
35278,0,0,0
35279,0,0,0
35280,0,0,0
35281,0,0,0
35282,0,0,0
35283,0,0,0
35284,0,0,0
35285,0,0,0
35286,0,0,0
35287,0,0,0
35288,0,0,0
35289,0,0,0
35290,0,0,0
35291,0,0,0
35292,0,0,0
35293,0,0,0
35294,0,0,0
35295,1,541,543
35296,0,0,0
35297,0,0,0
35298,0,0,0
35299,0,0,0
35300,0,0,0
35301,0,0,0
35302,0,0,0
35303,1,528,523
35304,1,528,523
35305,1,525,521
35306,1,525,520
35307,0,0,0
35308,0,0,0
35309,0,0,0
35310,0,0,0
35311,0,0,0
35312,0,0,0
35313,0,0,0
35314,0,0,0
35315,0,0,0
35316,0,0,0
35317,0,0,0
35318,0,0,0
35319,0,0,0
35320,0,0,0
35321,0,0,0
35322,0,0,0
35323,0,0,0
35324,0,0,0
35325,0,0,0
35326,0,0,0
35327,0,0,0
35328,0,0,0
35329,0,0,0
35330,0,0,0
35331,0,0,0
35332,0,0,0
35333,0,0,0
35334,0,0,0
35335,0,0,0
35336,0,0,0
35337,0,0,0
35338,0,0,0
35339,0,0,0
35340,0,0,0
35341,0,0,0
35342,0,0,0
35343,0,0,0
35344,0,0,0
35345,0,0,0
35346,0,0,0
35347,0,0,0
35348,0,0,0
35349,0,0,0
35350,0,0,0
35351,0,0,0
35352,0,0,0
35353,0,0,0
35354,0,0,0
35355,0,0,0
35356,0,0,0
35357,1,483,551
35358,1,483,543
35359,1,481,541
35360,0,0,0
35361,0,0,0
35362,0,0,0
35363,1,468,530
35364,1,466,530
35365,0,0,0
35366,0,0,0
35367,0,0,0
35368,0,0,0
35369,0,0,0
35370,0,0,0
35371,0,0,0
35372,0,0,0
35373,0,0,0
35374,0,0,0
35375,0,0,0
35376,0,0,0
35377,0,0,0
35378,0,0,0
35379,0,0,0
35380,0,0,0
35381,0,0,0
35382,0,0,0
35383,0,0,0
35384,0,0,0
35385,0,0,0
35386,0,0,0
35387,0,0,0
35388,1,491,275
35389,1,491,270
35390,1,491,268
35391,1,491,266
35392,1,491,263
35393,1,490,261
35394,1,490,260
35395,1,490,256
35396,0,0,0
35397,1,490,256
35398,1,490,255
35399,0,0,0
35400,1,491,253
35401,1,491,253
35402,1,491,253
35403,1,491,253
35404,1,491,251
35405,1,491,250
35406,1,491,251
35407,1,490,251
35408,1,490,251
35409,1,488,250
35410,1,488,251
35411,1,488,250
35412,1,486,250
35413,1,486,251
35414,1,486,251
35415,1,486,258
35416,0,0,0
35417,0,0,0
35418,0,0,0
35419,0,0,0
35420,1,488,260
35421,1,490,258
35422,1,490,255
35423,1,490,251
35424,1,493,246
35425,1,495,241
35426,1,496,236
35427,1,498,231
35428,1,500,226
35429,1,501,221
35430,1,506,215
35431,1,510,210
35432,1,511,208
35433,1,513,201
35434,1,515,196
35435,1,518,191
35436,1,521,188
35437,1,523,181
35438,1,525,178
35439,1,528,175
35440,1,530,170
35441,1,535,166
35442,1,536,165
35443,1,540,161
35444,1,543,156
35445,1,543,156
35446,1,546,153
35447,1,553,148
35448,1,555,145
35449,1,561,143
35450,1,563,140
35451,1,570,136
35452,1,573,135
35453,1,575,130
35454,1,580,128
35455,1,581,126
35456,1,590,123
35457,1,593,120
35458,1,598,121
35459,1,601,121
35460,1,598,121
35461,1,608,116
35462,1,616,115
35463,1,620,115
35464,1,625,113
35465,1,633,113
35466,1,636,116
35467,1,643,115
35468,1,646,115
35469,1,651,115
35470,1,658,118
35471,1,661,121
35472,1,668,121
35473,1,673,123
35474,1,681,126
35475,1,685,128
35476,0,0,0
35477,1,698,135
35478,1,705,136
35479,1,713,140
35480,1,721,141
35481,1,725,143
35482,1,733,151
35483,1,740,153
35484,1,751,161
35485,1,756,165
35486,1,763,173
35487,1,773,181
35488,1,778,188
35489,1,785,196
35490,1,791,203
35491,1,803,206
35492,1,810,215
35493,1,818,221
35494,1,828,231
35495,1,833,241
35496,1,841,250
35497,1,848,261
35498,1,861,275
35499,1,871,286
35500,1,876,298
35501,1,886,310
35502,1,895,321
35503,0,0,0
35504,0,0,0
35505,0,0,0
35506,0,0,0
35507,1,935,356
35508,1,935,336
35509,1,930,321
35510,1,928,300
35511,1,926,285
35512,1,925,263
35513,1,921,245
35514,1,921,230
35515,1,918,213
35516,1,915,191
35517,1,915,178
35518,1,911,165
35519,1,910,153
35520,1,908,140
35521,1,901,126
35522,1,903,111
35523,1,900,100
35524,1,898,86
35525,1,896,81
35526,1,895,66
35527,1,891,55
35528,1,890,46
35529,0,0,0
35530,0,0,0
35531,0,0,0
35532,0,0,0
35533,0,0,0
35534,0,0,0
35535,0,0,0
35536,0,0,0
35537,0,0,0
35538,0,0,0
35539,0,0,0
35540,0,0,0
35541,0,0,0
35542,0,0,0
35543,0,0,0
35544,0,0,0
35545,0,0,0
35546,0,0,0
35547,0,0,0
35548,0,0,0
35549,0,0,0
35550,0,0,0
35551,0,0,0
35552,0,0,0
35553,0,0,0
35554,0,0,0
35555,0,0,0
35556,0,0,0
35557,0,0,0
35558,0,0,0
35559,0,0,0
35560,0,0,0
35561,0,0,0
35562,0,0,0
35563,0,0,0
35564,0,0,0
35565,0,0,0
35566,0,0,0
35567,0,0,0
35568,0,0,0
35569,0,0,0
35570,0,0,0
35571,0,0,0
35572,0,0,0
35573,0,0,0
35574,0,0,0
35575,0,0,0
35576,0,0,0
35577,0,0,0
35578,0,0,0
35579,0,0,0
35580,0,0,0
35581,0,0,0
35582,0,0,0
35583,0,0,0
35584,0,0,0
35585,0,0,0
35586,0,0,0
35587,0,0,0
35588,1,785,10
35589,1,785,13
35590,1,783,16
35591,1,785,31
35592,1,781,43
35593,0,0,0
35594,0,0,0
35595,1,775,61
35596,1,775,68
35597,1,770,83
35598,1,770,88
35599,1,770,98
35600,1,768,108
35601,1,768,116
35602,1,766,126
35603,1,765,135
35604,1,765,146
35605,1,763,155
35606,1,763,170
35607,1,763,181
35608,1,765,191
35609,1,765,205
35610,0,0,0
35611,1,756,230
35612,1,756,241
35613,1,756,248
35614,1,758,260
35615,1,756,276
35616,1,756,280
35617,1,756,273
35618,0,0,0
35619,0,0,0
35620,1,765,228
35621,1,765,216
35622,1,765,205
35623,1,766,195
35624,1,768,176
35625,1,770,170
35626,1,775,161
35627,1,778,150
35628,1,780,136
35629,1,783,126
35630,1,785,116
35631,1,788,108
35632,1,788,98
35633,1,790,90
35634,1,793,83
35635,1,795,75
35636,1,795,70
35637,1,796,61
35638,0,0,0
35639,1,801,46
35640,1,805,45
35641,1,808,38
35642,1,810,31
35643,1,810,18
35644,1,813,13
35645,1,815,10
35646,1,818,6
35647,0,0,0
35648,0,0,0
35649,0,0,0
35650,0,0,0
35651,0,0,0
35652,0,0,0
35653,0,0,0
35654,0,0,0
35655,0,0,0
35656,0,0,0
35657,0,0,0
35658,0,0,0
35659,0,0,0
35660,1,1188,350
35661,1,1183,360
35662,0,0,0
35663,0,0,0
35664,0,0,0
35665,0,0,0
35666,0,0,0
35667,0,0,0
35668,0,0,0
35669,0,0,0
35670,0,0,0
35671,0,0,0
35672,0,0,0
35673,0,0,0
35674,0,0,0
35675,0,0,0
35676,0,0,0
35677,0,0,0
35678,0,0,0
35679,0,0,0
35680,1,981,228
35681,1,978,221
35682,1,976,218
35683,0,0,0
35684,0,0,0
35685,0,0,0
35686,0,0,0
35687,0,0,0
35688,0,0,0
35689,0,0,0
35690,0,0,0
35691,0,0,0
35692,0,0,0
35693,0,0,0
35694,0,0,0
35695,0,0,0
35696,1,908,85
35697,1,910,96
35698,1,911,103
35699,1,913,111
35700,1,916,118
35701,1,918,126
35702,1,920,138
35703,1,923,150
35704,0,0,0
35705,0,0,0
35706,0,0,0
35707,1,895,193
35708,1,866,196
35709,1,846,206
35710,1,830,206
35711,1,810,216
35712,1,793,221
35713,1,776,233
35714,1,763,243
35715,1,753,248
35716,1,743,256
35717,1,728,261
35718,1,720,266
35719,1,706,268
35720,0,0,0
35721,1,675,281
35722,1,668,285
35723,1,650,295
35724,1,648,298
35725,0,0,0
35726,0,0,0
35727,0,0,0
35728,0,0,0
35729,0,0,0
35730,0,0,0
35731,0,0,0
35732,0,0,0
35733,1,565,328
35734,1,555,323
35735,1,548,323
35736,1,541,321
35737,1,528,316
35738,1,520,315
35739,1,511,311
35740,1,503,305
35741,1,495,303
35742,1,485,301
35743,1,476,298
35744,1,471,298
35745,1,463,298
35746,1,456,296
35747,1,448,295
35748,1,441,293
35749,1,433,293
35750,0,0,0
35751,1,421,293
35752,1,413,293
35753,1,406,293
35754,0,0,0
35755,0,0,0
35756,1,390,293
35757,1,383,293
35758,1,376,295
35759,1,368,296
35760,1,360,298
35761,1,356,298
35762,1,350,298
35763,1,343,301
35764,1,340,301
35765,1,336,303
35766,1,331,306
35767,1,326,308
35768,1,323,308
35769,1,316,315
35770,0,0,0
35771,0,0,0
35772,0,0,0
35773,0,0,0
35774,0,0,0
35775,1,343,313
35776,1,348,311
35777,1,351,310
35778,1,355,310
35779,1,358,311
35780,1,363,313
35781,0,0,0
35782,0,0,0
35783,1,380,321
35784,1,386,321
35785,1,391,321
35786,1,395,325
35787,1,396,326
35788,1,401,328
35789,1,403,331
35790,1,410,330
35791,1,416,333
35792,1,423,335
35793,1,426,335
35794,1,428,338
35795,1,433,341
35796,1,440,343
35797,1,443,346
35798,1,450,350
35799,1,456,353
35800,1,458,355
35801,1,465,360
35802,1,468,365
35803,1,471,366
35804,0,0,0
35805,1,481,376
35806,1,483,375
35807,1,488,370
35808,1,490,368
35809,1,491,366
35810,1,495,363
35811,1,498,358
35812,1,498,355
35813,1,501,351
35814,1,503,351
35815,0,0,0
35816,1,508,348
35817,0,0,0
35818,0,0,0
35819,0,0,0
35820,0,0,0
35821,0,0,0
35822,1,521,340
35823,1,523,341
35824,1,525,340
35825,0,0,0
35826,0,0,0
35827,0,0,0
35828,0,0,0
35829,0,0,0
35830,0,0,0
35831,0,0,0
35832,0,0,0
35833,0,0,0
35834,0,0,0
35835,0,0,0
35836,0,0,0
35837,0,0,0
35838,0,0,0
35839,0,0,0
35840,0,0,0
35841,0,0,0
35842,0,0,0
35843,0,0,0
35844,0,0,0
35845,0,0,0
35846,0,0,0
35847,0,0,0
35848,0,0,0
35849,0,0,0
35850,0,0,0
35851,0,0,0
35852,0,0,0
35853,0,0,0
35854,0,0,0
35855,0,0,0
35856,0,0,0
35857,0,0,0
35858,0,0,0
35859,0,0,0
35860,0,0,0
35861,0,0,0
35862,0,0,0
35863,0,0,0
35864,0,0,0
35865,0,0,0
35866,0,0,0
35867,0,0,0
35868,0,0,0
35869,0,0,0
35870,0,0,0
35871,0,0,0
35872,0,0,0
35873,0,0,0
35874,0,0,0
35875,0,0,0
35876,0,0,0
35877,0,0,0
35878,0,0,0
35879,0,0,0
35880,0,0,0
35881,0,0,0
35882,0,0,0
35883,0,0,0
35884,0,0,0
35885,0,0,0
35886,0,0,0
35887,0,0,0
35888,0,0,0
35889,0,0,0
35890,0,0,0
35891,0,0,0
35892,0,0,0
35893,0,0,0
35894,0,0,0
35895,0,0,0
35896,0,0,0
35897,0,0,0
35898,0,0,0
35899,0,0,0
35900,0,0,0
35901,0,0,0
35902,0,0,0
35903,0,0,0
35904,0,0,0
35905,0,0,0
35906,0,0,0
35907,0,0,0
35908,0,0,0
35909,0,0,0
35910,0,0,0
35911,0,0,0
35912,0,0,0
35913,0,0,0
35914,0,0,0
35915,0,0,0
35916,0,0,0
35917,0,0,0
35918,0,0,0
35919,0,0,0
35920,0,0,0
35921,0,0,0
35922,0,0,0
35923,0,0,0
35924,0,0,0
35925,0,0,0
35926,0,0,0
35927,0,0,0
35928,0,0,0
35929,0,0,0
35930,0,0,0
35931,0,0,0
35932,0,0,0
35933,0,0,0
35934,0,0,0
35935,0,0,0
35936,0,0,0
35937,0,0,0
35938,0,0,0
35939,0,0,0
35940,0,0,0
35941,0,0,0
35942,0,0,0
35943,0,0,0
35944,0,0,0
35945,0,0,0
35946,0,0,0
35947,0,0,0
35948,0,0,0
35949,0,0,0
35950,0,0,0
35951,0,0,0
35952,0,0,0
35953,0,0,0
35954,0,0,0
35955,0,0,0
35956,0,0,0
35957,0,0,0
35958,0,0,0
35959,0,0,0
35960,0,0,0
35961,0,0,0
35962,0,0,0
35963,0,0,0
35964,0,0,0
35965,0,0,0
35966,0,0,0
35967,0,0,0
35968,0,0,0
35969,1,1153,21
35970,1,1110,35
35971,1,1076,45
35972,1,1035,50
35973,0,0,0
35974,1,981,68
35975,1,966,70
35976,1,940,80
35977,1,916,86
35978,1,891,91
35979,1,873,101
35980,1,860,103
35981,1,845,115
35982,1,830,121
35983,1,813,130
35984,1,803,141
35985,1,793,143
35986,1,783,153
35987,0,0,0
35988,1,763,166
35989,1,751,175
35990,0,0,0
35991,1,731,193
35992,1,721,200
35993,1,711,203
35994,1,703,208
35995,1,698,215
35996,1,690,223
35997,1,685,230
35998,1,678,241
35999,1,671,246
36000,1,663,251
36001,1,661,258
36002,1,655,263
36003,1,650,271
36004,1,645,280
36005,0,0,0
36006,1,631,303
36007,1,630,300
36008,1,626,298
36009,1,631,288
36010,1,628,285
36011,1,626,278
36012,1,626,271
36013,1,628,261
36014,1,625,260
36015,1,626,250
36016,1,626,241
36017,1,626,231
36018,1,626,223
36019,1,626,216
36020,1,628,206
36021,1,628,200
36022,1,628,193
36023,1,628,188
36024,1,630,178
36025,1,628,171
36026,1,628,165
36027,1,628,161
36028,1,628,153
36029,1,628,148
36030,1,626,145
36031,1,626,138
36032,1,628,130
36033,1,628,125
36034,1,626,118
36035,1,626,113
36036,1,628,110
36037,1,626,101
36038,1,626,98
36039,1,626,95
36040,1,626,90
36041,1,626,86
36042,1,626,85
36043,1,625,81
36044,1,625,81
36045,1,628,73
36046,1,628,70
36047,1,630,66
36048,1,628,63
36049,1,628,58
36050,1,628,56
36051,1,628,53
36052,1,626,50
36053,1,625,46
36054,0,0,0
36055,0,0,0
36056,0,0,0
36057,0,0,0
36058,0,0,0
36059,0,0,0
36060,0,0,0
36061,0,0,0
36062,0,0,0
36063,0,0,0
36064,0,0,0
36065,0,0,0
36066,0,0,0
36067,0,0,0
36068,0,0,0
36069,0,0,0
36070,0,0,0
36071,0,0,0
36072,0,0,0
36073,0,0,0
36074,0,0,0
36075,0,0,0
36076,0,0,0
36077,0,0,0
36078,0,0,0
36079,0,0,0
36080,0,0,0
36081,0,0,0
36082,0,0,0
36083,0,0,0
36084,0,0,0
36085,0,0,0
36086,0,0,0
36087,0,0,0
36088,1,620,66
36089,0,0,0
36090,1,620,76
36091,1,620,81
36092,1,620,86
36093,1,620,88
36094,1,620,91
36095,1,621,95
36096,1,621,100
36097,1,621,110
36098,1,621,113
36099,1,621,120
36100,1,621,125
36101,0,0,0
36102,1,623,138
36103,1,621,148
36104,1,621,155
36105,1,620,161
36106,1,621,166
36107,1,623,173
36108,1,623,180
36109,1,623,190
36110,1,623,195
36111,1,623,205
36112,1,623,215
36113,1,623,221
36114,1,625,230
36115,1,625,241
36116,1,625,251
36117,1,626,261
36118,1,628,270
36119,1,628,273
36120,1,631,280
36121,1,630,276
36122,1,628,271
36123,1,626,260
36124,1,626,246
36125,1,626,240
36126,1,628,228
36127,1,626,216
36128,1,628,208
36129,1,630,201
36130,1,628,193
36131,1,628,188
36132,1,626,178
36133,1,626,171
36134,1,626,166
36135,1,625,165
36136,1,626,156
36137,1,626,153
36138,1,626,143
36139,1,625,136
36140,1,625,135
36141,1,625,126
36142,1,625,121
36143,1,625,116
36144,1,626,111
36145,1,625,108
36146,1,625,101
36147,1,625,100
36148,1,623,96
36149,1,623,95
36150,1,625,93
36151,1,625,91
36152,1,625,90
36153,1,625,86
36154,1,625,83
36155,1,625,83
36156,1,623,81
36157,1,623,81
36158,1,623,81
36159,1,623,80
36160,1,623,81
36161,0,0,0
36162,0,0,0
36163,0,0,0
36164,0,0,0
36165,0,0,0
36166,0,0,0
36167,0,0,0
36168,0,0,0
36169,0,0,0
36170,0,0,0
36171,0,0,0
36172,0,0,0
36173,0,0,0
36174,0,0,0
36175,0,0,0
36176,0,0,0
36177,0,0,0
36178,0,0,0
36179,0,0,0
36180,0,0,0
36181,0,0,0
36182,1,615,110
36183,0,0,0
36184,0,0,0
36185,1,616,118
36186,1,616,123
36187,0,0,0
36188,0,0,0
36189,1,615,138
36190,0,0,0
36191,0,0,0
36192,0,0,0
36193,0,0,0
36194,0,0,0
36195,0,0,0
36196,0,0,0
36197,0,0,0
36198,1,615,188
36199,1,615,193
36200,1,615,198
36201,1,616,205
36202,1,616,213
36203,1,616,216
36204,1,620,223
36205,1,621,226
36206,1,626,226
36207,1,641,223
36208,1,645,225
36209,1,655,228
36210,0,0,0
36211,0,0,0
36212,0,0,0
36213,0,0,0
36214,0,0,0
36215,0,0,0
36216,0,0,0
36217,0,0,0
36218,0,0,0
36219,0,0,0
36220,0,0,0
36221,0,0,0
36222,0,0,0
36223,0,0,0
36224,0,0,0
36225,1,726,198
36226,1,731,196
36227,1,736,198
36228,0,0,0
36229,0,0,0
36230,0,0,0
36231,0,0,0
36232,0,0,0
36233,0,0,0
36234,0,0,0
36235,1,783,200
36236,1,790,206
36237,0,0,0
36238,0,0,0
36239,1,803,215
36240,1,806,215
36241,1,815,218
36242,1,821,226
36243,1,828,233
36244,1,831,241
36245,1,838,245
36246,1,845,255
36247,1,848,261
36248,1,860,268
36249,1,865,276
36250,1,871,283
36251,1,881,288
36252,1,883,298
36253,1,890,311
36254,0,0,0
36255,0,0,0
36256,0,0,0
36257,0,0,0
36258,0,0,0
36259,0,0,0
36260,0,0,0
36261,0,0,0
36262,1,938,358
36263,1,936,348
36264,1,936,333
36265,1,928,313
36266,0,0,0
36267,1,913,280
36268,1,910,270
36269,1,903,258
36270,0,0,0
36271,1,895,225
36272,1,891,210
36273,1,886,193
36274,1,881,181
36275,1,876,170
36276,1,875,161
36277,1,871,145
36278,1,866,136
36279,1,861,125
36280,1,858,115
36281,1,848,101
36282,1,845,95
36283,1,841,90
36284,1,840,76
36285,1,831,75
36286,1,828,66
36287,1,828,60
36288,1,820,50
36289,1,818,46
36290,1,813,43
36291,1,810,36
36292,0,0,0
36293,0,0,0
36294,0,0,0
36295,1,793,13
36296,1,788,10
36297,1,783,10
36298,0,0,0
36299,0,0,0
36300,0,0,0
36301,0,0,0
36302,0,0,0
36303,0,0,0
36304,0,0,0
36305,0,0,0
36306,0,0,0
36307,1,490,348
36308,0,0,0
36309,0,0,0
36310,0,0,0
36311,0,0,0
36312,0,0,0
36313,0,0,0
36314,0,0,0
36315,0,0,0
36316,0,0,0
36317,0,0,0
36318,0,0,0
36319,0,0,0
36320,0,0,0
36321,0,0,0
36322,0,0,0
36323,0,0,0
36324,0,0,0
36325,0,0,0
36326,1,683,55
36327,1,683,61
36328,1,681,70
36329,1,675,80
36330,1,670,83
36331,1,670,90
36332,1,663,98
36333,1,663,103
36334,1,660,111
36335,1,656,118
36336,1,656,126
36337,1,653,136
36338,1,650,145
36339,1,648,153
36340,1,645,163
36341,1,641,175
36342,1,636,183
36343,1,635,193
36344,0,0,0
36345,0,0,0
36346,1,626,226
36347,1,630,218
36348,0,0,0
36349,0,0,0
36350,0,0,0
36351,1,645,176
36352,1,650,155
36353,1,651,141
36354,1,660,128
36355,1,661,116
36356,1,663,101
36357,1,670,90
36358,1,673,83
36359,1,676,75
36360,1,683,66
36361,1,686,56
36362,0,0,0
36363,0,0,0
36364,0,0,0
36365,0,0,0
36366,0,0,0
36367,0,0,0
36368,0,0,0
36369,0,0,0
36370,0,0,0
36371,0,0,0
36372,0,0,0
36373,0,0,0
36374,0,0,0
36375,0,0,0
36376,0,0,0
36377,0,0,0
36378,0,0,0
36379,0,0,0
36380,0,0,0
36381,0,0,0
36382,0,0,0
36383,0,0,0
36384,0,0,0
36385,0,0,0
36386,0,0,0
36387,0,0,0
36388,0,0,0
36389,0,0,0
36390,0,0,0
36391,1,1178,393
36392,0,0,0
36393,0,0,0
36394,0,0,0
36395,0,0,0
36396,0,0,0
36397,0,0,0
36398,0,0,0
36399,0,0,0
36400,0,0,0
36401,0,0,0
36402,0,0,0
36403,1,998,298
36404,1,995,286
36405,0,0,0
36406,0,0,0
36407,0,0,0
36408,0,0,0
36409,0,0,0
36410,0,0,0
36411,0,0,0
36412,0,0,0
36413,1,996,208
36414,0,0,0
36415,0,0,0
36416,0,0,0
36417,0,0,0
36418,0,0,0
36419,0,0,0
36420,0,0,0
36421,0,0,0
36422,0,0,0
36423,1,928,45
36424,1,930,53
36425,1,935,58
36426,1,938,65
36427,1,940,73
36428,1,941,83
36429,1,946,95
36430,1,948,101
36431,1,951,113
36432,1,955,126
36433,1,961,138
36434,1,965,146
36435,1,953,156
36436,0,0,0
36437,0,0,0
36438,0,0,0
36439,1,863,198
36440,0,0,0
36441,0,0,0
36442,1,808,223
36443,0,0,0
36444,0,0,0
36445,0,0,0
36446,0,0,0
36447,1,725,245
36448,0,0,0
36449,0,0,0
36450,1,696,258
36451,1,688,263
36452,1,681,268
36453,1,675,271
36454,1,668,276
36455,1,658,283
36456,1,650,288
36457,1,645,295
36458,1,633,300
36459,0,0,0
36460,0,0,0
36461,0,0,0
36462,1,605,325
36463,1,603,333
36464,1,605,333
36465,0,0,0
36466,1,588,348
36467,0,0,0
36468,1,590,333
36469,1,590,325
36470,1,593,313
36471,1,593,305
36472,0,0,0
36473,1,596,288
36474,1,598,281
36475,1,596,271
36476,1,598,263
36477,1,598,256
36478,1,598,251
36479,1,598,245
36480,1,605,233
36481,1,603,226
36482,1,605,215
36483,1,606,208
36484,1,606,200
36485,1,608,193
36486,1,610,188
36487,1,610,178
36488,1,610,173
36489,1,610,166
36490,1,615,155
36491,1,615,151
36492,1,615,146
36493,1,615,140
36494,1,615,138
36495,1,620,130
36496,1,620,126
36497,1,621,120
36498,1,623,111
36499,1,623,108
36500,1,625,101
36501,1,625,98
36502,1,626,95
36503,1,626,90
36504,1,628,86
36505,1,628,83
36506,1,628,81
36507,1,630,81
36508,1,630,75
36509,1,631,73
36510,1,633,70
36511,1,633,66
36512,1,635,65
36513,1,635,61
36514,0,0,0
36515,0,0,0
36516,1,635,53
36517,1,640,48
36518,1,636,46
36519,1,636,48
36520,0,0,0
36521,0,0,0
36522,0,0,0
36523,0,0,0
36524,0,0,0
36525,0,0,0
36526,0,0,0
36527,0,0,0
36528,0,0,0
36529,0,0,0
36530,0,0,0
36531,0,0,0
36532,0,0,0
36533,0,0,0
36534,0,0,0
36535,0,0,0
36536,0,0,0
36537,0,0,0
36538,0,0,0
36539,0,0,0
36540,0,0,0
36541,0,0,0
36542,0,0,0
36543,0,0,0
36544,0,0,0
36545,0,0,0
36546,0,0,0
36547,0,0,0
36548,0,0,0
36549,1,668,71
36550,1,670,73
36551,0,0,0
36552,1,668,81
36553,1,668,85
36554,1,670,88
36555,1,671,93
36556,1,673,96
36557,1,673,100
36558,1,675,101
36559,1,675,108
36560,1,676,110
36561,1,678,115
36562,1,678,121
36563,1,678,126
36564,1,681,135
36565,1,681,138
36566,1,683,145
36567,1,683,151
36568,1,683,156
36569,1,685,163
36570,1,686,168
36571,1,686,173
36572,1,688,180
36573,1,690,190
36574,1,690,195
36575,1,693,201
36576,1,693,206
36577,1,695,215
36578,1,695,221
36579,1,696,230
36580,1,696,235
36581,1,698,243
36582,1,698,255
36583,0,0,0
36584,1,700,271
36585,0,0,0
36586,0,0,0
36587,0,0,0
36588,1,701,276
36589,1,701,268
36590,1,700,261
36591,1,698,251
36592,1,698,241
36593,1,696,235
36594,1,696,226
36595,1,695,218
36596,0,0,0
36597,1,693,205
36598,1,690,200
36599,1,688,195
36600,1,686,188
36601,1,686,183
36602,1,686,178
36603,1,685,168
36604,1,685,163
36605,1,683,155
36606,1,681,150
36607,1,681,143
36608,1,680,138
36609,1,680,130
36610,1,680,126
36611,1,678,121
36612,1,676,118
36613,1,675,115
36614,1,675,115
36615,1,675,110
36616,1,675,103
36617,1,675,101
36618,1,673,98
36619,1,671,95
36620,1,670,90
36621,1,670,86
36622,1,668,85
36623,0,0,0
36624,0,0,0
36625,0,0,0
36626,0,0,0
36627,0,0,0
36628,0,0,0
36629,0,0,0
36630,0,0,0
36631,0,0,0
36632,0,0,0
36633,0,0,0
36634,0,0,0
36635,0,0,0
36636,0,0,0
36637,0,0,0
36638,0,0,0
36639,1,650,71
36640,1,646,71
36641,0,0,0
36642,0,0,0
36643,0,0,0
36644,0,0,0
36645,1,636,81
36646,1,641,80
36647,1,636,81
36648,1,636,81
36649,1,636,81
36650,1,635,81
36651,1,635,83
36652,1,633,86
36653,1,633,90
36654,1,633,93
36655,1,631,96
36656,1,630,100
36657,1,628,101
36658,1,626,111
36659,1,628,115
36660,1,626,118
36661,1,626,121
36662,1,625,126
36663,1,625,128
36664,1,623,135
36665,1,621,138
36666,1,621,143
36667,1,620,150
36668,1,618,155
36669,1,616,163
36670,1,616,170
36671,1,615,178
36672,1,615,181
36673,1,613,190
36674,1,613,198
36675,1,608,201
36676,1,608,208
36677,1,608,216
36678,1,608,226
36679,1,608,233
36680,1,608,243
36681,0,0,0
36682,1,615,228
36683,1,616,221
36684,1,621,216
36685,1,623,208
36686,1,628,205
36687,1,631,201
36688,1,635,198
36689,1,636,195
36690,1,641,196
36691,1,643,191
36692,1,646,188
36693,1,650,181
36694,1,653,180
36695,1,658,175
36696,1,661,170
36697,1,668,170
36698,1,670,165
36699,1,675,163
36700,1,678,161
36701,1,683,160
36702,1,688,158
36703,1,693,155
36704,1,695,155
36705,0,0,0
36706,1,701,155
36707,1,708,153
36708,1,711,153
36709,1,715,151
36710,1,721,153
36711,1,723,151
36712,1,726,153
36713,1,733,155
36714,1,740,156
36715,0,0,0
36716,0,0,0
36717,1,753,163
36718,1,756,166
36719,1,763,170
36720,1,768,170
36721,1,775,175
36722,1,780,180
36723,1,788,183
36724,1,793,191
36725,1,801,196
36726,1,805,201
36727,1,810,208
36728,1,815,215
36729,1,821,223
36730,1,830,230
36731,1,836,236
36732,1,845,246
36733,1,848,258
36734,1,855,268
36735,1,863,275
36736,1,866,285
36737,1,873,295
36738,1,883,305
36739,1,893,321
36740,0,0,0
36741,0,0,0
36742,0,0,0
36743,0,0,0
36744,0,0,0
36745,0,0,0
36746,0,0,0
36747,1,910,308
36748,1,908,285
36749,1,908,273
36750,1,908,255
36751,1,903,241
36752,1,901,225
36753,1,898,208
36754,1,895,191
36755,1,896,178
36756,1,891,161
36757,1,890,145
36758,1,886,135
36759,1,885,121
36760,1,883,110
36761,1,880,98
36762,1,875,90
36763,1,871,83
36764,1,871,71
36765,1,868,61
36766,0,0,0
36767,0,0,0
36768,0,0,0
36769,0,0,0
36770,0,0,0
36771,0,0,0
36772,0,0,0
36773,0,0,0
36774,0,0,0
36775,0,0,0
36776,0,0,0
36777,0,0,0
36778,0,0,0
36779,0,0,0
36780,0,0,0
36781,0,0,0
36782,0,0,0
36783,0,0,0
36784,0,0,0
36785,0,0,0
36786,0,0,0
36787,0,0,0
36788,0,0,0
36789,0,0,0
36790,0,0,0
36791,0,0,0
36792,0,0,0
36793,0,0,0
36794,0,0,0
36795,0,0,0
36796,0,0,0
36797,0,0,0
36798,0,0,0
36799,0,0,0
36800,0,0,0
36801,0,0,0
36802,0,0,0
36803,0,0,0
36804,0,0,0
36805,0,0,0
36806,0,0,0
36807,0,0,0
36808,0,0,0
36809,0,0,0
36810,0,0,0
36811,0,0,0
36812,0,0,0
36813,0,0,0
36814,0,0,0
36815,0,0,0
36816,1,768,15
36817,0,0,0
36818,0,0,0
36819,1,768,45
36820,1,766,50
36821,1,765,56
36822,1,765,65
36823,1,765,73
36824,1,761,81
36825,1,763,85
36826,1,763,93
36827,1,761,101
36828,1,760,111
36829,1,758,120
36830,1,755,135
36831,1,755,141
36832,1,753,153
36833,1,750,161
36834,1,750,173
36835,1,748,181
36836,1,748,191
36837,1,748,206
36838,1,743,215
36839,1,743,225
36840,0,0,0
36841,0,0,0
36842,1,740,276
36843,1,741,271
36844,1,743,260
36845,1,743,248
36846,0,0,0
36847,1,748,223
36848,0,0,0
36849,1,750,198
36850,1,753,181
36851,1,753,168
36852,1,755,155
36853,1,756,146
36854,1,756,138
36855,1,760,128
36856,1,760,118
36857,1,765,101
36858,1,766,96
36859,1,766,85
36860,1,768,81
36861,1,775,71
36862,1,776,65
36863,1,775,58
36864,1,778,48
36865,1,776,43
36866,1,776,36
36867,0,0,0
36868,1,780,15
36869,0,0,0
36870,1,788,11
36871,0,0,0
36872,0,0,0
36873,1,1228,403
36874,0,0,0
36875,0,0,0
36876,0,0,0
36877,0,0,0
36878,0,0,0
36879,0,0,0
36880,0,0,0
36881,0,0,0
36882,0,0,0
36883,0,0,0
36884,0,0,0
36885,1,1176,330
36886,0,0,0
36887,0,0,0
36888,0,0,0
36889,0,0,0
36890,0,0,0
36891,0,0,0
36892,0,0,0
36893,0,0,0
36894,0,0,0
36895,0,0,0
36896,0,0,0
36897,0,0,0
36898,0,0,0
36899,1,963,358
36900,0,0,0
36901,0,0,0
36902,0,0,0
36903,0,0,0
36904,0,0,0
36905,0,0,0
36906,0,0,0
36907,0,0,0
36908,0,0,0
36909,0,0,0
36910,0,0,0
36911,0,0,0
36912,0,0,0
36913,0,0,0
36914,0,0,0
36915,0,0,0
36916,0,0,0
36917,0,0,0
36918,1,875,46
36919,0,0,0
36920,1,873,61
36921,1,876,68
36922,0,0,0
36923,0,0,0
36924,1,883,88
36925,1,883,96
36926,0,0,0
36927,1,886,113
36928,1,886,125
36929,1,890,133
36930,1,895,136
36931,1,891,150
36932,0,0,0
36933,0,0,0
36934,0,0,0
36935,1,836,200
36936,1,806,200
36937,0,0,0
36938,0,0,0
36939,0,0,0
36940,0,0,0
36941,1,698,241
36942,1,680,246
36943,1,668,253
36944,1,653,258
36945,1,640,268
36946,1,631,273
36947,0,0,0
36948,0,0,0
36949,0,0,0
36950,1,583,306
36951,1,575,313
36952,1,565,321
36953,0,0,0
36954,1,548,336
36955,1,541,336
36956,1,535,338
36957,1,526,338
36958,1,523,336
36959,1,518,333
36960,1,498,306
36961,1,495,301
36962,0,0,0
36963,1,488,276
36964,1,483,268
36965,1,475,255
36966,1,470,245
36967,1,461,233
36968,1,455,221
36969,0,0,0
36970,1,443,201
36971,1,435,191
36972,1,430,178
36973,1,420,171
36974,1,415,163
36975,1,413,153
36976,1,405,146
36977,1,401,138
36978,1,391,128
36979,1,383,120
36980,1,378,113
36981,1,375,101
36982,1,366,100
36983,1,356,88
36984,1,351,81
36985,1,346,71
36986,1,338,66
36987,1,330,58
36988,0,0,0
36989,0,0,0
36990,0,0,0
36991,0,0,0
36992,1,298,30
36993,1,296,15
36994,1,283,18
36995,1,278,13
36996,1,275,10
36997,0,0,0
36998,0,0,0
36999,0,0,0
37000,0,0,0
37001,0,0,0
37002,0,0,0
37003,0,0,0
37004,0,0,0
37005,0,0,0
37006,0,0,0
37007,0,0,0
37008,0,0,0
37009,0,0,0
37010,0,0,0
37011,0,0,0
37012,0,0,0
37013,0,0,0
37014,0,0,0
37015,0,0,0
37016,0,0,0
37017,0,0,0
37018,0,0,0
37019,0,0,0
37020,0,0,0
37021,0,0,0
37022,0,0,0
37023,0,0,0
37024,0,0,0
37025,0,0,0
37026,0,0,0
37027,0,0,0
37028,0,0,0
37029,0,0,0
37030,0,0,0
37031,0,0,0
37032,0,0,0
37033,0,0,0
37034,0,0,0
37035,0,0,0
37036,0,0,0
37037,0,0,0
37038,0,0,0
37039,0,0,0
37040,0,0,0
37041,0,0,0
37042,0,0,0
37043,0,0,0
37044,0,0,0
37045,0,0,0
37046,0,0,0
37047,0,0,0
37048,0,0,0
37049,0,0,0
37050,0,0,0
37051,0,0,0
37052,0,0,0
37053,0,0,0
37054,0,0,0
37055,0,0,0
37056,0,0,0
37057,0,0,0
37058,0,0,0
37059,0,0,0
37060,0,0,0
37061,0,0,0
37062,1,283,6
37063,1,280,11
37064,1,276,18
37065,1,275,16
37066,1,270,30
37067,1,263,33
37068,1,261,38
37069,1,255,45
37070,1,251,55
37071,1,250,58
37072,1,245,66
37073,1,241,71
37074,1,233,83
37075,1,230,86
37076,1,226,95
37077,1,225,101
37078,1,220,111
37079,1,218,120
37080,0,0,0
37081,1,208,136
37082,1,203,148
37083,1,200,156
37084,1,198,161
37085,1,195,170
37086,1,193,180
37087,1,188,190
37088,1,178,201
37089,1,178,208
37090,1,171,221
37091,1,170,231
37092,1,168,243
37093,1,165,255
37094,1,163,260
37095,1,165,270
37096,1,163,280
37097,1,163,288
37098,0,0,0
37099,0,0,0
37100,0,0,0
37101,1,155,341
37102,1,148,355
37103,1,145,368
37104,1,145,380
37105,1,145,386
37106,0,0,0
37107,0,0,0
37108,0,0,0
37109,0,0,0
37110,1,203,406
37111,1,201,403
37112,1,205,396
37113,1,205,391
37114,1,205,383
37115,1,206,376
37116,1,208,368
37117,1,208,363
37118,1,208,358
37119,1,210,351
37120,1,210,348
37121,1,210,341
37122,1,213,336
37123,1,215,330
37124,1,215,328
37125,1,216,321
37126,1,220,315
37127,1,221,310
37128,1,223,301
37129,1,223,296
37130,1,223,295
37131,1,225,288
37132,1,226,286
37133,1,226,283
37134,1,228,280
37135,1,228,276
37136,1,228,275
37137,1,230,273
37138,1,231,271
37139,1,231,271
37140,0,0,0
37141,0,0,0
37142,0,0,0
37143,0,0,0
37144,1,246,258
37145,1,245,260
37146,1,245,256
37147,1,246,256
37148,1,248,255
37149,1,253,256
37150,1,250,251
37151,1,250,256
37152,1,253,251
37153,1,253,255
37154,1,255,255
37155,1,260,256
37156,1,261,256
37157,1,263,256
37158,1,265,255
37159,1,268,258
37160,1,268,260
37161,1,270,260
37162,1,270,261
37163,1,275,266
37164,1,275,268
37165,1,275,270
37166,1,276,271
37167,1,278,275
37168,1,278,280
37169,1,280,285
37170,1,281,286
37171,1,285,290
37172,1,285,295
37173,1,286,298
37174,1,288,301
37175,1,290,306
37176,1,293,311
37177,1,295,315
37178,1,295,321
37179,1,296,326
37180,1,296,330
37181,1,298,336
37182,1,300,341
37183,1,300,348
37184,1,301,355
37185,1,305,363
37186,1,308,368
37187,1,308,378
37188,1,310,383
37189,1,310,390
37190,1,311,395
37191,1,313,405
37192,1,315,413
37193,1,315,418
37194,0,0,0
37195,0,0,0
37196,0,0,0
37197,0,0,0
37198,0,0,0
37199,0,0,0
37200,0,0,0
37201,0,0,0
37202,0,0,0
37203,0,0,0
37204,0,0,0
37205,0,0,0
37206,0,0,0
37207,0,0,0
37208,0,0,0
37209,0,0,0
37210,0,0,0
37211,0,0,0
37212,0,0,0
37213,0,0,0
37214,0,0,0
37215,0,0,0
37216,0,0,0
37217,0,0,0
37218,0,0,0
37219,0,0,0
37220,0,0,0
37221,0,0,0
37222,0,0,0
37223,0,0,0
37224,0,0,0
37225,0,0,0
37226,0,0,0
37227,0,0,0
37228,0,0,0
37229,0,0,0
37230,0,0,0
37231,0,0,0
37232,0,0,0
37233,0,0,0
37234,0,0,0
37235,0,0,0
37236,0,0,0
37237,0,0,0
37238,0,0,0
37239,0,0,0
37240,0,0,0
37241,0,0,0
37242,0,0,0
37243,0,0,0
37244,0,0,0
37245,0,0,0
37246,0,0,0
37247,0,0,0
37248,0,0,0
37249,0,0,0
37250,0,0,0
37251,0,0,0
37252,0,0,0
37253,0,0,0
37254,0,0,0
37255,0,0,0
37256,0,0,0
37257,0,0,0
37258,0,0,0
37259,0,0,0
37260,0,0,0
37261,0,0,0
37262,0,0,0
37263,0,0,0
37264,0,0,0
37265,0,0,0
37266,0,0,0
37267,0,0,0
37268,0,0,0
37269,0,0,0
37270,1,1113,5
37271,1,1103,8
37272,1,1085,11
37273,1,1075,18
37274,1,1058,21
37275,1,1055,33
37276,1,1043,41
37277,1,1030,48
37278,1,1020,53
37279,1,1008,56
37280,1,1000,63
37281,1,990,71
37282,1,981,75
37283,1,971,85
37284,1,965,88
37285,1,955,93
37286,1,948,100
37287,1,943,108
37288,1,936,113
37289,1,930,120
37290,1,925,126
37291,1,918,136
37292,1,915,141
37293,1,910,150
37294,1,903,155
37295,1,898,163
37296,1,895,168
37297,1,890,176
37298,1,883,188
37299,1,881,191
37300,1,875,198
37301,1,873,205
37302,0,0,0
37303,1,866,218
37304,1,863,225
37305,1,858,236
37306,1,855,243
37307,1,850,253
37308,1,848,258
37309,1,846,261
37310,1,841,270
37311,1,840,276
37312,1,836,285
37313,1,831,295
37314,1,830,300
37315,1,828,306
37316,1,823,321
37317,1,823,326
37318,1,821,333
37319,1,821,335
37320,1,818,338
37321,0,0,0
37322,0,0,0
37323,1,813,310
37324,1,811,296
37325,1,811,288
37326,1,810,278
37327,1,808,268
37328,1,810,260
37329,1,810,253
37330,1,806,245
37331,1,803,235
37332,1,801,226
37333,1,800,218
37334,0,0,0
37335,1,801,208
37336,1,800,200
37337,1,798,193
37338,1,796,181
37339,1,796,175
37340,1,795,166
37341,1,793,161
37342,1,793,151
37343,1,791,146
37344,1,791,140
37345,1,788,135
37346,1,786,126
37347,1,785,121
37348,1,783,118
37349,1,783,115
37350,1,781,108
37351,1,780,101
37352,1,780,100
37353,1,780,95
37354,1,778,90
37355,1,778,85
37356,1,776,81
37357,1,775,80
37358,1,775,73
37359,1,773,70
37360,1,770,66
37361,1,770,63
37362,1,768,61
37363,1,766,58
37364,1,766,56
37365,1,766,56
37366,1,766,55
37367,0,0,0
37368,0,0,0
37369,1,763,48
37370,0,0,0
37371,0,0,0
37372,0,0,0
37373,0,0,0
37374,0,0,0
37375,0,0,0
37376,0,0,0
37377,0,0,0
37378,0,0,0
37379,0,0,0
37380,0,0,0
37381,0,0,0
37382,0,0,0
37383,0,0,0
37384,0,0,0
37385,0,0,0
37386,0,0,0
37387,0,0,0
37388,0,0,0
37389,0,0,0
37390,1,733,53
37391,0,0,0
37392,0,0,0
37393,0,0,0
37394,0,0,0
37395,1,730,70
37396,1,730,71
37397,1,728,73
37398,1,728,73
37399,1,728,75
37400,1,726,80
37401,1,725,81
37402,1,723,83
37403,1,721,88
37404,1,721,93
37405,1,721,96
37406,1,716,101
37407,1,716,103
37408,1,715,111
37409,1,715,116
37410,1,713,121
37411,1,713,126
37412,1,711,130
37413,1,710,136
37414,1,708,141
37415,1,706,148
37416,1,706,155
37417,1,703,161
37418,1,703,168
37419,1,703,175
37420,1,701,180
37421,1,701,188
37422,1,701,195
37423,1,698,203
37424,1,698,208
37425,1,695,218
37426,1,695,225
37427,1,695,233
37428,1,693,241
37429,1,693,246
37430,1,693,255
37431,1,691,266
37432,1,690,275
37433,1,690,280
37434,1,690,281
37435,1,690,281
37436,1,690,276
37437,0,0,0
37438,1,695,256
37439,1,695,251
37440,1,696,240
37441,1,701,233
37442,1,703,221
37443,1,705,215
37444,1,708,205
37445,1,710,196
37446,1,713,190
37447,1,713,181
37448,1,715,175
37449,1,716,168
37450,1,721,161
37451,1,723,155
37452,1,725,148
37453,1,728,143
37454,1,730,140
37455,1,726,135
37456,1,735,130
37457,1,736,123
37458,1,738,116
37459,1,740,110
37460,1,740,108
37461,1,743,101
37462,1,748,98
37463,1,750,95
37464,1,751,90
37465,1,755,86
37466,1,756,85
37467,1,756,83
37468,1,758,81
37469,1,760,81
37470,1,763,75
37471,1,766,71
37472,1,768,68
37473,1,770,65
37474,1,776,60
37475,1,778,58
37476,1,780,56
37477,1,781,56
37478,1,783,55
37479,1,785,55
37480,1,786,53
37481,1,788,53
37482,1,788,55
37483,1,790,55
37484,1,791,56
37485,1,796,55
37486,1,801,55
37487,1,803,53
37488,1,805,53
37489,1,806,53
37490,1,808,53
37491,1,811,53
37492,1,813,55
37493,1,816,56
37494,1,816,60
37495,1,818,61
37496,1,820,63
37497,1,821,66
37498,1,821,68
37499,0,0,0
37500,1,830,80
37501,1,833,81
37502,1,836,81
37503,1,838,83
37504,1,840,86
37505,1,841,88
37506,1,845,93
37507,1,845,96
37508,1,846,101
37509,1,850,108
37510,1,850,111
37511,1,853,115
37512,1,855,121
37513,1,855,128
37514,1,858,135
37515,1,860,140
37516,1,861,145
37517,1,865,151
37518,1,865,155
37519,1,866,163
37520,1,870,166
37521,1,871,175
37522,1,873,180
37523,1,876,186
37524,1,876,191
37525,1,880,201
37526,1,881,208
37527,1,885,216
37528,1,885,226
37529,1,885,231
37530,1,900,216
37531,1,900,221
37532,1,901,226
37533,1,900,228
37534,0,0,0
37535,0,0,0
37536,0,0,0
37537,0,0,0
37538,0,0,0
37539,0,0,0
37540,1,916,225
37541,0,0,0
37542,1,916,215
37543,0,0,0
37544,1,916,201
37545,1,918,210
37546,1,916,205
37547,1,918,201
37548,1,916,196
37549,1,920,190
37550,1,918,188
37551,0,0,0
37552,0,0,0
37553,0,0,0
37554,1,916,178
37555,1,916,180
37556,0,0,0
37557,0,0,0
37558,0,0,0
37559,0,0,0
37560,0,0,0
37561,0,0,0
37562,0,0,0
37563,0,0,0
37564,0,0,0
37565,1,916,190
37566,1,918,191
37567,1,916,196
37568,1,915,201
37569,1,915,205
37570,0,0,0
37571,0,0,0
37572,1,916,215
37573,1,915,220
37574,0,0,0
37575,1,913,231
37576,1,915,236
37577,1,915,246
37578,1,916,256
37579,1,916,263
37580,1,916,271
37581,1,918,283
37582,1,918,288
37583,0,0,0
37584,1,918,311
37585,1,918,323
37586,1,916,333
37587,1,916,348
37588,1,916,358
37589,1,915,361
37590,1,920,385
37591,0,0,0
37592,1,911,410
37593,0,0,0
37594,0,0,0
37595,0,0,0
37596,0,0,0
37597,1,893,383
37598,1,885,368
37599,1,881,353
37600,1,871,335
37601,1,858,315
37602,1,850,300
37603,1,843,288
37604,1,836,278
37605,1,831,261
37606,1,820,251
37607,1,815,233
37608,1,806,218
37609,1,796,206
37610,1,791,195
37611,1,781,181
37612,1,776,171
37613,1,768,165
37614,1,766,155
37615,1,758,141
37616,1,750,130
37617,1,741,123
37618,1,735,115
37619,1,731,103
37620,1,723,101
37621,1,713,95
37622,1,713,90
37623,1,706,83
37624,1,700,80
37625,0,0,0
37626,1,683,66
37627,0,0,0
37628,0,0,0
37629,0,0,0
37630,0,0,0
37631,0,0,0
37632,0,0,0
37633,0,0,0
37634,0,0,0
37635,0,0,0
37636,0,0,0
37637,0,0,0
37638,0,0,0
37639,0,0,0
37640,0,0,0
37641,0,0,0
37642,0,0,0
37643,0,0,0
37644,0,0,0
37645,0,0,0
37646,0,0,0
37647,1,578,35
37648,1,575,36
37649,1,570,40
37650,1,561,38
37651,1,556,46
37652,1,555,46
37653,1,548,46
37654,0,0,0
37655,0,0,0
37656,1,535,56
37657,1,528,56
37658,1,523,60
37659,1,518,65
37660,1,515,68
37661,1,510,75
37662,1,508,80
37663,1,503,85
37664,1,501,91
37665,1,496,93
37666,1,493,100
37667,1,490,103
37668,1,486,110
37669,1,483,115
37670,1,476,123
37671,1,475,128
37672,1,470,136
37673,1,465,145
37674,1,461,151
37675,1,460,160
37676,1,456,165
37677,1,455,176
37678,1,448,181
37679,1,445,193
37680,1,440,200
37681,1,438,206
37682,1,435,216
37683,1,433,223
37684,1,430,231
37685,1,428,241
37686,1,423,251
37687,1,420,260
37688,1,416,270
37689,1,415,281
37690,1,413,288
37691,1,408,296
37692,1,413,285
37693,1,410,278
37694,1,410,271
37695,1,420,258
37696,1,421,245
37697,1,428,231
37698,1,430,218
37699,1,435,208
37700,1,436,198
37701,1,440,188
37702,1,443,178
37703,1,445,170
37704,1,448,163
37705,1,450,151
37706,1,455,140
37707,1,458,128
37708,1,461,123
37709,1,463,116
37710,1,466,110
37711,1,471,101
37712,1,475,90
37713,1,475,83
37714,1,483,75
37715,1,486,70
37716,1,490,63
37717,1,491,56
37718,1,493,48
37719,1,496,45
37720,1,500,38
37721,1,501,36
37722,1,503,33
37723,1,511,16
37724,1,515,16
37725,1,515,20
37726,1,518,13
37727,1,523,10
37728,1,525,3
37729,0,0,0
37730,0,0,0
37731,1,541,3
37732,0,0,0
37733,0,0,0
37734,0,0,0
37735,0,0,0
37736,0,0,0
37737,0,0,0
37738,0,0,0
37739,0,0,0
37740,0,0,0
37741,0,0,0
37742,0,0,0
37743,0,0,0
37744,0,0,0
37745,0,0,0
37746,0,0,0
37747,0,0,0
37748,0,0,0
37749,0,0,0
37750,0,0,0
37751,0,0,0
37752,0,0,0
37753,0,0,0
37754,0,0,0
37755,0,0,0
37756,0,0,0
37757,0,0,0
37758,0,0,0
37759,0,0,0
37760,0,0,0
37761,0,0,0
37762,0,0,0
37763,0,0,0
37764,0,0,0
37765,0,0,0
37766,1,670,60
37767,1,673,70
37768,1,675,75
37769,1,678,81
37770,1,685,90
37771,1,688,98
37772,1,695,101
37773,1,695,111
37774,1,698,121
37775,1,701,128
37776,1,706,140
37777,1,710,151
37778,1,715,160
37779,1,716,171
37780,1,720,178
37781,1,723,190
37782,1,728,205
37783,1,733,215
37784,1,735,223
37785,1,726,225
37786,1,723,218
37787,1,715,215
37788,1,706,210
37789,0,0,0
37790,0,0,0
37791,1,683,205
37792,1,675,201
37793,0,0,0
37794,0,0,0
37795,1,658,200
37796,1,653,200
37797,0,0,0
37798,0,0,0
37799,0,0,0
37800,1,631,203
37801,1,625,201
37802,1,618,200
37803,1,611,198
37804,1,610,198
37805,1,606,198
37806,1,600,200
37807,1,593,201
37808,1,590,205
37809,1,583,206
37810,1,581,210
37811,1,576,213
37812,1,571,216
37813,1,566,218
37814,1,563,225
37815,1,555,228
37816,1,553,233
37817,1,550,236
37818,1,546,241
37819,1,541,245
37820,1,536,250
37821,1,535,256
37822,0,0,0
37823,0,0,0
37824,1,523,268
37825,0,0,0
37826,0,0,0
37827,1,511,281
37828,1,510,286
37829,1,503,290
37830,1,500,296
37831,1,496,301
37832,1,491,308
37833,1,488,313
37834,0,0,0
37835,1,481,325
37836,0,0,0
37837,0,0,0
37838,0,0,0
37839,0,0,0
37840,0,0,0
37841,1,470,365
37842,1,463,376
37843,1,461,388
37844,1,460,391
37845,0,0,0
37846,0,0,0
37847,0,0,0
37848,0,0,0
37849,0,0,0
37850,0,0,0
37851,0,0,0
37852,0,0,0
37853,0,0,0
37854,0,0,0
37855,0,0,0
37856,0,0,0
37857,0,0,0
37858,0,0,0
37859,0,0,0
37860,0,0,0
37861,0,0,0
37862,0,0,0
37863,0,0,0
37864,0,0,0
37865,0,0,0
37866,0,0,0
37867,0,0,0
37868,0,0,0
37869,0,0,0
37870,0,0,0
37871,0,0,0
37872,0,0,0
37873,0,0,0
37874,0,0,0
37875,0,0,0
37876,0,0,0
37877,0,0,0
37878,0,0,0
37879,0,0,0
37880,0,0,0
37881,0,0,0
37882,0,0,0
37883,0,0,0
37884,0,0,0
37885,0,0,0
37886,0,0,0
37887,0,0,0
37888,0,0,0
37889,0,0,0
37890,0,0,0
37891,0,0,0
37892,0,0,0
37893,0,0,0
37894,0,0,0
37895,0,0,0
37896,0,0,0
37897,0,0,0
37898,0,0,0
37899,0,0,0
37900,0,0,0
37901,0,0,0
37902,0,0,0
37903,0,0,0
37904,0,0,0
37905,0,0,0
37906,0,0,0
37907,0,0,0
37908,0,0,0
37909,0,0,0
37910,0,0,0
37911,0,0,0
37912,0,0,0
37913,0,0,0
37914,0,0,0
37915,0,0,0
37916,0,0,0
37917,0,0,0
37918,0,0,0
37919,0,0,0
37920,0,0,0
37921,0,0,0
37922,0,0,0
37923,0,0,0
37924,0,0,0
37925,0,0,0
37926,0,0,0
37927,0,0,0
37928,0,0,0
37929,0,0,0
37930,0,0,0
37931,0,0,0
37932,0,0,0
37933,0,0,0
37934,0,0,0
37935,0,0,0
37936,0,0,0
37937,0,0,0
37938,0,0,0
37939,0,0,0
37940,0,0,0
37941,0,0,0
37942,0,0,0
37943,0,0,0
37944,0,0,0
37945,0,0,0
37946,0,0,0
37947,0,0,0
37948,0,0,0
37949,0,0,0
37950,0,0,0
37951,0,0,0
37952,0,0,0
37953,0,0,0
37954,0,0,0
37955,0,0,0
37956,0,0,0
37957,0,0,0
37958,0,0,0
37959,0,0,0
37960,0,0,0
37961,0,0,0
37962,0,0,0
37963,0,0,0
37964,0,0,0
37965,0,0,0
37966,0,0,0
37967,0,0,0
37968,0,0,0
37969,0,0,0
37970,0,0,0
37971,0,0,0
37972,0,0,0
37973,0,0,0
37974,0,0,0
37975,0,0,0
37976,0,0,0
37977,0,0,0
37978,0,0,0
37979,0,0,0
37980,1,411,270
37981,1,415,268
37982,1,420,263
37983,1,421,261
37984,1,423,258
37985,1,431,253
37986,1,436,250
37987,1,440,246
37988,0,0,0
37989,0,0,0
37990,0,0,0
37991,1,468,228
37992,1,473,223
37993,1,476,221
37994,1,481,216
37995,1,488,216
37996,1,498,213
37997,0,0,0
37998,1,510,208
37999,1,518,206
38000,1,525,206
38001,1,535,205
38002,1,540,205
38003,1,546,205
38004,1,551,206
38005,1,556,206
38006,1,565,206
38007,1,573,208
38008,1,580,208
38009,0,0,0
38010,1,593,213
38011,1,601,215
38012,1,610,215
38013,1,616,218
38014,1,623,220
38015,1,631,223
38016,1,641,228
38017,1,643,233
38018,1,650,235
38019,1,660,241
38020,0,0,0
38021,1,676,253
38022,1,685,260
38023,0,0,0
38024,1,700,273
38025,1,708,286
38026,0,0,0
38027,1,725,298
38028,1,735,305
38029,1,748,315
38030,1,753,323
38031,1,761,333
38032,0,0,0
38033,1,780,356
38034,1,791,368
38035,0,0,0
38036,1,810,391
38037,0,0,0
38038,0,0,0
38039,1,838,438
38040,0,0,0
38041,1,861,466
38042,1,870,483
38043,0,0,0
38044,0,0,0
38045,0,0,0
38046,0,0,0
38047,0,0,0
38048,0,0,0
38049,0,0,0
38050,0,0,0
38051,0,0,0
38052,0,0,0
38053,0,0,0
38054,0,0,0
38055,0,0,0
38056,0,0,0
38057,0,0,0
38058,0,0,0
38059,0,0,0
38060,0,0,0
38061,0,0,0
38062,0,0,0
38063,0,0,0
38064,0,0,0
38065,0,0,0
38066,0,0,0
38067,0,0,0
38068,0,0,0
38069,0,0,0
38070,0,0,0
38071,0,0,0
38072,0,0,0
38073,0,0,0
38074,0,0,0
38075,0,0,0
38076,0,0,0
38077,0,0,0
38078,0,0,0
38079,0,0,0
38080,0,0,0
38081,0,0,0
38082,0,0,0
38083,0,0,0
38084,0,0,0
38085,0,0,0
38086,0,0,0
38087,0,0,0
38088,0,0,0
38089,0,0,0
38090,0,0,0
38091,0,0,0
38092,0,0,0
38093,0,0,0
38094,0,0,0
38095,0,0,0
38096,0,0,0
38097,0,0,0
38098,0,0,0
38099,0,0,0
38100,0,0,0
38101,0,0,0
38102,0,0,0
38103,0,0,0
38104,0,0,0
38105,0,0,0
38106,0,0,0
38107,0,0,0
38108,0,0,0
38109,0,0,0
38110,0,0,0
38111,0,0,0
38112,0,0,0
38113,0,0,0
38114,0,0,0
38115,0,0,0
38116,0,0,0
38117,0,0,0
38118,0,0,0
38119,0,0,0
38120,0,0,0
38121,0,0,0
38122,0,0,0
38123,0,0,0
38124,0,0,0
38125,0,0,0
38126,0,0,0
38127,0,0,0
38128,0,0,0
38129,0,0,0
38130,0,0,0
38131,0,0,0
38132,0,0,0
38133,0,0,0
38134,0,0,0
38135,0,0,0
38136,0,0,0
38137,0,0,0
38138,0,0,0
38139,0,0,0
38140,0,0,0
38141,0,0,0
38142,0,0,0
38143,0,0,0
38144,0,0,0
38145,0,0,0
38146,0,0,0
38147,0,0,0
38148,0,0,0
38149,0,0,0
38150,0,0,0
38151,0,0,0
38152,0,0,0
38153,0,0,0
38154,0,0,0
38155,0,0,0
38156,0,0,0
38157,0,0,0
38158,0,0,0
38159,0,0,0
38160,0,0,0
38161,0,0,0
38162,0,0,0
38163,0,0,0
38164,0,0,0
38165,0,0,0
38166,0,0,0
38167,0,0,0
38168,0,0,0
38169,0,0,0
38170,0,0,0
38171,0,0,0
38172,0,0,0
38173,0,0,0
38174,1,1258,11
38175,0,0,0
38176,0,0,0
38177,1,1163,50
38178,1,1138,58
38179,1,1113,70
38180,1,1086,81
38181,1,1071,83
38182,1,1053,90
38183,1,1030,100
38184,0,0,0
38185,1,998,115
38186,1,980,125
38187,1,968,128
38188,1,955,138
38189,1,946,148
38190,1,938,151
38191,1,926,163
38192,1,913,171
38193,0,0,0
38194,1,900,188
38195,1,890,195
38196,1,881,205
38197,1,875,206
38198,1,866,220
38199,1,860,225
38200,1,856,230
38201,1,848,240
38202,1,843,245
38203,1,836,251
38204,1,831,258
38205,1,823,270
38206,1,821,275
38207,1,816,283
38208,1,811,290
38209,1,808,296
38210,1,805,303
38211,1,801,315
38212,1,791,321
38213,1,790,325
38214,1,785,331
38215,1,780,336
38216,1,776,336
38217,1,776,331
38218,1,775,326
38219,0,0,0
38220,1,770,303
38221,1,770,296
38222,1,768,288
38223,1,765,278
38224,1,763,268
38225,1,763,260
38226,1,761,250
38227,1,760,241
38228,1,758,233
38229,1,758,223
38230,1,755,215
38231,1,751,205
38232,1,748,198
38233,1,748,191
38234,0,0,0
38235,1,743,180
38236,1,743,175
38237,1,741,166
38238,1,738,155
38239,1,738,148
38240,1,735,140
38241,1,733,135
38242,1,733,126
38243,1,730,120
38244,1,730,113
38245,1,726,108
38246,1,723,100
38247,1,721,95
38248,1,721,91
38249,1,720,90
38250,1,715,86
38251,1,713,81
38252,1,711,75
38253,1,710,70
38254,1,708,66
38255,1,706,63
38256,1,705,58
38257,1,703,55
38258,1,700,50
38259,0,0,0
38260,0,0,0
38261,0,0,0
38262,0,0,0
38263,0,0,0
38264,0,0,0
38265,0,0,0
38266,0,0,0
38267,0,0,0
38268,0,0,0
38269,0,0,0
38270,0,0,0
38271,0,0,0
38272,0,0,0
38273,0,0,0
38274,0,0,0
38275,0,0,0
38276,0,0,0
38277,0,0,0
38278,0,0,0
38279,0,0,0
38280,0,0,0
38281,0,0,0
38282,0,0,0
38283,0,0,0
38284,0,0,0
38285,0,0,0
38286,0,0,0
38287,0,0,0
38288,0,0,0
38289,0,0,0
38290,0,0,0
38291,0,0,0
38292,0,0,0
38293,0,0,0
38294,0,0,0
38295,0,0,0
38296,0,0,0
38297,0,0,0
38298,0,0,0
38299,0,0,0
38300,0,0,0
38301,1,623,60
38302,1,620,65
38303,1,616,70
38304,1,616,73
38305,0,0,0
38306,0,0,0
38307,1,608,86
38308,1,608,90
38309,1,606,95
38310,1,603,98
38311,1,603,101
38312,1,601,113
38313,1,600,116
38314,1,598,121
38315,1,596,126
38316,1,593,135
38317,1,591,141
38318,1,590,148
38319,1,588,153
38320,1,586,161
38321,1,583,168
38322,1,581,176
38323,1,580,181
38324,1,580,188
38325,1,576,200
38326,1,575,206
38327,1,575,210
38328,1,573,218
38329,1,570,226
38330,1,568,233
38331,1,566,243
38332,1,565,255
38333,1,563,261
38334,1,561,270
38335,1,561,278
38336,0,0,0
38337,0,0,0
38338,0,0,0
38339,0,0,0
38340,1,561,256
38341,1,561,246
38342,1,561,235
38343,1,561,225
38344,1,561,216
38345,1,565,208
38346,1,565,200
38347,1,565,191
38348,1,565,188
38349,1,568,178
38350,1,568,170
38351,1,568,165
38352,1,570,156
38353,1,570,151
38354,1,571,148
38355,1,570,145
38356,1,571,136
38357,1,573,128
38358,1,575,121
38359,1,575,116
38360,1,575,111
38361,1,576,108
38362,1,576,101
38363,1,578,98
38364,1,580,93
38365,1,580,90
38366,1,580,88
38367,1,581,86
38368,1,581,83
38369,1,581,83
38370,0,0,0
38371,0,0,0
38372,0,0,0
38373,0,0,0
38374,0,0,0
38375,1,591,61
38376,1,591,60
38377,1,591,58
38378,1,591,56
38379,1,593,55
38380,0,0,0
38381,0,0,0
38382,0,0,0
38383,0,0,0
38384,0,0,0
38385,0,0,0
38386,0,0,0
38387,0,0,0
38388,0,0,0
38389,0,0,0
38390,0,0,0
38391,0,0,0
38392,0,0,0
38393,0,0,0
38394,0,0,0
38395,0,0,0
38396,0,0,0
38397,0,0,0
38398,0,0,0
38399,0,0,0
38400,0,0,0
38401,1,610,71
38402,1,615,73
38403,1,615,73
38404,1,615,75
38405,1,618,80
38406,1,618,81
38407,1,618,85
38408,1,620,88
38409,1,621,93
38410,1,623,98
38411,1,623,101
38412,1,623,108
38413,1,623,113
38414,1,625,118
38415,1,623,118
38416,1,625,123
38417,1,626,130
38418,1,626,136
38419,1,628,143
38420,1,628,148
38421,1,630,155
38422,1,630,163
38423,1,631,168
38424,1,633,175
38425,1,633,181
38426,1,635,188
38427,1,635,196
38428,1,636,203
38429,1,636,208
38430,1,635,216
38431,1,638,220
38432,1,641,223
38433,1,643,221
38434,1,646,220
38435,1,655,216
38436,1,660,216
38437,1,670,213
38438,1,670,213
38439,1,678,213
38440,0,0,0
38441,1,695,208
38442,1,701,208
38443,1,711,208
38444,0,0,0
38445,1,726,210
38446,1,736,210
38447,1,750,208
38448,1,758,210
38449,1,768,215
38450,1,778,218
38451,1,791,223
38452,1,806,231
38453,1,818,235
38454,1,833,241
38455,1,846,245
38456,1,868,256
38457,1,885,263
38458,0,0,0
38459,0,0,0
38460,1,976,353
38461,0,0,0
38462,1,990,321
38463,1,991,305
38464,1,991,288
38465,1,991,275
38466,1,990,261
38467,1,990,248
38468,1,990,233
38469,1,990,223
38470,1,990,216
38471,1,988,203
38472,1,988,196
38473,0,0,0
38474,1,983,176
38475,1,990,180
38476,1,988,170
38477,1,988,165
38478,1,988,153
38479,1,988,146
38480,1,988,143
38481,0,0,0
38482,0,0,0
38483,0,0,0
38484,0,0,0
38485,0,0,0
38486,0,0,0
38487,0,0,0
38488,0,0,0
38489,0,0,0
38490,0,0,0
38491,0,0,0
38492,0,0,0
38493,0,0,0
38494,0,0,0
38495,0,0,0
38496,0,0,0
38497,0,0,0
38498,0,0,0
38499,0,0,0
38500,0,0,0
38501,0,0,0
38502,1,976,120
38503,1,975,123
38504,1,973,125
38505,0,0,0
38506,1,973,135
38507,1,973,136
38508,1,975,141
38509,1,973,143
38510,1,973,146
38511,1,971,150
38512,1,971,153
38513,0,0,0
38514,1,973,163
38515,1,971,170
38516,1,973,173
38517,1,971,180
38518,1,971,188
38519,1,971,191
38520,1,970,200
38521,1,970,205
38522,1,968,210
38523,1,966,216
38524,1,966,220
38525,1,966,226
38526,1,966,233
38527,1,965,243
38528,1,965,250
38529,1,965,256
38530,1,965,261
38531,1,963,270
38532,1,963,280
38533,1,963,288
38534,1,963,295
38535,1,961,301
38536,1,961,308
38537,0,0,0
38538,1,956,328
38539,1,956,338
38540,0,0,0
38541,1,956,355
38542,1,956,365
38543,1,956,370
38544,1,955,378
38545,1,955,390
38546,1,955,396
38547,1,955,406
38548,1,955,418
38549,1,953,423
38550,1,950,413
38551,1,948,405
38552,1,948,396
38553,1,948,390
38554,1,946,381
38555,1,945,376
38556,1,946,368
38557,1,946,363
38558,1,945,356
38559,1,946,351
38560,1,943,348
38561,1,945,341
38562,1,943,338
38563,1,941,335
38564,1,940,331
38565,1,938,328
38566,1,936,323
38567,1,936,321
38568,1,935,315
38569,1,935,313
38570,1,935,311
38571,1,933,308
38572,1,933,303
38573,1,931,303
38574,1,930,300
38575,1,930,298
38576,1,930,298
38577,1,930,296
38578,1,928,295
38579,1,928,295
38580,1,928,296
38581,1,928,295
38582,1,928,293
38583,1,928,293
38584,1,926,293
38585,1,925,293
38586,1,925,293
38587,1,923,293
38588,1,921,295
38589,0,0,0
38590,1,918,295
38591,0,0,0
38592,0,0,0
38593,1,915,300
38594,1,915,301
38595,1,915,308
38596,1,916,310
38597,1,915,313
38598,1,915,315
38599,1,913,320
38600,1,913,321
38601,1,911,323
38602,1,910,326
38603,1,910,333
38604,1,910,336
38605,1,910,341
38606,1,908,346
38607,1,908,348
38608,1,906,355
38609,1,905,356
38610,1,903,365
38611,1,901,370
38612,1,901,375
38613,1,901,378
38614,1,901,383
38615,1,901,390
38616,0,0,0
38617,1,900,406
38618,0,0,0
38619,0,0,0
38620,0,0,0
38621,0,0,0
38622,0,0,0
38623,0,0,0
38624,0,0,0
38625,0,0,0
38626,0,0,0
38627,0,0,0
38628,0,0,0
38629,0,0,0
38630,0,0,0
38631,0,0,0
38632,0,0,0
38633,0,0,0
38634,0,0,0
38635,0,0,0
38636,0,0,0
38637,0,0,0
38638,0,0,0
38639,0,0,0
38640,0,0,0
38641,0,0,0
38642,0,0,0
38643,0,0,0
38644,0,0,0
38645,0,0,0
38646,0,0,0
38647,0,0,0
38648,0,0,0
38649,0,0,0
38650,0,0,0
38651,0,0,0
38652,0,0,0
38653,0,0,0
38654,0,0,0
38655,1,765,331
38656,1,765,328
38657,1,765,325
38658,1,765,321
38659,1,765,315
38660,1,765,311
38661,1,765,308
38662,1,765,305
38663,1,765,301
38664,1,766,298
38665,1,765,295
38666,1,766,290
38667,1,765,288
38668,1,765,286
38669,1,766,283
38670,1,768,283
38671,1,768,281
38672,1,768,281
38673,1,768,278
38674,1,768,276
38675,1,770,273
38676,1,770,273
38677,1,770,270
38678,1,770,270
38679,1,770,268
38680,1,770,268
38681,0,0,0
38682,0,0,0
38683,0,0,0
38684,0,0,0
38685,0,0,0
38686,0,0,0
38687,0,0,0
38688,0,0,0
38689,0,0,0
38690,1,776,278
38691,1,775,276
38692,1,775,273
38693,1,773,270
38694,0,0,0
38695,1,770,260
38696,1,770,255
38697,1,768,251
38698,1,768,248
38699,1,768,245
38700,1,770,240
38701,1,766,235
38702,1,766,233
38703,1,765,228
38704,1,765,225
38705,1,765,220
38706,1,763,216
38707,1,761,213
38708,1,761,208
38709,1,761,206
38710,1,760,205
38711,1,760,203
38712,1,758,200
38713,1,758,200
38714,1,756,200
38715,1,760,203
38716,1,758,198
38717,1,758,195
38718,1,755,191
38719,1,755,190
38720,1,753,190
38721,1,751,188
38722,1,750,188
38723,1,748,188
38724,0,0,0
38725,0,0,0
38726,0,0,0
38727,0,0,0
38728,1,741,190
38729,1,740,193
38730,1,740,198
38731,1,736,198
38732,1,736,198
38733,1,736,198
38734,1,735,198
38735,1,735,200
38736,1,731,201
38737,1,731,203
38738,1,728,208
38739,0,0,0
38740,1,726,215
38741,1,725,216
38742,1,723,223
38743,1,721,230
38744,1,718,236
38745,0,0,0
38746,1,715,246
38747,1,711,255
38748,1,710,263
38749,1,706,270
38750,1,703,278
38751,1,701,288
38752,1,698,298
38753,1,696,310
38754,0,0,0
38755,1,686,328
38756,1,685,340
38757,1,681,351
38758,1,676,368
38759,1,673,378
38760,0,0,0
38761,0,0,0
38762,1,660,403
38763,1,660,381
38764,1,660,365
38765,1,658,348
38766,1,660,328
38767,1,661,311
38768,1,660,295
38769,1,663,278
38770,1,661,260
38771,1,661,246
38772,1,661,233
38773,1,661,220
38774,1,661,206
38775,1,661,200
38776,1,661,186
38777,1,661,175
38778,1,660,161
38779,1,660,150
38780,1,661,138
38781,1,661,126
38782,1,661,115
38783,1,661,103
38784,1,661,96
38785,1,661,88
38786,1,660,81
38787,1,660,73
38788,1,660,66
38789,1,660,60
38790,0,0,0
38791,1,520,391
38792,0,0,0
38793,0,0,0
38794,0,0,0
38795,0,0,0
38796,0,0,0
38797,0,0,0
38798,0,0,0
38799,0,0,0
38800,0,0,0
38801,0,0,0
38802,0,0,0
38803,0,0,0
38804,0,0,0
38805,0,0,0
38806,0,0,0
38807,0,0,0
38808,0,0,0
38809,0,0,0
38810,0,0,0
38811,0,0,0
38812,0,0,0
38813,0,0,0
38814,0,0,0
38815,0,0,0
38816,0,0,0
38817,0,0,0
38818,0,0,0
38819,0,0,0
38820,0,0,0
38821,0,0,0
38822,0,0,0
38823,0,0,0
38824,0,0,0
38825,0,0,0
38826,0,0,0
38827,0,0,0
38828,1,650,45
38829,0,0,0
38830,1,651,56
38831,1,650,63
38832,1,650,70
38833,1,648,76
38834,1,648,83
38835,1,650,90
38836,1,650,95
38837,1,651,101
38838,1,648,110
38839,1,648,115
38840,1,648,123
38841,1,648,135
38842,1,646,141
38843,1,646,150
38844,1,646,155
38845,1,645,166
38846,1,645,176
38847,1,646,188
38848,1,646,196
38849,1,646,205
38850,1,646,206
38851,1,645,216
38852,1,645,231
38853,1,645,241
38854,1,645,253
38855,1,643,270
38856,1,645,280
38857,0,0,0
38858,0,0,0
38859,0,0,0
38860,1,641,283
38861,1,641,275
38862,0,0,0
38863,1,631,261
38864,0,0,0
38865,1,635,230
38866,1,633,218
38867,1,633,210
38868,1,631,195
38869,1,630,186
38870,1,630,176
38871,1,628,163
38872,1,628,151
38873,1,625,140
38874,1,625,128
38875,1,623,118
38876,1,621,110
38877,1,618,95
38878,1,618,90
38879,1,616,85
38880,0,0,0
38881,1,615,70
38882,1,615,63
38883,1,613,55
38884,1,606,46
38885,0,0,0
38886,0,0,0
38887,0,0,0
38888,0,0,0
38889,0,0,0
38890,0,0,0
38891,0,0,0
38892,0,0,0
38893,0,0,0
38894,0,0,0
38895,0,0,0
38896,0,0,0
38897,0,0,0
38898,0,0,0
38899,0,0,0
38900,0,0,0
38901,0,0,0
38902,0,0,0
38903,0,0,0
38904,0,0,0
38905,0,0,0
38906,0,0,0
38907,0,0,0
38908,0,0,0
38909,0,0,0
38910,0,0,0
38911,0,0,0
38912,0,0,0
38913,0,0,0
38914,0,0,0
38915,0,0,0
38916,0,0,0
38917,0,0,0
38918,0,0,0
38919,0,0,0
38920,0,0,0
38921,0,0,0
38922,0,0,0
38923,0,0,0
38924,0,0,0
38925,0,0,0
38926,0,0,0
38927,0,0,0
38928,0,0,0
38929,0,0,0
38930,0,0,0
38931,1,520,10
38932,1,516,11
38933,1,516,21
38934,1,513,31
38935,1,513,38
38936,1,513,48
38937,1,513,55
38938,1,511,63
38939,1,511,71
38940,1,508,81
38941,1,508,86
38942,1,503,98
38943,1,503,103
38944,1,500,115
38945,1,498,126
38946,1,498,136
38947,1,495,148
38948,1,493,155
38949,1,495,166
38950,1,495,175
38951,0,0,0
38952,1,496,178
38953,0,0,0
38954,0,0,0
38955,1,498,175
38956,1,500,176
38957,1,501,178
38958,0,0,0
38959,1,506,178
38960,1,508,178
38961,0,0,0
38962,0,0,0
38963,0,0,0
38964,0,0,0
38965,1,515,193
38966,1,515,196
38967,1,518,201
38968,1,518,208
38969,1,518,215
38970,1,520,216
38971,1,520,221
38972,1,521,226
38973,1,521,230
38974,1,521,233
38975,1,525,241
38976,1,525,243
38977,1,526,250
38978,1,526,255
38979,1,528,260
38980,1,528,261
38981,1,530,270
38982,1,530,271
38983,1,530,276
38984,0,0,0
38985,0,0,0
38986,0,0,0
38987,0,0,0
38988,0,0,0
38989,0,0,0
38990,0,0,0
38991,0,0,0
38992,0,0,0
38993,0,0,0
38994,0,0,0
38995,0,0,0
38996,0,0,0
38997,0,0,0
38998,0,0,0
38999,0,0,0
39000,0,0,0
39001,0,0,0
39002,1,543,285
39003,1,543,275
39004,1,543,268
39005,1,545,260
39006,1,545,251
39007,1,545,243
39008,1,546,236
39009,1,548,231
39010,1,546,225
39011,1,546,218
39012,1,546,215
39013,1,548,206
39014,1,548,201
39015,1,550,201
39016,1,550,196
39017,1,551,191
39018,1,553,181
39019,1,553,178
39020,1,555,175
39021,1,555,170
39022,1,555,165
39023,1,556,161
39024,1,556,153
39025,1,556,151
39026,1,556,148
39027,1,560,143
39028,1,560,140
39029,1,560,138
39030,1,561,138
39031,1,563,135
39032,1,565,128
39033,1,566,125
39034,1,566,121
39035,1,568,118
39036,1,570,115
39037,1,570,113
39038,1,570,111
39039,1,573,110
39040,1,573,108
39041,1,573,108
39042,1,575,108
39043,1,576,108
39044,1,575,108
39045,1,573,106
39046,1,576,106
39047,1,576,105
39048,1,578,103
39049,1,578,103
39050,0,0,0
39051,0,0,0
39052,0,0,0
39053,0,0,0
39054,0,0,0
39055,1,588,110
39056,1,588,110
39057,1,590,111
39058,1,590,113
39059,1,591,115
39060,1,591,118
39061,1,591,120
39062,1,595,123
39063,1,595,125
39064,1,596,126
39065,1,596,128
39066,1,596,135
39067,1,596,138
39068,1,598,143
39069,1,601,146
39070,1,601,151
39071,1,603,153
39072,1,605,161
39073,1,605,166
39074,1,606,171
39075,1,608,171
39076,1,608,176
39077,0,0,0
39078,1,610,190
39079,1,611,193
39080,1,613,200
39081,1,613,205
39082,1,615,215
39083,1,616,220
39084,1,616,226
39085,1,616,233
39086,1,618,241
39087,1,620,248
39088,1,620,258
39089,1,620,261
39090,0,0,0
39091,0,0,0
39092,1,628,288
39093,1,628,288
39094,1,628,283
39095,1,628,271
39096,1,628,261
39097,1,628,251
39098,1,626,243
39099,1,628,233
39100,1,626,223
39101,1,626,216
39102,1,623,206
39103,1,623,200
39104,1,623,195
39105,1,625,188
39106,1,628,181
39107,1,626,173
39108,1,623,163
39109,1,625,155
39110,1,623,148
39111,1,623,140
39112,1,623,135
39113,1,625,125
39114,1,626,120
39115,1,625,111
39116,1,625,103
39117,1,623,98
39118,1,623,95
39119,1,621,91
39120,1,621,90
39121,1,621,85
39122,0,0,0
39123,1,620,73
39124,1,621,70
39125,1,620,66
39126,1,620,63
39127,1,620,58
39128,1,618,56
39129,0,0,0
39130,0,0,0
39131,0,0,0
39132,0,0,0
39133,0,0,0
39134,0,0,0
39135,0,0,0
39136,0,0,0
39137,0,0,0
39138,0,0,0
39139,0,0,0
39140,0,0,0
39141,0,0,0
39142,0,0,0
39143,0,0,0
39144,0,0,0
39145,0,0,0
39146,0,0,0
39147,0,0,0
39148,0,0,0
39149,0,0,0
39150,0,0,0
39151,0,0,0
39152,0,0,0
39153,0,0,0
39154,0,0,0
39155,0,0,0
39156,0,0,0
39157,0,0,0
39158,0,0,0
39159,0,0,0
39160,1,610,65
39161,1,610,68
39162,1,610,71
39163,1,610,73
39164,1,610,76
39165,1,608,85
39166,1,608,88
39167,1,606,93
39168,1,606,96
39169,1,606,100
39170,1,608,101
39171,1,608,110
39172,1,606,115
39173,1,606,121
39174,1,608,126
39175,1,606,135
39176,1,606,140
39177,1,608,146
39178,1,606,153
39179,1,608,160
39180,1,606,165
39181,1,606,171
39182,1,606,180
39183,1,606,188
39184,1,606,195
39185,1,606,203
39186,1,608,208
39187,1,608,215
39188,1,608,218
39189,1,610,220
39190,1,618,215
39191,1,623,216
39192,1,631,215
39193,1,636,216
39194,1,641,216
39195,1,645,220
39196,1,653,223
39197,1,663,226
39198,1,670,228
39199,1,675,231
39200,1,686,235
39201,1,696,243
39202,1,705,253
39203,1,713,260
39204,1,723,268
39205,1,735,273
39206,1,746,285
39207,0,0,0
39208,0,0,0
39209,1,786,311
39210,0,0,0
39211,0,0,0
39212,0,0,0
39213,0,0,0
39214,1,875,273
39215,1,896,248
39216,0,0,0
39217,0,0,0
39218,0,0,0
39219,1,988,136
39220,1,996,113
39221,1,1010,91
39222,0,0,0
39223,1,1053,35
39224,1,1076,18
39225,0,0,0
39226,0,0,0
39227,0,0,0
39228,0,0,0
39229,0,0,0
39230,0,0,0
39231,1,283,376
39232,0,0,0
39233,0,0,0
39234,0,0,0
39235,0,0,0
39236,0,0,0
39237,0,0,0
39238,0,0,0
39239,0,0,0
39240,0,0,0
39241,0,0,0
39242,0,0,0
39243,0,0,0
39244,0,0,0
39245,0,0,0
39246,0,0,0
39247,0,0,0
39248,0,0,0
39249,0,0,0
39250,0,0,0
39251,0,0,0
39252,0,0,0
39253,0,0,0
39254,0,0,0
39255,0,0,0
39256,0,0,0
39257,0,0,0
39258,0,0,0
39259,0,0,0
39260,0,0,0
39261,0,0,0
39262,0,0,0
39263,0,0,0
39264,0,0,0
39265,0,0,0
39266,0,0,0
39267,0,0,0
39268,0,0,0
39269,0,0,0
39270,0,0,0
39271,0,0,0
39272,0,0,0
39273,0,0,0
39274,0,0,0
39275,0,0,0
39276,0,0,0
39277,0,0,0
39278,0,0,0
39279,0,0,0
39280,0,0,0
39281,0,0,0
39282,0,0,0
39283,0,0,0
39284,0,0,0
39285,0,0,0
39286,0,0,0
39287,0,0,0
39288,0,0,0
39289,0,0,0
39290,0,0,0
39291,0,0,0
39292,0,0,0
39293,0,0,0
39294,0,0,0
39295,0,0,0
39296,0,0,0
39297,0,0,0
39298,0,0,0
39299,0,0,0
39300,0,0,0
39301,0,0,0
39302,0,0,0
39303,0,0,0
39304,0,0,0
39305,0,0,0
39306,0,0,0
39307,0,0,0
39308,0,0,0
39309,0,0,0
39310,0,0,0
39311,0,0,0
39312,0,0,0
39313,0,0,0
39314,0,0,0
39315,0,0,0
39316,0,0,0
39317,0,0,0
39318,0,0,0
39319,0,0,0
39320,0,0,0
39321,0,0,0
39322,0,0,0
39323,0,0,0
39324,0,0,0
39325,0,0,0
39326,0,0,0
39327,0,0,0
39328,0,0,0
39329,0,0,0
39330,0,0,0
39331,0,0,0
39332,0,0,0
39333,0,0,0
39334,0,0,0
39335,0,0,0
39336,0,0,0
39337,0,0,0
39338,0,0,0
39339,0,0,0
39340,0,0,0
39341,0,0,0
39342,0,0,0
39343,0,0,0
39344,0,0,0
39345,0,0,0
39346,0,0,0
39347,0,0,0
39348,1,466,95
39349,1,466,98
39350,1,466,101
39351,1,468,106
39352,1,468,110
39353,1,471,115
39354,1,473,118
39355,1,473,121
39356,1,473,121
39357,1,475,121
39358,1,476,136
39359,0,0,0
39360,0,0,0
39361,1,473,146
39362,1,475,150
39363,1,475,153
39364,1,475,155
39365,1,476,161
39366,1,480,163
39367,1,480,168
39368,1,480,175
39369,1,481,178
39370,0,0,0
39371,0,0,0
39372,0,0,0
39373,1,481,203
39374,1,481,208
39375,1,483,205
39376,1,485,210
39377,1,485,216
39378,1,486,220
39379,1,488,226
39380,1,488,233
39381,1,490,241
39382,1,490,253
39383,1,491,260
39384,0,0,0
39385,0,0,0
39386,0,0,0
39387,0,0,0
39388,0,0,0
39389,0,0,0
39390,0,0,0
39391,0,0,0
39392,0,0,0
39393,1,496,256
39394,1,496,246
39395,1,496,243
39396,0,0,0
39397,1,496,225
39398,1,496,220
39399,1,496,208
39400,1,495,203
39401,1,493,195
39402,0,0,0
39403,1,493,176
39404,1,493,170
39405,1,495,175
39406,1,493,168
39407,1,495,156
39408,1,495,151
39409,0,0,0
39410,0,0,0
39411,1,493,135
39412,1,495,126
39413,1,493,121
39414,1,495,116
39415,1,495,111
39416,1,493,108
39417,1,493,101
39418,1,493,96
39419,1,493,93
39420,1,493,100
39421,1,493,95
39422,1,493,86
39423,1,495,75
39424,1,493,70
39425,1,493,63
39426,1,493,58
39427,1,493,50
39428,1,491,48
39429,1,493,45
39430,1,491,38
39431,1,491,35
39432,1,490,33
39433,1,490,31
39434,1,488,33
39435,1,488,21
39436,1,490,15
39437,1,491,11
39438,0,0,0
39439,0,0,0
39440,0,0,0
39441,0,0,0
39442,0,0,0
39443,0,0,0
39444,0,0,0
39445,0,0,0
39446,0,0,0
39447,0,0,0
39448,0,0,0
39449,0,0,0
39450,0,0,0
39451,0,0,0
39452,0,0,0
39453,0,0,0
39454,0,0,0
39455,0,0,0
39456,0,0,0
39457,0,0,0
39458,0,0,0
39459,0,0,0
39460,0,0,0
39461,0,0,0
39462,0,0,0
39463,0,0,0
39464,0,0,0
39465,0,0,0
39466,0,0,0
39467,0,0,0
39468,0,0,0
39469,0,0,0
39470,0,0,0
39471,0,0,0
39472,0,0,0
39473,0,0,0
39474,0,0,0
39475,0,0,0
39476,0,0,0
39477,0,0,0
39478,0,0,0
39479,0,0,0
39480,0,0,0
39481,0,0,0
39482,0,0,0
39483,0,0,0
39484,0,0,0
39485,0,0,0
39486,0,0,0
39487,0,0,0
39488,0,0,0
39489,0,0,0
39490,0,0,0
39491,0,0,0
39492,0,0,0
39493,0,0,0
39494,0,0,0
39495,0,0,0
39496,0,0,0
39497,0,0,0
39498,0,0,0
39499,0,0,0
39500,0,0,0
39501,0,0,0
39502,0,0,0
39503,0,0,0
39504,0,0,0
39505,0,0,0
39506,0,0,0
39507,0,0,0
39508,0,0,0
39509,0,0,0
39510,0,0,0
39511,0,0,0
39512,0,0,0
39513,0,0,0
39514,0,0,0
39515,0,0,0
39516,0,0,0
39517,0,0,0
39518,0,0,0
39519,0,0,0
39520,0,0,0
39521,0,0,0
39522,0,0,0
39523,0,0,0
39524,0,0,0
39525,0,0,0
39526,0,0,0
39527,0,0,0
39528,0,0,0
39529,0,0,0
39530,0,0,0
39531,0,0,0
39532,0,0,0
39533,0,0,0
39534,0,0,0
39535,0,0,0
39536,0,0,0
39537,0,0,0
39538,0,0,0
39539,1,471,3
39540,0,0,0
39541,0,0,0
39542,1,470,8
39543,1,471,10
39544,1,471,13
39545,1,470,16
39546,1,471,26
39547,1,471,31
39548,1,471,36
39549,1,471,40
39550,1,470,43
39551,1,470,45
39552,1,471,45
39553,0,0,0
39554,0,0,0
39555,1,470,61
39556,1,470,65
39557,1,470,70
39558,1,470,73
39559,1,470,76
39560,0,0,0
39561,1,470,85
39562,0,0,0
39563,1,470,98
39564,1,470,101
39565,1,468,108
39566,1,468,113
39567,1,470,118
39568,1,468,125
39569,1,466,133
39570,1,468,128
39571,0,0,0
39572,0,0,0
39573,1,468,145
39574,1,470,151
39575,1,471,155
39576,1,473,163
39577,1,471,168
39578,1,475,173
39579,1,475,175
39580,1,475,175
39581,1,475,171
39582,0,0,0
39583,0,0,0
39584,0,0,0
39585,1,493,165
39586,1,496,166
39587,1,501,166
39588,1,506,166
39589,1,510,165
39590,0,0,0
39591,1,520,170
39592,1,523,171
39593,1,526,171
39594,1,528,173
39595,1,540,175
39596,1,543,180
39597,1,548,181
39598,1,550,183
39599,0,0,0
