epoch,time,train/box_loss,train/pose_loss,train/kobj_loss,train/cls_loss,train/dfl_loss,metrics/precision(B),metrics/recall(B),metrics/mAP50(B),metrics/mAP50-95(B),metrics/precision(P),metrics/recall(P),metrics/mAP50(P),metrics/mAP50-95(P),val/box_loss,val/pose_loss,val/kobj_loss,val/cls_loss,val/dfl_loss,lr/pg0,lr/pg1,lr/pg2
1,14.4903,3.73971,9.8286,1.36725,7.59276,8.47852,0.06849,0.26316,0.02402,0.0028,0,0,0,0,4.09143,10.0005,1.62452,3.30813,8.40421,8e-05,8e-05,0.0734133
2,17.5656,3.7007,9.76923,1.41112,7.23351,8.74324,0.07229,0.31579,0.02844,0.00284,0,0,0,0,4.06699,10.0974,1.60201,3.2309,8.52372,0.000179745,0.000179745,0.0401797
3,20.7439,3.56205,9.80407,1.40839,7.06706,8.73333,0.07595,0.31579,0.02779,0.00278,0,0,0,0,4.07506,10.215,1.58435,3.15033,8.62923,0.000279208,0.000279208,0.00694587
4,23.7685,4.04138,9.93194,1.49105,7.99422,9.42022,0.05263,0.26316,0.0207,0.00223,0,0,0,0,4.08031,10.2696,1.56496,3.1104,8.72269,0.000298727,0.000298727,0.000298727
5,26.8387,4.10289,10.1505,1.42731,7.88542,9.55818,0.00549,0.05263,0.00036,0.00011,0,0,0,0,4.59913,10.7594,1.85002,2.88227,9.74649,0.000298303,0.000298303,0.000298303
6,30.1129,3.67362,9.47501,1.41319,4.01479,6.50259,0.06306,0.73684,0.05069,0.00592,0,0,0,0,4.22234,10.2573,1.94035,2.78433,8.80344,0.000297879,0.000297879,0.000297879
7,33.6329,3.27231,8.91452,1.64303,1.93062,5.13683,0.46933,0.57895,0.50612,0.08195,0,0,0,0,3.43915,9.1187,1.83954,2.80532,7.23134,0.000297454,0.000297454,0.000297454
8,37.1459,3.32501,8.47645,1.60565,1.57725,4.66067,0.34503,0.57895,0.50586,0.08656,0,0,0,0,3.3484,8.68563,1.87948,3.63382,6.51628,0.00029703,0.00029703,0.00029703
9,40.6943,3.58914,8.14877,1.70964,1.54074,4.23485,0.6694,0.68421,0.64163,0.09067,0.05267,0.10526,0.00879,0.00293,3.44231,8.07314,1.87195,3.18505,5.59807,0.000296606,0.000296606,0.000296606
10,44.203,3.09588,7.37165,1.80685,1.39348,4.01389,0.83367,0.63158,0.65107,0.13042,0.25518,0.21053,0.08647,0.0255,3.34122,7.93126,1.55648,2.48955,5.67622,0.000296181,0.000296181,0.000296181
11,47.7233,3.15263,7.1937,1.68514,1.40251,4.32055,0.84931,0.57895,0.64884,0.17587,0.67289,0.26316,0.25667,0.1095,3.2799,8.44962,1.28388,1.90989,5.58811,0.000295757,0.000295757,0.000295757
12,51.8233,2.96085,6.72217,1.74275,1.26687,4.3985,1,0.62666,0.67297,0.19442,0.53784,0.21053,0.17455,0.04062,3.23598,8.34434,1.28768,1.68171,5.63389,0.000295333,0.000295333,0.000295333
13,55.1687,3.09136,6.71791,1.74986,1.29226,4.39495,1,0.68042,0.69074,0.21311,0.39459,0.21053,0.09556,0.01989,3.11097,7.22814,1.38619,1.67148,5.29028,0.000294909,0.000294909,0.000294909
14,58.5035,2.91565,6.57936,1.67653,1.23985,4.07499,0.98564,0.68421,0.69421,0.2056,0.59751,0.31579,0.22833,0.04831,3.08244,6.97374,1.40553,1.76357,4.96795,0.000294484,0.000294484,0.000294484
15,61.8302,3.03012,6.41919,1.76844,1.20709,4.00556,0.98034,0.68421,0.70056,0.17737,0.72563,0.36842,0.30722,0.05364,3.17975,7.49799,1.32846,1.61147,4.82701,0.00029406,0.00029406,0.00029406
16,65.1648,2.814,5.74497,1.71994,1.16459,3.75796,0.97516,0.68421,0.70128,0.16821,0.53272,0.26316,0.25071,0.05107,3.20412,7.62394,1.30058,1.44332,4.73264,0.000293636,0.000293636,0.000293636
17,68.4965,2.92304,6.18099,1.71737,1.15677,3.87565,0.99104,0.68421,0.70022,0.19252,0.71287,0.47368,0.4505,0.07622,3.09397,6.76264,1.36298,1.33276,4.73512,0.000293211,0.000293211,0.000293211
18,71.8478,2.52738,6.19236,1.73453,1.05786,3.65161,0.97574,0.68421,0.70134,0.18673,0.56104,0.47368,0.35205,0.04628,3.08335,6.59365,1.40374,1.28899,4.61143,0.000292787,0.000292787,0.000292787
19,75.1941,2.84897,6.06873,1.70207,1.16373,3.87621,0.97937,0.68421,0.69821,0.19296,0.52434,0.36842,0.19654,0.04141,3.071,6.67424,1.3876,1.2382,4.5793,0.000292363,0.000292363,0.000292363
20,78.5428,2.50972,5.58698,1.6943,0.96465,3.73004,0.99905,0.68421,0.69707,0.20402,0.48593,0.31579,0.1575,0.03506,3.06251,6.77534,1.34639,1.23706,4.61248,0.000291939,0.000291939,0.000291939
21,81.9104,2.76644,5.35295,1.65083,1.00852,3.84414,0.97388,0.63158,0.72187,0.23021,0.56745,0.36842,0.2435,0.04059,2.89553,6.97067,1.27503,1.21829,4.50011,0.000291514,0.000291514,0.000291514
22,85.3868,2.53163,5.56934,1.71326,0.93714,3.74471,0.94779,0.63158,0.74953,0.23872,0.40801,0.26316,0.12045,0.03158,2.88785,6.93857,1.29037,1.2525,4.42593,0.00029109,0.00029109,0.00029109
23,88.2693,2.60641,5.44862,1.64793,0.98808,3.65211,0.95968,0.63158,0.77622,0.24152,0.47943,0.31579,0.1575,0.04691,2.89488,6.70613,1.34922,1.29806,4.34064,0.000290666,0.000290666,0.000290666
24,91.9162,2.65398,5.45229,1.60938,1.00554,3.69318,1,0.67952,0.75156,0.24176,0.46497,0.31579,0.1575,0.05062,2.94528,6.64273,1.34559,1.22389,4.31346,0.000290241,0.000290241,0.000290241
25,95.5981,2.44231,5.45741,1.54034,0.94799,3.45931,0.96995,0.68421,0.74222,0.24127,0.6715,0.47368,0.34577,0.06148,2.91175,6.49253,1.32192,1.04055,4.18171,0.000289817,0.000289817,0.000289817
26,99.2933,2.5304,5.71017,1.46869,0.92541,3.54834,0.9756,0.68421,0.74885,0.246,0.82551,0.57895,0.52859,0.12835,2.87247,6.33635,1.32454,0.98272,4.12317,0.000289393,0.000289393,0.000289393
27,102.968,2.67906,5.65602,1.5043,0.9298,3.70374,0.97644,0.68421,0.81894,0.2551,0.90133,0.63158,0.61885,0.16293,2.8429,6.08044,1.37278,0.97971,4.07545,0.000288969,0.000288969,0.000288969
28,106.636,2.54778,5.84107,1.60103,0.90335,3.59055,1,0.7213,0.8543,0.26581,0.89874,0.63158,0.61885,0.18816,2.79332,5.73728,1.42951,0.97719,4.06401,0.000288544,0.000288544,0.000288544
29,110.313,2.5627,5.28331,1.64551,0.86747,3.597,0.93957,0.81906,0.88752,0.27768,0.87868,0.63158,0.60654,0.14147,2.76424,5.66531,1.47435,0.98085,3.97567,0.00028812,0.00028812,0.00028812
30,113.735,2.62064,5.05227,1.61108,0.91208,3.61608,0.8451,0.78947,0.87805,0.27233,0.88636,0.63158,0.60269,0.15658,2.74417,5.67432,1.44608,0.96863,3.95797,0.000287696,0.000287696,0.000287696
31,117.192,2.53421,5.08999,1.50947,0.89844,3.505,0.79211,0.84211,0.87034,0.26181,0.74027,0.52632,0.43146,0.13715,2.74841,5.88077,1.38591,0.91088,3.95393,0.000287271,0.000287271,0.000287271
32,120.632,2.51826,5.42961,1.40215,1.02326,3.48746,1,0.72702,0.83888,0.25846,0.74467,0.52632,0.44667,0.14511,2.81861,5.98497,1.29204,0.97411,3.97214,0.000286847,0.000286847,0.000286847
33,124.095,2.37839,5.10003,1.39396,0.88904,3.35884,0.92154,0.73684,0.77652,0.25134,0.84858,0.63158,0.635,0.20789,2.93474,5.73712,1.27621,1.03957,3.907,0.000286423,0.000286423,0.000286423
34,127.956,2.53308,5.23982,1.40412,0.9085,3.38776,0.91817,0.73684,0.78104,0.25313,0.87949,0.63158,0.635,0.18882,2.87364,5.67506,1.29989,1.00963,3.86236,0.000285999,0.000285999,0.000285999
35,131.407,2.42445,5.0438,1.41606,0.8632,3.33184,0.93601,0.77064,0.89935,0.2674,0.88595,0.63158,0.61038,0.13504,2.72724,5.57625,1.29447,0.90935,3.8457,0.000285574,0.000285574,0.000285574
36,134.879,2.38662,4.94054,1.40464,0.86213,3.34737,1,0.78653,0.82563,0.26426,0.81538,0.57895,0.52786,0.15538,2.67418,5.36512,1.29182,0.88709,3.86296,0.00028515,0.00028515,0.00028515
37,138.333,2.3133,4.84463,1.45383,0.85706,3.34036,1,0.73224,0.81547,0.26926,0.82886,0.57895,0.51962,0.21781,2.64123,5.4427,1.22168,0.90032,3.78934,0.000284726,0.000284726,0.000284726
38,142.013,2.17209,4.88898,1.40233,0.83003,3.15358,1,0.73112,0.81191,0.27236,0.83202,0.57895,0.51214,0.21737,2.66095,5.58439,1.20058,0.91689,3.7327,0.000284301,0.000284301,0.000284301
39,145.689,2.40508,4.91935,1.33153,0.85314,3.24699,0.9881,0.68421,0.81035,0.27338,0.83559,0.57895,0.50394,0.18158,2.6697,5.68851,1.19788,0.93691,3.67212,0.000283877,0.000283877,0.000283877
40,149.146,2.3012,4.86507,1.32563,0.80693,3.14254,0.98873,0.68421,0.81083,0.27061,0.91214,0.63158,0.59038,0.21,2.66366,5.58601,1.21103,0.93971,3.63801,0.000283453,0.000283453,0.000283453
41,152.624,2.20033,4.7284,1.2814,0.75843,3.09318,0.99038,0.68421,0.78371,0.2868,0.914,0.63158,0.59423,0.24284,2.64772,5.51554,1.18744,0.93148,3.55179,0.000283029,0.000283029,0.000283029
42,156.327,2.126,4.67587,1.25204,0.77337,3.05412,0.98981,0.68421,0.86248,0.31996,0.91367,0.63158,0.59038,0.26962,2.61918,5.38405,1.18029,0.88315,3.51162,0.000282604,0.000282604,0.000282604
43,159.932,2.3171,4.56674,1.33274,0.80825,3.02484,0.98964,0.68421,0.84914,0.32031,0.91351,0.63158,0.58615,0.28537,2.59491,5.23164,1.18473,0.85436,3.47704,0.00028218,0.00028218,0.00028218
44,163.447,2.33074,4.51972,1.31822,0.77881,3.0722,0.87834,0.76073,0.85156,0.31764,0.91293,0.63158,0.58615,0.29248,2.58159,5.1206,1.20378,0.8454,3.43571,0.000281756,0.000281756,0.000281756
45,167.003,2.33932,4.60611,1.31245,0.79588,2.93537,0.98837,0.68421,0.81718,0.28763,0.98837,0.68421,0.685,0.31997,2.56387,5.08628,1.19398,0.86328,3.33205,0.000281331,0.000281331,0.000281331
46,170.274,2.32383,4.61594,1.31604,0.80846,2.8712,0.98775,0.68421,0.85024,0.29344,0.98775,0.68421,0.685,0.30747,2.55623,5.09705,1.17113,0.88775,3.30272,0.000280907,0.000280907,0.000280907
47,173.564,2.0971,4.42826,1.27833,0.73853,2.8104,0.83552,0.80261,0.87167,0.304,0.98758,0.68421,0.685,0.32401,2.53133,5.07822,1.14988,0.90256,3.26777,0.000280483,0.000280483,0.000280483
48,177.115,2.14967,4.51587,1.23628,0.73277,2.7431,0.98873,0.68421,0.85644,0.3285,0.98873,0.68421,0.685,0.33994,2.50697,5.14016,1.11891,0.89425,3.23589,0.000280059,0.000280059,0.000280059
49,180.657,2.14447,4.46903,1.22321,0.74078,2.69787,0.98964,0.68421,0.82171,0.34275,0.98964,0.68421,0.685,0.36276,2.47147,5.39678,1.08407,0.9105,3.2342,0.000279634,0.000279634,0.000279634
50,184.201,2.02888,4.45636,1.18318,0.71968,2.64268,0.98937,0.68421,0.85782,0.34279,0.98937,0.68421,0.685,0.34762,2.43226,5.44137,1.07254,0.9065,3.18334,0.00027921,0.00027921,0.00027921
51,187.481,2.15444,4.51238,1.2035,0.74655,2.72642,0.9877,0.68421,0.8503,0.34036,0.9877,0.68421,0.685,0.33343,2.41041,5.48709,1.0542,0.8974,3.1305,0.000278786,0.000278786,0.000278786
52,190.774,2.04446,4.39068,1.16985,0.70721,2.58064,0.98748,0.68421,0.81526,0.35463,0.98748,0.68421,0.685,0.30503,2.38794,5.45896,1.03856,0.90144,3.07458,0.000278361,0.000278361,0.000278361
53,194.081,1.8055,4.49083,1.11168,0.67841,2.54433,0.98435,0.68421,0.81138,0.38214,0.98435,0.68421,0.685,0.32977,2.33572,5.21888,1.04914,0.8812,2.95397,0.000277937,0.000277937,0.000277937
54,197.815,1.98195,4.65281,1.1231,0.72487,2.48878,0.98514,0.68421,0.79232,0.38069,0.98514,0.68421,0.685,0.34164,2.36674,5.12256,1.0542,0.87977,2.93826,0.000277513,0.000277513,0.000277513
55,201.359,1.91153,4.35788,1.11075,0.69698,2.50988,0.97987,0.68421,0.796,0.37815,0.97987,0.68421,0.685,0.35143,2.34708,5.04264,1.04667,0.85152,2.90236,0.000277089,0.000277089,0.000277089
56,204.905,2.05148,4.46082,1.11795,0.71501,2.49019,0.77103,0.88647,0.87895,0.39742,0.98339,0.68421,0.685,0.32836,2.30125,4.92128,1.03951,0.84625,2.84357,0.000276664,0.000276664,0.000276664
57,208.218,2.02636,4.32412,1.11967,0.69423,2.46801,0.88272,0.79246,0.90673,0.42856,0.98204,0.68421,0.685,0.36077,2.13754,4.68022,1.06034,0.82128,2.69655,0.00027624,0.00027624,0.00027624
58,211.767,1.91625,4.30736,1.12764,0.6822,2.37694,0.85819,0.78947,0.89004,0.42224,0.98046,0.68421,0.685,0.36704,2.08773,4.64511,1.06114,0.79382,2.63811,0.000275816,0.000275816,0.000275816
59,215.06,2.04559,4.3992,1.10952,0.73455,2.3683,0.94379,0.88422,0.91146,0.42695,0.98212,0.68421,0.685,0.37105,2.04713,4.62943,1.06063,0.79384,2.5892,0.000275391,0.000275391,0.000275391
60,218.627,1.85536,4.53083,1.11301,0.68859,2.3487,0.9073,0.84211,0.90604,0.44549,0.98364,0.68421,0.685,0.37172,2.05057,4.70642,1.0514,0.86046,2.57804,0.000274967,0.000274967,0.000274967
61,222.184,1.79185,4.41484,1.03713,0.69043,2.33581,0.94099,0.83938,0.8698,0.43824,0.98283,0.68421,0.685,0.29797,2.16035,5.10928,1.00829,0.76894,2.58096,0.000274543,0.000274543,0.000274543
62,225.49,1.65533,4.45977,0.97539,0.66232,2.21348,0.91088,0.84211,0.87416,0.44204,0.90666,0.63158,0.62269,0.27765,2.11368,5.08106,0.9928,0.7485,2.52821,0.000274119,0.000274119,0.000274119
63,228.808,1.72566,4.37054,1.00896,0.65619,2.22585,0.9863,0.84211,0.88042,0.463,0.92152,0.61878,0.60654,0.32664,2.03881,4.93166,1.00029,0.73892,2.46858,0.000273694,0.000273694,0.000273694
64,232.137,1.75957,4.45067,1.02948,0.66786,2.18986,0.89798,0.78947,0.87697,0.46687,0.85561,0.62426,0.5831,0.32628,1.97326,4.77874,1.01878,0.72408,2.39268,0.00027327,0.00027327,0.00027327
65,235.451,1.7745,4.19434,1.04003,0.65461,2.12821,0.89988,0.94622,0.92556,0.50414,0.8416,0.63158,0.57851,0.31313,1.92494,4.69622,1.04156,0.73487,2.29425,0.000272846,0.000272846,0.000272846
66,239.089,1.61714,4.26635,1.01793,0.63635,2.12223,0.89207,0.94737,0.92556,0.51927,0.89917,0.68421,0.68143,0.33303,1.86074,4.70657,1.0396,0.73127,2.23024,0.000272421,0.000272421,0.000272421
67,242.74,1.48264,4.16506,0.97052,0.63541,2.02459,0.89281,0.94737,0.92556,0.50976,0.92836,0.68215,0.68143,0.3369,1.81643,4.6927,1.0216,0.73407,2.19087,0.000271997,0.000271997,0.000271997
68,246.187,1.62171,4.43985,0.96095,0.66299,2.05944,0.92864,0.89474,0.92556,0.50351,0.92737,0.67269,0.68143,0.36118,1.78421,4.64342,0.99446,0.73016,2.16062,0.000271573,0.000271573,0.000271573
69,249.848,1.70084,4.60554,0.95142,0.68869,2.1079,0.93639,0.89474,0.92619,0.55408,0.97658,0.68421,0.685,0.36126,1.70823,4.74442,0.94538,0.71,2.06804,0.000271149,0.000271149,0.000271149
70,253.506,1.52434,4.33568,0.92798,0.6177,1.99229,0.9303,0.89474,0.92833,0.55844,0.97773,0.68421,0.685,0.34585,1.68172,4.81171,0.92775,0.70302,2.0235,0.000270724,0.000270724,0.000270724
71,256.946,1.67698,4.24712,0.94116,0.66357,1.92667,0.94654,0.93241,0.93132,0.55998,0.97326,0.68421,0.685,0.33117,1.67094,4.86411,0.90666,0.71494,2.00653,0.0002703,0.0002703,0.0002703
72,260.342,1.46865,4.32655,0.89191,0.6152,1.96578,0.94339,0.89474,0.92833,0.53697,0.97001,0.68421,0.685,0.29395,1.80359,5.01553,0.8845,0.74445,2.06139,0.000269876,0.000269876,0.000269876
73,263.773,1.43147,4.51978,0.86508,0.61795,1.92224,0.89991,0.94643,0.93147,0.53851,0.96549,0.68421,0.685,0.30585,1.86486,5.1031,0.85301,0.77812,2.08473,0.000269451,0.000269451,0.000269451
74,267.183,1.34984,4.20774,0.87043,0.61315,1.89064,0.89977,0.94737,0.929,0.55485,0.96054,0.68421,0.685,0.35985,1.67474,4.99279,0.85108,0.75047,1.96298,0.000269027,0.000269027,0.000269027
75,270.614,1.45005,4.23379,0.85397,0.61444,1.82652,0.89333,0.94737,0.929,0.58668,0.95902,0.68421,0.685,0.37744,1.54942,4.95261,0.84404,0.71809,1.88074,0.000268603,0.000268603,0.000268603
76,274.45,1.42099,4.1654,0.83408,0.61306,1.82206,0.89708,0.94737,0.929,0.5976,0.9588,0.68421,0.685,0.36891,1.5263,4.90746,0.8248,0.73181,1.84428,0.000268179,0.000268179,0.000268179
77,278.108,1.32639,4.20403,0.82981,0.60971,1.75267,0.89962,0.94356,0.92588,0.62701,0.9649,0.68421,0.685,0.33862,1.45868,4.89191,0.79916,0.71689,1.78272,0.000267754,0.000267754,0.000267754
78,281.505,1.36476,4.04609,0.83388,0.63294,1.70849,0.84828,0.88324,0.88083,0.63221,0.96741,0.68421,0.685,0.35763,1.41178,4.92446,0.78823,0.71307,1.75645,0.00026733,0.00026733,0.00026733
79,285.215,1.38386,4.22382,0.82926,0.6279,1.7405,0.95092,0.78947,0.876,0.61989,0.97429,0.68421,0.685,0.36488,1.39036,4.95684,0.7675,0.70154,1.73617,0.000266906,0.000266906,0.000266906
80,288.633,1.39427,4.12452,0.79586,0.61616,1.68928,0.91918,0.78947,0.87288,0.61026,0.98018,0.68421,0.685,0.36017,1.36096,4.94397,0.75694,0.68104,1.70431,0.000266481,0.000266481,0.000266481
81,292.063,1.35256,4.21263,0.76397,0.6085,1.70539,0.83974,0.94737,0.9213,0.64649,0.97406,0.68421,0.685,0.35313,1.24062,4.86028,0.73657,0.64406,1.64597,0.000266057,0.000266057,0.000266057
82,295.707,1.21605,3.93674,0.75392,0.57947,1.55636,0.85552,0.94737,0.92619,0.64067,0.96492,0.68421,0.685,0.3712,1.26203,4.75421,0.73819,0.65305,1.67423,0.000265633,0.000265633,0.000265633
83,299.361,1.23596,4.17371,0.71891,0.59713,1.67693,0.85644,0.94218,0.92619,0.63643,0.96324,0.68421,0.685,0.34444,1.31642,4.77553,0.72022,0.66834,1.70395,0.000265209,0.000265209,0.000265209
84,302.8,1.18701,4.01526,0.6993,0.59624,1.55711,0.84779,0.94737,0.92318,0.64282,0.96195,0.68421,0.685,0.37495,1.32083,4.70025,0.71504,0.67674,1.69625,0.000264784,0.000264784,0.000264784
85,306.485,1.17573,4.05498,0.69787,0.59286,1.54508,0.85637,0.94737,0.93132,0.64761,0.97072,0.68421,0.685,0.39249,1.25835,4.63322,0.7048,0.65253,1.62025,0.00026436,0.00026436,0.00026436
86,309.821,1.1654,3.96858,0.70178,0.59854,1.57221,0.94285,0.8691,0.92619,0.64637,0.9774,0.68421,0.685,0.39897,1.27244,4.61936,0.70369,0.64363,1.62535,0.000263936,0.000263936,0.000263936
87,313.321,1.13842,4.08894,0.67971,0.57208,1.56868,0.8506,0.94737,0.9213,0.68152,0.98125,0.68421,0.685,0.3745,1.18603,4.71279,0.69702,0.62382,1.56108,0.000263511,0.000263511,0.000263511
88,316.847,1.11338,3.96446,0.63853,0.55233,1.42506,0.85252,0.94737,0.9213,0.68126,0.98321,0.68421,0.685,0.35494,1.08042,4.73742,0.69915,0.59341,1.48889,0.000263087,0.000263087,0.000263087
89,320.136,1.29527,4.04252,0.64385,0.58947,1.41903,0.89649,0.91229,0.92833,0.65765,0.98154,0.68421,0.685,0.34711,1.14115,4.75835,0.69153,0.63362,1.52636,0.000262663,0.000262663,0.000262663
90,323.394,1.23416,4.28832,0.64497,0.59254,1.48343,0.94344,0.89474,0.92833,0.66018,0.9795,0.68421,0.685,0.36875,1.12099,4.65927,0.68745,0.64638,1.51991,0.000262239,0.000262239,0.000262239
91,326.678,1.16045,4.30601,0.66574,0.59168,1.5953,0.93729,0.89474,0.92833,0.68153,0.97817,0.68421,0.685,0.4056,1.04622,4.44815,0.67843,0.61943,1.44563,0.000261814,0.000261814,0.000261814
92,330.218,1.23144,4.18854,0.64829,0.58351,1.52741,0.89797,0.94737,0.92833,0.72781,0.97726,0.68421,0.685,0.36396,0.99956,4.57657,0.6664,0.60728,1.42099,0.00026139,0.00026139,0.00026139
93,333.762,1.05726,4.31571,0.60857,0.56326,1.51861,0.91405,0.94737,0.93132,0.69482,0.98085,0.68421,0.685,0.36779,1.0795,4.77729,0.62202,0.61836,1.46589,0.000260966,0.000260966,0.000260966
94,337.06,1.22943,4.03332,0.5724,0.56316,1.49028,0.89083,0.94737,0.92833,0.71663,0.98094,0.68421,0.685,0.39028,1.02689,4.73092,0.62188,0.61019,1.42776,0.000260541,0.000260541,0.000260541
95,340.594,1.058,4.03686,0.57437,0.54235,1.53177,0.89655,0.94737,0.92853,0.7014,0.98347,0.68421,0.685,0.36896,0.99504,4.79392,0.62174,0.59181,1.41815,0.000260117,0.000260117,0.000260117
96,343.896,1.10506,4.09151,0.55234,0.56011,1.4588,0.89532,0.94737,0.92853,0.71317,0.98343,0.68421,0.685,0.35822,0.9987,4.78047,0.61077,0.6092,1.4364,0.000259693,0.000259693,0.000259693
97,347.214,1.14861,4.00295,0.55253,0.56171,1.47336,0.89644,0.94737,0.92853,0.75339,0.97909,0.68421,0.685,0.39037,0.98548,4.66418,0.57836,0.62623,1.39893,0.000259269,0.000259269,0.000259269
98,350.754,1.03537,4.03414,0.50729,0.53667,1.40428,0.93488,0.84211,0.92194,0.72867,0.98045,0.68421,0.685,0.38262,1.09484,4.79754,0.57543,0.64183,1.42001,0.000258844,0.000258844,0.000258844
99,354.039,1.1141,4.01365,0.50667,0.54727,1.50135,0.94117,0.84198,0.92329,0.69012,0.98357,0.68421,0.685,0.39416,1.13612,4.89707,0.58347,0.6483,1.42553,0.00025842,0.00025842,0.00025842
100,357.547,1.00933,4.00878,0.50983,0.54524,1.50106,0.92952,0.84211,0.91679,0.70022,0.98665,0.68421,0.685,0.38171,1.11078,4.96521,0.59832,0.6577,1.41052,0.000257996,0.000257996,0.000257996
101,360.857,1.02583,4.08507,0.51195,0.52731,1.36723,0.85709,0.947,0.92424,0.73113,0.98895,0.68421,0.685,0.40155,1.02573,4.89288,0.60209,0.63029,1.38835,0.000257571,0.000257571,0.000257571
102,364.154,0.9864,3.79985,0.45613,0.51762,1.44795,0.85305,0.94737,0.92424,0.72241,0.9875,0.68421,0.685,0.39897,1.04815,4.87515,0.56899,0.655,1.40038,0.000257147,0.000257147,0.000257147
103,367.473,1.09122,4.16343,0.47593,0.5398,1.39433,0.84623,0.94737,0.92405,0.72611,0.98515,0.68421,0.685,0.41374,1.05595,4.86948,0.54444,0.64985,1.40722,0.000256723,0.000256723,0.000256723
104,370.787,1.01301,3.86477,0.48272,0.52676,1.39031,0.85849,0.89474,0.92906,0.72445,0.98263,0.68421,0.685,0.39741,1.02411,4.88651,0.53326,0.60289,1.38032,0.000256299,0.000256299,0.000256299
105,374.099,1.04759,3.89091,0.45995,0.51343,1.37066,0.94359,0.88098,0.93508,0.69286,0.98189,0.68421,0.685,0.36471,1.0887,4.9446,0.51342,0.62498,1.41456,0.000255874,0.000255874,0.000255874
106,377.41,0.99697,3.8109,0.42473,0.51944,1.45314,1,0.8829,0.96048,0.6874,0.98271,0.68421,0.685,0.36805,1.06382,4.87384,0.4965,0.6053,1.41065,0.00025545,0.00025545,0.00025545
107,380.735,1.00795,3.83396,0.43925,0.53589,1.40163,1,0.89167,0.9763,0.70528,0.98191,0.68421,0.685,0.38005,1.06165,4.78631,0.4797,0.60766,1.43575,0.000255026,0.000255026,0.000255026
108,384.024,0.97555,3.72211,0.41208,0.52246,1.46697,1,0.92833,0.97893,0.70967,0.97966,0.68421,0.685,0.38403,1.03349,4.70173,0.45836,0.59702,1.4475,0.000254601,0.000254601,0.000254601
109,387.412,1.04768,3.76755,0.43165,0.53306,1.37288,0.98558,0.94737,0.945,0.74886,0.97598,0.68421,0.685,0.39697,1.07271,4.4885,0.44218,0.61043,1.41384,0.000254177,0.000254177,0.000254177
110,391.042,1.22568,3.83687,0.38928,0.58042,1.27832,1,0.93177,0.945,0.73465,0.98024,0.68421,0.685,0.38554,1.10123,4.50586,0.43856,0.60459,1.41721,0.000253753,0.000253753,0.000253753
111,394.432,1.10419,3.89331,0.39425,0.53729,1.2892,0.89943,0.94737,0.93658,0.72092,0.98189,0.68421,0.685,0.39355,1.12577,4.5749,0.43464,0.61513,1.4384,0.000253329,0.000253329,0.000253329
112,397.795,1.08517,3.90375,0.36704,0.53171,1.24386,0.93548,0.94737,0.93658,0.73898,0.98441,0.68421,0.685,0.40443,1.10934,4.63006,0.43279,0.6126,1.44028,0.000252904,0.000252904,0.000252904
113,401.2,0.94232,3.93132,0.36818,0.51546,1.40797,0.89793,0.94737,0.93147,0.72198,0.98815,0.68421,0.685,0.39293,1.01075,4.77789,0.42083,0.56398,1.39231,0.00025248,0.00025248,0.00025248
114,404.569,0.99891,3.83787,0.32907,0.50726,1.22219,0.98183,0.78947,0.92628,0.71392,0.98857,0.68421,0.685,0.39639,1.00729,4.82741,0.41141,0.57241,1.37304,0.000252056,0.000252056,0.000252056
115,407.973,0.97058,3.67165,0.3439,0.49706,1.32412,0.99166,0.78947,0.86953,0.67523,0.98749,0.68421,0.685,0.38889,1.05425,4.88787,0.41147,0.61355,1.36581,0.000251631,0.000251631,0.000251631
116,411.373,0.98415,3.80227,0.34076,0.50115,1.35786,0.99237,0.78947,0.86264,0.66431,0.98662,0.68421,0.685,0.3676,1.12248,4.96228,0.41434,0.65207,1.39907,0.000251207,0.000251207,0.000251207
117,414.779,0.94238,3.8467,0.32779,0.5043,1.2912,0.99411,0.78947,0.88405,0.66442,0.98239,0.68421,0.685,0.37327,1.20529,5.01428,0.41878,0.65584,1.45093,0.000250783,0.000250783,0.000250783
118,418.164,0.99282,3.76787,0.30942,0.51714,1.24547,1,0.83564,0.91964,0.7198,0.98415,0.68421,0.685,0.38856,1.09212,4.93465,0.42018,0.65855,1.38738,0.000250359,0.000250359,0.000250359
119,421.579,0.9773,3.76787,0.29992,0.50816,1.29747,1,0.8382,0.92435,0.76017,0.98303,0.68421,0.685,0.4003,0.99162,4.88329,0.43784,0.62283,1.32088,0.000249934,0.000249934,0.000249934
120,425.231,0.93473,3.84145,0.34045,0.51303,1.40368,1,0.83877,0.92435,0.76701,0.9833,0.68421,0.685,0.39482,0.94768,4.82722,0.43713,0.59875,1.28155,0.00024951,0.00024951,0.00024951
121,428.874,0.96327,3.67007,0.31453,0.49171,1.22487,0.94116,0.84182,0.96221,0.73715,0.98465,0.68421,0.685,0.39467,0.97135,4.86954,0.39861,0.5785,1.30714,0.000249086,0.000249086,0.000249086
122,432.27,1.14195,3.75592,0.28899,0.53087,1.23129,0.94111,0.84114,0.9678,0.73078,0.98345,0.68421,0.685,0.3751,0.97767,4.87311,0.37771,0.58898,1.29283,0.000248661,0.000248661,0.000248661
123,435.864,1.03103,3.78446,0.28909,0.49284,1.27284,1,0.78508,0.95815,0.73179,0.98466,0.68421,0.685,0.39747,0.99553,4.80707,0.36652,0.59791,1.29757,0.000248237,0.000248237,0.000248237
124,439.299,0.96631,3.85154,0.27919,0.48025,1.31393,0.99357,0.78947,0.91159,0.73194,0.99451,0.68421,0.685,0.39297,0.99649,4.77042,0.36349,0.60592,1.30395,0.000247813,0.000247813,0.000247813
125,442.747,1.01461,3.86511,0.28993,0.50401,1.22159,0.99904,0.78947,0.94993,0.69942,0.98424,0.68421,0.685,0.41866,1.01171,4.85539,0.3964,0.58838,1.30482,0.000247389,0.000247389,0.000247389
126,446.221,1.03114,3.72046,0.27017,0.49871,1.20868,1,0.78825,0.89647,0.68992,0.98549,0.68421,0.685,0.41906,1.08922,4.88801,0.41119,0.61592,1.35188,0.000246964,0.000246964,0.000246964
127,449.666,0.96863,3.63734,0.25616,0.50061,1.17381,0.99428,0.78947,0.89339,0.68216,0.9878,0.68421,0.685,0.40484,1.09086,4.8747,0.40369,0.60042,1.38491,0.00024654,0.00024654,0.00024654
128,453.054,1.04143,3.55575,0.27019,0.50952,1.2277,0.98627,0.78947,0.88471,0.67874,0.98961,0.68421,0.685,0.39909,1.08944,4.80353,0.38752,0.58874,1.40914,0.000246116,0.000246116,0.000246116
129,456.31,0.88858,3.60776,0.25536,0.47905,1.21609,0.99028,0.78947,0.85648,0.64848,0.98834,0.68421,0.685,0.39937,1.06209,4.64748,0.35529,0.56505,1.35054,0.000245691,0.000245691,0.000245691
130,459.358,0.89182,3.53231,0.24597,0.48104,1.2085,0.98903,0.78947,0.89738,0.69954,0.98611,0.68421,0.685,0.39445,1.02578,4.60622,0.34455,0.55846,1.29211,0.000245267,0.000245267,0.000245267
131,462.633,0.94251,3.65326,0.23976,0.48728,1.18446,0.99214,0.78947,0.92144,0.68917,0.98351,0.68421,0.685,0.36792,1.01779,4.66412,0.33534,0.54522,1.28121,0.000244843,0.000244843,0.000244843
132,465.93,0.98252,3.51418,0.2257,0.48745,1.19144,0.99508,0.78947,0.93985,0.65551,0.90613,0.63158,0.59038,0.36527,1.02867,4.79439,0.3429,0.5448,1.29558,0.000244419,0.000244419,0.000244419
133,469.232,0.76021,3.44705,0.20994,0.45945,1.25477,0.98635,0.78947,0.87405,0.6819,0.91605,0.63158,0.59038,0.3594,1.06241,4.7073,0.32061,0.54023,1.34433,0.000243994,0.000243994,0.000243994
134,472.521,0.93713,3.43771,0.22951,0.49701,1.19786,0.9866,0.78947,0.833,0.6651,1,0.68039,0.685,0.38482,1.08355,4.66905,0.31159,0.5517,1.36181,0.00024357,0.00024357,0.00024357
135,475.812,0.93961,3.45122,0.21917,0.46389,1.17449,0.98828,0.78947,0.833,0.6496,0.98598,0.68421,0.685,0.39772,1.08415,4.61982,0.3058,0.55763,1.36288,0.000243146,0.000243146,0.000243146
136,479.112,0.91532,3.36633,0.21138,0.45958,1.1493,0.98883,0.78947,0.83553,0.66677,0.98318,0.68421,0.685,0.37719,1.12109,4.67271,0.30182,0.57131,1.3906,0.000242721,0.000242721,0.000242721
137,482.441,0.88234,3.39219,0.21716,0.46192,1.18203,1,0.78695,0.901,0.67659,0.98785,0.68421,0.685,0.44137,1.08553,4.55988,0.28725,0.58709,1.36589,0.000242297,0.000242297,0.000242297
138,485.752,0.90235,3.3089,0.20217,0.47413,1.22383,0.99738,0.78947,0.93786,0.6843,1,0.6802,0.685,0.44991,1.07909,4.49032,0.2754,0.56981,1.34142,0.000241873,0.000241873,0.000241873
139,489.051,0.88601,3.46172,0.21342,0.46303,1.17989,0.99958,0.78947,0.91417,0.67272,1,0.67135,0.685,0.45128,1.09289,4.43172,0.26097,0.565,1.34223,0.000241449,0.000241449,0.000241449
140,492.354,0.94611,3.38102,0.19939,0.46708,1.13862,0.92681,0.89474,0.96828,0.70083,1,0.67328,0.685,0.43387,1.06654,4.36823,0.25588,0.55441,1.31596,0.000241024,0.000241024,0.000241024
141,495.654,0.90517,3.17831,0.18577,0.46,1.14179,0.88813,0.89474,0.95878,0.72735,0.9047,0.68421,0.68143,0.43522,1.015,4.35142,0.26007,0.56208,1.2728,0.0002406,0.0002406,0.0002406
142,499.3,0.82419,3.18569,0.19035,0.44721,1.15074,0.889,0.89474,0.957,0.7337,1,0.6687,0.685,0.44455,1.00153,4.37182,0.26453,0.5634,1.24627,0.000240176,0.000240176,0.000240176
143,502.279,0.93706,3.05692,0.17605,0.46039,1.10076,0.93034,0.89474,0.96195,0.72043,1,0.68248,0.685,0.44485,1.0151,4.37829,0.26262,0.56509,1.26098,0.000239751,0.000239751,0.000239751
144,505.629,0.87101,3.1946,0.19597,0.43989,1.15683,0.94151,0.94737,0.97051,0.72379,0.98598,0.68421,0.685,0.43479,1.00742,4.3868,0.25725,0.57675,1.26297,0.000239327,0.000239327,0.000239327
145,509.174,0.76768,3.07513,0.18218,0.43536,1.12056,0.88555,0.94737,0.973,0.73917,0.98409,0.68421,0.685,0.4713,0.91461,4.15937,0.23153,0.54719,1.20692,0.000238903,0.000238903,0.000238903
146,512.78,0.86835,3.09558,0.19594,0.45012,1.13794,0.88762,0.89474,0.95764,0.74965,0.98344,0.68421,0.685,0.46973,0.93158,4.05737,0.22427,0.52396,1.21784,0.000238479,0.000238479,0.000238479
147,516.402,0.90907,3.05684,0.19453,0.47059,1.14878,0.94669,0.93524,0.97628,0.75209,0.98199,0.68421,0.71833,0.49283,0.95525,3.98232,0.22082,0.5232,1.20039,0.000238054,0.000238054,0.000238054
148,520.02,0.79766,2.89306,0.18731,0.43407,1.18489,0.94216,0.94737,0.97628,0.74121,0.98181,0.68421,0.71417,0.477,0.9743,3.97945,0.22159,0.53237,1.20867,0.00023763,0.00023763,0.00023763
149,523.433,0.93577,2.97056,0.18417,0.46796,1.08478,0.96503,0.89474,0.978,0.73856,0.981,0.68421,0.685,0.4463,0.92724,4.10257,0.22307,0.51567,1.18019,0.000237206,0.000237206,0.000237206
150,526.824,0.91445,3.10911,0.17365,0.46886,1.09088,0.97823,0.89474,0.97586,0.74915,0.98145,0.68421,0.685,0.41231,0.89064,4.20391,0.22283,0.51647,1.16151,0.000236781,0.000236781,0.000236781
151,530.221,0.8882,3.00312,0.17279,0.45848,0.98665,0.95212,0.89474,0.97958,0.75898,0.98252,0.68421,0.685,0.42935,0.86097,4.22195,0.22221,0.50617,1.16154,0.000236357,0.000236357,0.000236357
152,533.605,0.9188,3.32349,0.17885,0.45075,1.05482,1,0.89364,0.98136,0.77733,0.98404,0.68421,0.685,0.44539,0.84442,4.08243,0.21729,0.47966,1.15566,0.000235933,0.000235933,0.000235933
153,536.99,0.8902,2.93221,0.17951,0.44908,1.04923,0.9221,0.94737,0.98497,0.76221,0.98488,0.68421,0.685,0.45673,0.85092,3.97791,0.22446,0.49237,1.18469,0.000235509,0.000235509,0.000235509
154,540.156,0.86196,3.00912,0.18616,0.44333,1.04196,0.86241,0.9901,0.9761,0.75421,0.98516,0.68421,0.685,0.45046,0.88053,3.98111,0.22754,0.51314,1.188,0.000235084,0.000235084,0.000235084
155,543.275,0.94144,2.9442,0.18337,0.44619,1.07403,0.9899,0.84211,0.9739,0.75268,0.98552,0.68421,0.685,0.44834,0.90037,3.9605,0.22782,0.53193,1.18855,0.00023466,0.00023466,0.00023466
156,546.551,0.87921,2.77786,0.17854,0.43344,1.00834,0.98324,0.84211,0.95979,0.74794,0.9861,0.68421,0.685,0.45239,0.88623,3.99058,0.2282,0.55212,1.19086,0.000234236,0.000234236,0.000234236
157,549.849,0.78643,2.82223,0.18069,0.40141,1.05339,0.98918,0.84211,0.96667,0.74966,0.98592,0.68421,0.685,0.42437,0.87796,4.11981,0.2236,0.51867,1.19771,0.000233811,0.000233811,0.000233811
158,553.125,0.85059,2.94006,0.18659,0.4236,1.04539,0.94152,0.84764,0.97522,0.75368,0.90914,0.63158,0.59038,0.4218,0.86041,4.1413,0.21909,0.51255,1.16578,0.000233387,0.000233387,0.000233387
159,556.397,0.76433,2.7487,0.18508,0.41703,1.0925,0.84891,0.94737,0.96693,0.7302,0.90742,0.63158,0.59038,0.42228,0.88089,4.18942,0.21906,0.51254,1.1297,0.000232963,0.000232963,0.000232963
160,559.662,0.85529,3.02845,0.20053,0.44129,1.13224,0.8933,0.89474,0.91541,0.69087,0.98078,0.68421,0.685,0.43264,0.95941,4.24575,0.23655,0.56256,1.16445,0.000232539,0.000232539,0.000232539
161,562.936,0.776,2.84583,0.18036,0.40555,1.06557,0.83242,0.89474,0.87771,0.69962,0.98082,0.68421,0.685,0.50948,0.9428,4.13111,0.25106,0.55011,1.20137,0.000232114,0.000232114,0.000232114
162,566.197,0.82112,2.9762,0.18689,0.41294,1.0721,1,0.78149,0.87697,0.71435,0.9803,0.68421,0.685,0.51642,0.95752,4.09806,0.25508,0.52315,1.22238,0.00023169,0.00023169,0.00023169
163,569.444,0.79871,2.84245,0.18283,0.42543,1.06508,0.99496,0.78947,0.88011,0.70739,0.97736,0.68421,0.685,0.52105,0.93435,4.04325,0.24745,0.48725,1.20869,0.000231266,0.000231266,0.000231266
164,572.729,0.94867,2.84516,0.17029,0.44903,1.06767,1,0.83616,0.93313,0.70973,0.9745,0.68421,0.685,0.51565,0.9305,3.98833,0.22996,0.46316,1.2036,0.000230841,0.000230841,0.000230841
165,576.048,0.964,2.79633,0.18216,0.43595,1.03709,0.97427,0.94737,0.945,0.70244,0.97149,0.68421,0.685,0.49342,0.97742,3.87584,0.22247,0.48523,1.22019,0.000230417,0.000230417,0.000230417
166,579.519,0.81032,2.78166,0.1787,0.40742,1.06672,1,0.92941,0.945,0.70431,0.97318,0.68421,0.685,0.50968,0.93723,3.9105,0.22401,0.48879,1.20597,0.000229993,0.000229993,0.000229993
167,582.824,0.791,2.76343,0.17564,0.40168,1.08319,0.99166,0.89474,0.9763,0.71511,0.97631,0.68421,0.685,0.50851,0.93752,3.95971,0.22735,0.49992,1.23139,0.000229569,0.000229569,0.000229569
168,586.128,0.85967,2.88156,0.18266,0.41936,1.02501,0.92926,0.94737,0.96934,0.71208,0.98055,0.68421,0.685,0.49881,0.91698,4.02921,0.22923,0.50236,1.21863,0.000229144,0.000229144,0.000229144
169,589.41,0.84278,2.72623,0.17166,0.40348,1.02511,0.84813,0.94737,0.96131,0.71892,0.98788,0.68421,0.685,0.50404,0.88481,4.09261,0.24983,0.51905,1.20022,0.00022872,0.00022872,0.00022872
170,592.625,0.86079,2.75343,0.16694,0.40027,1.0491,0.92619,0.89474,0.92833,0.70123,0.98772,0.68421,0.685,0.50545,0.90817,4.09937,0.25554,0.55946,1.20828,0.000228296,0.000228296,0.000228296
171,596.003,0.85358,2.59308,0.16609,0.42188,1.00454,0.8144,0.92439,0.91019,0.6934,0.98509,0.68421,0.685,0.49153,0.92408,4.12038,0.2557,0.57882,1.20917,0.000227871,0.000227871,0.000227871
172,599.413,0.80512,2.7386,0.1636,0.39396,0.97971,0.94026,0.82893,0.91356,0.7045,0.98379,0.68421,0.685,0.47981,0.87425,4.1291,0.24558,0.54404,1.17632,0.000227447,0.000227447,0.000227447
173,602.84,0.84462,2.78093,0.18409,0.41002,1.06743,0.81687,0.93937,0.91126,0.6872,0.98765,0.68421,0.685,0.49713,0.88272,4.03772,0.2419,0.52999,1.20653,0.000227023,0.000227023,0.000227023
174,606.284,0.75521,2.52998,0.16498,0.38346,1.09502,0.88986,0.89474,0.96073,0.73171,0.98959,0.68421,0.685,0.4983,0.8805,4.05827,0.24343,0.51386,1.23798,0.000226599,0.000226599,0.000226599
175,609.703,0.8326,2.48144,0.17942,0.4095,1.01113,0.89856,0.93297,0.97019,0.72938,0.98824,0.68421,0.685,0.52102,0.87125,4.03727,0.24852,0.4978,1.22282,0.000226174,0.000226174,0.000226174
176,613.358,0.80215,2.66473,0.16996,0.41137,0.98559,0.88953,0.94737,0.96666,0.70684,0.98727,0.68421,0.685,0.50954,0.96606,4.09006,0.2539,0.51552,1.31145,0.00022575,0.00022575,0.00022575
177,616.793,0.76449,2.49087,0.15751,0.38724,1.04358,0.89968,0.94413,0.94059,0.6649,0.98559,0.68421,0.685,0.4835,0.99123,4.18139,0.24931,0.52916,1.27942,0.000225326,0.000225326,0.000225326
178,620.162,0.84876,2.52546,0.15426,0.41633,1.02026,0.89904,0.93781,0.938,0.69571,0.98587,0.68421,0.685,0.47817,0.91765,4.12513,0.24675,0.508,1.20889,0.000224901,0.000224901,0.000224901
179,623.549,0.77404,2.49929,0.16201,0.39761,1.05314,0.89841,0.93144,0.93763,0.70206,0.98776,0.68421,0.685,0.49176,0.87241,4.03564,0.23757,0.50876,1.18325,0.000224477,0.000224477,0.000224477
180,626.917,0.86296,2.42389,0.17037,0.41019,0.98108,0.89101,0.89474,0.93807,0.7125,0.98902,0.68421,0.685,0.47431,0.86695,4.00497,0.22619,0.50757,1.18465,0.000224053,0.000224053,0.000224053
181,630.18,0.84238,2.64574,0.18141,0.39933,1.00188,0.94356,0.88055,0.92073,0.71033,0.98906,0.68421,0.685,0.47756,0.85019,4.04405,0.22503,0.49253,1.14439,0.000223629,0.000223629,0.000223629
182,633.38,0.85598,2.4665,0.16406,0.40039,1.00203,0.94008,0.89474,0.91992,0.71806,0.99054,0.68421,0.685,0.47293,0.83624,4.08573,0.23333,0.48916,1.13385,0.000223204,0.000223204,0.000223204
183,636.616,0.76789,2.48855,0.16348,0.39255,1.01688,0.93524,0.89474,0.91944,0.73419,0.99076,0.68421,0.685,0.50406,0.82006,4.08981,0.24126,0.48014,1.13317,0.00022278,0.00022278,0.00022278
184,639.839,0.82416,2.63649,0.15186,0.37773,0.92995,0.9394,0.89474,0.91548,0.75401,0.98918,0.68421,0.685,0.52228,0.82413,4.05097,0.24386,0.47746,1.14024,0.000222356,0.000222356,0.000222356
185,643.324,0.74206,2.5795,0.15817,0.37582,0.99642,0.99952,0.89474,0.97654,0.76573,0.98428,0.68421,0.685,0.5237,0.84738,3.96564,0.23018,0.47169,1.16127,0.000221931,0.000221931,0.000221931
186,646.835,0.77669,2.63201,0.16215,0.37102,0.97,0.99722,0.89474,0.978,0.76256,0.97988,0.68421,0.685,0.51977,0.84672,3.91725,0.22348,0.45549,1.15573,0.000221507,0.000221507,0.000221507
187,650.103,0.86082,2.53917,0.17113,0.39669,0.89405,1,0.94135,0.983,0.76119,0.97648,0.68421,0.685,0.52164,0.84237,3.88445,0.21874,0.4401,1.15646,0.000221083,0.000221083,0.000221083
188,653.532,0.81576,2.58691,0.15312,0.38497,0.9232,0.99939,0.94737,0.98458,0.78615,0.97558,0.68421,0.685,0.52235,0.82856,3.8636,0.21588,0.43102,1.14917,0.000220659,0.000220659,0.000220659
189,657.064,0.74857,2.52965,0.15945,0.36245,0.94093,0.98984,0.94737,0.9925,0.79042,0.97641,0.68421,0.685,0.52821,0.80113,3.89233,0.21551,0.41756,1.12476,0.000220234,0.000220234,0.000220234
190,660.587,0.81029,2.5061,0.15604,0.38206,0.90074,0.99433,0.94737,0.9925,0.80573,0.97747,0.68421,0.685,0.53048,0.79583,3.81298,0.21444,0.41925,1.11069,0.00021981,0.00021981,0.00021981
191,664.096,0.7142,2.55495,0.14727,0.37024,0.94578,0.94931,0.9862,0.9925,0.78691,0.98034,0.68421,0.685,0.533,0.80161,3.70726,0.21599,0.42874,1.11756,0.000219386,0.000219386,0.000219386
192,667.346,0.78927,2.50525,0.15899,0.37821,0.90942,0.94964,0.99284,0.99,0.77055,0.98141,0.68421,0.685,0.52381,0.80803,3.60308,0.2172,0.42274,1.1169,0.000218961,0.000218961,0.000218961
193,670.642,0.79539,2.6501,0.17391,0.3728,0.95499,0.94988,0.99755,0.99,0.77051,0.97874,0.68421,0.685,0.52855,0.80308,3.70344,0.2178,0.42446,1.12701,0.000218537,0.000218537,0.000218537
194,673.926,0.79525,2.42021,0.14563,0.37833,0.91649,0.89854,1,0.98182,0.77847,0.97781,0.68421,0.685,0.5316,0.7897,3.8285,0.21903,0.42533,1.1195,0.000218113,0.000218113,0.000218113
195,677.183,0.78141,2.44766,0.15466,0.36293,0.90071,0.94921,0.98422,0.9845,0.7876,0.97682,0.68421,0.685,0.5261,0.77879,3.90838,0.21892,0.42079,1.10887,0.000217689,0.000217689,0.000217689
196,680.472,0.91403,2.37167,0.15205,0.38989,0.90576,0.94704,0.9415,0.97713,0.77436,0.97622,0.68421,0.685,0.51741,0.78711,3.9752,0.22468,0.41934,1.13129,0.000217264,0.000217264,0.000217264
197,683.78,0.77704,2.73203,0.16886,0.36226,0.96793,0.94693,0.93953,0.97788,0.73443,0.96763,0.68421,0.685,0.50316,0.84849,3.87962,0.23222,0.44535,1.17757,0.00021684,0.00021684,0.00021684
198,687.081,0.74267,2.36918,0.15523,0.35634,0.96408,0.94652,0.93214,0.9725,0.75411,0.96473,0.68421,0.685,0.52823,0.86342,3.80513,0.23442,0.48363,1.14669,0.000216416,0.000216416,0.000216416
199,690.381,0.82635,2.65161,0.17213,0.38737,0.95047,0.94706,0.94182,0.9714,0.74478,0.96482,0.68421,0.685,0.53028,0.89565,3.86318,0.23716,0.51012,1.15654,0.000215991,0.000215991,0.000215991
200,693.678,0.82536,2.52612,0.14596,0.38704,0.93931,0.94282,0.94737,0.96876,0.76683,0.96546,0.68421,0.685,0.52191,0.84678,3.98279,0.24152,0.52656,1.13071,0.000215567,0.000215567,0.000215567
201,696.983,0.84797,2.57698,0.14801,0.38087,0.92539,0.93836,0.94737,0.96876,0.78559,0.97606,0.68421,0.685,0.51271,0.76608,4.01596,0.25465,0.46994,1.0815,0.000215143,0.000215143,0.000215143
202,700.254,0.81119,2.52733,0.15474,0.37983,0.91275,0.93748,0.94737,0.96291,0.77502,0.97915,0.68421,0.685,0.52992,0.75466,3.97316,0.25355,0.46499,1.06608,0.000214719,0.000214719,0.000214719
203,703.544,0.69916,2.54227,0.15569,0.36186,1.0042,0.939,0.94737,0.96349,0.76663,0.98,0.68421,0.685,0.53045,0.76731,3.99625,0.25445,0.4667,1.06844,0.000214294,0.000214294,0.000214294
204,706.782,0.76324,2.43868,0.15241,0.35707,0.9655,0.93572,0.94737,0.96183,0.75977,0.97909,0.68421,0.685,0.52144,0.8004,4.00942,0.25323,0.47786,1.09158,0.00021387,0.00021387,0.00021387
205,710.111,0.83726,2.36076,0.14697,0.37567,0.87854,0.94383,0.94737,0.93658,0.7059,0.97881,0.68421,0.685,0.53436,0.89089,3.97605,0.24799,0.51315,1.15618,0.000213446,0.000213446,0.000213446
206,713.474,0.64213,2.52117,0.15175,0.34778,0.97013,0.94734,0.94677,0.93658,0.71552,0.98152,0.68421,0.685,0.53158,0.91013,3.92735,0.2452,0.51491,1.17924,0.000213021,0.000213021,0.000213021
207,716.83,0.73662,2.45947,0.14739,0.35366,0.91908,0.89966,0.94401,0.935,0.73681,0.98214,0.68421,0.685,0.53342,0.89553,3.98802,0.24337,0.52562,1.19539,0.000212597,0.000212597,0.000212597
208,720.192,0.79003,2.44244,0.15268,0.35827,0.94493,0.93847,0.89474,0.92822,0.72551,0.97709,0.68421,0.685,0.5177,0.8712,4.02818,0.24773,0.5313,1.17495,0.000212173,0.000212173,0.000212173
209,723.565,0.8322,2.40522,0.16675,0.36517,0.91425,0.9402,0.89474,0.92822,0.71672,0.97972,0.68421,0.685,0.49918,0.89013,4.12704,0.24972,0.52953,1.17289,0.000211749,0.000211749,0.000211749
210,727.016,0.77558,2.56013,0.14676,0.36143,0.93297,0.93899,0.89474,0.93135,0.70363,0.97957,0.68421,0.685,0.49918,0.89362,4.10503,0.2439,0.53051,1.16798,0.000211324,0.000211324,0.000211324
211,730.407,0.85669,2.20049,0.14129,0.3827,0.92906,0.93133,0.89474,0.92972,0.71361,0.97931,0.68421,0.685,0.4987,0.88399,4.08565,0.23639,0.52282,1.15474,0.0002109,0.0002109,0.0002109
212,733.779,0.78842,2.5955,0.16054,0.37147,0.96796,0.92949,0.89474,0.94549,0.71926,0.97902,0.68421,0.685,0.48792,0.84564,4.09921,0.22897,0.50301,1.13248,0.000210476,0.000210476,0.000210476
213,737.156,0.75798,2.29019,0.14553,0.35973,0.91988,0.92777,0.89474,0.95157,0.7521,0.9747,0.68421,0.685,0.50691,0.7901,3.97652,0.21085,0.49106,1.10635,0.000210051,0.000210051,0.000210051
214,740.538,0.68251,2.34495,0.15017,0.34518,0.9229,0.92988,0.89474,0.93135,0.74829,0.97201,0.68421,0.685,0.51053,0.7959,3.98221,0.21042,0.51063,1.09454,0.000209627,0.000209627,0.000209627
215,743.921,0.79533,2.34402,0.1408,0.37401,0.89518,1,0.8864,0.96353,0.75208,0.96795,0.68421,0.685,0.4982,0.8128,3.91509,0.20917,0.51286,1.09999,0.000209203,0.000209203,0.000209203
216,747.416,0.66177,2.3791,0.13874,0.33542,0.8926,0.99683,0.89474,0.97179,0.75148,0.96501,0.68421,0.685,0.51336,0.82851,3.84813,0.20798,0.49107,1.11208,0.000208779,0.000208779,0.000208779
217,750.804,0.72931,2.37821,0.14341,0.3403,0.90764,0.99424,0.89474,0.9744,0.75825,0.96622,0.68421,0.685,0.53032,0.81442,3.77196,0.2062,0.43512,1.11426,0.000208354,0.000208354,0.000208354
218,754.183,0.71413,2.31426,0.13344,0.34518,0.87358,1,0.93896,0.9863,0.76956,0.96718,0.68421,0.685,0.53699,0.81167,3.75653,0.20534,0.41074,1.09312,0.00020793,0.00020793,0.00020793
219,757.56,0.81998,2.45368,0.1476,0.36855,0.90031,1,0.9388,0.9863,0.76592,0.96752,0.68421,0.685,0.52727,0.81272,3.74377,0.2031,0.4084,1.09212,0.000207506,0.000207506,0.000207506
220,760.927,0.76277,2.23387,0.13992,0.35328,0.87967,1,0.93572,0.9863,0.77092,0.96683,0.68421,0.685,0.50196,0.79721,3.79407,0.20158,0.40438,1.09089,0.000207081,0.000207081,0.000207081
221,764.321,0.8179,2.4042,0.1535,0.35531,0.88991,0.94185,0.94737,0.98104,0.76674,0.96839,0.68421,0.685,0.48741,0.79402,3.78543,0.20313,0.40697,1.11499,0.000206657,0.000206657,0.000206657
222,767.718,0.7349,2.27361,0.14043,0.33925,0.93969,0.94349,0.94737,0.97932,0.76677,0.96924,0.68421,0.685,0.49728,0.78017,3.77691,0.20836,0.41835,1.09738,0.000206233,0.000206233,0.000206233
223,771.097,0.80457,2.17905,0.13462,0.34753,0.87295,0.89179,0.94737,0.97347,0.77066,0.97045,0.68421,0.685,0.49757,0.76811,3.81984,0.21786,0.42754,1.08518,0.000205809,0.000205809,0.000205809
224,774.477,0.68419,2.16916,0.1444,0.32713,0.90472,0.89466,0.94737,0.96907,0.77817,0.96955,0.68421,0.685,0.5134,0.77226,3.90225,0.22997,0.46135,1.0778,0.000205384,0.000205384,0.000205384
225,777.872,0.60799,2.11399,0.13877,0.3214,0.97511,0.89531,0.94737,0.97241,0.77675,0.97373,0.68421,0.685,0.52379,0.78575,3.98912,0.24415,0.43957,1.06535,0.00020496,0.00020496,0.00020496
226,781.029,0.84878,2.35661,0.13927,0.35847,0.85028,0.89565,0.94737,0.97522,0.7814,0.97268,0.68421,0.685,0.5113,0.78732,3.96283,0.23645,0.42454,1.07887,0.000204536,0.000204536,0.000204536
227,784.256,0.61071,2.25053,0.14791,0.31792,0.87538,0.89426,0.94737,0.97681,0.78812,0.97227,0.68421,0.685,0.51403,0.78218,3.86317,0.22366,0.41697,1.08212,0.000204111,0.000204111,0.000204111
228,787.468,0.74575,2.13689,0.13901,0.3513,0.9012,0.94685,0.94737,0.98497,0.77458,0.97199,0.68421,0.685,0.5259,0.77308,3.74059,0.21537,0.4052,1.08469,0.000203687,0.000203687,0.000203687
229,790.707,0.65329,2.04487,0.14438,0.33272,0.92929,0.94968,0.99366,0.9845,0.76839,0.9693,0.68421,0.685,0.5222,0.78668,3.63901,0.20499,0.40909,1.08316,0.000203263,0.000203263,0.000203263
230,793.933,0.63249,2.02008,0.14326,0.32209,0.87555,0.9498,0.99609,0.9845,0.74531,0.96893,0.68421,0.685,0.512,0.79841,3.70351,0.20728,0.4114,1.08,0.000202839,0.000202839,0.000202839
231,797.177,0.71075,2.13973,0.14662,0.3366,0.89973,0.94643,1,0.9845,0.74501,0.96977,0.68421,0.685,0.51156,0.78734,3.72961,0.20921,0.40903,1.07069,0.000202414,0.000202414,0.000202414
232,800.433,0.73108,2.18449,0.14662,0.34109,0.91403,0.94098,1,0.9845,0.77191,0.97068,0.68421,0.685,0.51024,0.77046,3.76066,0.21098,0.41203,1.05723,0.00020199,0.00020199,0.00020199
233,803.716,0.72921,1.87928,0.1239,0.33411,0.89856,0.93663,1,0.9845,0.76046,0.97256,0.68421,0.685,0.51908,0.77941,3.65621,0.21704,0.42015,1.06436,0.000201566,0.000201566,0.000201566
234,806.987,0.82442,1.92648,0.14617,0.34639,0.90041,0.94115,1,0.9845,0.7577,0.96999,0.68421,0.685,0.52497,0.77395,3.55572,0.21088,0.42834,1.04575,0.000201141,0.000201141,0.000201141
235,810.263,0.89977,2.02851,0.13332,0.36956,0.82187,0.93957,1,0.982,0.7647,0.96589,0.68421,0.685,0.54692,0.76276,3.51315,0.2072,0.43472,1.0312,0.000200717,0.000200717,0.000200717
236,813.742,0.71543,1.76238,0.13287,0.33206,0.84161,0.94351,1,0.9845,0.7637,0.96533,0.68421,0.685,0.55365,0.79087,3.50655,0.2044,0.43531,1.04044,0.000200293,0.000200293,0.000200293
237,817.043,0.76178,1.86754,0.13452,0.33396,0.87084,0.93435,1,0.99,0.7579,0.97067,0.68421,0.685,0.57356,0.81193,3.50009,0.20769,0.41947,1.06106,0.000199869,0.000199869,0.000199869
238,820.311,0.69638,1.8147,0.13886,0.33458,0.92441,1,0.98582,0.995,0.77825,0.97411,0.68421,0.685,0.58974,0.80385,3.48797,0.21242,0.40823,1.07136,0.000199444,0.000199444,0.000199444
239,823.847,0.7059,1.80335,0.1417,0.34378,0.91597,1,0.98158,0.995,0.76231,0.97656,0.68421,0.685,0.61166,0.79613,3.42655,0.21806,0.40471,1.07443,0.00019902,0.00019902,0.00019902
240,827.391,0.73524,1.85608,0.12635,0.34602,0.84182,0.9402,1,0.99,0.75869,0.9778,0.68421,0.685,0.62115,0.77704,3.36591,0.21805,0.3961,1.06403,0.000198596,0.000198596,0.000198596
241,830.929,0.74145,1.81264,0.13575,0.33873,0.88111,0.94917,1,0.99,0.77065,0.98125,0.68421,0.685,0.62233,0.75255,3.30615,0.21493,0.38849,1.07369,0.000198171,0.000198171,0.000198171
242,834.455,0.7512,1.94191,0.14251,0.34024,0.90634,0.94975,0.99507,0.99,0.77866,0.98164,0.68421,0.685,0.61664,0.77239,3.30065,0.21353,0.39505,1.10216,0.000197747,0.000197747,0.000197747
243,837.957,0.86386,1.63541,0.11977,0.34808,0.80173,0.94969,0.99376,0.99,0.77971,0.98093,0.68421,0.685,0.61108,0.76446,3.28942,0.212,0.39523,1.10107,0.000197323,0.000197323,0.000197323
244,841.235,0.68238,1.68141,0.12965,0.33607,0.84049,0.94985,1,0.99,0.777,0.97755,0.68421,0.685,0.62365,0.75957,3.22061,0.20733,0.38857,1.10162,0.000196899,0.000196899,0.000196899
245,844.752,0.72733,1.75625,0.13684,0.33638,0.89165,0.94556,1,0.9925,0.78357,0.97163,0.68421,0.685,0.61877,0.76312,3.10819,0.20456,0.38978,1.13339,0.000196474,0.000196474,0.000196474
246,848.264,0.72207,1.68036,0.12611,0.33513,0.8626,0.94991,0.9982,0.9925,0.7944,0.9707,0.68421,0.685,0.62527,0.78866,3.12861,0.2058,0.38411,1.14625,0.00019605,0.00019605,0.00019605
247,851.781,0.7244,1.76087,0.15258,0.33059,0.87189,0.94693,0.94737,0.98555,0.78334,0.96916,0.68421,0.685,0.61288,0.80996,3.15923,0.20825,0.39656,1.15067,0.000195626,0.000195626,0.000195626
248,855.067,0.61746,1.73424,0.14391,0.31649,0.92939,0.99167,0.94737,0.9863,0.77505,0.9687,0.68421,0.685,0.61723,0.82856,3.18059,0.20766,0.42007,1.15334,0.000195201,0.000195201,0.000195201
249,858.199,0.63436,1.64832,0.13234,0.31894,0.89642,1,0.93023,0.98818,0.78566,0.9656,0.68421,0.685,0.61792,0.81432,3.13713,0.19982,0.41843,1.11025,0.000194777,0.000194777,0.000194777
250,861.543,0.73267,1.68405,0.13819,0.32631,0.88016,0.97718,0.94737,0.99024,0.79178,0.96118,0.68421,0.685,0.62317,0.77701,3.10129,0.19395,0.39401,1.07441,0.000194353,0.000194353,0.000194353
251,864.92,0.7365,1.70259,0.14182,0.32861,0.86561,0.98706,0.94737,0.99024,0.79383,0.96081,0.68421,0.71833,0.61332,0.7752,3.08512,0.18851,0.39234,1.08237,0.000193929,0.000193929,0.000193929
252,868.277,0.76426,1.64879,0.13725,0.34612,0.85467,0.99122,0.94737,0.98818,0.7989,0.96312,0.68421,0.685,0.62245,0.77009,3.06668,0.18667,0.40076,1.0785,0.000193504,0.000193504,0.000193504
253,871.89,0.65735,1.70835,0.13702,0.3187,0.8916,1,0.94601,0.98818,0.79396,0.96095,0.68421,0.685,0.61428,0.80743,2.95191,0.18432,0.39546,1.1156,0.00019308,0.00019308,0.00019308
254,875.277,0.6982,1.72222,0.1387,0.32484,0.89376,0.98737,0.94737,0.98818,0.79392,0.96045,0.68421,0.71682,0.62841,0.81779,2.90722,0.18275,0.39944,1.11542,0.000192656,0.000192656,0.000192656
255,878.896,0.81697,1.61248,0.12787,0.33911,0.84716,0.97241,0.94737,0.98818,0.78678,0.96196,0.68421,0.71682,0.63044,0.81311,2.85621,0.18124,0.39567,1.12029,0.000192231,0.000192231,0.000192231
256,882.272,0.74877,1.60695,0.12827,0.34206,0.83698,0.94957,0.99134,0.9925,0.79944,0.96432,0.68421,0.72,0.62392,0.81464,2.81253,0.18313,0.38948,1.12857,0.000191807,0.000191807,0.000191807
257,885.921,0.73077,1.50507,0.1333,0.33839,0.80917,1,0.99149,0.995,0.78904,0.9699,0.68421,0.72184,0.63106,0.80762,2.76329,0.18654,0.35976,1.14184,0.000191383,0.000191383,0.000191383
258,889.303,0.59204,1.64839,0.134,0.3055,0.8909,1,0.99572,0.995,0.78531,1,0.72645,0.77447,0.63802,0.80616,2.75911,0.18729,0.36597,1.12192,0.000190959,0.000190959,0.000190959
259,892.68,0.69197,1.37156,0.12886,0.32121,0.8629,1,0.99786,0.995,0.77985,0.97454,0.68421,0.72184,0.63862,0.80283,2.80609,0.18788,0.36469,1.0937,0.000190534,0.000190534,0.000190534
260,896.223,0.8215,1.50677,0.13998,0.33773,0.80342,1,0.99811,0.995,0.77785,0.97464,0.68421,0.72184,0.62061,0.79016,2.95009,0.18886,0.36501,1.07584,0.00019011,0.00019011,0.00019011
261,899.642,0.631,1.4778,0.12781,0.31075,0.89587,0.9945,0.94737,0.9925,0.77006,0.97334,0.68421,0.685,0.60123,0.79877,3.03177,0.18897,0.38469,1.09399,0.000189686,0.000189686,0.000189686
262,903.013,0.65011,1.47056,0.12591,0.30425,0.85101,0.99406,0.94737,0.9925,0.77006,0.97054,0.68421,0.685,0.62492,0.77524,2.91098,0.18798,0.37846,1.05719,0.000189261,0.000189261,0.000189261
263,906.408,0.63124,1.46324,0.14062,0.31043,0.8713,0.99518,0.94737,0.9925,0.78921,0.96699,0.68421,0.685,0.64326,0.77261,2.84304,0.18693,0.37624,1.05159,0.000188837,0.000188837,0.000188837
264,910.013,0.73362,1.53158,0.13345,0.32239,0.80191,1,0.99562,0.995,0.79561,0.96456,0.68421,0.685,0.63457,0.76958,2.86483,0.18756,0.37217,1.0561,0.000188413,0.000188413,0.000188413
265,913.399,0.65602,1.30601,0.125,0.30202,0.85847,1,0.99613,0.995,0.79193,0.96962,0.68421,0.685,0.65015,0.78976,2.94201,0.18783,0.37864,1.05861,0.000187989,0.000187989,0.000187989
266,917.012,0.6143,1.61985,0.13604,0.30019,0.84766,1,0.99582,0.995,0.79646,0.97128,0.68421,0.685,0.652,0.78113,3.00894,0.18873,0.38323,1.04775,0.000187564,0.000187564,0.000187564
267,920.62,0.70567,1.66302,0.13404,0.31624,0.85266,0.99583,0.94737,0.9925,0.80354,0.97043,0.68421,0.685,0.644,0.77745,3.01727,0.18757,0.38695,1.0568,0.00018714,0.00018714,0.00018714
268,923.996,0.66356,1.73587,0.13177,0.32419,0.90588,0.99526,0.94737,0.99024,0.79684,0.9712,0.68421,0.685,0.64495,0.79008,2.97538,0.18909,0.39378,1.07097,0.000186716,0.000186716,0.000186716
269,927.407,0.69743,1.53254,0.12693,0.31588,0.81159,0.99297,0.94737,0.99024,0.79347,0.97182,0.68421,0.685,0.64295,0.81915,2.99755,0.18837,0.41035,1.10729,0.000186291,0.000186291,0.000186291
270,930.592,0.76233,1.49213,0.14033,0.32155,0.85495,0.98662,0.94737,0.99024,0.78595,0.97215,0.68421,0.685,0.64295,0.81198,3.0541,0.19007,0.41436,1.10853,0.000185867,0.000185867,0.000185867
271,933.792,0.77645,1.45425,0.12424,0.32235,0.77545,0.97932,0.94737,0.99024,0.77607,0.97284,0.68421,0.685,0.61967,0.80766,3.18356,0.19138,0.42807,1.11538,0.000185443,0.000185443,0.000185443
272,937.016,0.67139,1.6242,0.13236,0.3056,0.8642,0.99793,0.94737,0.98818,0.77796,0.9731,0.68421,0.685,0.57855,0.81104,3.29015,0.19302,0.42867,1.12206,0.000185019,0.000185019,0.000185019
273,940.236,0.69878,1.53326,0.14072,0.31978,0.84012,0.94296,0.94737,0.98555,0.77807,0.97265,0.68421,0.685,0.61176,0.82234,3.16153,0.19155,0.41898,1.11845,0.000184594,0.000184594,0.000184594
274,943.461,0.74707,1.71021,0.1402,0.33179,0.84595,0.99509,0.94737,0.99024,0.77608,0.97194,0.68421,0.685,0.61007,0.82671,3.12751,0.19087,0.42325,1.12482,0.00018417,0.00018417,0.00018417
275,946.685,0.71451,1.42532,0.13883,0.31724,0.87167,0.94961,0.99225,0.9925,0.7998,0.96935,0.68421,0.685,0.59534,0.81131,3.15919,0.19163,0.41206,1.11988,0.000183746,0.000183746,0.000183746
276,949.916,0.68191,1.5501,0.12748,0.30858,0.82608,0.99535,0.94737,0.9925,0.78955,0.96709,0.68421,0.685,0.59108,0.80962,3.15958,0.1934,0.4085,1.11858,0.000183321,0.000183321,0.000183321
277,953.166,0.68671,1.73334,0.14713,0.31068,0.89612,0.994,0.94737,0.9925,0.78509,0.96564,0.68421,0.685,0.61934,0.80716,3.11291,0.19633,0.408,1.11236,0.000182897,0.000182897,0.000182897
278,956.414,0.74595,1.52924,0.13618,0.32387,0.80855,0.99299,0.94737,0.99024,0.79694,0.96554,0.68421,0.685,0.62757,0.79147,3.11517,0.19567,0.4007,1.11468,0.000182473,0.000182473,0.000182473
279,959.669,0.63419,1.31671,0.13121,0.29512,0.82537,0.93566,0.89474,0.97133,0.78453,0.96677,0.68421,0.685,0.61554,0.8098,3.15153,0.19577,0.39511,1.13477,0.000182049,0.000182049,0.000182049
280,962.919,0.70592,1.67519,0.12046,0.31974,0.82171,0.93533,0.89474,0.96975,0.78038,0.96382,0.68421,0.685,0.57901,0.82222,3.14043,0.19276,0.3942,1.15953,0.000181624,0.000181624,0.000181624
281,966.178,0.8495,1.5792,0.13984,0.33734,0.79483,0.89968,0.94416,0.93389,0.76574,0.95093,0.68421,0.685,0.63533,0.79589,2.85008,0.18947,0.38873,1.13881,0.0001812,0.0001812,0.0001812
282,969.432,0.78918,1.48486,0.13849,0.33579,0.8055,0.89978,0.94519,0.93722,0.76764,0.9469,0.68421,0.685,0.62664,0.81642,2.85405,0.18841,0.39218,1.1391,0.000180776,0.000180776,0.000180776
283,972.848,0.69012,1.40634,0.12699,0.31005,0.7894,0.94992,0.99848,0.9925,0.77129,0.94479,0.68421,0.685,0.6251,0.82107,2.92015,0.18852,0.38533,1.12631,0.000180351,0.000180351,0.000180351
284,976.109,0.62858,1.49667,0.13532,0.29216,0.84884,0.94998,0.9997,0.9925,0.77254,0.94688,0.68421,0.685,0.63523,0.78267,2.95814,0.18899,0.37965,1.08725,0.000179927,0.000179927,0.000179927
285,979.364,0.86343,1.51522,0.14212,0.32454,0.78256,0.94984,0.99675,0.9925,0.79068,0.95706,0.68421,0.685,0.63462,0.75994,3.07491,0.19464,0.36814,1.04849,0.000179503,0.000179503,0.000179503
286,982.622,0.77111,1.51411,0.12825,0.32619,0.81153,0.99531,0.94737,0.9925,0.77859,0.95604,0.68421,0.685,0.63208,0.77398,3.12043,0.19779,0.36935,1.07265,0.000179079,0.000179079,0.000179079
287,985.876,0.68751,1.24007,0.1266,0.30459,0.83628,0.99433,0.94737,0.9925,0.78296,0.95671,0.68421,0.685,0.62338,0.78014,3.11257,0.19879,0.37795,1.08749,0.000178654,0.000178654,0.000178654
288,989.128,0.72505,1.4015,0.12749,0.30301,0.81395,0.94967,0.99342,0.9925,0.78756,0.95734,0.68421,0.685,0.63069,0.77185,3.13583,0.20174,0.3786,1.07675,0.00017823,0.00017823,0.00017823
289,992.41,0.70034,1.30103,0.11927,0.30876,0.81714,1,0.99634,0.995,0.78074,0.95279,0.68421,0.685,0.63069,0.75551,3.07221,0.20473,0.37965,1.0574,0.000177806,0.000177806,0.000177806
290,995.644,0.76686,1.61937,0.13209,0.32257,0.78979,1,0.99804,0.995,0.78525,0.95712,0.68421,0.685,0.63992,0.75817,3.01787,0.2021,0.36677,1.04943,0.000177381,0.000177381,0.000177381
291,998.902,0.77304,1.40496,0.13157,0.32289,0.77588,1,0.99923,0.995,0.78525,0.95805,0.68421,0.685,0.63208,0.75259,2.97765,0.19738,0.35987,1.03946,0.000176957,0.000176957,0.000176957
292,1002.17,0.61593,1.26247,0.14087,0.30164,0.83765,0.99914,1,0.995,0.78022,0.95847,0.68421,0.685,0.63208,0.7478,2.95022,0.19304,0.35966,1.03019,0.000176533,0.000176533,0.000176533
293,1005.62,0.68477,1.42877,0.13264,0.29843,0.80021,1,0.99927,0.995,0.78947,0.95718,0.68421,0.685,0.63393,0.76801,2.90903,0.18886,0.36266,1.04193,0.000176109,0.000176109,0.000176109
294,1008.54,0.6523,1.4419,0.13377,0.30186,0.81473,1,0.99844,0.995,0.79079,0.95678,0.68421,0.685,0.64378,0.77459,2.92784,0.18973,0.35854,1.02889,0.000175684,0.000175684,0.000175684
295,1011.93,0.65034,1.41328,0.12873,0.30016,0.83289,1,0.99831,0.995,0.7807,0.9927,0.73684,0.735,0.64691,0.77003,2.95432,0.19263,0.35748,1.01096,0.00017526,0.00017526,0.00017526
296,1015.32,0.59559,1.768,0.14693,0.29476,0.92929,1,0.99774,0.995,0.77416,0.99195,0.73684,0.735,0.64577,0.7726,2.96611,0.19486,0.35861,1.01355,0.000174836,0.000174836,0.000174836
297,1018.72,0.60048,1.37525,0.13122,0.27912,0.86692,0.99582,0.94737,0.9925,0.77351,0.96164,0.68421,0.685,0.63119,0.77883,3.00127,0.19711,0.37899,1.02525,0.000174411,0.000174411,0.000174411
298,1022.14,0.6768,1.31432,0.14434,0.30274,0.83628,0.99534,0.94737,0.9925,0.77945,0.96211,0.68421,0.685,0.64283,0.77444,3.04211,0.19894,0.39101,1.03,0.000173987,0.000173987,0.000173987
299,1025.59,0.71057,1.36329,0.14122,0.31077,0.82007,0.99517,0.94737,0.9925,0.78232,0.95948,0.68421,0.685,0.64375,0.76913,3.02935,0.19726,0.39229,1.02518,0.000173563,0.000173563,0.000173563
300,1028.99,0.69021,1.48469,0.12437,0.30302,0.81259,1,0.99485,0.995,0.79284,0.9592,0.68421,0.685,0.63647,0.7671,2.97107,0.1934,0.38058,1.01412,0.000173139,0.000173139,0.000173139
301,1032.39,0.59112,1.23964,0.12274,0.29291,0.83133,0.99684,1,0.995,0.79832,0.95588,0.68421,0.685,0.62088,0.76439,2.87586,0.18824,0.35968,0.98971,0.000172714,0.000172714,0.000172714
302,1035.78,0.62938,1.45752,0.13558,0.30772,0.87526,0.99745,1,0.995,0.78954,0.96026,0.68421,0.72184,0.6392,0.76505,2.79937,0.18565,0.35656,0.98442,0.00017229,0.00017229,0.00017229
303,1039.17,0.61316,1.34677,0.12867,0.29413,0.83256,0.9983,1,0.995,0.79467,0.96299,0.68421,0.685,0.63552,0.76412,2.80667,0.18429,0.35895,0.99014,0.000171866,0.000171866,0.000171866
304,1042.57,0.67511,1.38269,0.13111,0.2978,0.82342,0.99888,1,0.995,0.80553,0.96417,0.68421,0.685,0.62768,0.7508,2.86138,0.18266,0.36202,1.00228,0.000171441,0.000171441,0.000171441
305,1046.03,0.67251,1.37534,0.12833,0.30227,0.78878,0.99776,0.94737,0.9925,0.78429,0.96202,0.68421,0.685,0.60287,0.76685,2.96993,0.18168,0.37011,1.03301,0.000171017,0.000171017,0.000171017
306,1049.37,0.66603,1.30011,0.1232,0.29897,0.79278,0.99842,0.94737,0.9925,0.78374,0.96296,0.68421,0.685,0.6017,0.76246,2.93234,0.18185,0.36545,1.02428,0.000170593,0.000170593,0.000170593
307,1052.76,0.61205,1.41183,0.12594,0.28341,0.8617,1,0.99693,0.995,0.78307,0.96215,0.68421,0.685,0.6177,0.76527,2.888,0.18228,0.36185,1.03282,0.000170169,0.000170169,0.000170169
308,1056.18,0.68905,1.36969,0.13402,0.29798,0.77113,0.99606,1,0.995,0.79995,0.96291,0.68421,0.72184,0.63261,0.76354,2.76861,0.18131,0.35708,1.03356,0.000169744,0.000169744,0.000169744
309,1059.59,0.67343,1.33448,0.13137,0.29737,0.78668,0.98888,1,0.995,0.79085,0.96239,0.68421,0.72184,0.65476,0.76408,2.66378,0.18207,0.34891,1.04151,0.00016932,0.00016932,0.00016932
310,1062.98,0.71134,1.28653,0.12971,0.30603,0.77992,0.98968,1,0.995,0.78551,0.9634,0.68421,0.72389,0.65497,0.76457,2.68026,0.18051,0.34549,1.05179,0.000168896,0.000168896,0.000168896
311,1066.41,0.75405,1.34473,0.12223,0.30682,0.75163,0.9942,1,0.995,0.79057,0.96495,0.68421,0.685,0.63533,0.76051,2.7768,0.17979,0.3506,1.06635,0.000168471,0.000168471,0.000168471
312,1069.79,0.64225,1.42474,0.12858,0.28935,0.83928,1,0.98286,0.995,0.81481,0.96748,0.68421,0.685,0.64318,0.76506,2.84621,0.17952,0.35598,1.08179,0.000168047,0.000168047,0.000168047
313,1073.44,0.68781,1.47074,0.12989,0.30581,0.79304,0.94803,1,0.9925,0.81259,0.96884,0.68421,0.72618,0.64202,0.75924,2.81307,0.18129,0.36816,1.06576,0.000167623,0.000167623,0.000167623
314,1076.84,0.74041,1.47878,0.12812,0.31375,0.78228,0.94994,0.99872,0.9925,0.81214,0.96729,0.68421,0.72618,0.63259,0.7704,2.7527,0.17993,0.36945,1.08072,0.000167199,0.000167199,0.000167199
315,1080.21,0.59386,1.31522,0.12483,0.28676,0.814,0.94994,0.99873,0.9925,0.8205,0.96494,0.68421,0.72389,0.62182,0.7636,2.6841,0.1795,0.3638,1.08108,0.000166774,0.000166774,0.000166774
316,1083.53,0.64122,1.40912,0.13454,0.30005,0.78497,0.89996,0.94699,0.97376,0.81269,1,0.719,0.77667,0.62383,0.75751,2.59834,0.17812,0.36923,1.08879,0.00016635,0.00016635,0.00016635
317,1086.86,0.61276,1.2948,0.12672,0.29981,0.83122,0.89973,0.94466,0.96893,0.78887,0.96559,0.68421,0.72184,0.61352,0.76077,2.66664,0.17942,0.37742,1.07725,0.000165926,0.000165926,0.000165926
318,1090.2,0.57713,1.40245,0.12317,0.28041,0.83029,0.89941,0.94151,0.96776,0.78962,0.96468,0.68421,0.72184,0.61891,0.76264,2.77648,0.18007,0.36663,1.07616,0.000165501,0.000165501,0.000165501
319,1093.56,0.58557,1.38177,0.11796,0.27736,0.80037,0.89951,0.94737,0.96998,0.79926,0.96508,0.68421,0.685,0.63069,0.76441,2.86004,0.18003,0.35804,1.07889,0.000165077,0.000165077,0.000165077
320,1096.92,0.69753,1.39772,0.11375,0.30023,0.83286,0.89627,0.94737,0.97115,0.80881,0.96424,0.68421,0.685,0.60744,0.77581,2.90584,0.17888,0.35908,1.08531,0.000164653,0.000164653,0.000164653
321,1100.29,0.63934,1.31957,0.12987,0.29357,0.88042,0.89419,0.94737,0.97376,0.79534,0.96443,0.68421,0.685,0.62338,0.78136,2.82766,0.17523,0.36367,1.08044,0.000164229,0.000164229,0.000164229
322,1103.64,0.59489,1.26234,0.12032,0.29842,0.89093,0.89294,0.94737,0.97241,0.79896,0.965,0.68421,0.685,0.63346,0.75515,2.79504,0.17437,0.37096,1.0676,0.000163804,0.000163804,0.000163804
323,1106.96,0.78551,1.62603,0.13198,0.33055,0.76881,0.89244,0.94737,0.97376,0.80459,0.96644,0.68421,0.72389,0.63735,0.73212,2.78812,0.17307,0.37239,1.0546,0.00016338,0.00016338,0.00016338
324,1110.22,0.67774,1.29842,0.12631,0.29715,0.76715,0.94705,0.94167,0.97932,0.81208,0.96649,0.68421,0.685,0.62338,0.73775,2.83037,0.17153,0.37119,1.06546,0.000162956,0.000162956,0.000162956
325,1113.49,0.63195,1.31356,0.12214,0.29244,0.84349,0.94711,0.94279,0.97932,0.81145,0.96625,0.68421,0.685,0.63069,0.72798,2.95492,0.17147,0.37353,1.02294,0.000162531,0.000162531,0.000162531
326,1116.92,0.64981,1.31743,0.13511,0.29078,0.83482,0.94686,0.93826,0.97976,0.81082,0.9678,0.68421,0.685,0.62162,0.73294,2.98627,0.17213,0.38595,0.99719,0.000162107,0.000162107,0.000162107
327,1120.18,0.72879,1.24757,0.12357,0.30665,0.79901,0.94425,0.89168,0.97525,0.78816,0.96774,0.68421,0.685,0.61277,0.74876,3.00828,0.17007,0.40089,0.99876,0.000161683,0.000161683,0.000161683
328,1123.43,0.66458,1.29712,0.12339,0.29476,0.79337,0.94414,0.88986,0.97525,0.78948,0.96644,0.68421,0.685,0.62162,0.75301,3.00926,0.16794,0.41423,0.99858,0.000161259,0.000161259,0.000161259
329,1126.75,0.50248,1.21869,0.11987,0.2704,0.87419,0.99459,0.89474,0.98195,0.77944,0.96466,0.68421,0.685,0.63069,0.74198,2.90454,0.16469,0.42117,1.015,0.000160834,0.000160834,0.000160834
330,1130.14,0.63881,1.39858,0.12012,0.28425,0.83907,1,0.9428,0.9863,0.78927,0.96278,0.68421,0.685,0.63069,0.75112,2.8059,0.16475,0.42433,1.00401,0.00016041,0.00016041,0.00016041
331,1133.52,0.71411,1.26577,0.12726,0.29562,0.79791,1,0.94497,0.983,0.77308,0.96366,0.68421,0.685,0.63992,0.78875,2.73104,0.16673,0.42601,1.02985,0.000159986,0.000159986,0.000159986
332,1136.9,0.70213,1.28685,0.12304,0.3038,0.77279,0.99814,0.94737,0.98458,0.76786,0.96426,0.68421,0.72389,0.6477,0.80261,2.64342,0.16621,0.43268,1.05931,0.000159561,0.000159561,0.000159561
333,1140.26,0.6367,1.29087,0.12868,0.28485,0.80279,0.99824,0.94737,0.99024,0.78668,0.96591,0.68421,0.72389,0.64677,0.77118,2.60618,0.16747,0.40514,1.0523,0.000159137,0.000159137,0.000159137
334,1143.61,0.70412,1.29371,0.11465,0.2947,0.79209,0.99857,0.94737,0.99024,0.79035,0.96492,0.68421,0.72389,0.65336,0.76989,2.62179,0.16832,0.38902,1.05515,0.000158713,0.000158713,0.000158713
335,1146.99,0.73573,1.27954,0.12211,0.3048,0.82765,1,0.99282,0.995,0.79038,0.966,0.68421,0.72389,0.64259,0.77037,2.64426,0.16899,0.37,1.03011,0.000158289,0.000158289,0.000158289
336,1150.31,0.62436,1.18715,0.12057,0.29207,0.79603,1,0.99567,0.995,0.78096,0.96577,0.68421,0.72389,0.64136,0.77895,2.70206,0.17358,0.35517,1.02423,0.000157864,0.000157864,0.000157864
337,1153.55,0.54429,1.25889,0.11644,0.27548,0.82117,0.99169,1,0.995,0.76817,0.96078,0.68421,0.72389,0.6175,0.77583,2.7535,0.17653,0.35967,1.05115,0.00015744,0.00015744,0.00015744
338,1156.77,0.68062,1.3849,0.13006,0.30018,0.8002,0.99277,1,0.995,0.76821,0.96001,0.68421,0.72184,0.60395,0.76535,2.77426,0.17719,0.35339,1.06036,0.000157016,0.000157016,0.000157016
339,1160.12,0.66222,1.15795,0.12196,0.28004,0.78097,1,0.9984,0.995,0.77315,0.96069,0.68421,0.72184,0.61356,0.75345,2.78921,0.17839,0.35203,1.06344,0.000156591,0.000156591,0.000156591
340,1163.47,0.59449,1.2975,0.11991,0.27718,0.78585,1,0.99035,0.995,0.7796,0.96221,0.68421,0.72184,0.6253,0.74387,2.82923,0.18003,0.3531,1.06788,0.000156167,0.000156167,0.000156167
341,1166.83,0.56975,1.56974,0.11948,0.2794,0.80494,1,0.94656,0.9925,0.77169,0.9614,0.68421,0.72,0.6265,0.74701,2.87624,0.18044,0.3644,1.07936,0.000155743,0.000155743,0.000155743
342,1170.2,0.70868,1.34583,0.12434,0.29007,0.74265,1,0.94653,0.9925,0.77519,0.95939,0.68421,0.685,0.623,0.74991,2.83585,0.18066,0.36978,1.06698,0.000155319,0.000155319,0.000155319
343,1173.53,0.67715,1.44811,0.12161,0.28833,0.75762,1,0.9461,0.9925,0.77169,0.95918,0.68421,0.685,0.63069,0.77991,2.80004,0.18096,0.3873,1.07776,0.000154894,0.000154894,0.000154894
344,1176.87,0.66243,1.21628,0.11508,0.28057,0.78643,1,0.94597,0.9925,0.76531,0.96048,0.68421,0.685,0.62969,0.79448,2.80048,0.18075,0.38855,1.09047,0.00015447,0.00015447,0.00015447
345,1180.12,0.69414,1.20852,0.12107,0.29955,0.74138,1,0.94526,0.9925,0.76765,0.96133,0.68421,0.685,0.63277,0.76245,2.88514,0.18182,0.3716,1.07309,0.000154046,0.000154046,0.000154046
346,1183.38,0.64848,1.17181,0.11434,0.28543,0.79033,1,0.94435,0.9925,0.76765,0.95956,0.68421,0.685,0.64146,0.77192,2.94948,0.18249,0.37102,1.08959,0.000153621,0.000153621,0.000153621
347,1186.62,0.69632,1.14856,0.12323,0.28755,0.78534,1,0.94421,0.9925,0.77367,0.96112,0.68421,0.685,0.64146,0.76238,2.97937,0.18349,0.37229,1.07648,0.000153197,0.000153197,0.000153197
348,1190,0.53127,1.37826,0.12063,0.26569,0.81009,0.8989,0.93635,0.97519,0.7929,0.95988,0.68421,0.685,0.63908,0.78042,2.97625,0.18395,0.38389,1.06597,0.000152773,0.000152773,0.000152773
349,1193.25,0.70901,1.31116,0.12529,0.30441,0.77968,0.94408,0.89474,0.97519,0.77208,0.96398,0.68421,0.685,0.63977,0.81464,3.04126,0.18351,0.39762,1.07933,0.000152349,0.000152349,0.000152349
350,1196.49,0.59779,1.23805,0.11469,0.28235,0.79387,0.9436,0.89474,0.93389,0.76095,0.97038,0.68421,0.685,0.63977,0.79173,3.069,0.18467,0.39249,1.07836,0.000151924,0.000151924,0.000151924
351,1199.74,0.58742,1.25989,0.12462,0.26982,0.79745,0.94441,0.89474,0.93175,0.76587,0.972,0.68421,0.685,0.64164,0.77644,3.11304,0.1867,0.40116,1.06891,0.0001515,0.0001515,0.0001515
352,1202.99,0.59529,1.08199,0.11327,0.27528,0.79435,0.94439,0.89392,0.88889,0.73102,0.97171,0.68421,0.685,0.64164,0.78104,3.10153,0.18821,0.41862,1.06402,0.000151076,0.000151076,0.000151076
353,1206.26,0.66133,1.13166,0.13061,0.28914,0.74868,0.94431,0.89252,0.88889,0.73102,0.96607,0.68421,0.685,0.63977,0.78378,3.15676,0.18707,0.42621,1.07218,0.000150651,0.000150651,0.000150651
354,1209.5,0.71039,1.28658,0.13038,0.30324,0.75698,0.94431,0.89253,0.93175,0.77414,0.96554,0.68421,0.685,0.61266,0.77968,3.16319,0.1863,0.41864,1.07307,0.000150227,0.000150227,0.000150227
355,1212.77,0.66163,1.31284,0.1413,0.28586,0.7857,0.94434,0.89298,0.93389,0.76532,0.96594,0.68421,0.685,0.60791,0.7752,3.07899,0.18479,0.40505,1.0692,0.000149803,0.000149803,0.000149803
356,1216.07,0.60008,1.24498,0.1141,0.27184,0.79589,0.94436,0.89331,0.93389,0.76124,0.96701,0.68421,0.685,0.63069,0.78257,2.98945,0.18616,0.39915,1.0556,0.000149379,0.000149379,0.000149379
357,1219.35,0.80362,1.22586,0.11777,0.31538,0.78371,0.94338,0.89474,0.93111,0.78428,0.96595,0.68421,0.685,0.63069,0.77859,2.85654,0.18541,0.40812,1.0629,0.000148954,0.000148954,0.000148954
358,1222.66,0.74797,1.32477,0.128,0.30224,0.72602,0.94248,0.89474,0.92897,0.77697,0.96306,0.68421,0.685,0.63069,0.75805,2.88965,0.18477,0.39943,1.06611,0.00014853,0.00014853,0.00014853
359,1225.96,0.6793,1.44726,0.13509,0.28447,0.77305,0.94224,0.89474,0.92897,0.74444,0.96172,0.68421,0.685,0.63069,0.75763,2.93766,0.18409,0.40441,1.07483,0.000148106,0.000148106,0.000148106
360,1229.32,0.67727,1.45347,0.12359,0.29107,0.78814,0.9414,0.89474,0.92897,0.75352,0.9575,0.68421,0.685,0.63962,0.76257,2.90389,0.18337,0.40065,1.06862,0.000147681,0.000147681,0.000147681
361,1232.31,0.68322,1.26549,0.11596,0.28291,0.75955,0.94046,0.89474,0.88611,0.73481,0.95804,0.68421,0.685,0.63992,0.78335,2.87985,0.18583,0.41525,1.06023,0.000147257,0.000147257,0.000147257
362,1235.48,0.64361,1.06336,0.11753,0.2754,0.77584,0.94057,0.89474,0.93389,0.76129,0.95725,0.68421,0.685,0.63992,0.79375,2.8629,0.18771,0.40832,1.06385,0.000146833,0.000146833,0.000146833
363,1238.69,0.5822,1.36061,0.12692,0.26546,0.83161,0.94064,0.89474,0.93722,0.77451,0.95292,0.68421,0.685,0.62338,0.78342,2.84921,0.18809,0.39488,1.06116,0.000146409,0.000146409,0.000146409
364,1241.94,0.62825,1.28554,0.1196,0.27745,0.79399,0.9406,0.89474,0.93722,0.78322,0.95273,0.68421,0.685,0.62485,0.77993,2.88116,0.18843,0.39223,1.07078,0.000145984,0.000145984,0.000145984
365,1245.19,0.61368,1.20608,0.11035,0.26546,0.81356,0.9401,0.89474,0.89222,0.74973,0.95155,0.68421,0.685,0.63069,0.79895,2.97395,0.18796,0.40489,1.0841,0.00014556,0.00014556,0.00014556
366,1248.42,0.62032,1.38493,0.12698,0.27551,0.7875,0.99494,0.94737,0.9863,0.75914,0.94848,0.68421,0.685,0.63069,0.8253,2.96438,0.18782,0.41051,1.11461,0.000145136,0.000145136,0.000145136
367,1251.66,0.60525,1.27194,0.12897,0.28149,0.76086,0.99443,0.94737,0.98458,0.75424,0.94626,0.68421,0.685,0.63977,0.83034,2.92155,0.18516,0.40984,1.12734,0.000144711,0.000144711,0.000144711
368,1254.91,0.63037,1.22051,0.12013,0.27327,0.77824,0.99417,0.94737,0.945,0.75853,0.94098,0.68421,0.685,0.63977,0.82126,2.8782,0.18334,0.41747,1.1256,0.000144287,0.000144287,0.000144287
369,1258.17,0.61263,1.16341,0.12808,0.26892,0.81191,0.9954,0.94737,0.945,0.75853,0.91759,0.73684,0.73167,0.6491,0.79779,2.78234,0.18158,0.42541,1.10171,0.000143863,0.000143863,0.000143863
370,1261.4,0.70011,1.12476,0.10988,0.28233,0.78527,0.99564,0.94737,0.945,0.75028,0.91703,0.73684,0.73167,0.65097,0.81804,2.79475,0.17913,0.42047,1.10715,0.000143439,0.000143439,0.000143439
371,1264.66,0.82509,1.24605,0.11699,0.31402,0.70641,0.996,0.94737,0.9863,0.76652,0.94609,0.68421,0.73167,0.63674,0.84453,2.82543,0.17602,0.41304,1.11993,0.000143014,0.000143014,0.000143014
372,1267.93,0.63438,1.10566,0.11567,0.28837,0.78933,0.99679,0.94737,0.9863,0.75682,0.94014,0.68421,0.73167,0.63813,0.84599,2.88699,0.17469,0.41351,1.12341,0.00014259,0.00014259,0.00014259
373,1271.19,0.69771,1.51284,0.12676,0.30026,0.82501,0.99976,0.94737,0.9863,0.77542,0.95912,0.68421,0.685,0.65211,0.78781,2.9403,0.17111,0.39522,1.10845,0.000142166,0.000142166,0.000142166
374,1274.49,0.68487,1.11647,0.11358,0.28468,0.76901,0.94435,0.89325,0.9298,0.76851,0.96447,0.68421,0.685,0.65243,0.77316,2.94121,0.17141,0.3958,1.09381,0.000141741,0.000141741,0.000141741
375,1277.73,0.59045,1.37364,0.11428,0.26992,0.79149,0.94429,0.89228,0.93313,0.77422,0.96518,0.68421,0.685,0.65076,0.76211,2.91535,0.1724,0.39969,1.06016,0.000141317,0.000141317,0.000141317
376,1281.16,0.66493,1.21092,0.1119,0.27888,0.76517,0.94426,0.89175,0.93135,0.773,1,0.72113,0.735,0.65576,0.76764,2.88852,0.17026,0.4121,1.0414,0.000140893,0.000140893,0.000140893
377,1284.42,0.62471,1.25756,0.12117,0.27495,0.76299,0.93987,0.84211,0.88974,0.73782,1,0.72278,0.735,0.65777,0.79176,2.84103,0.16879,0.45925,1.03941,0.000140469,0.000140469,0.000140469
378,1287.72,0.63222,1.4128,0.12975,0.28128,0.77573,0.93972,0.84211,0.8875,0.73812,1,0.72276,0.735,0.66692,0.81624,2.8332,0.16774,0.5036,1.05959,0.000140044,0.000140044,0.000140044
379,1290.98,0.594,1.25709,0.12599,0.27487,0.79711,0.93624,0.84211,0.88397,0.73169,1,0.72221,0.735,0.66192,0.84129,2.83235,0.16476,0.52842,1.08772,0.00013962,0.00013962,0.00013962
380,1294.25,0.68391,1.19374,0.11585,0.29174,0.72059,0.93569,0.84211,0.88397,0.74269,0.9617,0.68421,0.685,0.64865,0.8147,2.85286,0.16432,0.5095,1.07026,0.000139196,0.000139196,0.000139196
381,1297.52,0.5696,1.42992,0.10492,0.26899,0.81643,0.99287,0.89474,0.98548,0.77562,0.95235,0.68421,0.685,0.64388,0.79252,2.83625,0.16456,0.47071,1.07724,0.000138771,0.000138771,0.000138771
382,1300.78,0.81919,1.16818,0.11051,0.30914,0.71801,0.99274,0.89474,0.98548,0.77283,0.94442,0.68421,0.685,0.60734,0.79485,2.83384,0.16496,0.45459,1.07675,0.000138347,0.000138347,0.000138347
383,1304.06,0.53592,1.14758,0.11292,0.25674,0.78065,0.99175,0.89474,0.94,0.74419,0.94568,0.68421,0.685,0.607,0.80125,2.815,0.16578,0.45665,1.07476,0.000137923,0.000137923,0.000137923
384,1307.35,0.61035,1.2365,0.11849,0.27267,0.73551,0.99131,0.89474,0.94,0.73619,0.95002,0.68421,0.685,0.607,0.83924,2.82435,0.16736,0.46782,1.10628,0.000137499,0.000137499,0.000137499
385,1310.6,0.73156,1.17287,0.11395,0.29267,0.73772,0.94695,0.93987,0.94237,0.74092,0.94198,0.68421,0.685,0.64131,0.84576,2.76104,0.1645,0.48675,1.12739,0.000137074,0.000137074,0.000137074
386,1313.86,0.6186,1.21213,0.11717,0.28011,0.76632,0.99154,0.89474,0.94,0.739,0.93411,0.68421,0.685,0.64169,0.80804,2.72355,0.16519,0.46618,1.10433,0.00013665,0.00013665,0.00013665
387,1317.13,0.61555,1.21695,0.12057,0.27751,0.77273,0.99102,0.89474,0.94,0.744,0.93078,0.68421,0.685,0.64954,0.7842,2.6704,0.16459,0.43191,1.09615,0.000136226,0.000136226,0.000136226
388,1320.41,0.70475,1.12553,0.10702,0.28174,0.73642,0.94699,0.94062,0.98367,0.77389,0.93654,0.68421,0.685,0.64954,0.77905,2.63771,0.16552,0.41462,1.1038,0.000135801,0.000135801,0.000135801
389,1323.71,0.59839,1.47875,0.12236,0.26876,0.79072,0.9471,0.94249,0.98761,0.77476,0.95512,0.68421,0.685,0.64954,0.77459,2.67414,0.16904,0.40643,1.08132,0.000135377,0.000135377,0.000135377
390,1326.98,0.64017,1.41675,0.12137,0.28959,0.74315,0.94714,0.9432,0.98761,0.7808,0.96173,0.68421,0.685,0.66031,0.7759,2.70006,0.17054,0.40912,1.077,0.000134953,0.000134953,0.000134953
391,1330.28,0.71585,1.18598,0.10602,0.2912,0.75427,0.94716,0.94358,0.98367,0.77721,0.9646,0.68421,0.685,0.65731,0.77356,2.76372,0.17108,0.41534,1.06011,0.000134529,0.000134529,0.000134529
392,1333.57,0.62966,1.13504,0.11541,0.2787,0.73598,0.94711,0.9427,0.94237,0.73681,0.96824,0.68421,0.685,0.65731,0.79209,2.80434,0.17306,0.42445,1.05544,0.000134104,0.000134104,0.000134104
393,1336.85,0.52998,1.4237,0.1135,0.26229,0.80973,0.94854,0.97081,0.99,0.7371,0.97143,0.68421,0.685,0.65731,0.81162,2.87384,0.1729,0.36934,1.06531,0.00013368,0.00013368,0.00013368
394,1340.13,0.58372,1.28595,0.11265,0.26838,0.76557,0.94715,0.94341,0.94237,0.73681,0.9721,0.68421,0.685,0.65731,0.79674,2.85574,0.17043,0.34988,1.05961,0.000133256,0.000133256,0.000133256
395,1343.41,0.6446,1.19718,0.10701,0.27393,0.76728,0.94715,0.94351,0.94237,0.74734,0.971,0.68421,0.685,0.65902,0.78868,2.85749,0.16873,0.34499,1.06278,0.000132831,0.000132831,0.000132831
396,1346.88,0.57158,1.14188,0.1193,0.27422,0.78753,0.94717,0.94371,0.94237,0.74809,0.96769,0.68421,0.685,0.66031,0.79657,2.88092,0.16893,0.34401,1.07117,0.000132407,0.000132407,0.000132407
397,1350.15,0.61535,1.27182,0.11354,0.27546,0.73565,0.9472,0.94427,0.94237,0.74218,0.95485,0.68421,0.685,0.63069,0.83319,2.90944,0.17045,0.34577,1.12785,0.000131983,0.000131983,0.000131983
398,1353.43,0.51862,1.23469,0.10876,0.25444,0.78519,0.94722,0.94467,0.94237,0.7485,0.94475,0.68421,0.685,0.63962,0.8392,2.90104,0.17285,0.35276,1.14023,0.000131559,0.000131559,0.000131559
399,1356.74,0.61612,1.06647,0.11914,0.28082,0.78136,0.9472,0.94441,0.94237,0.7485,0.94421,0.68421,0.685,0.65023,0.82982,2.88861,0.17281,0.35494,1.13744,0.000131134,0.000131134,0.000131134
400,1360.02,0.48826,1.16615,0.1101,0.25182,0.7952,0.94718,0.94401,0.94237,0.7485,0.9494,0.68421,0.685,0.65023,0.82845,2.8881,0.17311,0.3598,1.13119,0.00013071,0.00013071,0.00013071
401,1363.33,0.57564,1.15852,0.12624,0.26393,0.73972,0.94714,0.94317,0.98761,0.76327,0.96177,0.68421,0.685,0.64174,0.81169,2.86804,0.1707,0.37172,1.12251,0.000130286,0.000130286,0.000130286
402,1366.62,0.54518,1.13382,0.11206,0.26857,0.763,0.94713,0.943,0.98761,0.75848,0.95679,0.68421,0.685,0.64174,0.79328,2.83639,0.16716,0.36316,1.10217,0.000129861,0.000129861,0.000129861
403,1369.9,0.69706,1.33027,0.1172,0.28589,0.72775,0.9471,0.94253,0.98555,0.76656,0.9497,0.68421,0.685,0.65892,0.77724,2.83375,0.16365,0.36589,1.07294,0.000129437,0.000129437,0.000129437
404,1373.23,0.48975,1.29431,0.12689,0.25527,0.83556,0.94708,0.94224,0.98555,0.76595,0.94508,0.68421,0.685,0.65892,0.77016,2.83804,0.16211,0.3633,1.05853,0.000129013,0.000129013,0.000129013
405,1376.55,0.68862,1.11902,0.12103,0.28276,0.76916,0.94692,0.93926,0.98367,0.76405,0.94127,0.68421,0.685,0.65131,0.77244,2.84524,0.16086,0.36907,1.04699,0.000128589,0.000128589,0.000128589
406,1379.85,0.64858,1.04333,0.10756,0.27639,0.71368,0.94695,0.93983,0.98555,0.76424,0.93947,0.68421,0.685,0.65131,0.78087,2.85522,0.16258,0.38433,1.05499,0.000128164,0.000128164,0.000128164
407,1383.21,0.48568,1.23578,0.10619,0.25207,0.77329,0.94702,0.94102,0.98555,0.7557,0.94123,0.68421,0.685,0.65023,0.79756,2.83386,0.16421,0.39581,1.06861,0.00012774,0.00012774,0.00012774
408,1386.57,0.59855,1.00013,0.1136,0.25779,0.78018,0.94704,0.9415,0.98555,0.7557,0.94001,0.68421,0.71682,0.65341,0.79101,2.86931,0.16547,0.40499,1.06002,0.000127316,0.000127316,0.000127316
409,1389.95,0.66428,1.15261,0.11283,0.28151,0.70751,0.98824,0.89474,0.98318,0.7927,0.93291,0.68421,0.685,0.65023,0.76351,2.84357,0.1667,0.40816,1.04482,0.000126891,0.000126891,0.000126891
410,1393.33,0.63007,1.21314,0.1088,0.2662,0.72755,0.94691,0.93908,0.98761,0.79519,0.93021,0.68421,0.685,0.65023,0.75077,2.82439,0.1673,0.39007,1.03715,0.000126467,0.000126467,0.000126467
411,1396.72,0.61823,1.09581,0.11765,0.26944,0.74686,0.90393,0.99084,0.98761,0.80231,0.9328,0.68421,0.685,0.65892,0.73214,2.78415,0.16834,0.37489,1.00909,0.000126043,0.000126043,0.000126043
412,1400.35,0.6603,1.32351,0.11524,0.28327,0.76719,1,0.94303,0.99024,0.79378,0.93934,0.68421,0.685,0.65692,0.7443,2.74426,0.16994,0.35943,1.00964,0.000125619,0.000125619,0.000125619
413,1403.76,0.71185,1.32885,0.10816,0.29041,0.73145,0.94962,0.99236,0.99,0.79272,0.93725,0.68421,0.72,0.653,0.75619,2.73468,0.17449,0.35535,1.0096,0.000125194,0.000125194,0.000125194
414,1407.16,0.62258,1.07719,0.11338,0.2776,0.77355,0.94982,0.99633,0.99,0.78797,0.93154,0.68421,0.72,0.65402,0.73384,2.74684,0.17474,0.352,0.99241,0.00012477,0.00012477,0.00012477
415,1410.56,0.60431,1.26122,0.11123,0.26686,0.78839,0.94982,0.99641,0.99,0.79272,0.9294,0.68421,0.72,0.638,0.73698,2.7698,0.17464,0.35048,1.00339,0.000124346,0.000124346,0.000124346
416,1413.95,0.6945,1.21402,0.10621,0.27671,0.78128,0.94985,0.99705,0.99,0.79243,0.92948,0.68421,0.72,0.638,0.74188,2.77708,0.17457,0.34411,1.01237,0.000123921,0.000123921,0.000123921
417,1417.36,0.63378,1.11151,0.10291,0.27102,0.75711,0.94969,0.99375,0.99,0.7878,0.931,0.68421,0.685,0.64819,0.74363,2.78024,0.17272,0.34483,1.00703,0.000123497,0.000123497,0.000123497
418,1420.75,0.59961,1.19776,0.103,0.25709,0.73745,0.94195,0.94737,0.98761,0.7698,0.92961,0.68421,0.685,0.64819,0.77046,2.82343,0.17361,0.3544,1.02975,0.000123073,0.000123073,0.000123073
419,1424.15,0.68529,1.0826,0.11122,0.28309,0.69396,0.94238,0.94737,0.98761,0.7758,0.92628,0.68421,0.685,0.6485,0.76767,2.83371,0.17305,0.35227,1.02216,0.000122649,0.000122649,0.000122649
420,1427.71,0.65756,1.04951,0.11715,0.27204,0.76059,0.94353,0.94737,0.98555,0.77145,0.92536,0.68421,0.685,0.65646,0.75862,2.84691,0.17259,0.35793,1.01465,0.000122224,0.000122224,0.000122224
421,1431.13,0.53917,1.08807,0.12184,0.25814,0.75281,0.99387,0.89474,0.98555,0.76504,0.93096,0.68421,0.685,0.61749,0.76345,2.85257,0.16893,0.3828,1.00583,0.0001218,0.0001218,0.0001218
422,1434.54,0.57296,1.20089,0.12348,0.25708,0.74896,0.99505,0.89474,0.93591,0.76308,0.9358,0.68421,0.685,0.63873,0.76561,2.86101,0.16931,0.39431,1.00661,0.000121376,0.000121376,0.000121376
423,1437.92,0.6856,1.17209,0.10148,0.27664,0.72108,0.9958,0.89474,0.93591,0.75805,0.94011,0.68421,0.685,0.62965,0.76679,2.88995,0.16928,0.40631,1.0073,0.000120951,0.000120951,0.000120951
424,1441.32,0.60891,1.0996,0.1059,0.26433,0.75134,0.99613,0.89474,0.93591,0.76817,0.93833,0.68421,0.685,0.63977,0.76173,2.9043,0.16889,0.41474,1.00675,0.000120527,0.000120527,0.000120527
425,1444.72,0.56687,1.11554,0.11589,0.2615,0.76059,0.99606,0.89474,0.97761,0.78034,0.93992,0.68421,0.685,0.61839,0.7586,2.8901,0.16911,0.43881,1.01157,0.000120103,0.000120103,0.000120103
426,1448.15,0.67724,1.20059,0.11993,0.27927,0.72232,0.99607,0.89474,0.97916,0.78465,0.94341,0.68421,0.685,0.635,0.73462,2.8825,0.16994,0.42716,0.97005,0.000119679,0.000119679,0.000119679
427,1451.56,0.60228,1.30391,0.12336,0.26039,0.74481,0.99577,0.89474,0.98555,0.78287,0.94663,0.68421,0.685,0.6322,0.72159,2.8471,0.16973,0.41127,0.94905,0.000119254,0.000119254,0.000119254
428,1454.97,0.68886,1.09029,0.11183,0.27419,0.713,1,0.94645,0.99024,0.77997,0.94851,0.68421,0.71833,0.65195,0.71422,2.80645,0.17019,0.39392,0.95302,0.00011883,0.00011883,0.00011883
429,1458.18,0.71893,1.16552,0.10859,0.2871,0.7082,1,0.99199,0.995,0.78898,0.94533,0.68421,0.72184,0.66629,0.72564,2.77544,0.16814,0.36814,0.9433,0.000118406,0.000118406,0.000118406
430,1461.46,0.61007,1.06779,0.1144,0.2662,0.772,1,0.94714,0.9925,0.7827,0.94374,0.68421,0.72184,0.63557,0.73867,2.81852,0.16651,0.37225,0.94371,0.000117981,0.000117981,0.000117981
431,1464.7,0.54688,1.11084,0.10429,0.25524,0.76923,1,0.98902,0.995,0.77568,0.94551,0.68421,0.685,0.63188,0.74941,2.80587,0.16436,0.3783,0.95991,0.000117557,0.000117557,0.000117557
432,1467.97,0.58725,1.33622,0.10814,0.2664,0.78983,1,0.98979,0.995,0.77854,0.94792,0.68421,0.685,0.62552,0.75396,2.79866,0.16373,0.37918,0.97175,0.000117133,0.000117133,0.000117133
433,1471.24,0.52343,0.96137,0.12381,0.24885,0.78339,0.99995,0.94737,0.9925,0.79409,0.94965,0.68421,0.685,0.625,0.74194,2.76589,0.16348,0.3608,0.98917,0.000116709,0.000116709,0.000116709
434,1474.5,0.59854,1.2488,0.11686,0.26046,0.79439,0.9985,0.94737,0.9925,0.78934,0.94902,0.68421,0.685,0.625,0.74133,2.74034,0.1638,0.35536,0.99304,0.000116284,0.000116284,0.000116284
435,1477.76,0.56028,1.04076,0.10591,0.26219,0.75302,0.99833,0.94737,0.9925,0.78934,0.94883,0.68421,0.685,0.625,0.74169,2.74058,0.16354,0.35917,0.98206,0.00011586,0.00011586,0.00011586
436,1481.05,0.61079,1.03004,0.10221,0.26481,0.75452,0.9985,0.94737,0.9925,0.78938,0.9499,0.68421,0.72,0.64379,0.75116,2.73824,0.16408,0.36799,0.98325,0.000115436,0.000115436,0.000115436
437,1484.34,0.58205,1.25051,0.11768,0.25722,0.7604,1,0.99366,0.995,0.78502,0.94697,0.68421,0.72184,0.64747,0.75651,2.75002,0.16297,0.36656,0.99479,0.000115011,0.000115011,0.000115011
438,1487.6,0.56987,0.97489,0.10459,0.25408,0.76407,1,0.99412,0.995,0.78935,0.94371,0.68421,0.72184,0.64747,0.74388,2.74912,0.16418,0.35734,1.00153,0.000114587,0.000114587,0.000114587
439,1490.9,0.51479,1.10584,0.1087,0.2548,0.73641,1,0.99437,0.995,0.78534,0.94158,0.68421,0.72184,0.63818,0.75361,2.73806,0.16548,0.35633,1.02805,0.000114163,0.000114163,0.000114163
440,1494.37,0.54134,1.09687,0.103,0.25822,0.75387,1,0.99455,0.995,0.78534,0.94027,0.68421,0.72184,0.64645,0.75312,2.68676,0.16597,0.3515,1.03531,0.000113739,0.000113739,0.000113739
441,1497.65,0.66963,1.01923,0.10155,0.27809,0.73026,0.9978,0.94737,0.9925,0.78829,0.94315,0.68421,0.72,0.64576,0.76209,2.65435,0.16627,0.35941,1.02309,0.000113314,0.000113314,0.000113314
442,1500.93,0.68407,1.01243,0.11559,0.28053,0.74975,0.94211,0.89474,0.93722,0.77252,0.94508,0.68421,0.72,0.64396,0.76314,2.64836,0.16612,0.36759,1.02367,0.00011289,0.00011289,0.00011289
443,1504.22,0.75455,1.12511,0.11249,0.28714,0.72171,0.94251,0.89474,0.93722,0.79022,0.94513,0.68421,0.685,0.63401,0.76099,2.67733,0.16585,0.37229,1.02796,0.000112466,0.000112466,0.000112466
444,1507.5,0.57563,1.15765,0.10485,0.26406,0.74313,0.94263,0.89474,0.93722,0.79022,0.9445,0.68421,0.685,0.63401,0.76173,2.69304,0.16538,0.37016,1.03156,0.000112041,0.000112041,0.000112041
445,1510.78,0.62541,1.24681,0.10448,0.26859,0.75621,0.94228,0.89474,0.93722,0.78622,0.94589,0.68421,0.685,0.6362,0.76841,2.69798,0.16553,0.35823,1.03777,0.000111617,0.000111617,0.000111617
446,1514.07,0.66699,1.18737,0.11564,0.28548,0.72995,0.94192,0.89474,0.93722,0.78497,0.94673,0.68421,0.685,0.64869,0.76714,2.67291,0.1659,0.35132,1.0367,0.000111193,0.000111193,0.000111193
447,1517.37,0.61356,1.17667,0.11535,0.26612,0.74674,0.94709,0.94236,0.93974,0.78661,1,0.72786,0.735,0.65369,0.76345,2.63507,0.16596,0.35492,1.03279,0.000110769,0.000110769,0.000110769
448,1520.67,0.57085,1.0232,0.10983,0.25665,0.69557,0.94711,0.94265,0.93974,0.78523,1,0.73083,0.735,0.66277,0.76728,2.59102,0.16554,0.35472,1.03797,0.000110344,0.000110344,0.000110344
449,1523.96,0.58891,1.16629,0.11057,0.2579,0.76345,0.94711,0.94268,0.93974,0.76956,1,0.73529,0.77447,0.67155,0.78501,2.5602,0.16638,0.38493,1.05351,0.00010992,0.00010992,0.00010992
450,1527.28,0.5941,1.16874,0.10788,0.26229,0.73122,0.94137,0.89474,0.93722,0.76789,0.99421,0.73684,0.7725,0.66301,0.79303,2.59646,0.1672,0.39339,1.06208,0.000109496,0.000109496,0.000109496
451,1530.6,0.59335,1.26663,0.1116,0.26,0.73035,0.94129,0.89474,0.93722,0.76789,0.98939,0.73684,0.7725,0.66651,0.79148,2.60551,0.16878,0.40407,1.06193,0.000109071,0.000109071,0.000109071
452,1533.81,0.55844,1.11338,0.10692,0.25236,0.7678,0.94139,0.89474,0.93722,0.76789,0.98718,0.73684,0.7725,0.6717,0.78085,2.61853,0.16995,0.39687,1.0572,0.000108647,0.000108647,0.000108647
453,1537.04,0.57647,0.97429,0.09985,0.25333,0.73131,0.94179,0.89474,0.93722,0.77814,0.92743,0.68421,0.72,0.67112,0.77302,2.67826,0.16981,0.37856,1.06466,0.000108223,0.000108223,0.000108223
454,1540.25,0.75801,1.04196,0.11042,0.29043,0.71496,0.94707,0.94198,0.93974,0.77981,0.93222,0.68421,0.685,0.66762,0.76721,2.7139,0.17,0.37519,1.06555,0.000107799,0.000107799,0.000107799
455,1543.49,0.55204,1.01855,0.10377,0.25032,0.74723,0.9428,0.89474,0.93722,0.76927,0.93801,0.68421,0.685,0.65892,0.75615,2.75461,0.16682,0.37776,1.04064,0.000107374,0.000107374,0.000107374
456,1546.78,0.70716,0.98676,0.11399,0.28768,0.73197,0.94343,0.89474,0.93722,0.76927,0.94487,0.68421,0.685,0.64077,0.76223,2.7984,0.16626,0.39043,1.02704,0.00010695,0.00010695,0.00010695
457,1550.17,0.71224,1.15545,0.11721,0.28517,0.71486,0.94442,0.89438,0.89222,0.73842,0.94722,0.68421,0.685,0.64077,0.77617,2.87303,0.16519,0.42497,1.02853,0.000106526,0.000106526,0.000106526
458,1553.52,0.70428,1.21753,0.10953,0.28228,0.70378,0.94439,0.89383,0.89222,0.74804,0.94573,0.68421,0.685,0.63349,0.76542,2.85609,0.16347,0.43228,1.03171,0.000106101,0.000106101,0.000106101
459,1556.91,0.73584,1.1792,0.10129,0.28143,0.72288,0.9444,0.89409,0.88889,0.74792,0.94297,0.68421,0.685,0.62724,0.75811,2.85042,0.1637,0.44247,1.04793,0.000105677,0.000105677,0.000105677
460,1560.29,0.5744,1.2581,0.11562,0.26243,0.76556,0.94443,0.89474,0.88889,0.74792,0.98912,0.73684,0.7725,0.64299,0.75684,2.81947,0.16596,0.44136,1.06197,0.000105253,0.000105253,0.000105253
461,1563.64,0.56117,1.13299,0.10596,0.25249,0.74299,0.9435,0.89474,0.88889,0.74135,0.99005,0.73684,0.7725,0.64893,0.75543,2.73944,0.1675,0.44951,1.04593,0.000104829,0.000104829,0.000104829
462,1566.94,0.65505,1.26054,0.11522,0.27138,0.73029,0.94343,0.89474,0.88889,0.74135,0.99022,0.73684,0.7725,0.64418,0.75872,2.74627,0.16612,0.44669,1.04201,0.000104404,0.000104404,0.000104404
463,1570.46,0.58104,1.1593,0.10891,0.25261,0.77191,0.94385,0.89474,0.89222,0.74804,0.98902,0.73684,0.735,0.64669,0.76227,2.76864,0.16599,0.4383,1.03443,0.00010398,0.00010398,0.00010398
464,1573.78,0.54694,1.02154,0.10559,0.25377,0.7245,0.94433,0.89474,0.89222,0.75271,0.98863,0.73684,0.735,0.64669,0.76083,2.7817,0.16573,0.43006,1.03112,0.000103556,0.000103556,0.000103556
465,1577.17,0.63627,1.24508,0.12606,0.26736,0.77039,0.94293,0.89474,0.89222,0.75242,0.98881,0.73684,0.735,0.64542,0.7576,2.77199,0.16917,0.40123,1.03207,0.000103131,0.000103131,0.000103131
466,1580.54,0.55417,1.07759,0.10751,0.25892,0.72172,0.94221,0.89474,0.93313,0.78161,0.94892,0.68421,0.685,0.64295,0.75326,2.77268,0.17047,0.38999,1.02546,0.000102707,0.000102707,0.000102707
467,1583.93,0.79531,1.28217,0.11046,0.30265,0.6906,0.94161,0.89474,0.93722,0.78381,0.95233,0.68421,0.685,0.64992,0.75508,2.73581,0.17209,0.3797,1.02901,0.000102283,0.000102283,0.000102283
468,1587.31,0.59359,1.05287,0.11121,0.2566,0.71458,0.99683,0.94737,0.9925,0.78996,0.95391,0.68421,0.685,0.64295,0.75215,2.67774,0.17367,0.37208,1.03304,0.000101859,0.000101859,0.000101859
469,1590.71,0.54583,1.18091,0.10786,0.25335,0.75277,1,0.99543,0.995,0.79102,0.94749,0.68421,0.685,0.63406,0.74908,2.65961,0.17164,0.36493,1.04208,0.000101434,0.000101434,0.000101434
470,1594.1,0.57217,1.08046,0.10533,0.24724,0.77787,1,0.99508,0.995,0.78602,0.9943,0.73684,0.735,0.63437,0.7545,2.67478,0.16818,0.36754,1.03909,0.00010101,0.00010101,0.00010101
471,1597.52,0.53517,0.98749,0.11135,0.2524,0.80099,1,0.99436,0.995,0.78365,0.99389,0.73684,0.735,0.63915,0.75951,2.67744,0.16487,0.36648,1.03087,0.000100586,0.000100586,0.000100586
472,1600.96,0.72037,1.13449,0.10935,0.27482,0.7374,0.94698,0.94035,0.93658,0.77506,0.9945,0.73684,0.735,0.63915,0.76661,2.67551,0.16316,0.37609,1.02054,0.000100161,0.000100161,0.000100161
473,1604.35,0.76006,1.05323,0.1037,0.29169,0.7069,0.94676,0.93645,0.93658,0.77827,0.99243,0.73684,0.7725,0.6489,0.74841,2.63875,0.16065,0.37797,0.99431,9.97371e-05,9.97371e-05,9.97371e-05
474,1607.74,0.51363,1.16266,0.11167,0.24334,0.75904,0.94431,0.89257,0.93389,0.77674,0.99296,0.73684,0.77071,0.65373,0.73929,2.62842,0.16074,0.37988,0.9825,9.93129e-05,9.93129e-05,9.93129e-05
475,1611.12,0.58156,1.11545,0.11729,0.25086,0.73567,0.9443,0.89236,0.93389,0.77674,0.99318,0.73684,0.77071,0.65373,0.73677,2.62659,0.15888,0.38476,0.98253,9.88886e-05,9.88886e-05,9.88886e-05
476,1614.48,0.58406,1.18356,0.11372,0.25655,0.73923,0.94427,0.89185,0.93389,0.77565,0.99099,0.73684,0.735,0.65908,0.73384,2.63677,0.15907,0.38564,0.97688,9.84643e-05,9.84643e-05,9.84643e-05
477,1617.91,0.66979,0.94692,0.11178,0.26497,0.70591,0.9442,0.89081,0.93389,0.77844,0.98633,0.73684,0.735,0.63723,0.75125,2.70588,0.15727,0.38825,0.98994,9.804e-05,9.804e-05,9.804e-05
478,1621.3,0.59789,1.11459,0.102,0.25903,0.72227,0.94421,0.89095,0.93389,0.77957,0.94479,0.68421,0.685,0.63223,0.75399,2.72988,0.15718,0.38603,0.99941,9.76157e-05,9.76157e-05,9.76157e-05
479,1624.71,0.53089,0.99544,0.10383,0.24351,0.76508,0.94484,0.90187,0.93974,0.78633,0.9837,0.73684,0.735,0.63723,0.74815,2.74831,0.15801,0.36862,1.00188,9.71914e-05,9.71914e-05,9.71914e-05
480,1628.09,0.57633,1.08722,0.11406,0.25743,0.75623,0.94719,0.94411,0.93974,0.78177,0.93959,0.68421,0.685,0.63223,0.74446,2.75325,0.16071,0.34747,1.00345,9.67671e-05,9.67671e-05,9.67671e-05
481,1631.51,0.56645,1.03071,0.11293,0.25169,0.72249,0.94037,0.94737,0.93974,0.77702,0.94488,0.68421,0.685,0.64046,0.7318,2.69622,0.16459,0.32398,1.00047,9.63429e-05,9.63429e-05,9.63429e-05
482,1634.91,0.66093,0.87268,0.10878,0.26849,0.71997,0.94272,0.94737,0.93974,0.78205,0.98701,0.73684,0.735,0.64546,0.73373,2.69294,0.16561,0.32366,1.00725,9.59186e-05,9.59186e-05,9.59186e-05
483,1638.3,0.49279,1.01627,0.1066,0.23757,0.7592,0.99571,1,0.995,0.78963,0.98777,0.73684,0.735,0.64546,0.73364,2.69703,0.1661,0.32547,1.00628,9.54943e-05,9.54943e-05,9.54943e-05
484,1641.69,0.60605,1.03784,0.10141,0.26038,0.70653,0.9956,1,0.995,0.78963,0.98713,0.73684,0.735,0.64891,0.7301,2.70735,0.16585,0.31959,0.99557,9.507e-05,9.507e-05,9.507e-05
485,1645.29,0.63301,1.07312,0.09709,0.27737,0.71074,0.99473,1,0.995,0.79198,0.98541,0.73684,0.735,0.65073,0.74688,2.7408,0.1637,0.32875,0.99661,9.46457e-05,9.46457e-05,9.46457e-05
486,1648.73,0.57986,1.01617,0.10774,0.25377,0.76105,0.99366,1,0.995,0.79126,0.98693,0.73684,0.735,0.63723,0.74655,2.72338,0.16371,0.32737,1.00058,9.42214e-05,9.42214e-05,9.42214e-05
487,1652.12,0.5861,1.20392,0.10939,0.25744,0.72118,0.99359,1,0.995,0.79041,0.99035,0.73684,0.735,0.63591,0.74704,2.71324,0.16454,0.32328,1.02221,9.37971e-05,9.37971e-05,9.37971e-05
488,1655.54,0.6691,1.04164,0.10823,0.26452,0.7132,0.99275,1,0.995,0.79245,0.99201,0.73684,0.735,0.63723,0.7573,2.69453,0.16542,0.32965,1.04504,9.33729e-05,9.33729e-05,9.33729e-05
489,1658.95,0.58907,0.94784,0.10497,0.26046,0.73054,0.99325,1,0.995,0.78364,0.98622,0.73684,0.735,0.63481,0.75904,2.71707,0.16664,0.32736,1.02316,9.29486e-05,9.29486e-05,9.29486e-05
490,1662.35,0.62056,1.06914,0.11646,0.25892,0.69466,1,0.99154,0.995,0.7725,0.98548,0.73684,0.735,0.63591,0.76745,2.73294,0.16604,0.33666,1.01325,9.25243e-05,9.25243e-05,9.25243e-05
491,1665.74,0.67377,1.21432,0.10917,0.27404,0.73033,1,0.94571,0.9925,0.76397,0.986,0.73684,0.735,0.63723,0.76798,2.7324,0.16685,0.34377,1.01251,9.21e-05,9.21e-05,9.21e-05
492,1669.12,0.59824,1.08132,0.11775,0.25704,0.72957,1,0.9461,0.9925,0.76766,0.98588,0.73684,0.735,0.63723,0.75105,2.72431,0.1669,0.34792,0.99568,9.16757e-05,9.16757e-05,9.16757e-05
493,1672.51,0.57839,1.11388,0.10592,0.2552,0.72503,1,0.99494,0.995,0.78403,0.98673,0.73684,0.735,0.63591,0.71478,2.66311,0.17033,0.34038,0.96462,9.12514e-05,9.12514e-05,9.12514e-05
494,1675.84,0.6208,1.12988,0.11471,0.26431,0.71895,1,0.99519,0.995,0.79468,0.93759,0.68421,0.71543,0.64254,0.7139,2.63804,0.17075,0.34102,0.97052,9.08271e-05,9.08271e-05,9.08271e-05
495,1679.24,0.60684,1.07475,0.1059,0.2567,0.70925,1,0.99536,0.995,0.78869,0.9342,0.68421,0.72184,0.65188,0.71766,2.60726,0.1711,0.34277,0.97377,9.04029e-05,9.04029e-05,9.04029e-05
496,1682.56,0.63375,1.11494,0.11004,0.26265,0.7124,1,0.99518,0.995,0.78395,0.93114,0.68421,0.72184,0.65188,0.72498,2.58175,0.17174,0.35033,0.97994,8.99786e-05,8.99786e-05,8.99786e-05
497,1685.96,0.55023,1.26911,0.11081,0.25662,0.73497,0.99683,0.94737,0.9925,0.79845,0.92842,0.68421,0.72184,0.64445,0.72073,2.63862,0.171,0.35816,0.98824,8.95543e-05,8.95543e-05,8.95543e-05
498,1689.38,0.65516,1.15894,0.10669,0.25742,0.67982,0.99717,0.94737,0.9863,0.79505,0.92902,0.68421,0.72184,0.64538,0.71725,2.63892,0.16964,0.37005,0.9858,8.913e-05,8.913e-05,8.913e-05
499,1692.73,0.73523,1.04391,0.11136,0.27033,0.68327,0.99759,0.94737,0.9863,0.7818,0.93185,0.68421,0.685,0.64169,0.72384,2.65091,0.16789,0.38731,0.98899,8.87057e-05,8.87057e-05,8.87057e-05
500,1696.06,0.57198,0.93602,0.10049,0.25404,0.70259,1,0.99357,0.995,0.7639,0.93931,0.68421,0.685,0.63511,0.73478,2.66699,0.16898,0.41731,0.99338,8.82814e-05,8.82814e-05,8.82814e-05
501,1699.4,0.62367,0.85146,0.10285,0.26494,0.68385,0.94254,0.89474,0.88889,0.74376,0.94378,0.68421,0.72,0.63861,0.7532,2.64032,0.17015,0.4614,1.00687,8.78571e-05,8.78571e-05,8.78571e-05
502,1702.72,0.56127,1.08337,0.10603,0.25569,0.71824,0.94333,0.89474,0.88889,0.74194,0.98655,0.73684,0.77071,0.64368,0.76764,2.63716,0.16862,0.45047,1.02481,8.74329e-05,8.74329e-05,8.74329e-05
503,1706.11,0.59425,1.1996,0.11332,0.25872,0.74684,0.94428,0.89474,0.88889,0.74194,0.9268,0.68421,0.71833,0.64629,0.75784,2.64573,0.16841,0.43604,1.02448,8.70086e-05,8.70086e-05,8.70086e-05
504,1709.5,0.60404,0.93342,0.11334,0.25261,0.72747,0.94436,0.89474,0.88889,0.74194,0.92217,0.68421,0.71833,0.64629,0.75274,2.65273,0.16769,0.4272,1.02676,8.65843e-05,8.65843e-05,8.65843e-05
505,1712.91,0.65051,1.02493,0.11165,0.26241,0.70163,0.9432,0.89474,0.88889,0.75139,0.91943,0.68421,0.71833,0.63844,0.74624,2.73557,0.16692,0.41025,1.01712,8.616e-05,8.616e-05,8.616e-05
506,1716.49,0.59072,1.10908,0.10525,0.25411,0.71705,0.94278,0.89474,0.88889,0.75139,0.92181,0.68421,0.685,0.63511,0.74266,2.74032,0.1675,0.40154,1.01464,8.57357e-05,8.57357e-05,8.57357e-05
507,1719.89,0.63687,1.09002,0.10033,0.26031,0.70394,0.94258,0.89474,0.88889,0.75139,0.92238,0.68421,0.685,0.63511,0.73564,2.7484,0.16642,0.40103,1.01104,8.53114e-05,8.53114e-05,8.53114e-05
508,1723.28,0.53526,1.21652,0.11795,0.24536,0.77149,0.99824,0.94737,0.98818,0.78806,0.92206,0.68421,0.685,0.62526,0.73592,2.76047,0.16662,0.39719,1.01207,8.48871e-05,8.48871e-05,8.48871e-05
509,1726.67,0.59799,1.0301,0.10338,0.25605,0.73095,0.9974,0.94737,0.9863,0.78179,0.92434,0.68421,0.71682,0.63986,0.73053,2.76275,0.16771,0.37615,0.99464,8.44629e-05,8.44629e-05,8.44629e-05
510,1730.03,0.62918,0.99778,0.1081,0.26427,0.72386,0.99717,0.94737,0.98458,0.78665,0.92405,0.68421,0.71682,0.64809,0.73074,2.75898,0.16784,0.36998,0.98572,8.40386e-05,8.40386e-05,8.40386e-05
511,1733.31,0.66653,1.11787,0.11323,0.26282,0.73591,0.99743,0.94737,0.983,0.78414,0.92142,0.68421,0.71682,0.64652,0.7347,2.77142,0.16605,0.36839,0.983,8.36143e-05,8.36143e-05,8.36143e-05
512,1736.51,0.65245,1.0429,0.10828,0.2611,0.7056,0.99779,0.94737,0.98154,0.78795,0.9168,0.68421,0.71682,0.64652,0.73821,2.77608,0.16553,0.37357,0.99068,8.319e-05,8.319e-05,8.319e-05
513,1739.75,0.59684,0.97587,0.10997,0.25298,0.75906,0.99888,0.94737,0.983,0.78134,0.91113,0.68421,0.71682,0.64525,0.73596,2.77539,0.16224,0.3791,0.99979,8.27657e-05,8.27657e-05,8.27657e-05
514,1742.95,0.58244,1.17776,0.10535,0.24775,0.73457,0.94281,0.89474,0.92489,0.78047,0.91255,0.68421,0.71682,0.64525,0.73922,2.76452,0.16247,0.38034,1.00772,8.23414e-05,8.23414e-05,8.23414e-05
515,1746.16,0.5761,1.28822,0.1086,0.24579,0.75954,0.94261,0.89474,0.92639,0.77043,0.91516,0.68421,0.71682,0.63617,0.74759,2.73415,0.16286,0.37949,1.02261,8.19171e-05,8.19171e-05,8.19171e-05
516,1749.39,0.57463,1.07709,0.10159,0.24678,0.75241,0.94254,0.89474,0.92639,0.76983,0.91937,0.68421,0.71682,0.63727,0.75915,2.7185,0.16362,0.3758,1.04278,8.14929e-05,8.14929e-05,8.14929e-05
517,1752.6,0.61414,0.97706,0.10756,0.26637,0.7248,0.94198,0.89474,0.93313,0.77611,0.92449,0.68421,0.685,0.64174,0.74641,2.67749,0.16601,0.35813,1.0458,8.10686e-05,8.10686e-05,8.10686e-05
518,1755.83,0.59901,0.97579,0.10291,0.2566,0.72594,0.94158,0.89474,0.93722,0.79123,0.92343,0.68421,0.685,0.64174,0.73702,2.64752,0.16729,0.35024,1.04649,8.06443e-05,8.06443e-05,8.06443e-05
519,1758.54,0.53591,1.0038,0.11687,0.23558,0.74417,0.89919,0.93931,0.93722,0.79263,0.92119,0.68421,0.685,0.64174,0.73384,2.65292,0.16844,0.34423,1.04492,8.022e-05,8.022e-05,8.022e-05
520,1761.74,0.57535,1.00191,0.09951,0.25659,0.74176,0.89925,0.93987,0.93722,0.79234,0.91794,0.68421,0.685,0.64174,0.7265,2.64063,0.16812,0.34213,1.03574,7.97957e-05,7.97957e-05,7.97957e-05
521,1764.99,0.62862,0.89214,0.10556,0.25825,0.7082,0.94251,0.89474,0.93313,0.78636,0.91609,0.68421,0.72,0.643,0.72638,2.6017,0.16619,0.34713,1.0197,7.93714e-05,7.93714e-05,7.93714e-05
522,1768.23,0.61269,1.05524,0.10596,0.24832,0.71891,0.9425,0.89474,0.9298,0.78435,0.91841,0.68421,0.685,0.6395,0.73107,2.60517,0.16611,0.35532,1.01246,7.89471e-05,7.89471e-05,7.89471e-05
523,1771.48,0.7676,1.1251,0.11231,0.27754,0.66112,0.94235,0.89474,0.9298,0.78435,0.9187,0.68421,0.685,0.6395,0.73118,2.61642,0.16628,0.35932,1.007,7.85229e-05,7.85229e-05,7.85229e-05
524,1774.71,0.67229,1.00271,0.10875,0.25669,0.6964,0.94218,0.89474,0.93175,0.78455,0.91902,0.68421,0.685,0.65033,0.72261,2.61852,0.16684,0.35878,1.00007,7.80986e-05,7.80986e-05,7.80986e-05
525,1777.92,0.53553,1.12565,0.11235,0.23779,0.75183,0.94144,0.89474,0.93389,0.78589,0.91786,0.68421,0.685,0.65033,0.72003,2.59351,0.16942,0.36348,1.00823,7.76743e-05,7.76743e-05,7.76743e-05
526,1781.26,0.58322,1.04717,0.10479,0.24146,0.74376,0.941,0.89474,0.93389,0.78589,0.91765,0.68421,0.685,0.65033,0.72639,2.59251,0.17018,0.36877,1.00731,7.725e-05,7.725e-05,7.725e-05
527,1784.41,0.52671,0.93048,0.09654,0.24414,0.73918,0.94703,0.94131,0.93658,0.78616,0.91763,0.68421,0.685,0.6395,0.73366,2.60204,0.17026,0.37447,1.00418,7.68257e-05,7.68257e-05,7.68257e-05
528,1787.57,0.52605,1.19055,0.10842,0.24362,0.79283,1,0.99377,0.995,0.78598,0.91714,0.68421,0.685,0.6395,0.7415,2.61486,0.16956,0.38579,1.00487,7.64014e-05,7.64014e-05,7.64014e-05
529,1790.77,0.58571,0.90842,0.09994,0.24982,0.7331,1,0.99282,0.995,0.76253,0.91704,0.68421,0.685,0.63091,0.74076,2.64417,0.16784,0.40954,1.0076,7.59771e-05,7.59771e-05,7.59771e-05
530,1793.95,0.66289,1.10307,0.10531,0.25888,0.71244,1,0.99258,0.995,0.76253,0.91875,0.68421,0.685,0.6396,0.7399,2.65541,0.16758,0.40475,1.00634,7.55529e-05,7.55529e-05,7.55529e-05
531,1797.17,0.58405,1.24159,0.10918,0.25893,0.72046,0.99663,0.94737,0.945,0.75278,0.92192,0.68421,0.685,0.6396,0.74262,2.6459,0.16807,0.407,1.00177,7.51286e-05,7.51286e-05,7.51286e-05
532,1800.38,0.69824,1.0877,0.10069,0.26336,0.71902,0.99642,0.94737,0.945,0.75745,0.9261,0.68421,0.685,0.63091,0.74908,2.63059,0.16898,0.40842,0.999,7.47043e-05,7.47043e-05,7.47043e-05
533,1803.61,0.52733,0.83061,0.10032,0.23509,0.72426,0.94058,0.89474,0.88889,0.75184,0.93496,0.68421,0.685,0.6395,0.75795,2.59221,0.17216,0.4226,1.00741,7.428e-05,7.428e-05,7.428e-05
534,1806.79,0.54584,1.05944,0.09301,0.2404,0.73019,0.94163,0.89474,0.88889,0.75121,0.93369,0.68421,0.685,0.64885,0.76544,2.59551,0.17227,0.42903,1.01588,7.38557e-05,7.38557e-05,7.38557e-05
535,1810.01,0.54896,1.1137,0.11019,0.23892,0.759,0.94308,0.89474,0.88889,0.75121,0.92846,0.68421,0.685,0.64885,0.77124,2.61653,0.17092,0.42649,1.01941,7.34314e-05,7.34314e-05,7.34314e-05
536,1813.25,0.63102,1.02001,0.09606,0.25587,0.68266,0.94422,0.89474,0.88889,0.75121,0.92619,0.68421,0.685,0.64885,0.76421,2.63339,0.16962,0.42572,1.01627,7.30071e-05,7.30071e-05,7.30071e-05
537,1816.51,0.49771,1.17759,0.10557,0.23645,0.7347,1,0.94646,0.945,0.76157,0.9265,0.68421,0.685,0.63873,0.7578,2.65,0.16821,0.42521,1.01265,7.25829e-05,7.25829e-05,7.25829e-05
538,1819.75,0.53433,1.21168,0.11008,0.24262,0.70616,1,0.9466,0.945,0.755,0.93042,0.68421,0.685,0.64781,0.74894,2.61286,0.16876,0.4196,1.00794,7.21586e-05,7.21586e-05,7.21586e-05
539,1823.03,0.50571,0.92586,0.12217,0.23201,0.71129,1,0.94716,0.945,0.74063,0.93677,0.68421,0.685,0.64781,0.75011,2.6404,0.17071,0.41703,1.0035,7.17343e-05,7.17343e-05,7.17343e-05
540,1826.31,0.58182,1.14526,0.09882,0.24234,0.73032,0.99979,0.94737,0.945,0.74063,0.94334,0.68421,0.685,0.63888,0.75718,2.62148,0.17141,0.42266,1.00115,7.131e-05,7.131e-05,7.131e-05
541,1829.59,0.57035,1.23468,0.11213,0.24936,0.70934,0.94346,0.89474,0.88889,0.73692,0.95158,0.68421,0.685,0.62981,0.76884,2.69671,0.17037,0.4283,1.00289,7.08857e-05,7.08857e-05,7.08857e-05
542,1832.87,0.61111,1.12557,0.10653,0.25273,0.7288,0.94346,0.89474,0.88889,0.73998,0.95072,0.68421,0.685,0.63408,0.76513,2.71342,0.16958,0.42791,1.00094,7.04614e-05,7.04614e-05,7.04614e-05
543,1836.16,0.63798,1.01623,0.103,0.25761,0.72785,0.94436,0.89474,0.88889,0.73998,0.94859,0.68421,0.685,0.63408,0.75449,2.7162,0.16864,0.42211,0.99765,7.00371e-05,7.00371e-05,7.00371e-05
544,1839.45,0.54873,0.94147,0.116,0.23946,0.70867,1,0.94675,0.98818,0.77364,0.94493,0.68421,0.685,0.63408,0.74775,2.73395,0.16771,0.41723,1.0021,6.96129e-05,6.96129e-05,6.96129e-05
545,1842.73,0.62167,0.87718,0.10701,0.2526,0.69378,0.9992,0.94737,0.98818,0.76867,0.93961,0.68421,0.685,0.64937,0.74885,2.67078,0.16794,0.40756,1.01297,6.91886e-05,6.91886e-05,6.91886e-05
546,1846.02,0.53675,1.08824,0.10823,0.23707,0.74387,0.99736,0.94737,0.98818,0.77301,0.93751,0.68421,0.685,0.647,0.7486,2.6199,0.16914,0.39616,1.02093,6.87643e-05,6.87643e-05,6.87643e-05
547,1849.34,0.52613,0.94412,0.09978,0.2325,0.73765,0.99631,0.94737,0.98818,0.76867,0.93527,0.68421,0.685,0.65608,0.75648,2.63658,0.17014,0.38494,1.02856,6.834e-05,6.834e-05,6.834e-05
548,1852.64,0.60656,0.9452,0.10085,0.24142,0.6965,0.99558,0.94737,0.99024,0.78102,0.9341,0.68421,0.685,0.64781,0.76596,2.61122,0.17103,0.38303,1.03251,6.79157e-05,6.79157e-05,6.79157e-05
549,1856.1,0.47349,1.02258,0.1042,0.22974,0.75799,0.99505,0.94737,0.9925,0.78238,0.93346,0.68421,0.685,0.64781,0.76966,2.64594,0.17153,0.36769,1.03175,6.74914e-05,6.74914e-05,6.74914e-05
550,1859.36,0.44525,0.9451,0.1028,0.22427,0.71235,0.93991,0.89474,0.93389,0.77652,0.92959,0.68421,0.685,0.63873,0.75834,2.69333,0.17075,0.36256,1.03093,6.70671e-05,6.70671e-05,6.70671e-05
551,1862.64,0.47981,1.14358,0.10268,0.22649,0.74929,0.94702,0.94114,0.93658,0.77814,0.92586,0.68421,0.685,0.62289,0.7528,2.70999,0.1699,0.36293,1.03788,6.66429e-05,6.66429e-05,6.66429e-05
552,1865.95,0.56448,0.90019,0.10444,0.2424,0.73012,0.94703,0.9412,0.93658,0.77814,0.92426,0.68421,0.685,0.62289,0.75623,2.69669,0.16924,0.36232,1.04842,6.62186e-05,6.62186e-05,6.62186e-05
553,1869.24,0.65964,1.03186,0.10463,0.2684,0.67571,0.89385,0.88675,0.92906,0.77997,0.92001,0.68421,0.685,0.63197,0.79224,2.70385,0.16603,0.39112,1.08344,6.57943e-05,6.57943e-05,6.57943e-05
554,1872.52,0.58553,0.99989,0.10167,0.25017,0.70877,0.93671,0.84211,0.92718,0.77848,0.91844,0.68421,0.685,0.64015,0.79362,2.72443,0.16462,0.4087,1.07231,6.537e-05,6.537e-05,6.537e-05
555,1875.87,0.55223,1.06446,0.11378,0.24474,0.74188,0.93682,0.84211,0.92718,0.7741,0.91769,0.68421,0.685,0.63944,0.80858,2.73513,0.16368,0.42581,1.07396,6.49457e-05,6.49457e-05,6.49457e-05
556,1879.27,0.48128,1.02719,0.11246,0.23443,0.72813,0.93667,0.84211,0.92329,0.77159,0.91732,0.68421,0.685,0.63738,0.8211,2.72762,0.16394,0.44138,1.08636,6.45214e-05,6.45214e-05,6.45214e-05
557,1882.56,0.50245,1.04026,0.09403,0.22721,0.71081,0.93589,0.84211,0.9231,0.76572,0.91657,0.68421,0.685,0.63738,0.8004,2.73804,0.1651,0.42887,1.07699,6.40971e-05,6.40971e-05,6.40971e-05
558,1885.78,0.56491,1.00169,0.09246,0.24322,0.74605,0.93506,0.84211,0.9231,0.77038,0.91672,0.68421,0.685,0.63738,0.79547,2.68478,0.16561,0.42558,1.08566,6.36729e-05,6.36729e-05,6.36729e-05
559,1889.06,0.59897,0.96835,0.10455,0.24377,0.70026,0.93434,0.84211,0.92147,0.77008,0.91617,0.68421,0.685,0.62998,0.79128,2.67731,0.1659,0.42605,1.09001,6.32486e-05,6.32486e-05,6.32486e-05
560,1892.32,0.68016,1.1159,0.09989,0.2595,0.69139,0.93377,0.84211,0.92147,0.7707,0.91535,0.68421,0.685,0.63108,0.79018,2.68425,0.16564,0.42188,1.08829,6.28243e-05,6.28243e-05,6.28243e-05
561,1895.56,0.51025,0.97553,0.09667,0.22568,0.72305,0.94436,0.89334,0.88889,0.7399,0.91173,0.68421,0.685,0.643,0.76857,2.68045,0.16571,0.41724,1.06645,6.24e-05,6.24e-05,6.24e-05
562,1898.81,0.68201,0.95617,0.10886,0.25248,0.68081,1,0.94545,0.945,0.74993,0.91071,0.68421,0.685,0.643,0.75755,2.67481,0.16586,0.41271,1.05198,6.19757e-05,6.19757e-05,6.19757e-05
563,1902.08,0.63564,0.88698,0.1205,0.25287,0.6983,1,0.94642,0.9863,0.77349,0.90966,0.68421,0.685,0.64885,0.75044,2.63274,0.1667,0.41011,1.0445,6.15514e-05,6.15514e-05,6.15514e-05
564,1905.33,0.72027,1.31126,0.10698,0.26302,0.67666,0.99914,0.94737,0.98818,0.77953,0.90911,0.68421,0.685,0.63873,0.74395,2.6195,0.16786,0.39858,1.0317,6.11271e-05,6.11271e-05,6.11271e-05
565,1908.61,0.68798,0.9552,0.09496,0.25423,0.66083,0.94151,0.89474,0.93389,0.77616,0.91087,0.68421,0.685,0.64015,0.74122,2.62225,0.16989,0.38867,1.01415,6.07029e-05,6.07029e-05,6.07029e-05
566,1911.64,0.58444,0.94691,0.10101,0.24871,0.72137,0.94101,0.89474,0.93389,0.77616,0.91178,0.68421,0.72,0.64238,0.73883,2.61051,0.17194,0.38301,1.01169,6.02786e-05,6.02786e-05,6.02786e-05
567,1914.91,0.60837,1.06206,0.11287,0.25092,0.70591,1,0.9946,0.995,0.77731,0.9125,0.68421,0.72,0.64365,0.73504,2.60135,0.17264,0.37509,1.01467,5.98543e-05,5.98543e-05,5.98543e-05
568,1918.23,0.56319,0.96017,0.10377,0.24425,0.71695,0.94708,0.94223,0.93658,0.78364,0.91302,0.68421,0.72184,0.63349,0.73251,2.62024,0.17289,0.3739,1.0188,5.943e-05,5.943e-05,5.943e-05
569,1921.57,0.58732,1.06756,0.10827,0.24955,0.68503,0.94711,0.94266,0.93658,0.78766,0.91461,0.68421,0.72184,0.64361,0.72928,2.6153,0.17272,0.35418,1.01604,5.90057e-05,5.90057e-05,5.90057e-05
570,1924.75,0.63309,0.96344,0.1009,0.25371,0.68728,0.94711,0.94271,0.93658,0.79741,0.91682,0.68421,0.685,0.63992,0.73599,2.62329,0.17308,0.35209,1.01961,5.85814e-05,5.85814e-05,5.85814e-05
571,1928.03,0.63446,0.84115,0.10105,0.25248,0.64165,0.94712,0.94289,0.93658,0.79741,0.9168,0.68421,0.685,0.63992,0.74739,2.64386,0.1722,0.34934,1.02852,5.81571e-05,5.81571e-05,5.81571e-05
572,1931.33,0.47519,0.90951,0.10435,0.22445,0.72156,0.94711,0.94274,0.93658,0.79741,0.91686,0.68421,0.685,0.63992,0.75165,2.63537,0.17157,0.34836,1.03447,5.77329e-05,5.77329e-05,5.77329e-05
573,1934.87,0.63607,0.99766,0.10252,0.24908,0.67614,0.99724,0.94737,0.99024,0.79423,0.91839,0.68421,0.685,0.62981,0.74584,2.63023,0.16994,0.35078,1.03875,5.73086e-05,5.73086e-05,5.73086e-05
574,1937.66,0.63924,1.03219,0.10322,0.26218,0.69402,0.9974,0.94737,0.98818,0.79275,0.91831,0.68421,0.713,0.63668,0.7456,2.63827,0.16918,0.35824,1.04331,5.68843e-05,5.68843e-05,5.68843e-05
575,1940.99,0.52835,1.17677,0.10029,0.2311,0.73008,0.94195,0.89474,0.93313,0.78891,0.91893,0.68421,0.713,0.63541,0.74577,2.65092,0.16856,0.36413,1.04412,5.646e-05,5.646e-05,5.646e-05
576,1944.29,0.59913,0.92445,0.10163,0.24658,0.70763,0.9421,0.89474,0.93135,0.78452,0.92025,0.68421,0.713,0.63668,0.74909,2.67108,0.16762,0.3723,1.04258,5.60357e-05,5.60357e-05,5.60357e-05
577,1947.62,0.60651,1.19032,0.10581,0.24539,0.68603,0.94255,0.89474,0.92489,0.7804,0.92463,0.68421,0.71833,0.63441,0.74163,2.68854,0.16586,0.38206,1.03192,5.56114e-05,5.56114e-05,5.56114e-05
578,1950.95,0.53953,1.15742,0.1045,0.23713,0.69413,0.94253,0.89474,0.89222,0.75324,0.9257,0.68421,0.71833,0.63314,0.74202,2.68771,0.16565,0.38322,1.03259,5.51871e-05,5.51871e-05,5.51871e-05
579,1954.28,0.6039,1.0131,0.10011,0.24099,0.72843,0.94238,0.89474,0.89222,0.75324,0.92644,0.68421,0.71682,0.63426,0.74028,2.70327,0.16527,0.39002,1.03073,5.47629e-05,5.47629e-05,5.47629e-05
580,1957.61,0.54618,0.88871,0.10296,0.23706,0.72394,0.94261,0.89474,0.89222,0.75324,0.92781,0.68421,0.71833,0.63441,0.73704,2.71199,0.16461,0.39822,1.02888,5.43386e-05,5.43386e-05,5.43386e-05
581,1960.98,0.59372,0.88446,0.09766,0.24468,0.7109,0.94402,0.89474,0.89222,0.76268,0.92456,0.68421,0.685,0.62981,0.73536,2.72154,0.16276,0.41892,1.02956,5.39143e-05,5.39143e-05,5.39143e-05
582,1964.34,0.60832,1.05139,0.09857,0.25161,0.70704,0.94439,0.89393,0.89222,0.75796,0.92316,0.68421,0.685,0.64015,0.74109,2.72814,0.16162,0.43229,1.03604,5.349e-05,5.349e-05,5.349e-05
583,1967.71,0.74236,1.07661,0.10226,0.27005,0.65745,0.94431,0.89257,0.89222,0.75733,0.9218,0.68421,0.685,0.62998,0.74201,2.73221,0.16058,0.4389,1.03103,5.30657e-05,5.30657e-05,5.30657e-05
584,1971.04,0.57267,1.15125,0.10561,0.2375,0.72039,0.94425,0.89162,0.88889,0.75533,0.92146,0.68421,0.685,0.62998,0.74436,2.73018,0.16042,0.44761,1.03139,5.26414e-05,5.26414e-05,5.26414e-05
585,1974.39,0.67174,0.92141,0.10518,0.26449,0.64382,0.94417,0.8903,0.88889,0.74585,0.92265,0.68421,0.71833,0.63331,0.74585,2.70568,0.15979,0.44078,1.02726,5.22171e-05,5.22171e-05,5.22171e-05
586,1977.73,0.55208,0.79441,0.10623,0.23802,0.71388,0.94416,0.89019,0.88889,0.74585,0.92332,0.68421,0.71833,0.64256,0.75189,2.69582,0.15998,0.44756,1.02686,5.17929e-05,5.17929e-05,5.17929e-05
587,1981.12,0.48151,1.1614,0.10893,0.22561,0.71828,0.94414,0.88989,0.88889,0.74647,0.92428,0.68421,0.71833,0.65218,0.75465,2.69063,0.16032,0.44663,1.02451,5.13686e-05,5.13686e-05,5.13686e-05
588,1984.49,0.53942,1.05029,0.0944,0.23089,0.70246,0.94414,0.88985,0.88889,0.74647,0.92352,0.68421,0.71833,0.65551,0.75247,2.69344,0.16035,0.4441,1.02309,5.09443e-05,5.09443e-05,5.09443e-05
589,1987.99,0.63547,0.95515,0.11608,0.26227,0.69423,0.9378,0.84211,0.88621,0.75393,0.9191,0.68421,0.71833,0.64659,0.75375,2.71022,0.16005,0.45494,1.02235,5.052e-05,5.052e-05,5.052e-05
590,1990.89,0.56322,0.95365,0.09013,0.24391,0.70596,0.93768,0.84211,0.88621,0.75393,0.91722,0.68421,0.71833,0.64659,0.76193,2.69894,0.15973,0.45589,1.02942,5.00957e-05,5.00957e-05,5.00957e-05
591,1994.18,0.49736,0.87946,0.10472,0.22786,0.76814,0.94413,0.88975,0.88889,0.75357,0.91628,0.68421,0.71833,0.64478,0.76682,2.71997,0.16067,0.46567,1.03724,4.96714e-05,4.96714e-05,4.96714e-05
592,1997.46,0.55917,0.93724,0.10504,0.23388,0.74063,0.94418,0.89048,0.88889,0.75357,0.91863,0.68421,0.71833,0.64478,0.77812,2.72118,0.16088,0.46425,1.05263,4.92471e-05,4.92471e-05,4.92471e-05
593,2000.77,0.57478,1.04732,0.09069,0.24376,0.67134,0.94425,0.89158,0.88889,0.74729,0.92128,0.68421,0.71833,0.64326,0.77348,2.70499,0.16309,0.46639,1.04008,4.88229e-05,4.88229e-05,4.88229e-05
594,2004.06,0.46851,0.8997,0.10546,0.21995,0.72857,0.93719,0.84211,0.87843,0.74625,0.92051,0.68421,0.71833,0.64326,0.76755,2.68662,0.16384,0.46174,1.03065,4.83986e-05,4.83986e-05,4.83986e-05
595,2007.35,0.55264,1.07887,0.10582,0.24825,0.72976,0.93712,0.84211,0.87843,0.74625,0.91996,0.68421,0.71833,0.65218,0.76694,2.7003,0.1652,0.46494,1.02477,4.79743e-05,4.79743e-05,4.79743e-05
596,2010.65,0.49575,1.08474,0.09903,0.22668,0.73857,0.93698,0.84211,0.87843,0.74625,0.91939,0.68421,0.685,0.64885,0.76725,2.68877,0.16658,0.465,1.02712,4.755e-05,4.755e-05,4.755e-05
597,2013.94,0.58961,0.87377,0.10341,0.24014,0.71737,0.93651,0.84211,0.87843,0.74625,0.91356,0.68421,0.685,0.643,0.75776,2.65785,0.16495,0.41536,1.02808,4.71257e-05,4.71257e-05,4.71257e-05
598,2017.23,0.61796,0.92459,0.101,0.25002,0.72045,0.93642,0.84211,0.87843,0.74625,0.91148,0.68421,0.685,0.643,0.75673,2.68231,0.16424,0.40778,1.03207,4.67014e-05,4.67014e-05,4.67014e-05
599,2020.55,0.62949,1.11868,0.09587,0.24836,0.69133,0.93627,0.84211,0.91304,0.77017,0.91046,0.68421,0.685,0.643,0.75421,2.67573,0.16429,0.40487,1.0345,4.62771e-05,4.62771e-05,4.62771e-05
600,2023.87,0.60709,1.0792,0.10125,0.24084,0.67334,0.93619,0.84211,0.91176,0.77545,0.90983,0.68421,0.71417,0.64592,0.75911,2.67318,0.1637,0.40672,1.0424,4.58529e-05,4.58529e-05,4.58529e-05
601,2027.17,0.61026,0.88722,0.11143,0.243,0.69197,0.936,0.84211,0.91176,0.77545,0.90923,0.68421,0.713,0.64272,0.76347,2.65469,0.164,0.41421,1.04626,4.54286e-05,4.54286e-05,4.54286e-05
602,2030.48,0.58552,1.09314,0.10284,0.23374,0.68546,0.93598,0.84211,0.91176,0.77545,0.91012,0.68421,0.713,0.64272,0.76356,2.65332,0.16418,0.41831,1.04403,4.50043e-05,4.50043e-05,4.50043e-05
603,2033.79,0.63978,0.96246,0.1028,0.24558,0.67846,0.93609,0.84211,0.90903,0.77418,0.91102,0.68421,0.71192,0.64262,0.76151,2.65375,0.16545,0.41657,1.03652,4.458e-05,4.458e-05,4.458e-05
604,2037.11,0.57166,1.20908,0.09739,0.24767,0.69489,0.93591,0.84211,0.90903,0.77418,0.91032,0.68421,0.685,0.63992,0.75531,2.64882,0.16586,0.41136,1.03109,4.41557e-05,4.41557e-05,4.41557e-05
605,2040.41,0.56927,1.17284,0.09944,0.23388,0.67972,0.93587,0.84211,0.91304,0.77632,0.9078,0.68421,0.685,0.63992,0.74834,2.64371,0.16576,0.39719,1.03018,4.37314e-05,4.37314e-05,4.37314e-05
606,2043.72,0.5733,0.9903,0.09952,0.23323,0.72174,0.93612,0.84211,0.91443,0.77726,0.90611,0.68421,0.685,0.63992,0.75345,2.65448,0.16698,0.39469,1.0354,4.33071e-05,4.33071e-05,4.33071e-05
607,2047.05,0.56025,1.00718,0.10969,0.23369,0.69072,0.93628,0.84211,0.91647,0.77844,0.90511,0.68421,0.71833,0.64326,0.75446,2.66604,0.16684,0.39307,1.03645,4.28829e-05,4.28829e-05,4.28829e-05
608,2050.42,0.5314,1.14513,0.10017,0.23033,0.69466,0.93647,0.84211,0.91647,0.77844,0.90677,0.68421,0.71682,0.6431,0.74933,2.68088,0.16642,0.39119,1.0274,4.24586e-05,4.24586e-05,4.24586e-05
609,2053.79,0.49942,1.01646,0.09558,0.22704,0.72301,0.93686,0.84211,0.91761,0.77267,0.90924,0.68421,0.71543,0.64601,0.74256,2.69986,0.16641,0.39537,1.02094,4.20343e-05,4.20343e-05,4.20343e-05
610,2057.16,0.53774,0.86216,0.10086,0.23308,0.73113,0.93718,0.84211,0.92147,0.77675,0.91296,0.68421,0.71543,0.63589,0.73405,2.70634,0.16678,0.39168,1.01602,4.161e-05,4.161e-05,4.161e-05
611,2060.52,0.60878,0.9505,0.10623,0.2445,0.7001,0.93765,0.84211,0.9231,0.78105,0.91514,0.68421,0.71417,0.63272,0.73601,2.71241,0.16672,0.39164,1.01419,4.11857e-05,4.11857e-05,4.11857e-05
612,2063.84,0.51369,1.06697,0.09627,0.22516,0.72822,0.89362,0.88472,0.92371,0.78353,0.91918,0.68421,0.71543,0.64193,0.73821,2.71352,0.16737,0.39628,1.01189,4.07614e-05,4.07614e-05,4.07614e-05
613,2067.38,0.55246,0.95897,0.10573,0.22736,0.71345,0.89363,0.88476,0.92082,0.77865,0.9225,0.68421,0.71543,0.65212,0.74732,2.71579,0.16785,0.40806,1.00477,4.03371e-05,4.03371e-05,4.03371e-05
614,2070.72,0.64429,1.03145,0.10798,0.25421,0.67409,0.89362,0.88466,0.92082,0.77379,0.9225,0.68421,0.71682,0.65226,0.74863,2.71623,0.16788,0.40793,1.00052,3.99129e-05,3.99129e-05,3.99129e-05
615,2074.09,0.50861,0.91421,0.10043,0.22682,0.69103,0.89369,0.88529,0.92082,0.77379,0.92189,0.68421,0.71543,0.6432,0.74651,2.71146,0.16829,0.40389,0.99631,3.94886e-05,3.94886e-05,3.94886e-05
616,2077.41,0.5564,1.13621,0.10949,0.2455,0.67837,0.89374,0.88581,0.92221,0.77472,0.92043,0.68421,0.71543,0.6432,0.73914,2.70478,0.16847,0.39756,0.98887,3.90643e-05,3.90643e-05,3.90643e-05
617,2080.77,0.54128,1.11482,0.10093,0.22759,0.73307,0.89387,0.88695,0.92534,0.78476,0.91766,0.68421,0.713,0.64295,0.73446,2.68991,0.16825,0.38936,0.98471,3.864e-05,3.864e-05,3.864e-05
618,2084.13,0.50061,0.98201,0.09955,0.21691,0.71685,0.94692,0.93924,0.98367,0.79059,0.91699,0.68421,0.71417,0.65192,0.73655,2.68535,0.16843,0.38725,0.98328,3.82157e-05,3.82157e-05,3.82157e-05
619,2087.48,0.6019,1.04311,0.09548,0.24313,0.69406,0.94692,0.93933,0.98555,0.79195,0.9165,0.68421,0.71417,0.65192,0.73814,2.68693,0.16885,0.38196,0.9829,3.77914e-05,3.77914e-05,3.77914e-05
620,2090.83,0.66786,1.02221,0.10431,0.25621,0.64842,0.94695,0.93979,0.98761,0.79885,0.91543,0.68421,0.713,0.64272,0.73999,2.6735,0.16907,0.37575,0.9843,3.73671e-05,3.73671e-05,3.73671e-05
621,2094.22,0.56313,1.08674,0.09838,0.24518,0.69187,0.94703,0.94137,0.98761,0.79885,0.91415,0.68421,0.71833,0.64326,0.73638,2.63432,0.17022,0.36179,0.98417,3.69429e-05,3.69429e-05,3.69429e-05
622,2097.64,0.46076,1.07553,0.10058,0.21818,0.74788,0.89408,0.88881,0.92906,0.79299,0.9119,0.68421,0.71833,0.6611,0.74304,2.63418,0.17051,0.36023,0.99252,3.65186e-05,3.65186e-05,3.65186e-05
623,2101.07,0.57976,1.10711,0.10841,0.23779,0.68407,0.93763,0.84211,0.92718,0.79243,0.91027,0.68421,0.71833,0.66444,0.74074,2.62424,0.17048,0.35907,0.99246,3.60943e-05,3.60943e-05,3.60943e-05
624,2104.49,0.5402,1.16471,0.10349,0.22587,0.69365,0.93844,0.84211,0.92718,0.79243,0.90963,0.68421,0.71833,0.66444,0.73548,2.61115,0.17028,0.36174,0.98958,3.567e-05,3.567e-05,3.567e-05
625,2107.92,0.64553,1.06834,0.10212,0.24732,0.70821,0.93808,0.84211,0.92488,0.78543,0.90737,0.68421,0.71682,0.67003,0.74178,2.63731,0.16928,0.36636,0.99026,3.52457e-05,3.52457e-05,3.52457e-05
626,2111.33,0.60833,0.88696,0.10547,0.24397,0.70164,0.93857,0.84211,0.92488,0.78543,0.90766,0.68421,0.71682,0.67003,0.74209,2.6521,0.16932,0.3686,0.98963,3.48214e-05,3.48214e-05,3.48214e-05
627,2114.77,0.53449,1.0691,0.09449,0.23637,0.71831,0.93948,0.84211,0.92488,0.78543,0.90903,0.68421,0.71682,0.65926,0.74134,2.65393,0.16947,0.37467,0.98804,3.43971e-05,3.43971e-05,3.43971e-05
628,2118.18,0.58696,1.01809,0.09523,0.23598,0.68476,0.93947,0.84211,0.92488,0.78543,0.90842,0.68421,0.71682,0.67003,0.74503,2.6878,0.16912,0.37469,0.98992,3.39729e-05,3.39729e-05,3.39729e-05
629,2121.61,0.56147,0.9409,0.10872,0.2426,0.70689,0.89411,0.88912,0.92712,0.78611,0.9102,0.68421,0.71682,0.66095,0.74802,2.67387,0.17037,0.38181,0.99138,3.35486e-05,3.35486e-05,3.35486e-05
630,2125.01,0.53582,0.97147,0.1062,0.22426,0.71972,0.8941,0.88904,0.92712,0.78611,0.91002,0.68421,0.71682,0.65018,0.75423,2.65814,0.17071,0.38941,0.9974,3.31243e-05,3.31243e-05,3.31243e-05
631,2128.33,0.614,1.03077,0.09856,0.23598,0.6658,0.94099,0.83941,0.9231,0.78409,0.90912,0.68421,0.71682,0.65018,0.75973,2.65723,0.1705,0.39383,0.99964,3.27e-05,3.27e-05,3.27e-05
632,2131.69,0.5298,0.83227,0.10578,0.21754,0.71183,1,0.89258,0.97958,0.79395,0.90728,0.68421,0.71682,0.65018,0.75749,2.65712,0.17028,0.39378,0.99929,3.22757e-05,3.22757e-05,3.22757e-05
633,2135.05,0.59901,0.93512,0.10103,0.23472,0.70423,0.99707,0.89474,0.97549,0.7934,0.90171,0.68421,0.71833,0.6511,0.76205,2.65331,0.16894,0.3934,1.01076,3.18514e-05,3.18514e-05,3.18514e-05
634,2138.44,0.64947,0.98897,0.10029,0.24985,0.66421,0.99543,0.89474,0.97549,0.7934,0.89896,0.68421,0.71833,0.6511,0.75645,2.65238,0.16808,0.3856,1.01114,3.14271e-05,3.14271e-05,3.14271e-05
635,2141.96,0.55862,0.92419,0.09531,0.22783,0.69297,0.99449,0.89474,0.97549,0.7934,0.89622,0.68421,0.71833,0.6511,0.75735,2.62576,0.16783,0.38219,1.01772,3.10029e-05,3.10029e-05,3.10029e-05
636,2145.36,0.57348,0.95032,0.09581,0.23365,0.69816,0.99386,0.89474,0.97549,0.7934,0.89518,0.68421,0.71833,0.6511,0.7588,2.63254,0.16785,0.37557,1.02721,3.05786e-05,3.05786e-05,3.05786e-05
637,2148.76,0.60768,0.96566,0.09967,0.23972,0.71526,0.99254,0.89474,0.97761,0.79482,0.89297,0.68421,0.71833,0.6511,0.76854,2.62153,0.16807,0.37417,1.03383,3.01543e-05,3.01543e-05,3.01543e-05
638,2152.14,0.58081,0.98798,0.10468,0.24361,0.69237,0.99215,0.89474,0.97916,0.79524,0.89379,0.68421,0.71682,0.65095,0.75236,2.60946,0.16894,0.36777,1.01319,2.973e-05,2.973e-05,2.973e-05
639,2155.52,0.58719,0.94525,0.09026,0.245,0.68333,0.99135,0.89474,0.97916,0.79524,0.89573,0.68421,0.71682,0.65095,0.74783,2.59329,0.16953,0.36577,1.0078,2.93057e-05,2.93057e-05,2.93057e-05
640,2158.89,0.56831,0.95408,0.10459,0.23729,0.7133,0.99057,0.89474,0.98136,0.79613,0.89814,0.68421,0.71682,0.65926,0.74542,2.57412,0.1704,0.36307,1.00655,2.88814e-05,2.88814e-05,2.88814e-05
641,2162.32,0.63944,1.06304,0.10371,0.24737,0.6827,0.98927,0.89474,0.93786,0.77904,0.9034,0.68421,0.71833,0.65941,0.74403,2.53666,0.17315,0.36095,1.01156,2.84571e-05,2.84571e-05,2.84571e-05
642,2165.68,0.54893,1.02491,0.09873,0.2259,0.69344,0.99727,0.94737,0.99024,0.78427,0.9043,0.68421,0.71833,0.66233,0.74215,2.52293,0.17409,0.36093,1.0141,2.80329e-05,2.80329e-05,2.80329e-05
643,2169.1,0.50138,0.92505,0.09466,0.22075,0.69565,0.99728,0.94737,0.99024,0.78427,0.90674,0.68421,0.71833,0.66233,0.74245,2.53059,0.17399,0.36334,1.014,2.76086e-05,2.76086e-05,2.76086e-05
644,2172.48,0.60771,0.87004,0.09566,0.23382,0.68223,0.99734,0.94737,0.99024,0.78427,0.90766,0.68421,0.71417,0.66191,0.74211,2.53791,0.17373,0.36649,1.01011,2.71843e-05,2.71843e-05,2.71843e-05
645,2175.89,0.52351,1.13675,0.10347,0.22149,0.7319,0.9323,0.84211,0.88195,0.77344,0.9098,0.68421,0.71543,0.66216,0.75137,2.5734,0.17188,0.38043,1.00698,2.676e-05,2.676e-05,2.676e-05
646,2179.26,0.53985,0.95096,0.09342,0.23747,0.68202,0.93264,0.84211,0.92488,0.78543,0.91021,0.68421,0.71543,0.66216,0.75402,2.59525,0.17134,0.38645,1.00698,2.63357e-05,2.63357e-05,2.63357e-05
647,2182.6,0.59452,1.10358,0.10827,0.23476,0.68817,0.93352,0.84211,0.92488,0.78543,0.91006,0.68421,0.71543,0.66216,0.76009,2.61504,0.17026,0.38876,1.01045,2.59114e-05,2.59114e-05,2.59114e-05
648,2185.97,0.62965,0.86028,0.09887,0.23723,0.67965,0.93424,0.84211,0.9231,0.78409,0.90934,0.68421,0.71682,0.66244,0.75893,2.63057,0.16946,0.39213,1.01023,2.54871e-05,2.54871e-05,2.54871e-05
649,2189.36,0.55881,1.03102,0.11032,0.23432,0.70511,0.93332,0.84211,0.92108,0.78348,0.90821,0.68421,0.71682,0.67321,0.75441,2.63058,0.17004,0.39412,1.01786,2.50629e-05,2.50629e-05,2.50629e-05
650,2192.68,0.57143,0.96056,0.10641,0.23428,0.68647,0.93279,0.84211,0.92108,0.78348,0.90793,0.68421,0.71682,0.67321,0.75658,2.63246,0.17028,0.39381,1.02567,2.46386e-05,2.46386e-05,2.46386e-05
651,2196.07,0.6335,1.11088,0.10596,0.2395,0.69375,0.93221,0.84211,0.92108,0.78348,0.90677,0.68421,0.71682,0.67321,0.75741,2.6235,0.17092,0.39165,1.02948,2.42143e-05,2.42143e-05,2.42143e-05
652,2199.46,0.45917,1.00628,0.10202,0.22071,0.70146,0.93133,0.84211,0.92108,0.78348,0.90723,0.68421,0.71682,0.67003,0.75907,2.56325,0.17276,0.38513,1.03209,2.379e-05,2.379e-05,2.379e-05
653,2202.86,0.58357,0.99371,0.1096,0.23237,0.68076,0.93024,0.84211,0.87547,0.76837,0.90914,0.68421,0.71833,0.65233,0.76678,2.55298,0.17417,0.39322,1.04115,2.33657e-05,2.33657e-05,2.33657e-05
654,2206.26,0.57108,1.21922,0.09108,0.22673,0.71749,0.93015,0.84211,0.84147,0.74173,0.9094,0.68421,0.71833,0.64222,0.76277,2.55998,0.17416,0.39641,1.03477,2.29414e-05,2.29414e-05,2.29414e-05
655,2209.7,0.54258,0.95321,0.09455,0.22683,0.689,0.92991,0.84211,0.84147,0.74173,0.90883,0.68421,0.71833,0.64222,0.76396,2.55953,0.17463,0.40087,1.03527,2.25171e-05,2.25171e-05,2.25171e-05
656,2213.13,0.48811,1.04182,0.11278,0.21918,0.73828,0.9299,0.84211,0.88195,0.75387,0.90922,0.68421,0.71682,0.64207,0.76257,2.57168,0.17456,0.40553,1.03416,2.20929e-05,2.20929e-05,2.20929e-05
657,2216.55,0.5851,1.20401,0.10659,0.23624,0.70357,0.9314,0.84211,0.88195,0.75387,0.90974,0.68421,0.71682,0.64207,0.76131,2.59332,0.17387,0.41524,1.03038,2.16686e-05,2.16686e-05,2.16686e-05
658,2219.94,0.52534,0.93018,0.09916,0.22634,0.69593,0.93182,0.84211,0.88195,0.75387,0.90986,0.68421,0.71682,0.64207,0.76193,2.59902,0.17312,0.41712,1.02699,2.12443e-05,2.12443e-05,2.12443e-05
659,2223.54,0.55118,0.82938,0.09584,0.231,0.70997,0.93242,0.84211,0.88195,0.75387,0.91014,0.68421,0.71682,0.64207,0.76407,2.60519,0.17248,0.41855,1.02778,2.082e-05,2.082e-05,2.082e-05
660,2226.95,0.58502,0.96564,0.0955,0.23505,0.67827,0.9329,0.84211,0.88195,0.75387,0.91065,0.68421,0.71682,0.64207,0.7641,2.61032,0.17256,0.42211,1.02374,2.03957e-05,2.03957e-05,2.03957e-05
661,2230.38,0.48121,0.89717,0.09877,0.21166,0.70656,0.93389,0.84211,0.88195,0.75387,0.91127,0.68421,0.71682,0.64207,0.7675,2.62347,0.17223,0.42179,1.02201,1.99714e-05,1.99714e-05,1.99714e-05
